0
0
0
0
0
0
0
0
0
0
0
0
0
0
0
0
0
0
0
0
0
0
0
0
0
0
0
0
0
0
0
0
0
0
0
0
0
0
0
0
0
0
0
0
0
0
0
0
0
0
0
0
0
0
0
0
0
0
0
0
0
0
0
0
0
0
0
0
0
0
0
0
0
0
0
0
0
0
0
0
0
0
0
0
0
0
0
0
0
0
0
0
0
0
0
0
0
0
0
0
0
0
0
0
0
0
0
0
0
0
0
0
0
0
0
0
0
0
0
0
0
0
0
0
0
0
0
0
0
0
0
0
0
0
0
0
0
0
0
0
0
0
0
0
0
0
0
0
0
0
0
0
0
0
0
0
0
0
0
0
0
0
0
0
0
0
0
0
0
0
0
0
0
0
0
0
0
0
0
0
0
0
0
0
0
0
0
0
0
0
0
0
0
0
0
0
0
0
0
0
0
0
0
0
0
0
0
0
0
0
0
0
0
0
0
0
0
0
0
0
0
0
0
0
0
0
0
0
0
0
0
0
0
0
0
0
0
0
0
0
0
0
0
0
0
0
0
0
0
0
0
0
0
0
0
0
0
0
0
0
0
0
0
0
0
0
0
0
0
0
0
0
0
0
0
0
0
0
0
0
0
0
0
0
0
0
0
0
0
0
0
0
0
0
0
0
0
0
0
0
0
0
0
0
0
0
0
0
0
0
0
0
0
0
0
0
0
0
0
0
0
0
0
0
0
0
0
0
0
0
0
0
0
0
0
0
0
0
0
0
0
0
0
0
0
0
0
0
0
0
0
0
0
0
0
0
0
0
0
0
0
0
0
0
0
0
0
0
0
0
0
0
0
0
0
0
0
0
0
0
0
0
0
0
0
0
0
0
0
0
0
0
0
0
0
0
0
0
0
0
0
0
0
0
0
0
0
0
0
0
0
0
0
0
0
0
0
0
0
0
0
0
0
0
0
0
0
0
0
0
0
0
0
0
0
0
0
0
0
0
0
0
0
0
0
0
0
0
0
0
0
0
0
0
0
0
0
0
0
0
0
0
0
0
0
0
0
0
0
0
0
0
0
0
0
0
0
0
0
0
0
0
0
0
0
0
0
0
0
0
0
0
0
0
0
0
0
0
0
0
0
0
0
0
0
0
0
0
0
0
0
0
0
0
0
0
0
0
0
0
0
0
0
0
0
0
0
0
0
0
0
0
0
0
0
0
0
0
0
0
0
0
0
0
0
0
0
0
0
0
0
0
0
0
0
0
0
0
0
0
0
0
0
0
0
0
0
0
0
0
0
0
0
0
0
0
0
0
0
0
0
0
0
0
0
0
0
0
0
0
0
0
0
0
0
0
0
0
0
0
0
0
0
0
0
0
0
0
0
0
0
0
0
0
0
0
0
0
0
0
0
0
0
0
0
0
0
0
0
0
0
0
0
0
0
0
0
0
0
0
0
0
0
0
0
0
0
0
0
0
0
0
0
0
0
0
0
0
0
0
0
0
0
0
0
0
0
0
0
0
0
0
0
0
0
0
0
0
0
0
0
0
0
0
0
0
0
0
0
0
0
0
0
0
0
0
0
0
0
0
0
0
0
0
0
0
0
0
0
0
0
0
0
0
0
0
0
0
0
0
0
0
0
0
0
0
0
0
0
0
0
0
0
0
0
0
0
0
0
0
0
0
0
0
0
0
0
0
0
0
0
0
0
0
0
0
0
0
0
0
0
0
0
0
0
0
0
0
0
0
0
0
0
0
0
0
0
0
0
0
0
0
0
0
0
0
0
0
0
0
0
0
0
0
0
0
0
0
0
0
0
0
0
0
0
0
0
0
0
0
0
0
0
0
0
0
0
0
0
0
0
0
0
0
0
0
0
0
0
0
0
0
0
0
0
0
0
0
0
0
0
0
0
0
0
0
0
0
0
0
0
0
0
0
0
0
0
0
0
0
0
0
0
0
0
0
0
0
0
0
0
0
0
0
0
0
0
0
0
0
0
0
0
0
0
0
0
0
0
0
0
0
0
0
0
0
0
0
0
0
0
0
0
0
0
0
0
0
0
0
0
0
0
0
0
0
0
0
0
0
0
0
0
0
0
0
0
0
0
0
0
0
0
0
0
0
0
0
0
0
0
0
0
0
0
0
0
0
0
0
0
0
0
0
0
0
0
0
0
0
0
0
0
0
0
0
0
0
0
0
0
0
0
0
0
0
0
0
0
0
0
0
0
0
0
0
0
0
0
0
0
0
0
0
0
0
0
0
0
0
0
0
0
0
0
0
0
0
0
0
0
0
0
0
0
0
0
0
0
0
0
0
0
0
0
0
0
0
0
0
0
0
0
0
0
0
0
0
0
0
0
0
0
0
0
0
0
0
0
0
0
0
0
0
0
0
0
0
0
0
0
0
0
0
0
0
0
0
0
0
0
0
0
0
0
0
0
0
0
0
0
0
0
0
0
0
0
0
0
0
0
0
0
0
0
0
0
0
0
0
0
0
0
0
0
0
0
0
0
0
0
0
0
0
0
0
0
0
0
0
0
0
0
0
0
0
0
0
0
0
0
0
0
0
0
0
0
0
0
0
0
0
0
0
0
0
0
0
0
0
0
0
0
0
0
0
0
0
0
0
0
0
0
0
0
0
0
0
0
0
0
0
0
0
0
0
0
0
0
0
0
0
0
0
0
0
0
0
0
0
0
0
0
0
0
0
0
0
0
0
0
0
0
0
0
0
0
0
0
0
0
0
0
0
0
0
0
0
0
0
0
0
0
0
0
0
0
0
0
0
0
0
0
0
0
0
0
0
0
0
0
0
0
0
0
0
0
0
0
0
0
0
0
0
0
0
0
0
0
0
0
0
0
0
0
0
0
0
0
0
0
0
0
0
0
0
0
0
0
0
0
0
0
0
0
0
0
0
0
0
0
0
0
0
0
0
0
0
0
0
0
0
0
0
0
0
0
0
0
0
0
0
0
0
0
0
0
0
0
0
0
0
0
0
0
0
0
0
0
0
0
0
0
0
0
0
0
0
0
0
0
0
0
0
0
0
0
0
0
0
0
0
0
0
0
0
0
0
0
0
0
0
0
0
0
0
0
0
0
0
0
0
0
0
0
0
0
0
0
0
0
0
0
0
0
0
0
0
0
0
0
0
0
0
0
0
0
0
0
0
0
0
0
0
0
0
0
0
0
0
0
0
0
0
0
0
0
0
0
0
0
0
0
0
0
0
0
0
0
0
0
0
0
0
0
0
0
0
0
0
0
0
0
0
0
0
0
0
0
0
0
0
0
0
0
0
0
0
0
0
0
0
0
0
0
0
0
0
0
0
0
0
0
0
0
0
0
0
0
0
0
0
0
0
0
0
0
0
0
0
0
0
0
0
0
0
0
0
0
0
0
0
0
0
0
0
0
0
0
0
0
0
0
0
0
0
0
0
0
0
0
0
0
0
0
0
0
0
0
0
0
0
0
0
0
0
0
0
0
0
0
0
0
0
0
0
0
0
0
0
0
0
0
0
0
0
0
0
0
0
0
0
0
0
0
0
0
0
0
0
0
0
0
0
0
0
0
0
0
0
0
0
0
0
0
0
0
0
0
0
0
0
0
0
0
0
0
0
0
0
0
0
0
0
0
0
0
0
0
0
0
0
0
0
0
0
0
0
0
0
0
0
0
0
0
0
0
0
0
0
0
0
0
0
0
0
0
0
0
0
0
0
0
0
0
0
0
0
0
0
0
0
0
0
0
0
0
0
0
0
0
0
0
0
0
0
0
0
0
0
0
0
0
0
0
0
0
0
0
0
0
0
0
0
0
0
0
0
0
0
0
0
0
0
0
0
0
0
0
0
0
0
0
0
0
0
0
0
0
0
0
0
0
0
0
0
0
0
0
0
0
0
0
0
0
0
0
0
0
0
0
0
0
0
0
0
0
0
0
0
0
0
0
0
0
0
0
0
0
0
0
0
0
0
0
0
0
0
0
0
0
0
0
0
0
0
0
0
0
0
0
0
0
0
0
0
0
0
0
0
0
0
0
0
0
0
0
0
0
0
0
0
0
0
0
0
0
0
0
0
0
0
0
0
0
0
0
0
0
0
0
0
0
0
0
0
0
0
0
0
0
0
0
0
0
0
0
0
0
0
0
0
0
0
0
0
0
0
0
0
0
0
0
0
0
0
0
0
0
0
0
0
0
0
0
0
0
0
0
0
0
0
0
0
0
0
0
0
0
0
0
0
0
0
0
0
0
0
0
0
0
0
0
0
0
0
0
0
0
0
0
0
0
0
0
0
0
0
0
0
0
0
0
0
0
0
0
0
0
0
0
0
0
0
0
0
0
0
0
0
0
0
0
0
0
0
0
0
0
0
0
0
0
0
0
0
0
0
0
0
0
0
0
0
0
0
0
0
0
0
0
0
0
0
0
0
0
0
0
0
0
0
0
0
0
0
0
0
0
0
0
0
0
0
0
0
0
0
0
0
0
0
0
0
0
0
0
0
0
0
0
0
0
0
0
0
0
0
0
0
0
0
0
0
0
0
0
0
0
0
0
0
0
0
0
0
0
0
0
0
0
0
0
0
0
0
0
0
0
0
0
0
0
0
0
0
0
0
0
0
0
0
0
0
0
0
0
0
0
0
0
0
0
0
0
0
0
0
0
0
0
0
0
0
0
0
0
0
0
0
0
0
0
0
0
0
0
0
0
0
0
0
0
0
0
0
0
0
0
0
0
0
0
0
0
0
0
0
0
0
0
0
0
0
0
0
0
0
0
0
0
0
0
0
0
0
0
0
0
0
0
0
0
0
0
0
0
0
0
0
0
0
0
0
0
0
0
0
0
0
0
0
0
0
0
0
0
0
0
0
0
0
0
0
0
0
0
0
0
0
0
0
0
0
0
0
0
0
0
0
0
0
0
0
0
0
0
0
0
0
0
0
0
0
0
0
0
0
0
0
0
0
0
0
0
0
0
0
0
0
0
0
0
0
0
0
0
0
0
0
0
0
0
0
0
0
0
0
0
0
0
0
0
0
0
0
0
0
0
0
0
0
0
0
0
0
0
0
0
0
0
0
0
0
0
0
0
0
0
0
0
0
0
0
0
0
0
0
0
0
0
0
0
0
0
0
0
0
0
0
0
0
0
0
0
0
0
0
0
0
0
0
0
0
0
0
0
0
0
0
0
0
0
0
0
0
0
0
0
0
0
0
0
0
0
0
0
0
0
0
0
0
0
0
0
0
0
0
0
0
0
0
0
0
0
0
0
0
0
0
0
0
0
0
0
0
0
0
0
0
0
0
0
0
0
0
0
0
0
0
0
0
0
0
0
0
0
0
0
0
0
0
0
0
0
0
0
0
0
0
0
0
0
0
0
0
0
0
0
0
0
0
0
0
0
0
0
0
0
0
0
0
0
0
0
0
0
0
0
0
0
0
0
0
0
0
0
0
0
0
0
0
0
0
0
0
0
0
0
0
0
0
0
0
0
0
0
0
0
0
0
0
0
0
0
0
0
0
0
0
0
0
0
0
0
0
0
0
0
0
0
0
0
0
0
0
0
0
0
0
0
0
0
0
0
0
0
0
0
0
0
0
0
0
0
0
0
0
0
0
0
0
0
0
0
0
0
0
0
0
0
0
0
0
0
0
0
0
0
0
0
0
0
0
0
0
0
0
0
0
0
0
0
0
0
0
0
0
0
0
0
0
0
0
0
0
0
0
0
0
0
0
0
0
0
0
0
0
0
0
0
0
0
0
0
0
0
0
0
0
0
0
0
0
0
0
0
0
0
0
0
0
0
0
0
0
0
0
0
0
0
0
0
0
0
0
0
0
0
0
0
0
0
0
0
0
0
0
0
0
0
0
0
0
0
0
0
0
0
0
0
0
0
0
0
0
0
0
0
0
0
0
0
0
0
0
0
0
0
0
0
0
0
0
0
0
0
0
0
0
0
0
0
0
0
0
0
0
0
0
0
0
0
0
0
0
0
0
0
0
0
0
0
0
0
0
0
0
0
0
0
0
0
0
0
0
0
0
0
0
0
0
0
0
0
0
0
0
0
0
0
0
0
0
0
0
0
0
0
0
0
0
0
0
0
0
0
0
0
0
0
0
0
0
0
0
0
0
0
0
0
0
0
0
0
0
0
0
0
0
0
0
0
0
0
0
0
0
0
0
0
0
0
0
0
0
0
0
0
0
0
0
0
0
0
0
0
0
0
0
0
0
0
0
0
0
0
0
0
0
0
0
0
0
0
0
0
0
0
0
0
0
0
0
0
0
0
0
0
0
0
0
0
0
0
0
0
0
0
0
0
0
0
0
0
0
0
0
0
0
0
0
0
0
0
0
0
0
0
0
0
0
0
0
0
0
0
0
0
0
0
0
0
0
0
0
0
0
0
0
0
0
0
0
0
0
0
0
0
0
0
0
0
0
0
0
0
0
0
0
0
0
0
0
0
0
0
0
0
0
0
0
0
0
0
0
0
0
0
0
0
0
0
0
0
0
0
0
0
0
0
0
0
0
0
0
0
0
0
0
0
0
0
0
0
0
0
0
0
0
0
0
0
0
0
0
0
0
0
0
0
0
0
0
0
0
0
0
0
0
0
0
0
0
0
0
0
0
0
0
0
0
0
0
0
0
0
0
0
0
0
0
0
0
0
0
0
0
0
0
0
0
0
0
0
0
0
0
0
0
0
0
0
0
0
0
0
0
0
0
0
0
0
0
0
0
0
0
0
0
0
0
0
0
0
0
0
0
0
0
0
0
0
0
0
0
0
0
0
0
0
0
0
0
0
0
0
0
0
0
0
0
0
0
0
0
0
0
0
0
0
0
0
0
0
0
0
0
0
0
0
0
0
0
0
0
0
0
0
0
0
0
0
0
0
0
0
0
0
0
0
0
0
0
0
0
0
0
0
0
0
0
0
0
0
0
0
0
0
0
0
0
0
0
0
0
0
0
0
0
0
0
0
0
0
0
0
0
0
0
0
0
0
0
0
0
0
0
0
0
0
0
0
0
0
0
0
0
0
0
0
0
0
0
0
0
0
0
0
0
0
0
0
0
0
0
0
0
0
0
0
0
0
0
0
0
0
0
0
0
0
0
0
0
0
0
0
0
0
0
0
0
0
0
0
0
0
0
0
0
0
0
0
0
0
0
0
0
0
0
0
0
0
0
0
0
0
0
0
0
0
0
0
0
0
0
0
0
0
0
0
0
0
0
0
0
0
0
0
0
0
0
0
0
0
0
0
0
0
0
0
0
0
0
0
0
0
0
0
0
0
0
0
0
0
0
0
0
0
0
0
0
0
0
0
0
0
0
0
0
0
0
0
0
0
0
0
0
0
0
0
0
0
0
0
0
0
0
0
0
0
0
0
0
0
0
0
0
0
0
0
0
0
0
0
0
0
0
0
0
0
0
0
0
0
0
0
0
0
0
0
0
0
0
0
0
0
0
0
0
0
0
0
0
0
0
0
0
0
0
0
0
0
0
0
0
0
0
0
0
0
0
0
0
0
0
0
0
0
0
0
0
0
0
0
0
0
0
0
0
0
0
0
0
0
0
0
0
0
0
0
0
0
0
0
0
0
0
0
0
0
0
0
0
0
0
0
0
0
0
0
0
0
0
0
0
0
0
0
0
0
0
0
0
0
0
0
0
0
0
0
0
0
0
0
0
0
0
0
0
0
0
0
0
0
0
0
0
0
0
0
0
0
0
0
0
0
0
0
0
0
0
0
0
0
0
0
0
0
0
0
0
0
0
0
0
0
0
0
0
0
0
0
0
0
0
0
0
0
0
0
0
0
0
0
0
0
0
0
0
0
0
0
0
0
0
0
0
0
0
0
0
0
0
0
0
0
0
0
0
0
0
0
0
0
0
0
0
0
0
0
0
0
0
0
0
0
0
0
0
0
0
0
0
0
0
0
0
0
0
0
0
0
0
0
0
0
0
0
0
0
0
0
0
0
0
0
0
0
0
0
0
0
0
0
0
0
0
0
0
0
0
0
0
0
0
0
0
0
0
0
0
0
0
0
0
0
0
0
0
0
0
0
0
0
0
0
0
0
0
0
0
0
0
0
0
0
0
0
0
0
0
0
0
0
0
0
0
0
0
0
0
0
0
0
0
0
0
0
0
0
0
0
0
0
0
0
0
0
0
0
0
0
0
0
0
0
0
0
0
0
0
0
0
0
0
0
0
0
0
0
0
0
0
0
0
0
0
0
0
0
0
0
0
0
0
0
0
0
0
0
0
0
0
0
0
0
0
0
0
0
0
0
0
0
0
0
0
0
0
0
0
0
0
0
0
0
0
0
0
0
0
0
0
0
0
0
0
0
0
0
0
0
0
0
0
0
0
0
0
0
0
0
0
0
0
0
0
0
0
0
0
0
0
0
0
0
0
0
0
0
0
0
0
0
0
0
0
0
0
0
0
0
0
0
0
0
0
0
0
0
0
0
0
0
0
0
0
0
0
0
0
0
0
0
0
0
0
0
0
0
0
0
0
0
0
0
0
0
0
0
0
0
0
0
0
0
0
0
0
0
0
0
0
0
0
0
0
0
0
0
0
0
0
0
0
0
0
0
0
0
0
0
0
0
0
0
0
0
0
0
0
0
0
0
0
0
0
0
0
0
0
0
0
0
0
0
0
0
0
0
0
0
0
0
0
0
0
0
0
0
0
0
0
0
0
0
0
0
0
0
0
0
0
0
0
0
0
0
0
0
0
0
0
0
0
0
0
0
0
0
0
0
0
0
0
0
0
0
0
0
0
0
0
0
0
0
0
0
0
0
0
0
0
0
0
0
0
0
0
0
0
0
0
0
0
0
0
0
0
0
0
0
0
0
0
0
0
0
0
0
0
0
0
0
0
0
0
0
0
0
0
0
0
0
0
0
0
0
0
0
0
0
0
0
0
0
0
0
0
0
0
0
0
0
0
0
0
0
0
0
0
0
0
0
0
0
0
0
0
0
0
0
0
0
0
0
0
0
0
0
0
0
0
0
0
0
0
0
0
0
0
0
0
0
0
0
0
0
0
0
0
0
0
0
0
0
0
0
0
0
0
0
0
0
0
0
0
0
0
0
0
0
0
0
0
0
0
0
0
0
0
0
0
0
0
0
0
0
0
0
0
0
0
0
0
0
0
0
0
0
0
0
0
0
0
0
0
0
0
0
0
0
0
0
0
0
0
0
0
0
0
0
0
0
0
0
0
0
0
0
0
0
0
0
0
0
0
0
0
0
0
0
0
0
0
0
0
0
0
0
0
0
0
0
0
0
0
0
0
0
0
0
0
0
0
0
0
0
0
0
0
0
0
0
0
0
0
0
0
0
0
0
0
0
0
0
0
0
0
0
0
0
0
0
0
0
0
0
0
0
0
0
0
0
0
0
0
0
0
0
0
0
0
0
0
0
0
0
0
0
0
0
0
0
0
0
0
0
0
0
0
0
0
0
0
0
0
0
0
0
0
0
0
0
0
0
0
0
0
0
0
0
0
0
0
0
0
0
0
0
0
0
0
0
0
0
0
0
0
0
0
0
0
0
0
0
0
0
0
0
0
0
0
0
0
0
0
0
0
0
0
0
0
0
0
0
0
0
0
0
0
0
0
0
0
0
0
0
0
0
0
0
0
0
0
0
0
0
0
0
0
0
0
0
0
0
0
0
0
0
0
0
0
0
0
0
0
0
0
0
0
0
0
0
0
0
0
0
0
0
0
0
0
0
0
0
0
0
0
0
0
0
0
0
0
0
0
0
0
0
0
0
0
0
0
0
0
0
0
0
0
0
0
0
0
0
0
0
0
0
0
0
0
0
0
0
0
0
0
0
0
0
0
0
0
0
0
0
0
0
0
0
0
0
0
0
0
0
0
0
0
0
0
0
0
0
0
0
0
0
0
0
0
0
0
0
0
0
0
0
0
0
0
0
0
0
0
0
0
0
0
0
0
0
0
0
0
0
0
0
0
0
0
0
0
0
0
0
0
0
0
0
0
0
0
0
0
0
0
0
0
0
0
0
0
0
0
0
0
0
0
0
0
0
0
0
0
0
0
0
0
0
0
0
0
0
0
0
0
0
0
0
0
0
0
0
0
0
0
0
0
0
0
0
0
0
0
0
0
0
0
0
0
0
0
0
0
0
0
0
0
0
0
0
0
0
0
0
0
0
0
0
0
0
0
0
0
0
0
0
0
0
0
0
0
0
0
0
0
0
0
0
0
0
0
0
0
0
0
0
0
0
0
0
0
0
0
0
0
0
0
0
0
0
0
0
0
0
0
0
0
0
0
0
0
0
0
0
0
0
0
0
0
0
0
0
0
0
0
0
0
0
0
0
0
0
0
0
0
0
0
0
0
0
0
0
0
0
0
0
0
0
0
0
0
0
0
0
0
0
0
0
0
0
0
0
0
0
0
0
0
0
0
0
0
0
0
0
0
0
0
0
0
0
0
0
0
0
0
0
0
0
0
0
0
0
0
0
0
0
0
0
0
0
0
0
0
0
0
0
0
0
0
0
0
0
0
0
0
0
0
0
0
0
0
0
0
0
0
0
0
0
0
0
0
0
0
0
0
0
0
0
0
0
0
0
0
0
0
0
0
0
0
0
0
0
0
0
0
0
0
0
0
0
0
0
0
0
0
0
0
0
0
0
0
0
0
0
0
0
0
0
0
0
0
0
0
0
0
0
0
0
0
0
0
0
0
0
0
0
0
0
0
0
0
0
0
0
0
0
0
0
0
0
0
0
0
0
0
0
0
0
0
0
0
0
0
0
0
0
0
0
0
0
0
0
0
0
0
0
0
0
0
0
0
0
0
0
0
0
0
0
0
0
0
0
0
0
0
0
0
0
0
0
0
0
0
0
0
0
0
0
0
0
0
0
0
0
0
0
0
0
0
0
0
0
0
0
0
0
0
0
0
0
0
0
0
0
0
0
0
0
0
0
0
0
0
0
0
0
0
0
0
0
0
0
0
0
0
0
0
0
0
0
0
0
0
0
0
0
0
0
0
0
0
0
0
0
0
0
0
0
0
0
0
0
0
0
0
0
0
0
0
0
0
0
0
0
0
0
0
0
0
0
0
0
0
0
0
0
0
0
0
0
0
0
0
0
0
0
0
0
0
0
0
0
0
0
0
0
0
0
0
0
0
0
0
0
0
0
0
0
0
0
0
0
0
0
0
0
0
0
0
0
0
0
0
0
0
0
0
0
0
0
0
0
0
0
0
0
0
0
0
0
0
0
0
0
0
0
0
0
0
0
0
0
0
0
0
0
0
0
0
0
0
0
0
0
0
0
0
0
0
0
0
0
0
0
0
0
0
0
0
0
0
0
0
0
0
0
0
0
0
0
0
0
0
0
0
0
0
0
0
0
0
0
0
0
0
0
0
0
0
0
0
0
0
0
0
0
0
0
0
0
0
0
0
0
0
0
0
0
0
0
0
0
0
0
0
0
0
0
0
0
0
0
0
0
0
0
0
0
0
0
0
0
0
0
0
0
0
0
0
0
0
0
0
0
0
0
0
0
0
0
0
0
0
0
0
0
0
0
0
0
0
0
0
0
0
0
0
0
0
0
0
0
0
0
0
0
0
0
0
0
0
0
0
0
0
0
0
0
0
0
0
0
0
0
0
0
0
0
0
0
0
0
0
0
0
0
0
0
0
0
0
0
0
0
0
0
0
0
0
0
0
0
0
0
0
0
0
0
0
0
0
0
0
0
0
0
0
0
0
0
0
0
0
0
0
0
0
0
0
0
0
0
0
0
0
0
0
0
0
0
0
0
0
0
0
0
0
0
0
0
0
0
0
0
0
0
0
0
0
0
0
0
0
0
0
0
0
0
0
0
0
0
0
0
0
0
0
0
0
0
0
0
0
0
0
0
0
0
0
0
0
0
0
0
0
0
0
0
0
0
0
0
0
0
0
0
0
0
0
0
0
0
0
0
0
0
0
0
0
0
0
0
0
0
0
0
0
0
0
0
0
0
0
0
0
0
0
0
0
0
0
0
0
0
0
0
0
0
0
0
0
0
0
0
0
0
0
0
0
0
0
0
0
0
0
0
0
0
0
0
0
0
0
0
0
0
0
0
0
0
0
0
0
0
0
0
0
0
0
0
0
0
0
0
0
0
0
0
0
0
0
0
0
0
0
0
0
0
0
0
0
0
0
0
0
0
0
0
0
0
0
0
0
0
0
0
0
0
0
0
0
0
0
0
0
0
0
0
0
0
0
0
0
0
0
0
0
0
0
0
0
0
0
0
0
0
0
0
0
0
0
0
0
0
0
0
0
0
0
0
0
0
0
0
0
0
0
0
0
0
0
0
0
0
0
0
0
0
0
0
0
0
0
0
0
0
0
0
0
0
0
0
0
0
0
0
0
0
0
0
0
0
0
0
0
0
0
0
0
0
0
0
0
0
0
0
0
0
0
0
0
0
0
0
0
0
0
0
0
0
0
0
0
0
0
0
0
0
0
0
0
0
0
0
0
0
0
0
0
0
0
0
0
0
0
0
0
0
0
0
0
0
0
0
0
0
0
0
0
0
0
0
0
0
0
0
0
0
0
0
0
0
0
0
0
0
0
0
0
0
0
0
0
0
0
0
0
0
0
0
0
0
0
0
0
0
0
0
0
0
0
0
0
0
0
0
0
0
0
0
0
0
0
0
0
0
0
0
0
0
0
0
0
0
0
0
0
0
0
0
0
0
0
0
0
0
0
0
0
0
0
0
0
0
0
0
0
0
0
0
0
0
0
0
0
0
0
0
0
0
0
0
0
0
0
0
0
0
0
0
0
0
0
0
0
0
0
0
0
0
0
0
0
0
0
0
0
0
0
0
0
0
0
0
0
0
0
0
0
0
0
0
0
0
0
0
0
0
0
0
0
0
0
0
0
0
0
0
0
0
0
0
0
0
0
0
0
0
0
0
0
0
0
0
0
0
0
0
0
0
0
0
0
0
0
0
0
0
0
0
0
0
0
0
0
0
0
0
0
0
0
0
0
0
0
0
0
0
0
0
0
0
0
0
0
0
0
0
0
0
0
0
0
0
0
0
0
0
0
0
0
0
0
0
0
0
0
0
0
0
0
0
0
0
0
0
0
0
0
0
0
0
0
0
0
0
0
0
0
0
0
0
0
0
0
0
0
0
0
0
0
0
0
0
0
0
0
0
0
0
0
0
0
0
0
0
0
0
0
0
0
0
0
0
0
0
0
0
0
0
0
0
0
0
0
0
0
0
0
0
0
0
0
0
0
0
0
0
0
0
0
0
0
0
0
0
0
0
0
0
0
0
0
0
0
0
0
0
0
0
0
0
0
0
0
0
0
0
0
0
0
0
0
0
0
0
0
0
0
0
0
0
0
0
0
0
0
0
0
0
0
0
0
0
0
0
0
0
0
0
0
0
0
0
0
0
0
0
0
0
0
0
0
0
0
0
0
0
0
0
0
0
0
0
0
0
0
0
0
0
0
0
0
0
0
0
0
0
0
0
0
0
0
0
0
0
0
0
0
0
0
0
0
0
0
0
0
0
0
0
0
0
0
0
0
0
0
0
0
0
0
0
0
0
0
0
0
0
0
0
0
0
0
0
0
0
0
0
0
0
0
0
0
0
0
0
0
0
0
0
0
0
0
0
0
0
0
0
0
0
0
0
0
0
0
0
0
0
0
0
0
0
0
0
0
0
0
0
0
0
0
0
0
0
0
0
0
0
0
0
0
0
0
0
0
0
0
0
0
0
0
0
0
0
0
0
0
0
0
0
0
0
0
0
0
0
0
0
0
0
0
0
0
0
0
0
0
0
0
0
0
0
0
0
0
0
0
0
0
0
0
0
0
0
0
0
0
0
0
0
0
0
0
0
0
0
0
0
0
0
0
0
0
0
0
0
0
0
0
0
0
0
0
0
0
0
0
0
0
0
0
0
0
0
0
0
0
0
0
0
0
0
0
0
0
0
0
0
0
0
0
0
0
0
0
0
0
0
0
0
0
0
0
0
0
0
0
0
0
0
0
0
0
0
0
0
0
0
0
0
0
0
0
0
0
0
0
0
0
0
0
0
0
0
0
0
0
0
0
0
0
0
0
0
0
0
0
0
0
0
0
0
0
0
0
0
0
0
0
0
0
0
0
0
0
0
0
0
0
0
0
0
0
0
0
0
0
0
0
0
0
0
0
0
0
0
0
0
0
0
0
0
0
0
0
0
0
0
0
0
0
0
0
0
0
0
0
0
0
0
0
0
0
0
0
0
0
0
0
0
0
0
0
0
0
0
0
0
0
0
0
0
0
0
0
0
0
0
0
0
0
0
0
0
0
0
0
0
0
0
0
0
0
0
0
0
0
0
0
0
0
0
0
0
0
0
0
0
0
0
0
0
0
0
0
0
0
0
0
0
0
0
0
0
0
0
0
0
0
0
0
0
0
0
0
0
0
0
0
0
0
0
0
0
0
0
0
0
0
0
0
0
0
0
0
0
0
0
0
0
0
0
0
0
0
0
0
0
0
0
0
0
0
0
0
0
0
0
0
0
0
0
0
0
0
0
0
0
0
0
0
0
0
0
0
0
0
0
0
0
0
0
0
0
0
0
0
0
0
0
0
0
0
0
0
0
0
0
0
0
0
0
0
0
0
0
0
0
0
0
0
0
0
0
0
0
0
0
0
0
0
0
0
0
0
0
0
0
0
0
0
0
0
0
0
0
0
0
0
0
0
0
0
0
0
0
0
0
0
0
0
0
0
0
0
0
0
0
0
0
0
0
0
0
0
0
0
0
0
0
0
0
0
0
0
0
0
0
0
0
0
0
0
0
0
0
0
0
0
0
0
0
0
0
0
0
0
0
0
0
0
0
0
0
0
0
0
0
0
0
0
0
0
0
0
0
0
0
0
0
0
0
0
0
0
0
0
0
0
0
0
0
0
0
0
0
0
0
0
0
0
0
0
0
0
0
0
0
0
0
0
0
0
0
0
0
0
0
0
0
0
0
0
0
0
0
0
0
0
0
0
0
0
0
0
0
0
0
0
0
0
0
0
0
0
0
0
0
0
0
0
0
0
0
0
0
0
0
0
0
0
0
0
0
0
0
0
0
0
0
0
0
0
0
0
0
0
0
0
0
0
0
0
0
0
0
0
0
0
0
0
0
0
0
0
0
0
0
0
0
0
0
0
0
0
0
0
0
0
0
0
0
0
0
0
0
0
0
0
0
0
0
0
0
0
0
0
0
0
0
0
0
0
0
0
0
0
0
0
0
0
0
0
0
0
0
0
0
0
0
0
0
0
0
0
0
0
0
0
0
0
0
0
0
0
0
0
0
0
0
0
0
0
0
0
0
0
0
0
0
0
0
0
0
0
0
0
0
0
0
0
0
0
0
0
0
0
0
0
0
0
0
0
0
0
0
0
0
0
0
0
0
0
0
0
0
0
0
0
0
0
0
0
0
0
0
0
0
0
0
0
0
0
0
0
0
0
0
0
0
0
0
0
0
0
0
0
0
0
0
0
0
0
0
0
0
0
0
0
0
0
0
0
0
0
0
0
0
0
0
0
0
0
0
0
0
0
0
0
0
0
0
0
0
0
0
0
0
0
0
0
0
0
0
0
0
0
0
0
0
0
0
0
0
0
0
0
0
0
0
0
0
0
0
0
0
0
0
0
0
0
0
0
0
0
0
0
0
0
0
0
0
0
0
0
0
0
0
0
0
0
0
0
0
0
0
0
0
0
0
0
0
0
0
0
0
0
0
0
0
0
0
0
0
0
0
0
0
0
0
0
0
0
0
0
0
0
0
0
0
0
0
0
0
0
0
0
0
0
0
0
0
0
0
0
0
0
0
0
0
0
0
0
0
0
0
0
0
0
0
0
0
0
0
0
0
0
0
0
0
0
0
0
0
0
0
0
0
0
0
0
0
0
0
0
0
0
0
0
0
0
0
0
0
0
0
0
0
0
0
0
0
0
0
0
0
0
0
0
0
0
0
0
0
0
0
0
0
0
0
0
0
0
0
0
0
0
0
0
0
0
0
0
0
0
0
0
0
0
0
0
0
0
0
0
0
0
0
0
0
0
0
0
0
0
0
0
0
0
0
0
0
0
0
0
0
0
0
0
0
0
0
0
0
0
0
0
0
0
0
0
0
0
0
0
0
0
0
0
0
0
0
0
0
0
0
0
0
0
0
0
0
0
0
0
0
0
0
0
0
0
0
0
0
0
0
0
0
0
0
0
0
0
0
0
0
0
0
0
0
0
0
0
0
0
0
0
0
0
0
0
0
0
0
0
0
0
0
0
0
0
0
0
0
0
0
0
0
0
0
0
0
0
0
0
0
0
0
0
0
0
0
0
0
0
0
0
0
0
0
0
0
0
0
0
0
0
0
0
0
0
0
0
0
0
0
0
0
0
0
0
0
0
0
0
0
0
0
0
0
0
0
0
0
0
0
0
0
0
0
0
0
0
0
0
0
0
0
0
0
0
0
0
0
0
0
0
0
0
0
0
0
0
0
0
0
0
0
0
0
0
0
0
0
0
0
0
0
0
0
0
0
0
0
0
0
0
0
0
0
0
0
0
0
0
0
0
0
0
0
0
0
0
0
0
0
0
0
0
0
0
0
0
0
0
0
0
0
0
0
0
0
0
0
0
0
0
0
0
0
0
0
0
0
0
0
0
0
0
0
0
0
0
0
0
0
0
0
0
0
0
0
0
0
0
0
0
0
0
0
0
0
0
0
0
0
0
0
0
0
0
0
0
0
0
0
0
0
0
0
0
0
0
0
0
0
0
0
0
0
0
0
0
0
0
0
0
0
0
0
0
0
0
0
0
0
0
0
0
0
0
0
0
0
0
0
0
0
0
0
0
0
0
0
0
0
0
0
0
0
0
0
0
0
0
0
0
0
0
0
0
0
0
0
0
0
0
0
0
0
0
0
0
0
0
0
0
0
0
0
0
0
0
0
0
0
0
0
0
0
0
0
0
0
0
0
0
0
0
0
0
0
0
0
0
0
0
0
0
0
0
0
0
0
0
0
0
0
0
0
0
0
0
0
0
0
0
0
0
0
0
0
0
0
0
0
0
0
0
0
0
0
0
0
0
0
0
0
0
0
0
0
0
0
0
0
0
0
0
0
0
0
0
0
0
0
0
0
0
0
0
0
0
0
0
0
0
0
0
0
0
0
0
0
0
0
0
0
0
0
0
0
0
0
0
0
0
0
0
0
0
0
0
0
0
0
0
0
0
0
0
0
0
0
0
0
0
0
0
0
0
0
0
0
0
0
0
0
0
0
0
0
0
0
0
0
0
0
0
0
0
0
0
0
0
0
0
0
0
0
0
0
0
0
0
0
0
0
0
0
0
0
0
0
0
0
0
0
0
0
0
0
0
0
0
0
0
0
0
0
0
0
0
0
0
0
0
0
0
0
0
0
0
0
0
0
0
0
0
0
0
0
0
0
0
0
0
0
0
0
0
0
0
0
0
0
0
0
0
0
0
0
0
0
0
0
0
0
0
0
0
0
0
0
0
0
0
0
0
0
0
0
0
0
0
0
0
0
0
0
0
0
0
0
0
0
0
0
0
0
0
0
0
0
0
0
0
0
0
0
0
0
0
0
0
0
0
0
0
0
0
0
0
0
0
0
0
0
0
0
0
0
0
0
0
0
0
0
0
0
0
0
0
0
0
0
0
0
0
0
0
0
0
0
0
0
0
0
0
0
0
0
0
0
0
0
0
0
0
0
0
0
0
0
0
0
0
0
0
0
0
0
0
0
0
0
0
0
0
0
0
0
0
0
0
0
0
0
0
0
0
0
0
0
0
0
0
0
0
0
0
0
0
0
0
0
0
0
0
0
0
0
0
0
0
0
0
0
0
0
0
0
0
0
0
0
0
0
0
0
0
0
0
0
0
0
0
0
0
0
0
0
0
0
0
0
0
0
0
0
0
0
0
0
0
0
0
0
0
0
0
0
0
0
0
0
0
0
0
0
0
0
0
0
0
0
0
0
0
0
0
0
0
0
0
0
0
0
0
0
0
0
0
0
0
0
0
0
0
0
0
0
0
0
0
0
0
0
0
0
0
0
0
0
0
0
0
0
0
0
0
0
0
0
0
0
0
0
0
0
0
0
0
0
0
0
0
0
0
0
0
0
0
0
0
0
0
0
0
0
0
0
0
0
0
0
0
0
0
0
0
0
0
0
0
0
0
0
0
0
0
0
0
0
0
0
0
0
0
0
0
0
0
0
0
0
0
0
0
0
0
0
0
0
0
0
0
0
0
0
0
0
0
0
0
0
0
0
0
0
0
0
0
0
0
0
0
0
0
0
0
0
0
0
0
0
0
0
0
0
0
0
0
0
0
0
0
0
0
0
0
0
0
0
0
0
0
0
0
0
0
0
0
0
0
0
0
0
0
0
0
0
0
0
0
0
0
0
0
0
0
0
0
0
0
0
0
0
0
0
0
0
0
0
0
0
0
0
0
0
0
0
0
0
0
0
0
0
0
0
0
0
0
0
0
0
0
0
0
0
0
0
0
0
0
0
0
0
0
0
0
0
0
0
0
0
0
0
0
0
0
0
0
0
0
0
0
0
0
0
0
0
0
0
0
0
0
0
0
0
0
0
0
0
0
0
0
0
0
0
0
0
0
0
0
0
0
0
0
0
0
0
0
0
0
0
0
0
0
0
0
0
0
0
0
0
0
0
0
0
0
0
0
0
0
0
0
0
0
0
0
0
0
0
0
0
0
0
0
0
0
0
0
0
0
0
0
0
0
0
0
0
0
0
0
0
0
0
0
0
0
0
0
0
0
0
0
0
0
0
0
0
0
0
0
0
0
0
0
0
0
0
0
0
0
0
0
0
0
0
0
0
0
0
0
0
0
0
0
0
0
0
0
0
0
0
0
0
0
0
0
0
0
0
0
0
0
0
0
0
0
0
0
0
0
0
0
0
0
0
0
0
0
0
0
0
0
0
0
0
0
0
0
0
0
0
0
0
0
0
0
0
0
0
0
0
0
0
0
0
0
0
0
0
0
0
0
0
0
0
0
0
0
0
0
0
0
0
0
0
0
0
0
0
0
0
0
0
0
0
0
0
0
0
0
0
0
0
0
0
0
0
0
0
0
0
0
0
0
0
0
0
0
0
0
0
0
0
0
0
0
0
0
0
0
0
0
0
0
0
0
0
0
0
0
0
0
0
0
0
0
0
0
0
0
0
0
0
0
0
0
0
0
0
0
0
0
0
0
0
0
0
0
0
0
0
0
0
0
0
0
0
0
0
0
0
0
0
0
0
0
0
0
0
0
0
0
0
0
0
0
0
0
0
0
0
0
0
0
0
0
0
0
0
0
0
0
0
0
0
0
0
0
0
0
0
0
0
0
0
0
0
0
0
0
0
0
0
0
0
0
0
0
0
0
0
0
0
0
0
0
0
0
0
0
0
0
0
0
0
0
0
0
0
0
0
0
0
0
0
0
0
0
0
0
0
0
0
0
0
0
0
0
0
0
0
0
0
0
0
0
0
0
0
0
0
0
0
0
0
0
0
0
0
0
0
0
0
0
0
0
0
0
0
0
0
0
0
0
0
0
0
0
0
0
0
0
0
0
0
0
0
0
0
0
0
0
0
0
0
0
0
0
0
0
0
0
0
0
0
0
0
0
0
0
0
0
0
0
0
0
0
0
0
0
0
0
0
0
0
0
0
0
0
0
0
0
0
0
0
0
0
0
0
0
0
0
0
0
0
0
0
0
0
0
0
0
0
0
0
0
0
0
0
0
0
0
0
0
0
0
0
0
0
0
0
0
0
0
0
0
0
0
0
0
0
0
0
0
0
0
0
0
0
0
0
0
0
0
0
0
0
0
0
0
0
0
0
0
0
0
0
0
0
0
0
0
0
0
0
0
0
0
0
0
0
0
0
0
0
0
0
0
0
0
0
0
0
0
0
0
0
0
0
0
0
0
0
0
0
0
0
0
0
0
0
0
0
0
0
0
0
0
0
0
0
0
0
0
0
0
0
0
0
0
0
0
0
0
0
0
0
0
0
0
0
0
0
0
0
0
0
0
0
0
0
0
0
0
0
0
0
0
0
0
0
0
0
0
0
0
0
0
0
0
0
0
0
0
0
0
0
0
0
0
0
0
0
0
0
0
0
0
0
0
0
0
0
0
0
0
0
0
0
0
0
0
0
0
0
0
0
0
0
0
0
0
0
0
0
0
0
0
0
0
0
0
0
0
0
0
0
0
0
0
0
0
0
0
0
0
0
0
0
0
0
0
0
0
0
0
0
0
0
0
0
0
0
0
0
0
0
0
0
0
0
0
0
0
0
0
0
0
0
0
0
0
0
0
0
0
0
0
0
0
0
0
0
0
0
0
0
0
0
0
0
0
0
0
0
0
0
0
0
0
0
0
0
0
0
0
0
0
0
0
0
0
0
0
0
0
0
0
0
0
0
0
0
0
0
0
0
0
0
0
0
0
0
0
0
0
0
0
0
0
0
0
0
0
0
0
0
0
0
0
0
0
0
0
0
0
0
0
0
0
0
0
0
0
0
0
0
0
0
0
0
0
0
0
0
0
0
0
0
0
0
0
0
0
0
0
0
0
0
0
0
0
0
0
0
0
0
0
0
0
0
0
0
0
0
0
0
0
0
0
0
0
0
0
0
0
0
0
0
0
0
0
0
0
0
0
0
0
0
0
0
0
0
0
0
0
0
0
0
0
0
0
0
0
0
0
0
0
0
0
0
0
0
0
0
0
0
0
0
0
0
0
0
0
0
0
0
0
0
0
0
0
0
0
0
0
0
0
0
0
0
0
0
0
0
0
0
0
0
0
0
0
0
0
0
0
0
0
0
0
0
0
0
0
0
0
0
0
0
0
0
0
0
0
0
0
0
0
0
0
0
0
0
0
0
0
0
0
0
0
0
0
0
0
0
0
0
0
0
0
0
0
0
0
0
0
0
0
0
0
0
0
0
0
0
0
0
0
0
0
0
0
0
0
0
0
0
0
0
0
0
0
0
0
0
0
0
0
0
0
0
0
0
0
0
0
0
0
0
0
0
0
0
0
0
0
0
0
0
0
0
0
0
0
0
0
0
0
0
0
0
0
0
0
0
0
0
0
0
0
0
0
0
0
0
0
0
0
0
0
0
0
0
0
0
0
0
0
0
0
0
0
0
0
0
0
0
0
0
0
0
0
0
0
0
0
0
0
0
0
0
0
0
0
0
0
0
0
0
0
0
0
0
0
0
0
0
0
0
0
0
0
0
0
0
0
0
0
0
0
0
0
0
0
0
0
0
0
0
0
0
0
0
0
0
0
0
0
0
0
0
0
0
0
0
0
0
0
0
0
0
0
0
0
0
0
0
0
0
0
0
0
0
0
0
0
0
0
0
0
0
0
0
0
0
0
0
0
0
0
0
0
0
0
0
0
0
0
0
0
0
0
0
0
0
0
0
0
0
0
0
0
0
0
0
0
0
0
0
0
0
0
0
0
0
0
0
0
0
0
0
0
0
0
0
0
0
0
0
0
0
0
0
0
0
0
0
0
0
0
0
0
0
0
0
0
0
0
0
0
0
0
0
0
0
0
0
0
0
0
0
0
0
0
0
0
0
0
0
0
0
0
0
0
0
0
0
0
0
0
0
0
0
0
0
0
0
0
0
0
0
0
0
0
0
0
0
0
0
0
0
0
0
0
0
0
0
0
0
0
0
0
0
0
0
0
0
0
0
0
0
0
0
0
0
0
0
0
0
0
0
0
0
0
0
0
0
0
0
0
0
0
0
0
0
0
0
0
0
0
0
0
0
0
0
0
0
0
0
0
0
0
0
0
0
0
0
0
0
0
0
0
0
0
0
0
0
0
0
0
0
0
0
0
0
0
0
0
0
0
0
0
0
0
0
0
0
0
0
0
0
0
0
0
0
0
0
0
0
0
0
0
0
0
0
0
0
0
0
0
0
0
0
0
0
0
0
0
0
0
0
0
0
0
0
0
0
0
0
0
0
0
0
0
0
0
0
0
0
0
0
0
0
0
0
0
0
0
0
0
0
0
0
0
0
0
0
0
0
0
0
0
0
0
0
0
0
0
0
0
0
0
0
0
0
0
0
0
0
0
0
0
0
0
0
0
0
0
0
0
0
0
0
0
0
0
0
0
0
0
0
0
0
0
0
0
0
0
0
0
0
0
0
0
0
0
0
0
0
0
0
0
0
0
0
0
0
0
0
0
0
0
0
0
0
0
0
0
0
0
0
0
0
0
0
0
0
0
0
0
0
0
0
0
0
0
0
0
0
0
0
0
0
0
0
0
0
0
0
0
0
0
0
0
0
0
0
0
0
0
0
0
0
0
0
0
0
0
0
0
0
0
0
0
0
0
0
0
0
0
0
0
0
0
0
0
0
0
0
0
0
0
0
0
0
0
0
0
0
0
0
0
0
0
0
0
0
0
0
0
0
0
0
0
0
0
0
0
0
0
0
0
0
0
0
0
0
0
0
0
0
0
0
0
0
0
0
0
0
0
0
0
0
0
0
0
0
0
0
0
0
0
0
0
0
0
0
0
0
0
0
0
0
0
0
0
0
0
0
0
0
0
0
0
0
0
0
0
0
0
0
0
0
0
0
0
0
0
0
0
0
0
0
0
0
0
0
0
0
0
0
0
0
0
0
0
0
0
0
0
0
0
0
0
0
0
0
0
0
0
0
0
0
0
0
0
0
0
0
0
0
0
0
0
0
0
0
0
0
0
0
0
0
0
0
0
0
0
0
0
0
0
0
0
0
0
0
0
0
0
0
0
0
0
0
0
0
0
0
0
0
0
0
0
0
0
0
0
0
0
0
0
0
0
0
0
0
0
0
0
0
0
0
0
0
0
0
0
0
0
0
0
0
0
0
0
0
0
0
0
0
0
0
0
0
0
0
0
0
0
0
0
0
0
0
0
0
0
0
0
0
0
0
0
0
0
0
0
0
0
0
0
0
0
0
0
0
0
0
0
0
0
0
0
0
0
0
0
0
0
0
0
0
0
0
0
0
0
0
0
0
0
0
0
0
0
0
0
0
0
0
0
0
0
0
0
0
0
0
0
0
0
0
0
0
0
0
0
0
0
0
0
0
0
0
0
0
0
0
0
0
0
0
0
0
0
0
0
0
0
0
0
0
0
0
0
0
0
0
0
0
0
0
0
0
0
0
0
0
0
0
0
0
0
0
0
0
0
0
0
0
0
0
0
0
0
0
0
0
0
0
0
0
0
0
0
0
0
0
0
0
0
0
0
0
0
0
0
0
0
0
0
0
0
0
0
0
0
0
0
0
0
0
0
0
0
0
0
0
-0.000665078
-0.000795918
0.000165574
0.00159746
0.00168773
0.000550316
-0.000842479
-0.00172697
-0.00164497
-0.000677787
0.000618382
0.00153097
0.00158184
0.000776522
-0.000417294
-0.00134004
-0.00150379
-0.000849175
0.000238943
0.00115635
0.00141416
0.000898414
-8.27528e-05
-0.000981654
-0.00131601
-0.000926876
-5.21081e-05
0.000817297
0.00121204
0.000937133
0.000166674
-0.000664287
-0.00110469
-0.000931663
-0.000262139
0.000523306
0.00099607
0.000912822
0.000339813
-0.000394759
-0.000888018
-0.000882831
-0.000401089
0.000278802
0.000782093
0.000843758
0.000447408
-0.000175376
-0.0006796
-0.00079751
-0.000480227
8.42407e-05
0.000581598
0.000745828
0.000501
-5.00481e-06
-0.000488928
-0.000690283
-0.000511155
-6.28485e-05
0.000402228
0.000632279
0.000512071
0.000119934
-0.000321953
-0.000573052
-0.000505071
-0.000166941
0.000248392
0.00051368
0.000491406
0.000204612
-0.000181694
-0.000455086
-0.000472248
-0.000233726
0.00012188
0.000398048
0.000448682
0.000255077
-6.8863e-05
-0.000343208
-0.000421705
-0.000269462
2.24665e-05
0.000291082
0.000392218
0.000277672
1.75619e-05
-0.00024207
-0.000361034
-0.000280474
-5.15347e-05
0.000196466
0.000328872
0.000278607
7.98111e-05
-0.000154471
-0.000296362
-0.000272775
-0.000102785
0.000116201
0.000264049
0.000263641
0.000120875
-8.16995e-05
-0.000232395
-0.00025182
-0.000134511
5.09453e-05
0.000201787
0.000237881
0.00014413
-2.38642e-05
-0.000172537
-0.000222342
-0.000150168
3.36732e-07
0.000144895
0.00020567
0.00015305
1.97934e-05
-0.000119048
-0.000188283
-0.000153188
-3.67116e-05
9.51296e-05
0.000170549
0.000150979
5.06252e-05
-7.3224e-05
-0.000152787
-0.000146794
-6.17571e-05
5.33732e-05
0.000135271
0.000140982
7.03404e-05
-3.55818e-05
-0.000118232
-0.000133869
-7.66133e-05
1.98225e-05
0.00010186
0.000125749
8.08146e-05
-6.04092e-06
-8.63077e-05
-0.000116892
-8.31798e-05
-5.83946e-06
7.16924e-05
0.000107539
8.39387e-05
1.5913e-05
-5.81009e-05
-9.79041e-05
-8.33119e-05
-2.42879e-05
4.55918e-05
8.81744e-05
8.15095e-05
3.10824e-05
-3.41987e-05
-7.85114e-05
-7.87287e-05
-3.6422e-05
2.39334e-05
6.90525e-05
7.51534e-05
4.04357e-05
-1.47888e-05
-5.99119e-05
-7.09528e-05
-4.32543e-05
6.74188e-06
5.11825e-05
6.62812e-05
4.50079e-05
2.43815e-07
-4.29375e-05
-6.12777e-05
-4.58237e-05
-6.21557e-06
3.52323e-05
5.60663e-05
4.58251e-05
1.12292e-05
-2.81057e-05
-5.07564e-05
-4.51297e-05
-0.00040499
-0.00150474
-0.000343928
0.00248622
0.00270988
0.000508995
-0.00167417
-0.00235685
-0.00141464
0.000129977
0.00110124
0.00107244
0.000480163
1.35463e-05
-5.95334e-05
-1.9116e-05
-0.000244192
-0.000702982
-0.000916303
-0.000440745
0.000600881
0.00148241
0.00142759
0.000300008
-0.00118318
-0.00194397
-0.00137393
0.000167016
0.00159636
0.00191416
0.000937505
-0.000597051
-0.00161404
-0.00148738
-0.00043543
0.000731083
0.00125081
0.000923708
0.000139472
-0.000515628
-0.000703646
-0.000489482
-0.000156615
8.34969e-05
0.000218393
0.000329243
0.000414423
0.00035058
3.82044e-05
-0.000423761
-0.000735496
-0.000610986
-4.10076e-05
0.000635487
0.000946021
0.000637307
-0.00011233
-0.000800732
-0.000959014
-0.00048876
0.00027483
0.000814284
0.000797862
0.000290373
-0.000331273
-0.000667572
-0.000561834
-0.000159313
0.000246427
0.000432174
0.000362668
0.000150965
-6.44441e-05
-0.000208439
-0.000268878
-0.000246283
-0.000129683
7.13918e-05
0.000282786
0.000377529
0.0002599
-4.04476e-05
-0.000354191
-0.000471735
-0.000293818
8.22699e-05
0.000416178
0.000487214
0.000249013
-0.000138233
-0.00042111
-0.000427149
-0.000174034
0.000158
0.000359537
0.000328708
0.0001187
-0.000121807
-0.000256657
-0.000238206
-0.000110232
4.32431e-05
0.000152913
0.000187247
0.000145384
4.45798e-05
-8.1447e-05
-0.00018105
-0.000198866
-0.000109228
5.39094e-05
0.000201921
0.000240494
0.000134457
-5.96103e-05
-0.00022291
-0.00025095
-0.000124617
7.55244e-05
0.000222919
0.000228905
9.82452e-05
-8.00121e-05
-0.000195695
-0.000187964
-7.6253e-05
6.28786e-05
0.000149739
0.000147107
7.15461e-05
-2.77502e-05
-0.000101141
-0.000120606
-8.47251e-05
-1.27001e-05
6.43142e-05
0.000112368
0.000106612
4.48389e-05
-4.55158e-05
-0.000116459
-0.000124909
-6.08739e-05
4.16666e-05
0.000122202
0.0001309
6.13906e-05
-4.38792e-05
-0.000120433
-0.000122978
-5.33305e-05
4.29903e-05
0.000107653
0.000105989
4.5367e-05
-3.40117e-05
-8.65582e-05
-8.76265e-05
-4.3456e-05
1.76054e-05
6.34689e-05
7.42262e-05
-9.40839e-05
-0.000692376
-0.000767391
0.000376186
0.00168566
0.00145584
0.000414792
-0.000792305
-0.0015662
-0.00154274
-0.000761756
0.000367387
0.00127869
0.00153133
0.00102145
2.32288e-05
-0.000956399
-0.00143377
-0.00118692
-0.000358985
0.000622223
0.00126454
0.00125864
0.000627383
-0.00029529
-0.0010408
-0.00124427
-0.000823133
-8.31796e-06
0.000782021
0.00115715
0.000946354
0.000275003
-0.000508697
-0.0010138
-0.00100075
-0.000493764
0.000240319
0.000831546
0.000992383
0.000656879
6.54084e-06
-0.000626676
-0.00092914
-0.000760709
-0.000219526
0.000413632
0.00082067
0.000806082
0.00039086
-0.000204849
-0.000678265
-0.000797975
-0.000516891
1.09265e-05
0.000514387
0.000744521
0.000597216
0.000159292
-0.000341775
-0.000655671
-0.000633791
-0.00029889
0.00017233
0.000541904
0.000630304
0.000403249
-1.61027e-05
-0.000413281
-0.000591843
-0.000470381
-0.00011934
0.000278939
0.000524718
0.000501005
0.000229084
-0.000146912
-0.000436233
-0.000498258
-0.000310636
2.40949e-05
0.000334288
0.000467091
0.000363488
8.38159e-05
-0.000226802
-0.000413527
-0.000388683
-0.000172472
0.000121086
0.00034396
0.000388473
0.000239065
-2.33041e-05
-0.00026463
-0.0003661
-0.000282455
-6.1858e-05
0.00018131
0.000325616
0.000303145
0.000131272
-9.91472e-05
-0.000271677
-0.00030307
-0.000183255
2.2574e-05
0.000209243
0.000285306
0.000217803
4.51972e-05
-0.000143188
-0.000253644
-0.000234559
-0.000100307
7.8389e-05
0.000211559
0.000235167
0.000141738
-1.81229e-05
-0.00016295
-0.000221819
-0.000168952
-3.47068e-05
0.000111563
0.000197221
0.000182315
7.80273e-05
-6.07978e-05
-0.000164373
-0.000182955
-0.000110605
1.35546e-05
0.000126346
0.000172591
0.000132006
2.78697e-05
-8.60963e-05
-0.000153353
-0.000142509
-6.18329e-05
4.63077e-05
0.000127602
0.000142996
8.73554e-05
-9.26994e-06
-9.77586e-05
-0.000134818
-0.000104088
-2.32014e-05
6.61538e-05
0.00011965
0.000112246
4.98075e-05
-3.49046e-05
-9.93521e-05
-0.00011252
-6.97722e-05
5.81825e-06
7.58313e-05
0.000105973
8.28167e-05
1.96718e-05
-5.0926e-05
-9.39239e-05
-8.91085e-05
-4.05395e-05
2.63057e-05
7.78379e-05
8.91909e-05
5.61712e-05
-3.39646e-06
-5.92191e-05
-8.39004e-05
-6.63457e-05
-1.66706e-05
3.95173e-05
7.4277e-05
7.11945e-05
3.30853e-05
-2.00498e-05
-6.14763e-05
-7.11458e-05
-4.53632e-05
1.94189e-06
4.66852e-05
6.68593e-05
5.33296e-05
1.39136e-05
-3.10479e-05
-0.000222458
-0.000457693
-0.000686531
-0.000836567
-0.000846839
-0.000675141
-0.000306092
0.00023757
0.000881145
0.00148534
0.0018421
0.00183956
0.00165775
0.00132858
0.000872017
0.000328628
-0.00024492
-0.000786248
-0.0012397
-0.00156619
-0.00174707
-0.00178157
-0.00168015
-0.00145766
-0.00112985
-0.000714316
-0.000234595
0.000275845
0.00077311
0.00120743
0.00153179
0.00171161
0.00173171
0.00159795
0.00133336
0.000970788
0.000545415
9.00023e-05
-0.000365889
-0.000793834
-0.00116411
-0.00144553
-0.00160869
-0.00163205
-0.00150824
-0.00124786
-0.000878829
-0.000441287
2.00915e-05
0.000463563
0.000855112
0.00116963
0.00138931
0.00150122
0.0014963
0.00137063
0.00112865
0.000786339
0.00037241
-7.39825e-05
-0.000508705
-0.00088974
-0.00118357
-0.00136889
-0.00143696
-0.00138932
-0.00123454
-0.000985844
-0.000660512
-0.000280694
0.000125566
0.000524718
0.000880393
0.00115817
0.0013311
0.00138408
0.00131584
0.00113774
0.000870467
0.000539834
0.000173378
-0.000201505
-0.000557993
-0.000869788
-0.00111171
-0.0012616
-0.00130417
-0.00123344
-0.00105509
-0.000786493
-0.000454364
-9.06586e-05
0.000271917
0.000603611
0.000879757
0.00108138
0.00119496
0.00121231
0.00113107
0.000955891
0.000699538
0.000383142
3.48095e-05
-0.000313414
-0.000629638
-0.000886207
-0.00106271
-0.00114738
-0.00113682
-0.00103491
-0.000851366
-0.000600824
-0.000302376
2.08123e-05
0.000342388
0.000634674
0.000871486
0.00103139
0.00110057
0.00107449
0.000957962
0.000763808
0.000510585
0.000220236
-8.38395e-05
-0.000378115
-0.000639898
-0.000848363
-0.000985975
-0.00104032
-0.00100592
-0.000885573
-0.000690417
-0.000438815
-0.000154038
-0.000368743
-0.00047493
-5.60793e-05
0.0010503
0.00236799
0.00281811
0.00233686
0.0013769
0.00020526
-0.0008762
-0.00160805
-0.00184285
-0.00158053
-0.000960531
-0.00021426
0.000407401
0.000709612
0.000610059
0.000160298
-0.000473476
-0.00106365
-0.00139195
-0.00131656
-0.000815787
4.18275e-06
0.0009391
0.00174485
0.00220667
0.0021993
0.00172099
0.000892275
-7.93062e-05
-0.000957736
-0.00154309
-0.0017238
-0.0015024
-0.000988237
-0.000360597
0.000186383
0.000500569
0.0005141
0.000259368
-0.000145147
-0.000534217
-0.00074827
-0.000683204
-0.000323
0.000254218
0.000898141
0.00142958
0.00169226
0.00159809
0.00115271
0.000454375
-0.000333232
-0.00102614
-0.00146994
-0.00158007
-0.00136157
-0.000903072
-0.000347844
0.000149263
0.000465999
0.000545386
0.000407898
0.000140384
-0.000134155
-0.000296451
-0.000268481
-3.76438e-05
0.000339248
0.000752903
0.00107414
0.00119238
0.00104875
0.000654389
8.86439e-05
-0.0005219
-0.00103757
-0.00134301
-0.00137733
-0.00114864
-0.000729331
-0.000233818
0.00021435
0.000516483
0.000624142
0.000548977
0.000354786
0.000134733
-1.90796e-05
-4.44693e-05
7.20422e-05
0.000291832
0.000536832
0.000714157
0.000745174
0.000590346
0.000262565
-0.000174829
-0.000624624
-0.000981998
-0.00116286
-0.00112626
-0.000884594
-0.000499136
-6.24247e-05
0.000327201
0.000591553
0.000691814
0.000635895
0.000472335
0.000273048
0.000110303
3.48354e-05
6.14305e-05
0.00016599
0.000161066
5.06778e-05
-0.000180151
-0.000488348
-0.000795251
-0.00100181
-0.00101291
-0.000765891
-0.000256766
0.000442507
0.00118035
0.00173705
0.00191543
0.00180555
0.0014501
0.000878307
0.000163299
-0.000589529
-0.00126268
-0.0017504
-0.00198023
-0.00192707
-0.00161633
-0.00111588
-0.000519129
7.60209e-05
0.000586949
0.000960131
0.00117613
0.00124559
0.00119848
0.00107055
0.00089143
0.00067779
0.000433223
0.000154243
-0.000160277
-0.000499887
-0.000837198
-0.00112872
-0.00132232
-0.00136944
-0.00123892
-0.000928153
-0.000468239
7.87688e-05
0.000630387
0.0010996
0.0014123
0.00152212
0.00141895
0.00112938
0.000709227
0.000230353
-0.000234661
-0.000626195
-0.000906469
-0.00106203
-0.00110015
-0.00104098
-0.00090845
-0.000722834
-0.000497094
-0.000237791
5.03209e-05
0.000358097
0.000327895
0.000227967
0.000253634
0.000597239
0.00128203
0.00208078
0.00248419
0.00203579
0.00111558
-3.3864e-05
-0.0012147
-0.00222239
-0.00288369
-0.00308774
-0.00280444
-0.00208718
-0.00106033
0.000105291
0.00122366
0.00212533
0.00268404
0.00283408
0.0025762
0.00197245
0.00113171
0.000189505
-0.000714291
-0.00145626
-0.00194586
-0.00213568
-0.00202472
-0.00165498
-0.00110218
-0.000462463
0.0001633
0.000656552
0.000622235
0.00020337
-0.000389156
-0.000858041
-0.000932281
-0.000446286
0.000592455
0.00195566
0.00317287
0.00366784
0.00349821
0.00295128
0.00206126
0.000882124
-0.000487919
-0.0019107
-0.00322062
-0.00424485
-0.00482842
-0.00486044
-0.00429633
-0.00317147
-0.00160291
0.000222477
0.00207209
0.00370059
0.0048864
0.00546545
0.00535658
0.00457399
0.00322485
0.00149261
-0.000391023
-0.00218042
-0.00365111
-0.00462994
-0.00501612
-0.00479044
-0.00401249
-0.00280705
-0.00134297
0.000191865
0.00161559
0.00277398
0.00355631
0.00390414
0.00381284
0.00326329
0.00215848
0.000782633
-0.000429782
-0.00112779
-0.00120158
-0.00088955
-0.000792498
-0.00115895
-0.00160973
-0.00204024
-0.00234436
-0.00241566
-0.00217353
-0.00158556
-0.000681475
0.000444768
0.00164575
0.00274267
0.00355511
0.00393316
0.00378596
0.00310132
0.00195235
0.000489512
-0.0010812
-0.00253026
-0.00364166
-0.00424845
-0.0042605
-0.0036796
-0.00259911
-0.00118804
0.000337375
0.00174978
0.00284782
0.00348789
0.00360493
0.00321891
0.00217737
0.000588882
0.000702923
0.000934972
-0.000931366
-0.00301728
-0.00376932
-0.00272784
-0.000856944
0.000363917
0.000238537
-0.000640778
-0.00107323
-0.000414156
0.000863689
0.00136892
0.000684315
0.00138745
0.000963733
-0.000449601
-0.000673184
0.000670141
0.00215749
0.00209183
0.000359724
-0.00143868
-0.00171881
-0.000589564
0.000338442
-0.00023758
-0.00187759
-0.00287015
-0.0020548
-2.42137e-05
0.00153013
0.00156038
0.000630387
0.000163373
0.000867568
0.00202701
0.00232841
0.0012604
-0.000393007
-0.00139566
-0.00127197
-0.000638447
-0.000420211
-0.00086851
-0.00139149
-0.00126998
-0.000426768
0.000534171
0.000967453
0.000780197
0.000403593
0.000272536
0.000411689
0.000516736
0.000352229
2.76592e-08
-0.000267351
-0.000285659
-0.00012962
2.04031e-05
7.45849e-05
7.12328e-05
6.1185e-05
1.93978e-05
-0.000105355
-0.000286997
-0.000416964
-0.000415484
-0.00032079
-0.000237872
-0.000201829
-0.000123939
0.000101539
0.00044442
0.000721785
0.000755499
0.000544279
0.000264057
9.11276e-05
3.41513e-05
-4.76588e-05
-0.000263561
-0.00054583
-0.000698764
-0.000592188
-0.000296346
-1.86118e-05
8.98866e-05
5.94074e-05
3.9257e-05
0.000125459
0.000261788
0.000309595
0.000202753
2.27542e-05
-7.87948e-05
-2.4189e-05
0.000125756
0.000241546
0.00024778
0.000175428
0.000104348
6.92036e-05
2.7929e-05
-8.32683e-05
-0.000273398
-0.000476912
-0.000603975
-0.000605888
-0.000495941
-0.000318365
-0.000106811
0.000127116
0.000373959
0.000604911
0.000773147
0.000834816
0.00076919
0.000584258
0.000310545
-7.63894e-06
-0.000320256
-0.000581088
-0.000757724
-0.000835663
-0.000813231
-0.000693892
-0.000486472
-0.000214486
7.76182e-05
0.00033431
0.000512586
0.000600815
0.000615918
0.000581759
0.000509656
0.000398936
0.000254015
9.69113e-05
-4.08523e-05
-0.000140631
-0.000210805
-0.000277346
-0.00035867
-0.000447998
-0.000518585
-0.000544726
-0.000517466
-0.000441693
-0.000321526
-0.000152354
7.04213e-05
0.000334251
0.000601555
0.000820166
0.000944267
0.000949687
0.000834614
0.000610897
0.000297768
-7.61627e-05
-0.000467815
-0.000820999
-0.00107794
-0.00119524
-0.00115477
-0.000964745
-0.000767121
-0.00084851
-0.000697694
0.00026194
0.00188212
0.00293545
0.00263003
0.00162159
0.000313528
-0.000856165
-0.00153529
-0.00157408
-0.00106328
-0.000283619
0.000410672
0.000728534
0.000548061
-4.53321e-05
-0.000798946
-0.00139297
-0.00156247
-0.00119694
-0.000382288
0.000629303
0.00151056
0.00197763
0.00189173
0.0013056
0.000438261
-0.00041037
-0.000970479
-0.00109675
-0.000812718
-0.000292042
0.000213416
0.000471313
0.000357202
-9.7845e-05
-0.00071776
-0.00124691
-0.00144667
-0.00118701
-0.00061824
-0.000172961
0.000492512
0.00175786
0.00323609
0.00351482
0.0022412
0.000310891
-0.00159199
-0.00283951
-0.00306622
-0.00228994
-0.000886476
0.000568107
0.00152347
0.0016616
0.00100618
-0.000103066
-0.00115665
-0.00168195
-0.00142951
-0.000468124
0.000845178
0.00200602
0.00255838
0.00226955
0.00121816
-0.000236698
-0.00159148
-0.00238622
-0.00237283
-0.00160075
-0.000389709
0.000797413
0.00153116
0.00157393
0.000961229
-2.22988e-05
-0.000959726
-0.00146488
-0.00132892
-0.000595961
0.000458567
0.00143616
0.00196725
0.00184895
0.00111731
2.86945e-05
-0.00103996
-0.00173244
-0.00184169
-0.00137805
-0.00055403
0.000305279
0.000888935
0.00101581
0.00069547
0.000113598
-0.000449509
-0.000734043
-0.000604096
-9.99528e-05
0.000579627
0.00115681
0.00138401
0.00114068
0.000350696
-0.00102815
-0.0019902
-0.00160154
-0.000158804
0.000683717
0.000726154
0.000363334
-0.00016424
-0.000564159
-0.00062565
-0.000310173
0.000240025
0.000774313
0.00105075
0.000944069
0.000497423
-0.000102252
-0.00061111
-0.00083658
-0.00071835
-0.00034762
8.13528e-05
0.000363233
0.00037461
0.00012659
-0.000245116
-0.000546201
-0.000614744
-0.000395741
3.38307e-05
0.000499712
0.000808327
0.000832631
0.000567536
0.000130703
-0.000290991
-0.000524945
-0.000488905
-0.000225896
0.000117245
0.000357903
0.00036189
0.00010631
-0.00030697
-0.000693631
-0.000866882
-0.00072054
-0.000278735
0.000309149
0.000827287
0.00108118
0.000977471
0.000562079
8.0107e-07
-0.000489418
-0.000729422
-0.000649709
-0.000315447
0.000105166
0.000415053
0.000473089
0.000253709
-0.000143575
-0.000538153
-0.000746633
-0.00066203
-0.000300335
0.000204988
0.000657975
0.00088127
0.000789293
0.00042304
-6.76474e-05
-0.000486461
-0.000671372
-0.000560147
-0.000213818
0.00021094
0.000528323
0.000600749
0.000395015
-5.47896e-06
-0.000436661
-0.000722186
-0.000975911
-0.00103339
-0.000883102
-0.000540008
-5.7095e-05
0.000498738
0.00105191
0.00149418
0.00164025
0.00141474
0.00114443
0.000883464
0.000582795
0.000175344
-0.000372525
-0.00102354
-0.00166408
-0.00213483
-0.00228597
-0.00203487
-0.00140275
-0.000515079
0.000434844
0.00124546
0.00176713
0.00194092
0.0018032
0.00145715
0.00102504
0.000601804
0.000228239
-0.000107291
-0.000442348
-0.000803303
-0.00117573
-0.00149647
-0.00167161
-0.00161312
-0.00127862
-0.000697128
3.05739e-05
0.000758128
0.00133675
0.00165913
0.001688
0.00145954
0.00106237
0.000601659
0.000163558
-0.00020648
-0.000504671
-0.000751359
-0.000965036
-0.00114091
-0.00124442
-0.00122287
-0.00103019
-0.000653762
-0.000130943
0.000452575
0.00098339
0.00135273
0.00148861
0.00137589
0.00105742
0.000616558
0.000148683
-0.000267099
-0.000585806
-0.000798691
-0.000921131
-0.000973548
-0.000964931
-0.000886637
-0.00071899
-0.000447169
-7.85075e-05
0.000347484
0.000762055
0.00108329
0.00123987
0.00119373
0.000952852
0.000569519
0.000124527
-0.000296513
-0.000626164
-0.0008295
-0.000905702
-0.000878059
-0.00077793
-0.000630094
-0.000445607
-0.000224442
3.43402e-05
0.000320578
0.000605583
0.000843682
0.000596695
0.000777056
0.00235428
0.000449965
-0.00121268
-0.000608497
0.000456143
-0.000161559
-0.00156171
-0.00161847
-0.000411609
0.000209422
-0.000328913
-0.000697552
-1.97173e-05
0.000694669
0.000164718
-0.000314057
0.000874787
0.00266878
0.00252176
0.000885869
-0.000936458
-0.00187405
-0.00188191
-0.00141249
-0.000661193
0.000270137
0.00091647
0.000742457
-0.00015544
-0.00103061
-0.00122737
-0.000700683
0.000200181
0.00114117
0.00184255
0.00197413
0.00133968
0.000176448
-0.000921482
-0.00145284
-0.00132897
-0.000786996
-0.000142861
0.000320925
0.000386508
1.29157e-05
-0.000560112
-0.000923777
-0.000788001
-0.000172563
0.000649694
0.00133661
0.00161617
0.00136333
0.000660179
-0.00020305
-0.000858013
-0.00106427
-0.000831885
-0.000376503
2.50008e-05
0.000167105
-7.11515e-06
-0.000382453
-0.000717182
-0.000766458
-0.000425889
0.000202806
0.000868031
0.00129825
0.00115277
0.000184816
-0.000186272
0.000741269
0.00106764
0.000143451
-0.00101566
-0.00173713
-0.00162049
-0.000771763
0.000268114
0.000870217
0.00071639
-7.14007e-06
-0.000740639
-0.00091547
-0.000319894
0.000758727
0.00170003
0.00192424
0.00124714
-5.13393e-07
-0.0011639
-0.00164919
-0.00126773
-0.000333565
0.000538535
0.000729117
-0.000114866
-0.00139589
-0.00209374
-0.00147502
0.000377485
0.00238915
0.00329394
0.00301483
0.00164936
-0.000273271
-0.00196662
-0.00276991
-0.00245789
-0.00131629
4.41751e-05
0.0010192
0.00129988
0.000970474
0.000385233
-7.94959e-05
-0.000241581
-0.000176825
-0.000111179
-0.000227322
-0.000517104
-0.000774359
-0.000729738
-0.00023946
0.000592474
0.001437
0.0018981
0.00171702
0.000908465
-0.000243848
-0.00132445
-0.00197657
-0.00204439
-0.00160176
-0.000870843
-9.28919e-05
0.000570752
0.00106119
0.00137628
0.00150692
0.00140966
0.00103732
0.000403398
-0.00037122
-0.00107248
-0.00147252
-0.00143474
-0.000985213
-0.000307025
0.00034224
0.000746458
0.000818895
0.000618689
0.000294627
-4.64234e-06
-0.000199905
-0.000294315
-0.000332351
-0.000340933
-0.000297323
-0.000147334
0.000138846
0.000513601
0.000843239
0.000958837
0.000743745
0.000209002
-0.000489363
-0.0011067
-0.0014145
-0.00130095
-0.000816396
-0.000142699
0.000494136
0.000920547
0.00107291
0.00099323
0.000775991
0.000504344
0.000214299
-9.63486e-05
-0.000427933
-0.000740744
-0.000949305
-0.00095754
-0.000715708
-0.000264171
0.000265419
0.000697403
0.00088614
0.000779463
0.000439467
1.11294e-05
-0.000343787
-0.000513752
-0.000474093
-0.000280385
-2.89195e-05
-0.000668844
-0.000218851
0.00150526
0.00200036
0.000907418
-0.000644045
-0.00172149
-0.00175325
-0.000854408
0.00030203
0.00096135
0.000782784
3.13547e-05
-0.000643107
-0.000673574
3.04627e-05
0.001022
0.00161872
0.00135943
0.000311553
-0.000966812
-0.00177712
-0.00170953
-0.00087622
0.000189043
0.000884512
0.000909521
0.000415176
-0.000143765
-0.00033938
-5.6164e-05
0.000452913
0.000763778
0.000587649
-2.36167e-05
-0.000707973
-0.00103328
-0.000783099
-9.90402e-05
0.000610367
0.000929533
0.000692794
7.48257e-05
-0.000535773
-0.000789031
-0.000585252
-0.000113589
0.000296168
0.000400882
0.000197186
-9.62339e-05
-0.000206653
-6.36894e-06
0.000392702
0.000710815
0.00068837
0.000263968
-0.000374769
-0.000899971
-0.00104049
-0.000741012
-0.00018504
0.000326803
0.000560493
0.000476781
0.000228015
3.55444e-05
3.50956e-05
0.000192713
0.000342005
0.000311263
5.12224e-05
-0.000322745
-0.000600866
-0.000613672
-0.000342118
6.79073e-05
0.000394362
0.00047267
0.000289337
-2.0587e-05
-0.000265386
-0.000315504
-0.00017384
4.24592e-05
0.000189861
0.000194018
9.04347e-05
-1.23835e-05
-1.75289e-05
8.78939e-05
0.000221678
0.000263086
0.000137949
-0.000125083
-0.000404601
-0.000556381
-0.000498339
-0.000257139
5.1038e-05
0.000290713
0.000382554
0.000337814
0.000234377
0.000155162
0.000132076
0.000131891
9.03194e-05
-3.2044e-05
-0.000211892
-0.000369584
-0.000419029
-0.000319637
-0.000108862
0.000117085
0.000257101
0.000261049
0.000153703
1.38982e-05
-7.58047e-05
-7.65002e-05
-8.98294e-06
6.83291e-05
0.000102007
7.76405e-05
2.40467e-05
-1.25227e-05
-4.54177e-06
3.57151e-05
6.43507e-05
3.72591e-05
-5.67404e-05
-0.000183435
-0.000280006
-0.000290661
-0.000198884
-3.67876e-05
0.000133159
0.000251687
0.000290853
0.000261064
0.000195647
0.000125658
6.22924e-05
-2.35838e-06
-8.02361e-05
-0.000168684
-0.000244144
-0.000273056
-0.000232844
-0.000128975
3.73362e-06
0.000117239
0.000174354
0.000166396
0.000114342
5.38465e-05
1.41868e-05
4.07742e-06
1.19235e-05
1.83932e-05
1.16263e-05
-5.31848e-06
-1.90372e-05
-1.81008e-05
-3.68765e-06
9.40752e-06
2.44484e-06
-3.33436e-05
-8.81074e-05
-0.000136231
-0.000149518
-0.000112928
-3.34513e-05
6.29637e-05
0.000144288
0.000187282
0.000186034
0.000150358
9.66676e-05
3.81266e-05
-1.97179e-05
-0.000222506
-0.00083195
-0.000866826
0.000345492
0.00161678
0.00130864
0.00024603
-0.000908044
-0.00154624
-0.0013485
-0.000435764
0.000705979
0.00148515
0.00150958
0.000780909
-0.000316983
-0.00122335
-0.00148982
-0.00100425
-3.75721e-05
0.000904881
0.00134642
0.00107953
0.000262505
-0.000672405
-0.00124682
-0.0011801
-0.000524771
0.000371631
0.00105308
0.00118988
0.000740585
-3.8907e-05
-0.000738028
-0.00100744
-0.000735017
-0.000196162
-1.76428e-07
1.73761e-05
0.000319573
0.000991618
0.00129826
0.000643745
-0.000141476
-0.000721881
-0.000967936
-0.000897487
-0.000616791
-0.000314932
-0.000286157
-0.000312273
-1.04076e-05
0.000780773
0.00178136
0.00220908
0.00148717
0.000246579
-0.00104458
-0.00195403
-0.00218505
-0.00169396
-0.000705603
0.00038325
0.0011403
0.00122544
0.000674278
-0.000194448
-0.000952144
-0.00124404
-0.000931493
-0.000135767
0.000826117
0.00157284
0.00178751
0.00135741
0.000702306
0.000209651
7.26168e-05
0.000282612
0.000631464
0.000809744
0.000556133
-0.000210844
-0.00133857
-0.00248778
-0.00326037
-0.00335247
-0.00266916
-0.0013571
0.000251889
0.00175742
0.00281781
0.0032418
0.0030191
0.00229206
0.00129114
0.000263643
-0.000582492
-0.00111165
-0.00127364
-0.00110379
-0.000713371
-0.000267697
5.17748e-05
9.92737e-05
-0.000181933
-0.000725315
-0.00134583
-0.00179136
-0.00182903
-0.00133661
-0.000362304
0.000874948
0.00204965
0.00283709
0.0030235
0.00257626
0.00164768
0.000512694
-0.000532506
-0.00126931
-0.00161531
-0.00162418
-0.00143422
-0.00119339
-0.000995635
-0.000854081
-0.000717347
-0.000515072
-0.000206914
0.000189312
0.000602223
0.000939077
0.00112767
0.00114673
0.000974453
0.000514539
-2.71757e-05
-0.000350257
-0.000244595
0.00030702
0.00107304
0.00156475
0.00126514
0.00047273
-0.000526404
-0.00152824
-0.00232536
-0.00367947
-0.00289194
-0.000595768
5.13554e-05
-0.00015806
-0.000140906
0.000821519
0.0025446
0.00402479
0.00420459
0.00279687
0.000520875
-0.00141692
-0.00217545
-0.00180878
-0.00109904
-0.000871496
-0.001352
-0.00205323
-0.0022327
-0.00151993
-0.000207861
0.000997567
0.00153594
0.00139665
0.00105755
0.00103542
0.00143226
0.00184746
0.00171771
0.000801367
-0.000584226
-0.00175897
-0.00215288
-0.00169001
-0.000800347
-7.32044e-05
0.000165036
2.83594e-05
-0.000105669
4.43081e-05
0.000420894
0.000689296
0.000536188
-4.66901e-05
-0.000724406
-0.00105344
-0.000801164
-0.000103539
0.000650126
0.00110247
0.00115799
0.00099086
0.000847383
-0.000529266
0.000664872
0.00102103
-0.000622489
-0.00197448
-0.00161348
-0.000172865
0.000787305
0.000398829
-0.00144285
-0.00275135
-0.00221145
-6.51836e-05
0.00218469
0.00299419
0.00250114
0.00194252
0.00161332
0.00105794
-0.000126091
-0.0015783
-0.0024009
-0.00207093
-0.00100824
-0.000166987
-0.000100771
-0.000500548
-0.000650186
-0.000245729
0.000320115
0.000468687
0.000127594
-0.000168626
0.000137463
0.00100503
0.00179555
0.00187226
0.00116479
0.000154101
-0.000632073
-0.00104962
-0.00128883
-0.00149381
-0.0015247
-0.00111979
-0.0002453
0.000771488
0.00146952
0.00159491
0.00121899
0.000569451
-0.000187337
-0.000972516
-0.00165401
-0.00197029
-0.00166631
-0.000726262
0.00054606
0.00170128
0.00241472
0.00260763
0.00234589
0.00167612
0.000600374
-0.000791006
-0.00220303
-0.0032046
-0.00345637
-0.002904
-0.00177507
-0.000406833
0.000924529
0.00204143
0.00279779
0.00303791
0.00265797
0.00171294
0.000449104
-0.00175742
-0.00102272
-0.000676197
-0.00198056
-0.00285112
-0.00196369
0.000253472
0.00203686
0.00211268
0.000896713
-0.000146601
-0.000143702
0.00038124
0.00030863
-0.000687988
-0.00173921
-0.00174359
-0.000567259
0.000830169
0.00141065
0.00106099
0.000539389
0.000531839
0.000913015
0.000982971
0.000330182
-0.000675887
-0.00127785
-0.00112588
-0.00059409
-0.000317481
-0.000506018
-0.000781979
-0.000661875
-0.000104127
0.000473488
0.000676968
0.000550426
0.000474127
0.000696682
0.00104095
0.00109786
0.000672286
-1.17403e-05
-0.000547649
-0.000741487
-0.000739114
-0.000783315
-0.000904135
-0.000890202
-0.000553562
2.28957e-05
0.000529994
0.000713101
0.000585754
0.000365733
0.000230569
0.000166056
5.12952e-05
-0.000145906
-0.000540473
-0.000803668
-0.000801843
-0.000541921
-0.000112842
0.000433045
0.00106485
0.0016331
0.00177613
0.0013976
0.000746928
-1.44478e-05
-0.000678919
-0.00111335
-0.00132112
-0.00138092
-0.00133998
-0.00117677
-0.000860409
-0.000426004
2.50729e-05
0.000400799
0.000685405
0.000925434
0.001153
0.00133014
0.00137107
0.00121441
0.000869793
0.000398477
-0.000138948
-0.000705455
-0.00126049
-0.00172334
-0.00197914
-0.00193277
-0.00156404
-0.000936896
-0.000162092
0.00064581
0.00138247
0.00194495
0.00223319
0.00217927
0.00178445
0.00112868
0.000340322
-0.000450267
-0.00113931
-0.00165021
-0.00192505
-0.00192956
-0.00167098
-0.00120731
-0.000631222
-3.65631e-05
0.000507483
0.000958388
0.00128596
0.00146268
0.00146991
0.00131128
0.0010164
0.00062953
0.000194118
-0.000252374
-0.000671794
-0.00101858
-0.00142917
-0.00235012
-0.00294092
-0.00209973
0.000358405
0.00302534
0.0036842
0.00281799
0.00119833
-0.000587702
-0.00193937
-0.00242977
-0.00193869
-0.000682709
0.00086765
0.00215345
0.00271571
0.00234234
0.00112917
-0.000557589
-0.00219999
-0.00328989
-0.00348589
-0.00271642
-0.0012002
0.000626296
0.0022477
0.00322771
0.00333447
0.00259592
0.0012743
-0.000226056
-0.00148557
-0.00219209
-0.00222375
-0.00166889
-0.000779314
0.000124623
0.000762889
0.000981306
0.000787373
0.000329512
-0.000167818
-0.000488313
-0.000499122
-0.000193855
0.000309304
0.000812618
0.00111087
0.00106503
0.000651773
-2.75857e-05
-0.000780018
-0.00138279
-0.00165319
-0.00150394
-0.00096834
-0.000188497
0.00062856
0.00127271
0.00159085
0.00152661
0.00112859
0.000527071
-0.000110723
-0.000630843
-0.000932919
-0.000989863
-0.000843697
-0.00058062
-0.000300765
-7.84436e-05
5.25773e-05
0.000102576
0.000112379
0.000130777
0.000191989
0.00030132
0.000433461
0.000542963
0.000582098
0.00051909
0.000350106
0.000101174
-0.000179941
-0.000438332
-0.000627445
-0.000720172
-0.0015761
-0.00114828
0.000703804
0.00139177
0.00059202
-0.000579971
-0.0012059
-0.000773288
0.000495225
0.00180607
0.00232551
0.00171643
0.000333728
-0.00103117
-0.00166831
-0.00138155
-0.000561435
0.000125628
0.000204605
-0.000301948
-0.000922735
-0.00109073
-0.000549498
0.000463008
0.00137049
0.00164103
0.00113645
0.000197849
-0.000582701
-0.000747224
-0.000259377
0.000488165
0.000941394
0.000745795
-3.37106e-05
-0.000966883
-0.00153803
-0.00146222
-0.000836682
-4.40643e-05
0.000511147
0.000650711
0.000496317
0.000336122
0.000391068
0.000648425
0.00087522
0.000796167
0.000307947
-0.000420891
-0.00103555
-0.0012114
-0.000859282
-0.000185809
0.000429859
0.000663022
0.000430669
-7.475e-05
-0.000518105
-0.000629896
-0.000357941
0.000125223
0.000550241
0.000721336
0.000618186
0.000372873
0.000152181
3.54479e-05
-2.66746e-05
-0.000149468
-0.000399075
-0.000712723
-0.00129057
-0.00159676
-0.00129414
-0.000263712
0.00122872
0.00242144
0.00223433
0.00141082
0.00122465
0.00137073
0.000432092
-0.00107055
-0.00248144
-0.0033128
-0.00320718
-0.00210168
-0.000297376
0.00161714
0.00297773
0.00331222
0.00254379
0.00102863
-0.000599805
-0.00171284
-0.00196149
-0.00141165
-0.000516721
5.64022e-05
4.10713e-06
-0.000546592
-0.00114794
-0.001266
-0.000573419
0.000834616
0.00239555
0.00328871
0.00283932
0.00153352
-6.99354e-05
-0.00126777
-0.00166892
-0.00150986
-0.00137927
-0.00105313
-0.000612999
-0.000260946
-0.000112386
-0.000155494
-0.000268537
-0.00028294
-6.53848e-05
0.000412624
0.00104505
0.00161646
0.00187822
0.00165076
0.000911929
-0.000169618
-0.00127844
-0.00206374
-0.0022753
-0.00186482
-0.00100512
-1.57383e-05
0.000772461
0.00115137
0.00110673
0.00079631
0.000451244
0.000254031
0.000254911
0.000365352
0.000425315
0.000303355
-2.54708e-05
-0.000463502
-0.000840919
-0.00100273
-0.000885611
-0.000546329
-0.000130467
0.000199575
0.000340175
0.000289859
0.000142578
3.71677e-05
8.79658e-05
0.000327581
0.000685555
0.00101097
0.00112994
0.000916222
0.000348785
-0.000465774
-0.00131636
-0.00195069
-0.00215839
-0.00184464
-0.00106677
-1.87698e-05
0.00103127
0.00182726
0.00220172
0.00211479
0.00164465
0.000939836
0.000159358
-0.00057193
-0.00117673
-0.00161052
-0.00183665
-0.00181326
-0.00150414
-0.000909259
-9.60243e-05
0.000790881
0.0015544
0.00200052
0.00200374
0.00155548
0.000773944
-0.000129947
-0.000962708
-0.0016798
-0.00210293
-0.0020619
-0.00149594
-0.000479866
0.000773025
0.0019207
0.00250911
0.00227192
0.00160585
0.000738921
-0.000149969
-0.000909567
-0.00143663
-0.00168036
-0.0018724
-0.00188402
-0.00166126
-0.00113501
-0.000298956
0.000758848
0.00130804
0.00384427
0.00265679
0.000985694
0.000761357
0.000550025
-0.000438527
-0.000713847
0.000272383
0.000683039
-0.000207135
-0.00144679
-0.00204598
-0.00228782
-0.00265206
-0.00265663
-0.00169252
-8.91551e-05
0.00141937
0.00262488
0.00360543
0.00408474
0.00366707
0.00243676
0.000851319
-0.000775045
-0.00231332
-0.00351464
-0.00404377
-0.00379716
-0.00294826
-0.00170471
-0.000218741
0.0012859
0.0024998
0.00319708
0.0031072
0.00240954
0.00127395
-6.29467e-06
-0.00107214
-0.00163236
-0.00158387
-0.00102921
-0.000255907
0.000350885
0.000797647
0.00103575
0.000984881
0.000654378
0.000120438
-0.000492636
-0.0010333
-0.00136643
-0.00141894
-0.00119249
-0.000746429
-0.000177295
0.000398877
0.000871095
0.00116014
0.00123143
0.00109208
0.000784091
0.000377763
-4.0898e-05
-0.00038969
-0.000608154
-0.000668209
-0.000578901
-0.000385507
-0.000159218
2.29772e-05
0.000101353
5.13486e-05
-0.000107895
-0.000316403
-0.000488985
-0.000541205
-0.000417662
-0.000112733
0.000322839
0.000791608
0.00117347
0.00135806
0.00127602
0.000919238
0.000344726
-0.000338234
-0.00099341
-0.00148857
-0.00172423
-0.00165348
-0.00128957
-0.000701126
2.50778e-06
0.000692703
0.00124562
0.00156495
0.00159951
0.00135272
0.000488132
1.66632e-05
0.00124796
-0.000954184
-0.00322469
-0.00117499
0.00162153
0.000729296
-0.00177087
-0.00231863
-4.1063e-05
0.00232221
0.00217164
0.000100773
-0.00141576
-0.0011883
-0.000119781
0.000542282
0.00056426
0.00031827
1.87096e-05
-0.000178523
6.3267e-05
0.000774991
0.0012441
0.00067992
-0.000673129
-0.00160126
-0.0012939
-0.000290232
0.000227736
-0.000147326
-0.000694075
-0.000555834
0.000276567
0.00108432
0.0012556
0.000790912
0.000119997
-0.000328799
-0.00037782
-0.000140146
7.6969e-05
1.85116e-05
-0.000249839
-0.000365309
-6.37854e-05
0.00046191
0.000701652
0.000357381
-0.000335673
-0.00085787
-0.000919743
-0.000671016
-0.000439356
-0.000356141
-0.000267561
4.606e-05
0.000616967
0.00123341
0.0015891
0.00149749
0.00101351
0.000376745
-0.000182155
-0.000606499
-0.00099233
-0.00232776
-0.00195615
-0.000182428
4.897e-05
-0.000562792
-0.00103408
-0.000636951
0.000672412
0.00217681
0.00290995
0.00237642
0.000924559
-0.000517836
-0.00113483
-0.000801631
-0.000115087
0.000125165
-0.000433841
-0.00142308
-0.0020551
-0.00175911
-0.000641724
0.0005927
0.00119475
0.000946455
0.00029825
-3.14619e-05
0.0003466
0.0011855
0.0018168
0.00169048
0.00079763
-0.000347056
-0.00112024
-0.00125317
-0.000980589
-0.000783754
-0.000960479
-0.00137614
-0.00158377
-0.00119792
-0.000214505
0.000969024
0.00183084
0.00207146
0.00177093
0.00126354
0.000854957
0.000608678
0.000352381
-0.000124433
-0.00085122
-0.00160872
-0.00206092
-0.00198235
-0.00141064
-0.000616415
7.92104e-05
0.000502037
0.000697542
0.000838959
0.00105309
0.0013019
0.0014088
0.00120465
0.000676649
2.18715e-06
-0.000560225
-0.000840296
-0.000856815
-0.000775895
-0.000763807
-0.000851999
-0.000918682
-0.000796875
-0.00041928
0.000115687
0.000606659
0.000480648
0.0001288
-1.54024e-05
-0.000511914
0.00124689
0.00392659
0.00358756
0.00135869
-0.00111639
-0.00255273
-0.00257145
-0.0018058
-0.00123733
-0.00134395
-0.00174691
-0.00160501
-0.000397421
0.00155654
0.0032577
0.00373358
0.00273423
0.000889017
-0.000769744
-0.00152673
-0.00139919
-0.000970292
-0.000825898
-0.0010679
-0.00128563
-0.000962482
2.39062e-05
0.00123343
0.0019563
0.00173257
0.000692305
-0.000538301
-0.00127967
-0.00124686
-0.000676467
-6.97583e-05
0.00021778
0.000213206
0.000223761
0.000508224
0.00100714
0.00135504
0.00116259
0.000340394
-0.00120436
-0.00251234
-0.00284435
-0.0019143
-0.000125295
0.00156469
0.00217105
0.0019992
0.00151012
0.000966972
0.000442743
-0.000137018
-0.000815397
-0.00146171
-0.00179902
-0.0015889
-0.000828406
0.000199929
0.00107187
0.00145982
0.00129935
0.000777744
0.000173484
-0.000321593
-0.000669745
-0.000919939
-0.00108042
-0.00106405
-0.00074594
-9.66066e-05
0.000734841
0.00145724
0.00178316
0.00158469
0.000953917
0.000133469
-0.000624552
-0.00117054
-0.00147395
-0.00155796
-0.00142555
-0.00104619
-0.000412255
0.000389592
0.00116247
0.00167145
0.0017529
0.0014007
0.000762671
5.67079e-05
-0.000534575
-0.000923677
-0.00110652
-0.00110799
-0.000939636
-0.000604367
-0.000197173
3.62596e-06
4.76059e-05
0.000144906
0.000475379
0.0010522
0.00144651
0.000817651
0.000172747
0.000536591
-0.000297284
-0.00218399
-0.00289101
-0.0015034
0.000872346
0.00254078
0.0032425
0.00293425
0.00152203
-0.0006205
-0.00273029
-0.00397399
-0.00383262
-0.00235191
-0.000127601
0.00196679
0.00317184
0.00316144
0.00214175
0.000697899
-0.000519233
-0.00110314
-0.00104662
-0.000677243
-0.000422987
-0.00054252
-0.000968586
-0.00134943
-0.00126506
-0.000498516
0.000791613
0.00210138
0.00281089
0.00249916
0.00117984
-0.000670633
-0.00231397
-0.00308266
-0.00267961
-0.00129971
0.000477365
0.00195849
0.00252674
0.00208302
0.000866461
-0.000642881
-0.00195127
-0.00271684
-0.00281051
-0.00228026
-0.0012729
2.80342e-05
0.0014208
0.00267448
0.00352558
0.00371235
0.00313933
0.0020373
0.000692883
-0.000522882
-0.00137568
-0.00163056
-0.00133514
-0.000750209
-0.000251295
-0.000155037
-0.000993358
-0.00214406
-0.00288391
-0.00256519
-0.00109541
0.000814622
0.00209784
0.00263349
0.00239845
0.00151586
0.000275691
-0.000893364
-0.00159656
-0.00163081
-0.00105404
-0.000140262
0.000750501
0.00132133
0.00143966
0.00115456
0.00063832
9.35659e-05
-0.000325245
-0.000545693
-0.000565911
-0.000420595
-0.000152932
0.000191425
0.000552087
0.000841575
0.000951721
0.00078497
0.00014662
-0.00117466
-0.00200118
-0.00150017
-0.000879168
-0.00149421
-0.00237875
-0.00288367
-0.00250718
-0.00112974
0.00089433
0.00288725
0.00415995
0.00432544
0.0034584
0.00202999
0.000663058
-0.000161064
-0.000298403
4.48675e-05
0.000469363
0.000611561
0.000320281
-0.000304207
-0.00101184
-0.00157192
-0.00190538
-0.00210453
-0.00233485
-0.00268372
-0.00307767
-0.00353495
-0.00358959
-0.0029201
-0.0014374
0.000626184
0.00281097
0.00462153
0.0057109
0.00595703
0.00539671
0.00431887
0.00321604
0.00242738
0.00188022
0.0012787
0.00035042
-0.000994846
-0.00263246
-0.00432585
-0.0057257
-0.0065555
-0.00671228
-0.00624911
-0.00528873
-0.00393049
-0.00221043
-0.000138833
0.00185584
0.00386204
0.00571772
0.00723258
0.00830866
0.00859115
0.00760193
0.00527285
0.00243024
-0.000370879
-0.0027356
-0.00445624
-0.00550191
-0.00594812
-0.00589412
-0.00541303
-0.00455307
-0.00337552
-0.00199419
-0.000582437
0.000664134
0.000390657
0.00163594
0.00322483
0.00256728
0.00128619
0.000871438
0.00202218
0.00406271
0.00538119
0.00477546
0.00262104
9.86189e-05
-0.00157
-0.00199227
-0.00177605
-0.00188104
-0.00275311
-0.00397337
-0.00466577
-0.0042558
-0.00291471
-0.00134599
-0.000157145
0.000606202
0.001372
0.00251831
0.00391055
0.00492057
0.00491048
0.00375722
0.00196805
0.000297454
-0.000800551
-0.0014276
-0.00201428
-0.00283659
-0.00370519
-0.00409002
-0.0035628
-0.0021764
-0.000467129
0.00091044
0.00160935
0.00174321
0.00167975
0.00168528
0.00172815
0.00158331
0.0011101
0.000438166
-0.000103703
-0.000245514
9.46117e-06
0.000395878
0.000603685
0.000508475
0.000223365
-5.34907e-05
-0.00024369
-0.000457267
-0.000866722
-0.00150429
-0.00216876
-0.00253282
-0.00236946
-0.00171479
-0.000838378
-5.05269e-05
0.000496915
0.000865144
0.00121412
0.00163102
0.00204701
0.00230078
0.00228003
0.00201437
0.0016449
0.00126066
0.00073943
9.73632e-05
-0.000552764
-0.00104017
-0.00120032
-0.00100375
-0.00067211
-0.000690502
-0.00131464
-0.00216341
-0.0029787
-0.003475
-0.0034388
-0.00281857
-0.00171914
-0.000357913
0.00111048
0.00255422
0.00385035
0.00483352
0.00530123
0.00508304
0.00412912
0.00255404
0.000603868
-0.00142937
-0.00328896
-0.00478744
-0.0057943
-0.00621342
-0.00598482
-0.0051129
-0.00369235
-0.00237798
-0.000825544
0.00118656
0.00371297
0.00627606
0.00778335
0.00784035
0.006921
0.00530686
0.00336918
0.00151711
7.9634e-05
-0.000784692
-0.00110935
-0.00106806
-0.00088272
-0.000738374
-0.000737613
-0.000897081
-0.00116792
-0.00146117
-0.00167226
-0.00170937
-0.00152737
-0.00115687
-0.000709744
-0.000572248
-0.00103804
-0.000356626
0.000700099
-0.000682676
-0.00302872
-0.00475384
-0.00483819
-0.00341503
-0.00153808
-0.000283657
5.2214e-05
3.66416e-05
0.000462342
0.00157271
0.00280759
0.00326413
0.00246851
0.00081265
-0.000698156
-0.00117465
-0.000466278
0.000797528
0.00174256
0.00190885
0.00151679
0.00117188
0.00129674
0.00177443
0.00208119
0.00176916
0.000879695
-5.7312e-05
-0.000430676
-2.44161e-05
0.000818765
0.00146597
0.00146805
0.000863666
9.33954e-05
-0.000377822
-0.000411988
-0.000389454
-0.000944579
-0.00136857
-0.000805072
0.00019401
6.33465e-05
-0.000754979
-0.00196267
-0.003247
-0.00416248
-0.00519726
-0.00405464
-0.00104745
0.000470593
1.00311e-05
-0.00138396
-0.0023913
-0.00199151
-0.000149674
0.00217666
0.0036908
0.00360771
0.00212797
0.000244927
-0.000937523
-0.000883297
0.000147873
0.00141759
0.00227925
0.00256711
0.00255397
0.00257756
0.00267891
0.00255617
0.00186093
0.000581042
-0.000825199
-0.00167803
-0.0015432
-0.000568132
0.000577132
0.00113224
0.000755067
-0.000251668
-0.0011564
-0.00130694
-0.00057905
0.000539169
0.00127515
0.00108052
-2.24046e-05
-0.00147467
-0.00255147
-0.00281036
-0.00232732
-0.00159163
-0.00115824
-0.00129871
-0.00186496
-0.00242274
-0.00253903
-0.00203104
-0.00103777
9.6082e-05
0.00102176
0.00154318
0.00163519
0.00134382
0.000820065
0.00021918
-0.000328102
-0.000695341
-0.000755976
-0.000422237
0.000303131
0.00129187
0.00231389
0.00311415
0.00349998
0.00339477
0.00302145
0.00267167
0.00242228
0.0022011
0.0018448
0.00121766
0.00032243
-0.000679523
-0.00156069
-0.00211848
-0.00231252
-0.00229212
-0.00229828
-0.00250636
-0.00290769
-0.00330602
-0.00343269
-0.00310936
-0.00235742
-0.00138833
-0.000485166
0.000148156
0.000338597
-5.85555e-05
2.92808e-05
0.00113564
0.0023062
0.00376334
0.00419035
0.0020312
-0.000308212
-0.000929071
0.000598616
0.00293643
0.00412113
0.00315237
0.000679509
-0.00192676
-0.00361479
-0.00265097
-0.00045619
-0.000747902
-0.00252876
-0.00389574
-0.00348729
-0.00153006
0.000437592
0.000979952
2.26253e-05
-0.00112739
-0.000960084
0.000918942
0.00334023
0.00439975
0.00372075
0.00240061
0.00173841
0.00174358
0.00183643
0.000951033
0.00165506
0.00156551
-0.00101642
-0.00351874
-0.00394599
-0.00198827
0.000800374
0.00237068
0.00183706
-6.00386e-06
-0.00179816
-0.00279588
-0.00170073
0.00056806
0.000693694
-0.000707998
-0.00179754
-0.00148637
-9.78676e-05
0.000981339
0.000528081
-0.00150866
-0.00399972
-0.00550935
-0.00527161
-0.00356086
-0.00134204
0.000386269
0.00107674
0.000763418
-5.93359e-05
-0.000663403
-0.000378264
0.00107297
0.00333654
0.00551576
0.00665302
0.00634425
0.00502466
0.00365165
0.00298692
0.00304243
0.00314954
0.0025979
0.00128983
-0.000160982
-0.000976446
-0.00181548
-0.00102873
0.000209642
-0.0011722
-0.00264266
-0.00454426
-0.00686296
-0.00708273
-0.00493446
-0.00226247
-0.000300609
0.000216842
-0.0015952
-0.00423327
-0.00492918
-0.00324497
-0.00060666
0.00117873
0.00143188
0.000875558
0.000656925
0.00120429
0.00197836
0.00219262
0.00166526
0.000962734
0.000788085
0.00130206
0.00204587
0.00246762
0.0024618
0.00238537
0.00259618
0.00303866
0.00330707
0.00279807
0.00180063
0.00300187
0.00323999
0.0016669
0.000278213
0.000118901
0.000691597
0.000631612
-0.000728665
-0.0027067
-0.00412751
-0.00456941
-0.00457718
-0.00475318
-0.00494259
-0.00451333
-0.00334061
-0.00222647
-0.00214198
-0.00308869
-0.00389502
-0.00328102
-0.00113348
0.00132812
0.00266675
0.00249184
0.00165159
0.00128451
0.00177935
0.00263869
0.00319566
0.0032906
0.00322403
0.00320507
0.00304514
0.00246025
0.00156618
0.000906586
0.000910061
0.00136836
0.00155646
0.000933091
-0.000282796
-0.00126479
-0.00132903
-0.000552928
0.000316955
0.000537889
-3.48219e-05
-0.000943044
-0.00195067
-0.00240385
-0.000357032
-0.000485236
-0.00213314
-0.00273628
-0.001606
-0.000358446
-0.00073197
-0.00238715
-0.00337407
-0.0025173
-0.00073034
0.00020673
-0.000252752
-0.000974031
-0.000681097
0.000537373
0.00150614
0.00147859
0.000954007
0.000919212
0.00160903
0.00232154
0.00238199
0.0019577
0.00174838
0.00204323
0.00236195
0.00207791
0.00119386
0.000323311
-3.86072e-05
-3.36976e-05
-0.000167508
-0.000657881
-0.00150538
-0.00223028
-0.000677481
9.05294e-05
-0.00162905
-0.00348022
-0.00358552
-0.00185619
4.11245e-05
0.000483163
-0.000506012
-0.00146017
-0.00110934
0.000350856
0.00160807
0.0016775
0.000856689
0.000288901
0.000709414
0.00173436
0.00234106
0.00193872
0.000912171
0.000162507
0.000196078
0.000684946
0.000868016
0.000325704
-0.000638385
-0.00132771
-0.00132212
-0.000837418
-0.000470671
-0.000617165
-0.00112313
-0.00147715
-0.0013204
-0.00077202
-0.000273801
-0.000138956
-0.000267577
-0.000301991
-3.9064e-05
0.000340186
0.000462456
0.000169126
-0.000293197
-0.000502518
-0.000276474
0.000153529
0.000382853
0.00023683
-7.12541e-05
-0.000170865
9.92555e-05
0.000559641
0.000901671
0.000999072
0.000999247
0.00112665
0.00142757
0.00172231
0.00179446
0.00160332
0.00130281
0.00106713
0.000918039
0.000727913
0.000377416
-0.000107372
-0.00057743
-0.000909185
-0.00112106
-0.00134305
-0.00167687
-0.00208816
-0.00243214
-0.0025802
-0.00262233
-0.00289113
-0.00305928
-0.00258449
-0.00129865
0.000165824
0.000693806
0.000541682
2.94367e-05
-0.000588223
-0.00111434
-0.00120522
-0.000622989
0.000628605
0.00232553
0.00408588
0.00492411
0.00483729
0.00391551
0.00275349
0.00327
0.00372506
0.00145072
-0.00136311
-0.00309112
-0.00295408
-0.00146806
6.34379e-05
0.000620579
0.000199728
-0.00035343
-0.000195074
0.000740065
0.00168042
0.00168496
0.000441836
-0.00147127
-0.00305283
-0.00364935
-0.00338711
-0.00293807
-0.00286541
-0.00312823
-0.00315735
-0.00240987
-0.00090741
0.000705896
0.00163088
0.00151113
0.000672573
-0.000169211
-0.000466315
-0.000196748
0.000242206
0.000467078
0.00046819
0.000589311
0.00113818
0.00197511
0.00268643
0.00283919
0.00234121
0.00157205
0.00113231
0.00140491
0.00227044
0.00317476
0.00346469
0.00285786
0.00177793
0.000602384
-0.000486447
-0.00152599
-0.00261353
-0.00368408
-0.00444631
-0.00455147
-0.00386339
-0.0026061
-0.00126388
-0.000306329
5.76699e-05
-6.94995e-05
-0.000422091
-0.000772736
-0.00179056
-0.00196223
-0.000677125
0.000872492
0.00115365
0.000971919
0.000751821
0.000765941
0.00106103
0.00145923
0.00166477
0.00141677
0.000633556
-0.000501903
-0.00156383
-0.00203657
-0.00155947
-0.000150442
0.00173067
0.00335335
0.00406176
0.00361285
0.00230726
0.000824434
-0.000149958
-0.00028885
0.000228209
0.000856784
0.00101778
0.000283039
-0.00148256
-0.00311805
-0.00344477
-0.00258576
-0.00211387
-0.0021585
-0.00233539
-0.00239457
-0.00203626
-0.00108177
0.000401819
0.00208367
0.00346623
0.00406168
0.00358602
0.00210021
3.54488e-05
-0.00192889
-0.00311057
-0.00310426
-0.00196965
-0.000224178
0.00137729
0.00218319
0.00194203
0.000905132
-0.000316379
-0.0010674
-0.000965466
-7.27205e-05
0.00115972
0.00212822
0.00236656
0.00174954
0.000525941
-0.00081728
-0.00177697
-0.00205654
-0.0016686
-0.000905161
-0.000186517
0.000138265
-5.05908e-05
-0.000598143
-0.00116164
-0.00138669
-0.00108528
-0.000326834
0.000601854
0.00134378
0.00164679
0.00147615
0.00101189
0.000541335
0.000309886
0.00040764
0.000742028
0.00109816
0.00124699
0.00104666
0.000495658
-0.000275081
-0.0010578
-0.00164342
-0.00188839
-0.00175284
-0.00227418
-0.000378677
0.00159981
0.00114495
-9.08221e-05
-0.000742864
-0.000528363
0.000640996
0.0021095
0.00234488
0.000475614
-0.0014968
-0.00240347
-0.00228947
-0.00190745
-0.00178839
-0.00176308
-0.00133145
-0.000379277
0.000570892
0.000623599
-0.000413576
6.62208e-05
0.00185986
0.00237815
0.00240377
0.00228179
0.00219496
0.0020937
0.00177905
0.00113455
0.000315035
-0.000288614
-0.000329328
0.000168145
0.000723077
0.000701274
-0.00017285
-0.00163357
-0.00308031
-0.00301175
-0.000775388
0.00212984
0.00290195
0.00136475
-0.00137425
-0.00371857
-0.00438844
-0.00320248
-0.00106305
0.000768081
0.00150043
0.0011497
0.000248911
-0.000683156
-0.00142391
-0.00192165
-0.00203122
-0.0014871
-0.000340337
0.000767896
0.00188394
0.00296211
0.00314764
0.00149556
-0.000349845
-0.0010423
-0.000247371
0.00142695
0.00294455
0.00352908
0.00303266
0.00182384
0.000419371
-0.000794005
-0.00159287
-0.00182511
-0.00140119
-0.000428046
0.000682704
0.00132273
0.00103243
-0.000148171
-0.00161777
-0.00254303
-0.00237924
-0.0012231
0.000247209
0.00119418
0.00111028
6.31502e-05
-0.00141562
-0.00266747
-0.00323059
-0.00298347
-0.00209987
-0.00091415
0.000207775
0.000959257
0.00117453
0.000893414
9.5691e-05
-0.000775367
0.000738622
0.00237817
0.0020675
0.00136494
0.00131364
0.0017867
0.00190781
0.00100044
-0.000502614
-0.00125515
-0.00026735
0.00191915
0.00352281
0.00345978
0.00161879
-0.000907013
-0.00267577
-0.00303859
-0.0024546
-0.00181758
-0.00154916
-0.0013353
-0.000666795
0.000456269
0.00140576
0.00150574
0.000710512
-0.000309765
-0.000771426
-0.000489795
-2.52443e-05
-0.000135251
-0.00105514
-0.00226674
-0.00293718
-0.002598
-0.00145805
-0.000130069
0.000905306
0.00158605
0.00209927
0.00251045
0.00261038
0.00205762
0.000663308
-0.000850789
-0.00148296
-0.00077009
0.000785972
0.0018507
0.00164674
0.000747962
-0.000297813
-0.000999225
-0.0011744
-0.00094268
-0.000512698
-8.27484e-06
0.000520817
0.000974698
0.00115217
0.000865711
0.000124567
-0.000801194
-0.0015213
-0.00176637
-0.00153298
-0.00102577
-0.000470145
3.07582e-05
0.000485527
0.000896236
0.00117214
0.00116701
0.000801658
0.000151687
-0.00057972
-0.00117281
-0.00148539
-0.00146348
-0.00109508
-0.000387354
0.000591556
0.00165084
0.00248248
0.00277194
0.00235655
0.00132212
-3.10939e-05
-0.00132586
-0.00225453
-0.0026545
-0.00250347
-0.00188253
-0.00128287
-0.000555776
0.00218407
0.00230837
-2.03984e-05
-0.000688198
0.00146719
0.00260958
0.00118087
-0.00168036
-0.00348744
-0.00262567
1.22577e-05
0.00205104
0.00204734
0.000659429
-0.000430463
-0.000347883
0.000397735
0.000872147
0.000790473
0.000477
7.16205e-05
-0.000556783
-0.00139976
-0.00189257
-0.00129311
0.000427015
0.00227863
0.00303803
0.00233877
0.00090292
1.96199e-05
0.000236986
0.000876379
0.000987625
0.000227827
-0.0010104
-0.00213396
-0.00284557
-0.00315434
-0.00311173
-0.0027148
-0.00204956
-0.00135982
-0.000840667
-0.000383881
0.00035225
0.00153844
0.0028585
0.00366683
0.00350927
0.00250226
0.00121076
0.000175549
-0.000443214
-0.000820536
-0.00116029
-0.00147245
-0.00160364
-0.00140471
-0.000840999
4.94578e-06
0.000958683
0.00176599
0.00215224
0.00197128
0.00134806
0.000650295
0.000252979
0.00027063
0.000490941
0.000554936
0.000213224
-0.0004672
-0.00123299
-0.00185889
-0.00226777
-0.0025052
-0.00264044
-0.0026917
-0.00260938
-0.00229663
-0.00165183
-0.000635325
0.00065893
0.00198437
0.00301892
0.00350594
0.00344898
0.00309487
0.00261628
0.0020853
0.00147389
0.000741037
-7.66029e-05
-0.000851946
-0.00143505
-0.0017377
-0.00177212
-0.00162826
-0.00141601
-0.00120818
-0.00100927
-0.000763606
-0.000403335
8.54473e-05
0.00062164
0.00079569
0.000427786
0.00145367
0.0024297
0.00100103
-0.00103403
-0.00211605
-0.00161165
-0.000215609
0.000754138
0.000542709
-0.000425568
-0.0010007
-0.000378434
0.00117219
0.00254092
0.00272562
0.00165221
0.000173957
-0.000700356
-0.000644517
-0.000202128
-0.000211303
-0.00101848
-0.0021785
-0.00287148
-0.00263035
-0.0017277
-0.000905951
-0.000721883
-0.00109243
-0.00229764
-0.00113942
0.00152222
0.00189209
0.000886713
0.000284362
0.0011135
0.00283282
0.00397884
0.00364927
0.00230037
0.0011572
0.000956575
0.00131689
0.00128089
0.000369737
-0.000948123
-0.00178126
-0.00171608
-0.00116418
-0.00086588
-0.00112817
-0.00158395
-0.00166103
-0.00121483
-0.000660843
-0.000509654
-0.000829312
-0.00119905
-0.00117475
-0.000754642
-0.000359179
-0.000365346
-0.000696962
-0.000897163
-0.000597354
0.000109672
0.000773227
0.00104747
0.00103155
0.00114145
0.00165177
0.00237905
0.00282774
0.00263179
0.00183907
0.00091198
-2.06136e-06
-0.00177628
0.00131145
0.00106576
-0.00253063
-0.00458419
-0.00321595
-0.000378411
0.00113584
0.000722359
-0.000308376
-0.000682393
-0.000662378
-0.000103645
0.00241896
0.00156367
-0.000753003
-0.00180918
-0.000907786
0.000477801
0.000799499
3.01268e-05
-0.000809277
-0.00101643
-0.000695398
-0.000225524
0.000203743
0.000489533
0.000486298
0.000261261
0.000268448
0.000912544
0.00192258
0.0024564
0.00106925
0.000799039
0.00201761
0.00201419
0.000910946
-0.000906861
-0.00247892
-0.00281329
-0.00191995
-0.000966264
-0.00119249
-0.00264368
-0.00406849
-0.0041109
-0.00256909
-0.000500798
0.000803306
0.000900269
0.000392801
0.000261807
0.00104391
0.00248419
0.00378949
0.00421254
0.00357203
0.0023734
0.00142209
0.0011902
0.00145204
0.00152387
0.000900091
-0.000304358
-0.00154528
-0.00244032
-0.00280894
-0.00276337
-0.00249283
-0.00207274
-0.00150025
-0.000848257
-0.000375459
-0.000117814
0.000196953
0.00040647
0.000285927
-0.00020458
-0.00080264
-0.00108779
-0.000792516
-9.91236e-06
0.000884192
0.00151859
0.00177736
0.001824
0.00190783
0.00212132
0.00229589
0.00211503
0.0013656
0.000138222
-0.00118995
-0.00219405
-0.00267757
-0.0027582
-0.00269742
-0.00263528
-0.00247099
-0.00198499
-0.00107504
0.00011055
0.00124781
0.00203955
0.00177445
0.00357336
0.00215728
0.000863963
0.00139907
0.0020469
0.00111273
-0.00032511
-0.00059666
-0.000106631
-0.000148197
-0.000594232
-0.000452446
0.000194012
0.000354565
-0.000263534
-0.000846264
-0.000989243
-0.00114609
-0.00167203
-0.00223111
-0.00242745
-0.00236371
-0.00223547
-0.00185763
-0.000984743
0.000195966
0.00125342
0.00202627
0.00264123
0.00311893
0.00327792
0.0031046
0.00268188
0.00207151
0.00127856
0.000378486
-0.000423959
-0.000958448
-0.0012337
-0.00135616
-0.00136881
-0.00123897
-0.000959681
-0.000588604
-0.000203308
0.000122263
0.000304357
0.000274363
4.01072e-05
-0.000306507
-0.000658609
-0.000955411
-0.00117427
-0.0012937
-0.0012855
-0.00113013
-0.000823526
-0.000379364
0.000156348
0.000695944
0.00113498
0.00139953
0.00147283
0.00138262
0.00117186
0.000879975
0.00053978
0.000183211
-0.000149307
-0.000404308
-0.000527444
-0.000491031
-0.000315497
-6.38083e-05
0.0001878
0.000379657
0.000309705
-0.000277433
-0.000132878
0.00119476
0.00159606
0.000324328
-0.00171476
-0.00370136
-0.0030517
-0.000741789
-0.000150094
-0.00059255
-0.00117945
-0.00112814
-0.00034469
0.000637869
0.00126335
0.00146933
0.00164417
0.00134792
0.00194209
0.00338803
0.00396827
0.00225844
-0.000101329
-0.00164734
-0.00163475
-0.000450113
0.000764798
0.00100873
0.000121997
-0.00121746
-0.00212488
-0.00220829
-0.00178134
-0.00147907
-0.00166018
-0.00211662
-0.00230836
-0.00187992
-0.000990951
-0.000177759
0.000121598
-3.99914e-05
-0.000148918
0.000337634
0.0015162
0.00290802
0.00377425
0.00362109
0.00256475
0.00120509
0.000189618
-0.000199382
-0.00027656
-0.000742182
-0.00119655
-0.000969657
-0.000305638
-0.000586426
-0.00193207
-0.00298186
-0.00156071
-0.00245246
-0.00293218
-0.000902409
0.00229971
0.00367059
0.00237886
0.000465786
-3.55841e-05
0.000641321
0.00107521
0.000984343
0.00128064
0.00197084
0.00229658
0.00360973
0.00303158
0.000952778
-8.91208e-05
0.000289155
0.000862724
0.000465763
-0.000847806
-0.00211529
-0.00250247
-0.00199826
-0.0013716
-0.00153847
-0.00274342
-0.00419467
-0.00464874
-0.00357678
-0.0017399
-0.00045025
-0.000579449
-0.001169
0.000823047
0.00105986
-0.000533672
-0.00171898
-0.00120766
0.000212505
0.00147004
0.00236428
0.00336918
0.00419179
0.00394354
0.00276382
0.00104398
-6.25235e-05
0.000319344
0.00181846
0.00318817
0.00356334
0.00310953
0.00243599
0.00170372
0.000600238
-0.000916929
-0.00223516
-0.00265584
-0.0022046
-0.00163067
-0.00158303
-0.00198057
-0.00230301
-0.00234854
-0.00246563
-0.00300362
-0.00373893
-0.00403493
-0.00354029
-0.00256232
-0.00167942
-0.00109547
-0.000513876
0.000368194
0.00139597
0.00209382
0.00221667
0.00204399
0.00208062
0.00253175
0.00314436
0.00353949
0.00360135
0.00348699
0.00331482
0.00295902
0.00221103
0.00109544
-3.82734e-05
-0.000774424
-0.000961521
-0.000785196
-0.000557891
-0.000484311
-0.000619778
-0.00097278
-0.00155395
-0.00229651
-0.00297928
-0.00330414
-0.00309607
-0.00243727
-0.00160517
-0.000881167
-0.000406844
-0.000181603
-0.000140621
-0.000203114
-0.000265228
-0.000200568
8.42341e-05
0.000576072
0.00113986
0.00158436
0.00175737
0.00160403
0.00117079
0.000580801
2.93849e-06
-0.000389359
-0.000474221
-0.000232233
0.000196878
0.000655722
0.000957869
0.000975119
0.000672993
0.000128647
-0.000483662
-0.000950227
-0.00110777
-0.000921805
-0.000502901
-4.6972e-05
0.000262954
0.00033514
0.000193279
-4.86378e-05
-0.00023665
-0.000234286
2.31197e-05
0.000492893
0.00103008
0.00144079
0.0015625
0.0013787
0.00099629
0.000534839
0.000117834
-0.000163885
-0.000270466
-0.000217668
-7.07919e-05
7.67335e-05
0.000103858
-0.000146221
-0.00061184
-0.00111505
-0.00146122
-0.0015007
-0.00116873
-0.000507484
0.00032137
0.00102926
0.00127835
0.00117091
0.000836603
0.000326712
-0.000273828
-0.000866425
-0.00136045
-0.00168768
-0.00180981
-0.00172184
-0.00145146
-0.00105194
-0.00058843
-0.00012211
0.000301267
0.00065482
0.000927053
0.00111495
0.0012167
0.00122625
0.00113166
0.000919505
0.00058521
0.000145644
-0.000352521
-0.000834415
-0.00121011
-0.00139571
-0.00133556
-0.00101799
-0.00110452
-0.000713541
0.00062082
0.00265308
0.00398649
0.00394742
0.00317452
0.0020804
0.00110533
0.000570277
0.000559796
0.000903577
0.00125617
0.00125306
0.000659678
-0.000524814
-0.0020566
-0.00353048
-0.00452542
-0.00475745
-0.00418298
-0.00301408
-0.00164091
-0.000491173
0.000120151
9.52906e-05
-0.000424889
-0.00112745
-0.00165399
-0.00173786
-0.00130009
-0.000469166
0.000229647
0.000442214
0.00191197
0.00326877
0.002044
9.14791e-05
-0.000848969
8.87446e-05
0.00233634
0.00443631
0.00522136
0.00462469
0.00351056
0.00278173
0.00259825
0.00236596
0.00142918
-0.000211017
-0.00181413
-0.00251875
-0.00210133
-0.00120109
-0.000812097
-0.0014766
-0.00285558
-0.00401704
-0.00417706
-0.00327499
-0.00194105
-0.00094159
-0.000601982
-0.000674131
-0.000694336
-0.000465005
-0.000215787
-0.000328199
-0.000903022
-0.00158215
-0.00179732
-0.00123404
-0.000109432
0.000976046
0.00149053
0.00135547
0.000961547
0.000828026
0.00120178
0.00191445
0.00257746
0.00291265
0.00292986
0.00282579
0.00273322
0.00256897
0.00212094
0.00128748
0.00024191
-0.000638687
-0.00103303
-0.000911268
-0.00055286
-0.000334265
-0.000459539
-0.000843149
-0.00121919
-0.00136689
-0.0012631
-0.00105429
-0.000901273
-0.000848181
-0.00082617
-0.000769646
-0.000720976
-0.000816362
-0.00115951
-0.00169604
-0.00220621
-0.00243396
-0.002255
-0.0017534
-0.00115085
-0.000649366
-0.000313227
-6.78791e-05
0.000201335
0.000544959
0.000923349
0.00126451
0.00153867
0.00177626
0.00187067
0.00155221
0.00160726
0.00260679
0.00365784
0.00313708
0.00168162
-0.000166687
-0.00127285
-0.000717145
0.00135257
0.00343525
0.00406823
0.00343991
0.00176018
-0.000410145
-0.00232132
-0.00332562
-0.0031422
-0.00198947
-0.000514378
0.000238615
-0.000437223
-0.000709067
-0.00135077
-0.00426454
-0.00705064
-0.00775578
-0.00572608
-0.00205634
0.0012036
0.00249776
0.00173795
0.000122628
-0.000925838
-0.000783732
0.000159574
0.00111159
0.00165631
0.00200714
0.00259361
0.00346038
0.00409229
0.00384684
0.00259485
0.000966834
-5.28809e-05
0.000132996
0.00127328
0.00246767
0.0028565
0.00223578
0.00111897
0.000242021
-4.3546e-05
9.95457e-06
-0.00014575
-0.001144
-0.00245948
-0.00135789
-0.001701
-0.00341692
-0.00404261
-0.00294614
-0.00142617
-0.000961432
-0.00143285
-0.00165215
-0.000985029
8.30365e-05
0.000122634
-0.00106315
-0.00211527
-0.00174592
-0.000251814
0.000865978
0.000640437
-0.00032777
-0.000640891
0.000344783
0.00195647
0.00308016
0.00328687
0.00296269
0.00254627
0.00197483
0.00097918
-0.00028944
-0.00118609
-0.00116536
-0.000310194
0.00081044
0.00171497
0.00230681
0.00263015
0.00253283
0.00175566
0.000352128
-0.00113776
-0.00206426
-0.0022241
-0.00198394
-0.00184291
-0.00192845
-0.00195684
-0.00163605
-0.00101537
-0.000412408
-6.47859e-05
6.53277e-05
0.000144226
0.000205233
9.87772e-05
-0.000309319
-0.000946413
-0.00252057
-0.00107974
-0.000662546
-0.00189802
-0.00254119
-0.0013629
0.000832478
0.00218141
0.0018878
0.000200855
0.000124235
0.00235392
0.00436018
0.00347
0.00090469
-0.00130115
-0.00168944
-0.000449671
0.00116396
0.00220955
0.00266103
0.00283444
0.00264238
0.00169408
3.90377e-05
-0.00150795
-0.00200229
-0.00130926
-0.000282617
4.07147e-05
-0.000623364
-0.00167717
-0.00233189
-0.0023019
-0.00183959
-0.00127458
-0.000708153
-0.000166941
0.000127641
-0.000154822
-0.00104747
-0.00206433
-0.00250782
-0.00204878
-0.000993842
2.28205e-05
0.000589851
0.000771363
0.000889921
0.0011551
0.00152977
0.00188086
0.00214525
0.00230333
0.00225545
0.0018355
0.00100797
2.89035e-05
-0.000654207
-0.000716503
-0.000200399
0.000529994
0.00106223
0.00118157
0.000913923
0.000412906
-0.000149669
-0.00061635
-0.00104547
-0.00161589
-0.000984871
0.000802412
0.00096048
-0.000537169
-0.0022859
-0.00309584
-0.00243058
-0.000729695
0.000941867
0.00161947
0.00102665
-0.00032828
-0.00154102
-0.0018897
-0.00124217
-7.59774e-05
0.00086689
0.00106376
0.00053291
-0.000207776
-0.000515098
-7.36253e-05
0.000885965
0.00175314
0.00196264
0.00137116
0.000327507
-0.000588236
-0.000948801
-0.000717631
-0.000203836
0.000152603
5.40344e-06
-0.000486249
-0.000876962
-0.000761135
-2.01121e-05
0.00086887
0.00133273
0.0027076
0.00384274
0.00233103
1.35864e-05
-0.00155555
-0.00163465
-0.000717789
-0.000356335
-0.00117351
-0.000769286
-0.00213944
-0.00386786
-0.00313383
0.000122674
0.00324375
0.00356707
0.00117609
-0.00131294
-0.00155363
0.000263162
0.00175293
0.00243002
-0.000467596
-0.00214011
-0.00206544
-0.00208875
-0.00245285
-0.00164102
0.000398284
0.00188224
0.00165461
0.00055739
-0.000757372
-0.00101867
0.000414761
0.00253899
0.0037425
0.00337258
0.0019684
0.000457838
-0.000599622
-0.00122218
-0.00163678
-0.00178378
-0.00137234
-0.000445289
0.000386846
0.000471018
-0.00020301
-0.00106285
-0.00159635
-0.00095609
0.00102237
0.00327012
0.00378936
0.00231811
-8.69197e-05
-0.00247408
-0.00396425
-0.00403848
-0.00277249
-0.000850128
0.000776269
0.00143392
0.00110064
0.000312961
-0.000287131
-0.000368933
1.15923e-05
0.00062099
0.00124917
0.00172434
0.00183992
0.00139364
0.000368264
-0.000934085
-0.00199093
-0.00235647
-0.00192485
-0.000958881
0.000107397
0.000916274
0.00131947
0.00136356
0.00119555
0.00096219
0.000740121
0.0005171
0.00023877
-0.000101904
-0.000408077
-0.00052754
-0.000388528
-0.000103767
7.5001e-05
-5.59173e-05
-0.0004699
-0.000893193
-0.000979114
-0.000550913
0.00027176
0.00113516
0.00164579
0.00156615
0.000912301
-7.01852e-05
-0.00101899
-0.00160433
-0.00166018
-0.00124655
-0.000612502
-7.39557e-05
0.000133918
-4.29403e-05
-0.000466755
-0.000880636
-0.00102546
-0.000754375
-0.000203744
0.000173768
0.000498627
0.00106509
0.00188044
0.00236474
0.00169894
0.00052712
-0.000595153
-0.00136767
-0.00163183
-0.00137089
-0.000684805
0.000241501
0.00117635
0.00189095
0.00221485
0.00208071
0.0015413
0.000751425
-8.03992e-05
-0.000755113
-0.00114081
-0.00120561
-0.00101579
-0.000703288
-0.000417813
-0.00028032
-0.000348853
-0.000600892
-0.000936998
-0.0012099
-0.00127711
-0.00106083
-0.000587503
1.62279e-05
0.000572414
0.00092141
0.00097722
0.000745355
0.000304213
-0.000230083
-0.000733767
-0.00109177
-0.00120691
-0.001014
-0.000503707
0.000253148
0.00109965
0.00182148
0.00221037
0.00214151
0.00163047
0.000839221
2.27571e-05
-0.000564171
-0.000761336
-0.000559246
-9.59231e-05
0.000401728
0.000707027
0.00067891
0.000312926
-0.000515303
-0.00160531
-0.000618312
0.000535389
-0.000274483
-0.00126542
-0.00110916
0.000324529
0.00182673
0.00198336
0.000496251
-0.00155188
-0.00268664
-0.00231474
-0.00111227
-0.000254806
-0.000297528
-0.000766499
-0.000771461
3.19659e-05
0.00108224
0.00146923
0.00043304
-0.00107865
-0.00178954
-0.000935924
0.0010666
0.00288568
0.0031809
0.00223018
0.000979938
4.89259e-05
-0.000491452
-0.000955223
-0.00152406
-0.00193059
-0.00166656
-0.000505922
0.00117498
0.0025986
0.00313503
0.00271346
0.00176045
0.000772532
-5.91642e-05
-0.00085141
-0.00171944
-0.00250579
-0.00283161
-0.00242175
-0.0013866
-0.00019008
0.000668799
0.00097543
0.000855082
0.000558064
0.000209412
-0.000240743
-0.000849704
-0.00149749
-0.00212036
-0.00258123
-0.000988823
0.00143544
0.000485235
0.000677978
0.00101091
0.000284705
8.65159e-05
0.000772333
0.00165865
0.00169256
0.000569436
-0.000828293
-0.00119062
-4.92708e-05
0.00169395
0.00254864
0.00181709
0.000251731
-0.0006603
-0.000115826
0.00123481
0.00190259
0.000973505
-0.00101323
-0.00254748
-0.00251132
-0.00115001
0.000227595
0.000488046
-0.000329978
-0.00116216
-0.00100797
9.72488e-05
0.00112414
0.00101498
-0.000357922
-0.00206758
-0.00296278
-0.00261976
-0.00157868
-0.000741807
-0.000556207
-0.000725249
-0.000634893
-1.98837e-05
0.000777362
0.000969644
1.51855e-05
-0.000503591
0.000425905
0.00100294
0.000625327
-0.000157865
-0.00100276
0.000209128
0.00328552
0.00478587
0.00453066
0.00316645
0.0017198
0.00101481
0.00118012
0.000836718
0.00131257
0.00251189
0.00219803
0.000488559
-0.00115803
-0.00191852
-0.00162658
-0.000742629
2.00502e-05
0.000113891
-0.000605363
-0.00284385
-0.00283847
-0.0022959
-0.00320845
-0.00388131
-0.00324083
-0.00145902
7.12228e-05
2.1285e-05
-0.00155411
-0.00317437
-0.00324601
-0.00151076
0.000714413
0.00170945
0.000848356
-0.000913082
-0.00192451
-0.00123967
0.000704148
0.00261037
0.00344985
0.00316454
0.0024501
0.00199825
0.00196825
0.00208248
0.00207749
0.00196642
0.00188694
0.00180894
0.00151062
0.00088403
0.000208907
1.50028e-05
0.000578418
0.00152967
0.00201588
0.00137268
-0.000270335
-0.00200586
-0.00282858
-0.00242327
-0.00139492
-0.000749805
-0.00107474
-0.00210121
-0.00298769
-0.00303991
-0.00225115
-0.00124653
-0.000738856
-0.000981472
-0.00164185
-0.00212739
-0.00204046
-0.00140313
-0.000543664
0.000185656
0.000614276
-9.15482e-06
4.47292e-05
0.00143679
0.0017268
0.00309907
0.00301801
0.000761574
-0.00107023
-0.000797188
0.00131127
0.00340529
0.00387906
0.00274681
0.0013108
0.000703343
0.000914996
0.00117544
0.00101737
0.000735985
0.000812659
0.00111586
0.000911136
-0.00027769
-0.00194285
-0.00289182
-0.00235304
-0.000772801
0.000527973
0.00051653
-0.000746737
-0.00238446
-0.00332147
-0.0032006
-0.00240895
-0.00145521
-0.000530573
0.000314271
0.000731035
0.000579826
-4.87362e-05
-0.000930032
-0.0015307
-0.00146191
-0.000877109
-0.000355684
-0.000352995
-0.000753268
-0.000963612
-0.000451256
0.000790266
0.00225367
0.00333658
0.00374332
0.00322066
0.00231648
0.00335745
0.00241173
-0.00020384
-0.00174065
-0.00103585
0.000661754
0.00125519
0.000180864
-0.00112384
-0.00101079
0.000532301
0.00201951
0.00220004
0.00128118
0.000372428
4.43787e-05
-0.000217817
-0.00114315
-0.00258649
-0.00379559
-0.00419991
-0.00233454
0.000131867
-0.000307897
-0.00205959
-0.0029884
-0.00199396
0.000219885
0.00197064
0.00212796
0.000893723
-0.000653975
-0.00155603
-0.00156066
-0.00101117
-0.000406087
-7.05272e-05
-4.46101e-05
-9.72984e-05
0.000147696
0.000935976
0.00209425
0.00303491
0.00317869
0.00247852
0.0015203
0.00102592
0.00119149
0.00151018
0.00126706
0.000229197
-0.00105152
-0.00174016
-0.00145418
-0.000562425
0.000172757
0.000239002
-0.000267685
-0.000814505
-0.000904358
-0.000434025
0.000291994
0.000818765
0.000841903
0.000367246
-0.000333567
-0.000863337
-0.000883948
-0.000485774
-3.49289e-05
0.000118952
-9.33756e-05
-0.000430879
-0.000579501
-0.000451274
-0.000262888
-0.000335692
-0.000795313
-0.00145333
-0.00219587
-0.00292742
-0.00181213
1.92716e-05
-0.000451933
-0.00177085
-0.00235639
-0.0012958
0.000986661
0.0031096
0.00384455
0.00308128
0.00178694
0.00115679
0.00164645
0.00248661
0.00239866
0.00206357
0.00211893
0.0012464
-0.000200112
-0.00103916
-0.00111418
-0.00076861
-0.00044962
-0.000389704
-0.000588718
-0.000999589
-0.00164843
-0.00254277
-0.00349033
-0.00408141
-0.00393989
-0.00306036
-0.00190921
-0.00113292
-0.00117058
-0.00198929
-0.00228834
-0.000943572
0.00164458
0.00429277
0.00587703
0.0056442
0.00385847
0.00260584
0.00149923
0.000700837
0.00103938
0.00229713
0.00387193
0.00508981
0.00544986
0.00474786
0.00311099
0.000980642
-0.000977863
-0.00208613
-0.00196155
-0.000777837
0.000671912
0.00123597
0.00027261
-0.00202667
-0.00469462
-0.00645272
-0.00639945
-0.00454195
-0.00187893
0.00024481
0.00121636
0.000782986
-0.000735864
-0.00263872
-0.00421267
-0.00500547
-0.00490071
-0.00403971
-0.00269923
-0.00120272
0.000131599
0.00104439
0.00140811
0.00128544
0.00091619
0.000609942
0.000589409
0.000874373
0.00127806
0.00151857
0.00137776
0.000818234
4.28391e-06
-0.000768826
-0.00118471
-0.00101376
-0.000188113
0.00116633
0.00274875
0.0041609
0.00503586
0.00517756
0.00464497
0.0037255
0.00279611
0.0021396
0.00181864
0.00168128
0.00149165
0.00110064
0.000546882
2.5863e-05
-0.000244745
-0.000176951
0.000124316
0.000416239
0.000452014
0.00010629
-0.000580059
-0.00144991
-0.00232981
-0.00311281
-0.00377948
-0.00435789
-0.00485983
-0.00523785
-0.00538795
-0.00519382
-0.00458741
-0.00359601
-0.00235441
-0.00107544
1.22326e-05
0.000737443
0.00104262
0.000998388
0.000768452
0.00053938
0.000447867
0.000539335
0.000774201
0.00107154
0.00136079
0.0016122
0.00183462
0.00205109
0.0022736
0.00249252
0.00268103
0.00280009
0.00280389
0.00263734
0.00224513
0.00159839
0.000731918
-0.000231469
-0.00109477
-0.0016458
-0.00173964
-0.00136709
-0.000667812
0.000121653
0.000762842
0.00110773
0.00114503
0.000981518
0.000772501
0.000638905
0.000611645
0.000627035
0.000570911
0.000346684
-6.66016e-05
-0.000593487
-0.00108776
-0.0013926
-0.00140791
-0.0011349
-0.000678433
-0.000206935
0.000111259
0.000166961
-5.92826e-05
-0.00050363
-0.00105335
-0.00158961
-0.00201996
-0.00229182
-0.00238961
-0.00232429
-0.00212292
-0.00182043
-0.00145223
-0.00104668
-0.000620136
-0.000178802
0.00027091
0.000708228
0.00109035
0.00135599
0.00145045
0.00135123
0.00108752
0.000738455
0.000408879
0.000192787
0.000141209
0.000248789
0.000463466
0.000712358
0.000930248
0.00107801
0.00114528
0.00114038
0.00107568
0.000960546
0.000797093
0.000591469
0.00036218
0.000143165
-2.24597e-05
-9.58785e-05
-5.68489e-05
8.85215e-05
0.000310565
0.000564513
0.000752297
0.00086011
0.000876502
0.00080386
0.000641741
0.000382519
1.7011e-05
-0.000452468
-0.000999382
-0.00155968
-0.00206688
-0.00244363
-0.00263563
-0.00262298
-0.00249554
-0.00249259
-0.00246633
-0.00212101
-0.00208843
-0.000566478
0.00235997
0.00373752
0.00275232
0.00087589
-0.000862387
-0.0016667
-0.00134424
-0.00032851
0.0006623
0.00109783
0.000948687
0.000680141
0.00084964
0.00170525
0.00298812
0.00405372
0.00424928
0.00331365
0.00155488
-0.000300636
-0.00149525
-0.001634
-0.000860523
0.000272395
0.00114307
0.0014007
0.00110926
0.000630659
0.000343452
0.000385595
0.000581222
0.000586393
0.000148552
-0.000693613
-0.00257624
-0.00161898
-0.000391593
-0.000778121
-0.00117284
-0.000540852
0.000900811
0.00182674
0.00119028
-0.000634988
-0.0021705
-0.00227301
-0.00121916
-0.000357255
-0.000726409
-0.00205004
-0.00306699
-0.00279615
-0.00145306
-0.000175064
7.04691e-05
-0.000717531
-0.00177099
-0.00239941
-0.00256627
-0.00268095
-0.00296083
-0.00311752
-0.00268881
-0.00160874
-0.00138359
0.00105245
0.00191224
0.000536382
-0.000368914
0.000636706
0.00268588
0.00365746
0.00257507
0.000676096
6.72696e-05
0.00153773
0.00388704
0.00533891
0.00533393
0.0047651
0.00482203
0.00554403
0.00587199
0.00497143
0.00328941
0.00199212
0.00172871
0.00201592
0.00184377
0.000768306
-0.000671266
-0.0014201
-0.00128991
-0.00104731
-0.00153686
-0.00284247
-0.00428604
-0.00517852
-0.00547195
-0.00566391
-0.0061165
-0.00660759
-0.00665967
-0.00602611
-0.00493362
-0.00380917
-0.00366742
-0.000605771
-0.000215667
-0.000557449
0.000357973
0.00203615
0.00255207
0.00156215
0.00078913
0.00147014
0.00267407
0.00279497
0.00182192
0.00115807
0.00153636
0.00213984
0.00196522
0.00123759
0.000923464
0.00129461
0.00139434
0.000775894
0.00203268
0.00298222
0.00221727
0.00137385
0.00156956
0.00284923
0.00398356
0.00363668
0.00126163
-0.000974803
-0.00121907
0.000432557
0.00177125
0.000741439
-0.0016361
-0.00358435
-0.0040734
-0.00344686
-0.00269243
-0.00227513
-0.00183153
-0.000859362
0.00052465
0.00157623
0.0015906
0.000542464
-0.000872446
-0.0017822
-0.00178071
-0.00186029
-0.00130713
0.000117438
0.00175044
0.00206379
0.00141171
-1.19185e-05
-0.00197078
-0.0037871
-0.00460552
-0.00401107
-0.00241303
-0.000772281
0.000111606
0.000120366
-0.000960127
-0.00133993
-0.000163717
0.00177956
0.00246893
0.00206988
0.00120917
0.000407987
9.08854e-06
9.09514e-05
0.00056248
0.00125956
0.00194428
0.00228746
0.00197825
0.000962933
-0.000384635
-0.00137765
-0.00140853
-0.000346824
0.00136482
0.00298462
0.00389397
0.00387113
0.00309287
0.00196269
0.000930179
0.000370003
0.000484506
0.00120516
0.00215489
0.00276357
0.00253595
0.00133106
-0.000535215
-0.00244636
-0.00380288
-0.00429995
-0.00400798
-0.00325887
-0.00245058
-0.00189389
-0.001742
-0.00197558
-0.00241721
-0.00278821
-0.00282423
-0.00241261
-0.00166469
-0.000857517
-0.000271106
-3.00094e-05
-5.55935e-05
-0.000148962
-0.00013098
5.94971e-05
0.000357471
0.000629406
0.000754317
0.000670186
0.000403607
7.06205e-05
-0.000152707
-9.83907e-05
0.000304744
0.000971261
0.000226011
0.000581792
0.00304232
0.00551002
0.00455215
0.0018553
-0.000829042
-0.00208846
-0.00134093
0.000878138
0.00323012
0.00430915
0.00340262
0.000871345
-0.0020492
-0.00391231
-0.00382423
-0.00189686
0.000844289
0.00302727
0.00365293
0.00257893
0.000530176
-0.0013361
-0.00205234
-0.0013169
0.000404815
0.00217298
0.00307886
0.00269173
0.00122911
-0.000615449
-0.00206174
-0.00264195
-0.00239597
-0.00178272
-0.00138137
-0.00156225
-0.00230681
-0.00325691
-0.00394107
-0.00403551
-0.00351702
-0.00264074
-0.00177807
-0.00121783
-0.00103739
-0.00109894
-0.001154
-0.000987666
-0.000524613
0.000150534
0.000855414
0.00141051
0.00172115
0.00180326
0.00175169
0.0016808
0.00167488
0.00176973
0.00196169
0.00222431
0.00251645
0.00232979
0.00210289
0.00198722
0.000953173
0.00362739
0.00618915
0.00534418
0.00267726
0.00080621
0.00019555
-9.62242e-05
-0.000857069
-0.00183959
-0.00213418
-0.00155473
-0.000947953
-0.00111463
-0.00175705
-0.0017896
-0.000745911
0.000462092
0.000668296
-0.000821058
-0.00332439
-0.00529515
-0.00566288
-0.00456417
-0.00290444
-0.00142834
-0.000306397
0.000534714
0.000979013
0.000803086
-0.000657581
-0.00119144
0.00035457
0.00241948
0.00287025
0.00183752
-0.000108627
-0.00171819
-0.00194981
-0.000772815
0.000851553
0.00174993
0.00137734
7.41428e-05
-0.00130889
-0.00197481
-0.00152028
3.42097e-06
0.00213976
0.00411745
0.00508436
0.00452131
0.0026112
0.000222603
-0.00232682
-0.00303203
-0.00147293
0.000577048
0.000717582
-0.000497227
-0.00207895
-0.00289605
-0.00224239
-0.000194443
0.00245653
0.00458392
0.00523204
0.00406589
0.00157845
-0.00108983
-0.00270067
-0.00257525
-0.000968012
0.00109574
0.0024277
0.00234504
0.000995129
-0.000815014
-0.00212092
-0.00231527
-0.00141639
-6.32408e-06
0.00108929
0.00122043
0.000243559
-0.00139714
-0.0031013
-0.00447282
-0.00392755
-0.00140653
9.58885e-05
-0.000516981
-0.0022819
-0.00394685
-0.00430643
-0.00291283
-0.000310537
0.00228657
0.00375109
0.00379764
0.00269648
0.00114448
-0.000136088
-0.000773684
-0.000860784
-0.000775805
-0.000856571
-0.00114586
-0.00157998
-0.000447252
-0.000726922
0.000809704
0.00307456
0.00402697
0.00426859
0.00466303
0.004646
0.00405529
0.00354504
0.00313606
0.00233651
0.00121703
0.00020509
-0.000557781
-0.00105914
-0.00123154
-0.00122099
-0.00138654
-0.00191104
-0.0026502
-0.00330265
-0.00356121
-0.0032336
-0.00239824
-0.00140824
-0.000666105
-0.000382669
-0.000496719
-0.000743522
-0.000817141
-0.000560246
-6.13348e-05
0.000415789
0.000609625
0.000421014
-3.09209e-05
-0.000481514
-0.000682585
-0.000555577
-0.000236708
1.22825e-05
-3.19854e-05
-0.000415882
-0.000976111
-0.00142986
-0.00152995
-0.00119013
-0.000511907
0.000290102
0.00100816
0.00153238
0.00186557
0.00206748
0.00217689
0.00216802
0.00196859
0.00152347
0.000857464
9.18873e-05
-0.000599223
-0.00106706
-0.00125148
-0.00119137
-0.000978822
-0.00069127
-0.000348093
8.03659e-05
0.000621472
0.00124632
0.00185448
0.00231187
0.00251902
0.00220212
0.00145935
0.00257719
0.00331537
0.00177365
-0.000108317
-0.000899158
-0.000450808
8.39631e-05
-0.000569545
-0.00260943
-0.00449252
-0.0045298
-0.00248949
0.000123994
0.00112798
2.27761e-05
-0.00174984
-0.00284363
-0.00277919
-0.00212835
-0.00174414
-0.00186045
-0.00193637
-0.00131779
9.95973e-06
0.00133529
0.00171531
0.000701834
-0.000397312
-0.00021064
0.000896952
0.000950347
-0.000114969
-0.00159111
-0.00248756
-0.0020058
-0.000183853
0.00209192
0.00371124
0.00407071
0.00334416
0.0021746
0.00115523
0.000554007
0.000406978
0.000730612
0.00154873
0.00270698
0.00373445
0.0040002
0.0031159
0.00125977
-0.000875471
-0.00249627
-0.00316579
-0.00296918
-0.00231626
-0.00160383
-0.00102126
-0.000592663
-0.000319165
-0.000233811
-0.000327985
-0.000474977
-0.000484062
-0.000267209
4.27621e-05
0.000162512
-0.000115523
-0.000729385
-0.00136058
-0.00165305
-0.00146274
-0.000943504
-0.000579168
-0.000889433
-0.000938527
-1.37792e-05
0.000724754
-6.21282e-05
-0.00131934
-0.00223613
-0.0021495
-0.000879718
0.0011129
0.00293377
0.00372418
0.00312327
0.00145144
-0.00047828
-0.00179095
-0.00197108
-0.00106458
0.000401399
0.00169895
0.00223088
0.0017759
0.000563339
-0.000843696
-0.00181088
-0.00193146
-0.00121916
-8.8222e-05
0.000879616
0.00125691
0.000996981
0.000434055
6.4021e-05
0.00024401
0.000989061
0.00171359
0.00191828
0.00323397
0.00393059
0.00180935
-0.000994769
-0.00254476
-0.00200479
-0.000157229
0.00135957
0.0014091
0.00015285
-0.00129465
-0.00192214
-0.00161441
-0.0010491
-0.000915551
-0.00124508
-0.00145797
-0.00102032
-4.37381e-05
0.000751838
0.00067421
-0.000299019
-0.00147461
-0.00202668
-0.00169346
-0.00103103
-0.00101432
-0.00181082
-0.00270364
-0.00268317
-0.00128592
0.000875718
0.00235087
0.0025169
0.00162988
0.00031004
-0.000690509
-0.000989402
-0.000712918
-0.000220059
0.000279587
0.000858706
0.00167199
0.0026588
0.00346168
0.00365439
0.00307671
0.00197296
0.00081146
-5.2298e-05
-0.000576177
-0.000938965
-0.00135307
-0.001927
-0.00207506
-0.00118066
0.000766932
0.00295406
0.00396773
0.00331635
0.00170857
-0.000190746
-0.00176878
-0.00268284
-0.00288227
-0.00247635
-0.00161416
-0.000471719
0.000184138
0.000664886
0.00111551
0.00159976
0.00178472
0.00093104
-0.000609377
-0.00218988
-0.00351103
-0.00431892
-0.00438361
-0.00356304
-0.00192931
0.000150693
0.00208371
0.00326997
0.00336043
0.00240168
0.000791379
-0.000912875
-0.00261333
-0.00434102
-0.00309487
0.000723373
0.00239214
0.00157122
0.000233195
-0.000309225
0.000263149
0.00126547
0.00173461
0.00125453
-6.56772e-05
-0.00126918
0.000385697
0.00182915
0.00131044
0.000572853
0.000952225
0.0024321
0.0036425
0.00326286
0.00131662
-0.000899985
-0.00203306
-0.00173591
-0.00064421
0.000451878
0.00122893
0.00168685
0.0016685
0.00080347
-0.000960121
-0.00290139
-0.00384335
-0.0031093
-0.00120899
0.000499739
0.000943467
0.000216814
-0.000616574
-0.000599938
0.000205443
0.00082748
0.000360753
-0.00114902
-0.00273228
-0.00334657
-0.00271218
-0.00139568
-0.000183589
0.000567808
0.00100909
0.00135424
0.0014832
0.0010379
-0.000106251
-0.00151364
-0.00238625
-0.00213392
-0.000812989
0.000933353
0.00234139
0.00298557
0.00289816
0.00236369
0.00165172
0.000907642
0.000201814
-0.000401246
-0.000840314
-0.00108176
-0.00110111
-0.000840549
-0.00023179
0.000685156
0.00165289
0.00224876
0.00212351
0.00126078
3.36961e-05
-0.00101169
-0.00148516
-0.00134084
-0.000805961
-0.000157846
0.000437647
0.000914359
0.00119916
0.00117203
0.000757813
5.16262e-05
-0.000676993
-0.00113636
-0.00120641
-0.00100173
-0.000750209
-0.000599251
-0.000520406
-0.000384692
-0.00108071
0.000125315
0.00196333
0.00131471
-0.000538306
-0.00207478
-0.00221056
-0.00102923
0.000396253
0.000946155
0.000336225
-0.000762111
-0.00138411
-0.00110007
-0.000314698
0.000161823
-0.000146428
-0.000972835
-0.00155417
-0.00129094
-0.00025405
-7.87807e-05
0.0013677
0.00264028
0.00124365
-0.000723344
-0.00144677
-0.000313183
0.00170387
0.00294208
0.0024832
0.000886951
-0.000361871
-0.000167202
0.00125021
0.00258182
0.00257797
0.0011083
-0.000908499
-0.00235855
-0.00172476
0.000954952
0.00321637
0.00269731
0.000529379
-0.00162826
-0.00237641
-0.00147936
0.000119545
0.00113869
0.000922979
-0.000207822
-0.00138936
-0.00195445
-0.00185083
-0.00147125
-0.00116738
-0.000944774
-0.000594068
-6.6794e-05
0.000326881
0.000136368
-0.000771741
-0.00194976
-0.00259147
-0.00211485
-0.000646888
0.000999812
0.00187303
0.0015459
0.000399535
-0.000679937
-0.000944638
-0.000281925
0.000779861
0.00151114
0.00150005
0.000860429
1.84961e-05
-0.000581987
-0.000777301
-0.000683625
-0.000492794
-0.000296098
-7.85561e-05
0.000163395
0.000343776
0.00035377
0.000214014
0.000145488
0.000448253
0.00125146
0.00233318
0.00317877
0.00334372
0.00280462
0.00184613
0.000957672
0.000513293
0.000533501
0.000705467
0.00062892
9.65876e-05
-0.000786693
-0.00170459
-0.00234682
-0.00257833
-0.00246252
-0.00216451
-0.00183695
-0.00156906
-0.001401
-0.00134818
-0.00139232
-0.00145333
-0.00139465
-0.00109148
-0.000526945
0.000162034
0.000742992
0.00102589
0.000987116
0.000786444
0.000658572
0.000753045
0.00103499
0.00131424
0.0013777
0.00112949
0.000645437
0.000115256
-0.000276461
-0.000447125
-0.000436626
-0.000356778
-0.000317663
-0.000378381
-0.00053781
-0.000750357
-0.000945567
-0.00104516
-0.000984617
-0.00074229
-0.000362099
-0.00092882
0.000721123
0.00219047
0.00125762
-0.000233427
-0.000651969
0.00052128
0.00231026
0.00323603
0.0026929
0.00140828
0.000637836
0.000951181
0.00177429
0.00204977
0.0012965
3.16283e-05
-0.000796603
-0.000749565
-0.000284404
-0.000249884
-0.00102914
-0.00217237
-0.00284656
-0.00263345
-0.00190169
-0.0014244
-0.00164127
-0.00227314
-0.00275059
-0.00288847
-0.00210167
-0.000285776
0.00155146
0.00177249
0.0010106
0.000232388
-0.000149447
-0.000100968
0.000265993
0.000902963
0.00147062
0.00199924
0.00428739
0.00402932
0.00111419
-0.00140503
-0.00165327
-0.0010948
0.000641862
0.00232055
0.00173323
0.000230474
-0.000931957
-0.00170999
-0.00229692
-0.00244692
-0.00178471
-0.000562598
0.000316351
0.000205085
-0.000525593
-0.000858314
-0.000274001
0.00064639
0.000881507
0.000158521
-0.000670539
-0.000492971
0.00089877
0.00256902
0.00332123
0.00274233
0.00140939
0.000231564
-0.000275568
-0.000136472
0.000394986
0.00106497
0.00155685
0.00144373
0.000459352
-0.00111426
-0.00253473
-0.00324341
-0.00288981
-0.0019056
-0.00122578
-0.000526998
0.000477228
0.0010389
0.000286824
-0.00114179
-0.00280664
-0.00408454
-0.00426618
-0.00303446
-0.000760835
0.00166084
0.00331282
0.00370877
0.00294266
0.00154548
0.000214031
-0.000466201
-0.000256652
0.000609565
0.00152496
0.00185257
0.00134091
0.000311221
-0.000551391
-0.000669237
3.67619e-05
0.00110752
0.00185232
0.00176133
0.000764929
-0.000764025
-0.00220588
-0.00296657
-0.00272121
-0.00154888
9.9279e-05
0.00160023
0.00243723
0.00240755
0.00165457
0.000541054
-0.000525476
-0.00121516
-0.00138293
-0.00116721
-0.000617759
0.000166689
0.000993682
0.00166427
0.00204334
0.00201254
0.00141828
0.000685167
6.93189e-05
-0.000526873
-0.00124534
-0.00211974
-0.00300332
-0.00361014
-0.00364615
-0.00296801
-0.00169207
-0.000188286
0.00105684
0.00165197
0.00147787
0.000730635
-0.000190717
-0.0008829
-0.00111033
-0.000869222
-0.000332789
0.000259898
0.000717917
0.000960119
0.00101991
0.00100614
0.00104258
0.00120949
0.00150716
0.0018528
0.00210959
0.00213614
0.00184009
0.0012193
0.000375296
-0.000511524
-0.00124254
-0.00167518
-0.0017742
-0.00161036
-0.00130625
-0.000963065
-0.000615415
-0.000241251
0.00018393
0.000629615
0.000916373
0.000686483
0.000107334
-0.00038527
-0.000434601
-3.47485e-05
0.000283034
9.41584e-05
-9.2058e-05
-0.000172389
-0.000142225
-1.89058e-05
0.000178474
0.000430258
0.000701258
0.000927008
0.0010184
0.000888395
0.000489025
-0.000159826
-0.000963237
-0.00176839
-0.00239978
-0.00270253
-0.00258353
-0.00204123
-0.00117524
-0.000170012
0.000747379
0.00136657
0.00155365
0.000332974
0.00156727
0.00120646
-0.000964586
-0.00249476
-0.00203716
-0.000308682
0.00093193
0.000931689
0.000599866
0.00117296
0.00262228
0.00367411
0.00329363
0.00181676
0.000474504
-1.34879e-06
-2.66955e-05
-0.000421883
-0.0012924
-0.00188598
-0.00152408
-0.000437952
0.000455294
0.000533693
4.54163e-05
-0.000475199
-0.00096713
-0.00074402
0.000326462
0.000877505
-3.19873e-05
-0.00114133
-0.00209292
-0.00258411
-0.00228827
-0.000962037
0.00120127
0.00330768
0.00402647
0.00296257
0.001024
-0.000736529
-0.00155868
-0.00140537
-0.00174289
-0.000401303
0.00146042
0.000850976
-0.000874398
-0.00222329
-0.00214698
-0.000666386
0.00117473
0.00207442
0.00141013
-0.000334919
-0.00197569
-0.00253582
-0.00192981
-0.00088078
-0.000201932
-0.000111983
-0.000179179
0.000124694
0.000841104
0.001478
0.0015155
0.000946462
-0.00158023
0.000266052
0.00410617
0.00369599
0.000946236
-0.00164991
-0.00214204
-0.000485447
0.0016667
0.00254119
0.00170177
0.000176666
-0.000665291
-0.000350456
0.000433842
0.000637401
-0.000136917
-0.00132452
-0.00198456
-0.00166085
-0.000734964
-2.22025e-05
-4.10673e-05
-0.000612759
-0.00108885
-0.000944853
-0.000209941
0.000593956
0.000893029
0.000490318
-0.000336684
-0.00108154
-0.00135467
-0.00107281
-0.000417325
0.000328513
0.000916146
0.0011878
0.00109249
0.000702298
0.000204564
-0.000179751
-0.000335325
-0.000343212
-0.000418314
-0.000712333
-0.00114085
-0.00140281
-0.0012053
-0.000516229
0.000376157
0.00105971
0.00128895
0.00112435
0.000813562
0.000542717
0.000297408
-0.000465033
-0.00130241
-0.00167203
-0.00102611
0.000646796
0.0025444
0.00344631
0.00325624
0.00224208
0.000909548
-0.000174221
-0.000737693
-0.000907727
-0.000997546
-0.00117935
-0.00132589
-0.00114841
-0.000499833
0.000426848
0.00118107
0.00135488
0.000859316
-3.66973e-05
-0.000916851
-0.00149263
-0.00172768
-0.00174499
-0.0016386
-0.00137605
-0.00087299
-0.000151889
0.000582243
0.00103838
0.00103818
0.000650529
0.00014611
-0.000193007
-0.000256157
-0.000139578
-2.23663e-05
2.74288e-07
-1.43921e-05
6.63259e-05
0.000305511
0.000612834
0.000792946
0.000685216
0.000283125
-0.00117454
-0.00104271
0.000523812
0.000613886
-0.000375394
-0.00151731
-0.00219489
-0.00115971
0.00161794
0.00377887
0.003105
0.00065033
-0.00202624
-0.0033373
-0.00259459
-0.000378501
0.00191478
0.00300358
0.002495
0.00102004
-0.000295582
-0.000614957
0.000106585
0.00119215
0.00177365
0.00138083
0.00020027
-0.00111712
-0.00191
-0.00189117
-0.00123265
-0.000360017
0.000344767
0.000714766
0.00076685
0.000560888
0.000108387
-0.00058641
-0.00141057
-0.00209043
-0.00229479
-0.00184745
-0.000890928
0.000145983
0.000788576
0.000814726
0.000400349
-4.77846e-06
2.91048e-06
0.00047955
0.00108295
0.00130133
0.000826525
-0.000194786
-0.00121272
-0.00160588
-0.00107745
0.000145602
0.00144009
0.00215487
0.00198093
0.00109502
6.84714e-06
-0.000768424
-0.000993229
-0.000780548
-0.000444437
-0.000258043
-0.000287934
-0.000397182
-0.000384521
-0.000143462
0.000267484
0.000673938
0.00090044
0.000865446
0.000603484
0.000222332
-0.000156995
-0.000435285
-0.000539589
-0.000422226
-7.81234e-05
0.000424779
0.000934803
0.00125615
0.00123502
0.000847061
0.000227072
-0.000388885
-0.000783394
-0.000869859
-0.000727456
-0.000536467
-0.000455715
-0.000521844
-0.00137961
-0.00147655
-0.000153095
0.00154873
0.00169847
0.000749792
-0.000739328
-0.00207205
-0.00262323
-0.00214576
-0.000887256
0.000545038
0.00149899
0.00160496
0.000946277
-1.43086e-05
-0.00070156
-0.000738301
-0.000133163
0.000746871
0.00139213
0.00142963
0.000816717
-0.000145695
-0.000975868
-0.0012573
-0.000841746
8.61647e-05
0.00110427
0.00175389
0.0017484
0.00109544
8.34724e-05
-0.000854869
-0.00133765
-0.00119925
-0.000554304
0.000266574
0.000878147
0.00102308
0.000688995
0.000103596
-0.000389783
-0.000513696
-0.000202436
0.00036387
0.000855721
0.000971324
-0.000249481
-0.000720274
0.000167379
0.000502764
-0.00021741
-0.00101384
-0.00131533
-0.000873517
6.48183e-05
0.000899179
0.00105258
0.000345857
-0.000869771
-0.00191009
-0.00216738
-0.00148102
-0.000240656
0.000843472
0.00116488
0.000583063
-0.000495369
-0.00136471
-0.00144673
-0.000638329
0.000627502
0.00164179
0.00184268
0.00114422
-1.30417e-05
-0.000931415
-0.00106752
-0.000346026
0.000807279
0.00172528
0.00189158
0.00115152
-0.000326587
-0.00161304
-0.00175436
-0.000471569
0.00155008
0.0027081
0.00200867
0.0005016
-0.000601135
-0.000779021
-0.000858891
-0.00113206
-0.00117948
-0.00106614
-0.00083623
-0.00045852
0.000113661
0.000834267
0.00150029
0.00180104
0.00147519
0.000490632
-0.000867859
-0.00223532
-0.00332769
-0.00273043
1.55475e-05
0.00271175
0.0034632
0.00271286
0.00103831
-0.000697858
-0.00178247
-0.00197187
-0.00151037
-0.000879353
-0.000459571
-0.000320295
-0.000250395
1.46638e-05
0.000538938
0.00108531
0.00124377
0.000712227
-0.000451573
-0.00177985
-0.0026012
-0.00240108
-0.00113268
0.000709159
0.00230915
0.00293948
0.00233622
0.000562583
-0.00153896
-0.000950013
-7.67207e-05
-0.00146131
9.03408e-05
0.00185001
0.00194925
0.00109798
3.88759e-06
-0.000687973
-0.000729317
-0.00020796
0.000604139
0.00129214
0.00137386
0.000588588
-0.000773819
-0.0019788
-0.00245584
-0.00189951
-0.00060751
0.000799154
0.00187955
0.00244276
0.00220954
0.00141092
0.000292631
-0.00104088
-0.00216831
-0.0025835
-0.00215577
-0.00127646
-0.000485707
3.38758e-05
0.000538103
0.00128198
0.00206051
0.00226863
0.00147993
-5.24319e-05
-0.00150779
-0.00237473
-0.00265136
-0.000900619
0.00122146
0.000751509
-0.000617399
-0.00128209
-0.000599294
0.000751257
0.00155814
0.00121727
0.000169267
-0.000637484
-0.000638033
-7.08281e-05
0.000356822
0.000154523
-0.000538299
-0.00110496
-0.000968328
-3.65569e-05
0.00113048
0.00159577
0.00129022
0.000799967
0.000762788
0.0011694
0.00123469
0.00102577
0.000390026
-0.000777907
-0.00206544
-0.00271469
-0.00217034
-0.000567062
0.00128129
0.0024248
0.00242202
0.00156022
0.000501059
-0.000294894
-0.000843722
-0.00140947
-0.00205396
-0.0024419
-0.00210691
-0.000924576
0.000666021
0.00191581
0.0022815
0.00176507
0.000816835
-6.60547e-05
-0.000673026
-0.00109603
-0.00146746
-0.00168912
-0.00156212
-0.00104807
-0.000223013
0.00052428
0.000767829
0.00031279
-0.000675545
-0.00177006
-0.00251867
-0.00265658
-0.00217849
-0.00126543
-0.000148747
0.000989946
0.00203316
0.00287749
0.00340636
0.00364822
0.00363202
0.00340172
0.00305828
0.00276573
0.00255387
0.00227732
0.00175897
0.000169691
-0.000878323
-0.000581863
-2.98069e-05
-0.000780982
-0.00204742
-0.00326519
-0.00386424
-0.00351999
-0.00237774
-0.00102917
-0.000216202
-0.000412003
-0.00152722
-0.00293031
-0.0037827
-0.00349491
-0.00203892
5.2709e-05
0.0019797
0.00307626
0.0031027
0.00229532
0.00118772
0.000326292
2.91819e-05
0.000288693
0.00083471
0.0013054
0.00143561
0.00117709
0.000700599
0.000277385
0.00010042
0.000193826
0.000375477
0.000355929
-8.00603e-05
-0.000919614
-0.00189161
-0.00258938
-0.00268469
-0.00211218
-0.00111541
-0.000123917
0.000471017
0.000515444
0.00015775
-0.000250046
-0.000351964
2.42855e-05
0.000788118
0.00164499
0.00201839
0.00155521
0.0020308
0.00302616
0.00191049
6.08318e-05
-0.00111157
-0.000820101
0.000612546
0.00200718
0.00223105
0.00104559
-0.00074388
-0.00192585
-0.00179591
-0.000646371
0.000514498
0.000762228
-5.45948e-05
-0.00124698
-0.00185408
-0.00138296
-0.000155994
0.000966218
0.00123576
0.000532253
-0.000623714
-0.00151663
-0.00176028
-0.00150008
-0.00118328
-0.00113362
-0.00129652
-0.00134696
-0.0010374
-0.000468903
-4.58446e-05
-0.000147959
-0.000792206
-0.00156834
-0.00191179
-0.00150712
-0.000511737
0.000569012
0.00125395
0.00141829
0.0013396
0.00143815
0.00192575
0.00263623
0.00316001
0.00316687
0.00266265
0.00198655
0.00155978
0.00158247
0.00190364
0.00201615
0.00132761
0.000590073
0.000706055
0.00126247
0.000686403
-0.00066459
-0.00228657
-0.00372207
-0.00450807
-0.0044037
-0.00355398
-0.00246081
-0.00173823
-0.00177464
-0.00250368
-0.00343259
-0.00391991
-0.00353725
-0.00229925
-0.00063387
0.000701983
0.00103807
0.0014121
0.00259972
0.00327085
0.0025758
0.00164403
0.00118336
0.00163236
0.00293402
0.00451706
0.00556361
0.00543519
0.00311299
0.00166239
0.00146992
0.000268133
-0.00088107
-0.00113291
-0.000381672
0.000669531
0.000930905
-0.000261687
-0.00256393
-0.00482426
-0.0059406
-0.00524854
-0.00313544
-0.000828817
0.000417072
1.90015e-05
-0.00175485
-0.00334665
-0.00352786
-0.00233523
-0.000689541
0.000338958
0.000279839
-0.000481922
-0.00106443
-0.000747122
0.000554693
0.00229556
0.00371322
0.00430867
0.00406305
0.00330487
0.00240484
0.00156236
0.000817168
0.000206698
-0.000124675
1.00108e-05
0.000653288
0.00157082
0.00231814
0.00248837
0.00196633
0.000996406
7.95292e-06
-0.000673657
-0.00105506
-0.00134167
-0.00176989
-0.00236086
-0.00288366
-0.0030312
-0.00267519
-0.00199935
-0.00140276
-0.00124026
-0.0015891
-0.00220923
-0.00271914
-0.0028516
-0.00260254
-0.0021746
-0.00177437
-0.00142821
-0.000959959
-0.000145579
0.00107495
0.00248959
0.0036962
0.00431831
0.00425365
0.00372639
0.0030895
0.00266429
0.00258592
0.00277738
0.00304552
0.00321425
0.00320511
0.0030314
0.00273853
0.00235077
0.00186107
0.00125564
0.000538172
-0.000269515
-0.00114244
-0.0020583
-0.00297592
-0.00380513
-0.00440619
-0.00464209
-0.00446455
-0.00397643
-0.00341496
-0.00304697
-0.00302898
-0.00331649
-0.00368275
-0.00383991
-0.00359084
-0.00292127
-0.00204184
-0.00134318
-0.000788149
-7.33606e-05
0.00109256
0.00274411
0.00449338
0.00554226
0.00552963
0.00483791
0.00372125
0.00253429
0.00163669
0.00127446
0.00150841
0.00221023
0.00311532
0.00390408
0.00408139
0.00326485
0.00303275
0.00330408
0.00143982
-0.00162605
-0.00430808
-0.00543191
-0.00474569
-0.00301905
-0.00146278
-0.000912126
-0.00167379
-0.00271349
-0.00110618
-0.00100989
-0.00223963
-0.00288272
-0.00250238
-0.00225106
-0.00304368
-0.00401696
-0.00340397
-0.000782825
0.00212898
0.00318443
0.00204013
0.000365392
-8.00505e-05
0.000786077
0.00163127
0.00141301
0.000450182
-0.000171759
0.000121223
0.000980628
0.0018078
0.00243901
0.00300124
0.00334925
0.00302469
0.00187617
0.000295956
-0.00128808
-0.00151884
0.000157332
0.00257184
0.00355177
0.00300265
0.00160487
0.000388536
-0.000534089
-0.00129275
-0.00183932
-0.00202069
-0.001868
-0.00164644
-0.00158966
-0.00167056
-0.00169108
-0.00155111
-0.00135189
-0.00123881
-0.00123324
-0.00128731
-0.0014619
-0.00193122
-0.00272855
-0.00350885
-0.00365733
-0.00272834
-0.000838129
0.00107788
0.00221172
0.00419557
0.00462641
0.00202675
-0.000967955
-0.00223183
-0.00119745
0.000952312
0.00255747
0.00295056
0.00276813
0.00295907
0.00357628
0.00378657
0.00275147
0.00062872
-0.00137323
-0.00199241
-0.000993818
0.000690683
0.00184034
0.00194495
0.00139111
0.000996659
0.00115399
0.00133258
0.000765325
-0.000945629
-0.0031098
-0.00473742
-0.00531173
-0.00493267
-0.00417686
-0.00343909
-0.00120963
0.00206925
0.00306281
0.00224878
0.000503185
-0.00113557
-0.00195601
-0.00202275
-0.00196526
-0.00228236
-0.00277785
-0.00265889
-0.00125796
0.00123427
0.00369644
0.00480038
0.00398264
0.00187677
-0.000155846
-0.00102204
-0.000623346
0.000239966
0.000648953
0.000347111
-0.000112329
8.04178e-05
0.00125231
0.00294651
0.00427151
0.00456567
0.00382527
0.00259773
0.00150121
0.000797487
0.000331817
-0.000190191
-0.000870442
-0.00152492
-0.00185279
-0.00171272
-0.00127216
-0.000925716
-0.00105159
-0.00177348
-0.00358673
-0.00477649
-0.00431589
-0.00270806
-0.00185114
-0.00175808
-0.00214984
-0.00261258
-0.00258806
-0.00170944
-6.72849e-05
0.00178065
0.00309525
0.00337804
0.00266203
0.00147908
0.000524627
0.000250918
0.000644044
0.00131373
0.00179225
0.00181877
0.00143511
0.000883428
0.00043292
0.000271031
0.00049431
0.00113281
0.00213213
0.00329515
0.00426381
0.00461569
0.00405776
0.0021329
-0.000267104
-0.00219982
-0.00298521
-0.00274758
-0.0025214
-0.00294368
-0.00372905
-0.00467208
-0.00536538
-0.00537468
-0.00445955
-0.00270398
-0.000498898
0.00160474
0.003097
0.00367561
0.00331855
0.00225261
0.000851493
-0.000513459
-0.00159318
-0.00218586
-0.00222069
-0.00176635
-0.00101828
-0.000191881
0.000543032
0.00112519
0.00160026
0.00205151
0.00250018
0.00283648
0.00291239
0.00282343
0.00261201
0.00235412
0.00215355
0.00205313
0.00197479
0.00173784
0.00115161
0.000128983
-0.0012455
-0.00272947
-0.00400473
-0.00478898
-0.0049193
-0.00439078
-0.00334631
-0.00203142
-0.000729017
0.000313385
0.000948429
0.00116586
0.00108402
0.000893126
0.000769761
0.000799443
0.000943233
0.00106447
0.00100193
0.00065276
2.51296e-05
-0.000762266
-0.0015286
-0.00209894
-0.0023578
-0.00226722
-0.00185106
-0.00116527
-0.000276985
0.000728937
0.00175644
0.00268074
0.00336459
0.0036889
0.00359023
0.00308619
0.00227714
0.00116017
-0.000335818
-0.000884595
0.00014533
0.000904033
0.000236978
-0.000992189
-0.00216169
-0.00278013
-0.00275591
-0.00242633
-0.00231578
-0.00281835
-0.00400766
-0.00537343
-0.00616891
-0.00584388
-0.0043322
-0.00208239
0.000171939
0.00176085
0.00234428
0.00196941
0.00125993
0.000913089
0.00111059
0.00162542
0.00200716
0.00187925
0.00117888
0.000202599
-0.000561864
-0.000713298
-0.000160265
0.000837156
0.00182483
0.00243552
0.00264127
0.00267354
0.00289375
0.0035592
0.00463118
0.00572842
0.00625181
0.00584744
0.00453478
0.00263418
0.000766264
-0.000523301
-0.000967752
-0.000678714
-6.23189e-05
0.000374971
0.000231009
-0.000398903
-0.00162691
-0.00255613
-0.00261703
-0.00167968
-0.00037895
4.65155e-05
-0.000521505
-0.00153177
-0.00254919
-0.00315801
-0.00305047
-0.00221053
-0.000938225
0.000350174
0.00129637
0.00171728
0.00162538
0.00116489
0.000515796
-0.000177334
-0.000823122
-0.00135872
-0.0017202
-0.0018428
-0.00169838
-0.00134427
-0.000941768
-0.000715548
-0.000859919
-0.00143408
-0.00230313
-0.00316401
-0.00365416
-0.0034972
-0.00261885
-0.00117954
0.000489581
0.00201429
0.00310798
0.00364888
0.00367893
0.00334052
0.00280451
0.00219608
0.00157152
0.000949993
0.000346537
-0.000212896
-0.000703107
-0.00112453
-0.00151617
-0.0019382
-0.00242672
-0.00294482
-0.0033626
-0.00348701
-0.00313703
-0.00223276
-0.000855706
0.000752435
0.00225781
0.00334299
0.00381109
0.00364289
0.00298655
0.00209019
0.00121041
0.000535716
0.000151072
4.69796e-05
0.000156668
0.000397022
0.00069503
0.000995616
0.0012591
0.00146013
0.00159376
0.00168405
0.00178407
0.00195842
0.00224982
0.00264364
0.00304975
0.00331631
0.00327442
0.00280222
0.00187402
-0.000346129
-0.0011181
-0.000781571
-0.00220828
-0.00441234
-0.00608476
-0.00631768
-0.00513948
-0.00348257
-0.00247252
-0.00260664
-0.00344726
-0.00403654
-0.00366387
-0.00239305
-0.000954584
-0.000133092
-0.000156657
-0.000563851
-0.000625507
3.94792e-05
0.0011506
0.00199346
0.00199537
0.00119021
0.000213889
-0.00015608
0.000442699
0.00172189
0.0029837
0.00363019
0.00354656
0.00308765
0.00271726
0.00260948
0.00252653
0.00205057
0.000964438
-0.00053036
-0.0019286
-0.00277258
-0.00296349
-0.00279862
-0.00271966
-0.00297646
-0.00346237
-0.00383037
-0.00377962
-0.00328088
-0.00257379
-0.00195804
-0.00155893
-0.00125568
-0.00082025
-0.000755767
-0.000272221
0.000916373
0.00243564
0.00297138
0.00213396
0.00092681
-3.9776e-05
-0.000392586
-5.76534e-05
0.000816725
0.00199265
0.00322458
0.004269
0.00488236
0.00487493
0.0042194
0.00313322
0.00204007
0.00138875
0.00141585
0.00199769
0.00269493
0.00297604
0.00249247
0.00124813
-0.000423514
-0.00204162
-0.00320012
-0.00370879
-0.0036044
-0.00306849
-0.00232827
-0.00159432
-0.00103635
-0.000765188
-0.000800254
-0.00103968
-0.00127431
-0.00126868
-0.000882153
-0.000161472
0.000660325
0.00127082
0.00143555
0.00111592
0.000481114
-0.000187177
-0.000636029
-0.000747748
-0.000562614
-0.00022499
9.96963e-05
0.000289191
0.000282547
8.19076e-05
-0.000260579
-0.000648571
-0.000955777
-0.00106223
-0.000908553
-0.000540175
-0.000106422
0.000198913
0.000231652
-2.52083e-05
-0.000447253
-0.000829126
-0.000987245
-0.000848443
-0.000478941
-4.44904e-05
-0.000672792
0.00129036
0.00132303
-0.000648387
-0.00213631
-0.00188067
-0.000747235
-0.000374227
-0.00108348
-0.0016334
-0.000930411
0.000551809
0.00135236
0.000770326
-0.000379752
-0.000809022
-0.000215412
0.000560887
0.000699153
0.000346064
0.000254588
0.000708737
0.00113098
0.000811742
-0.000201148
-0.00113896
-0.00137259
-0.00103048
-0.00069395
-0.000640365
-0.000580788
-0.000141091
0.00058732
0.0011239
0.00117731
0.000995089
0.00107282
0.00159705
0.00227708
0.00271024
0.0028002
0.00275095
0.0010659
0.00129839
0.00400423
0.00498545
0.00276346
-0.000316746
-0.00257123
-0.00296909
-0.00156053
-0.000112389
0.00153513
0.0028783
0.00250152
-0.000268299
-0.00322684
-0.00489679
-0.00420276
-0.00132875
0.00216686
0.0039977
0.00281143
-0.000121634
-0.00323808
-0.00516778
-0.00525329
-0.00373507
-0.00151699
0.000343561
0.00116954
0.000943979
0.00018733
-0.000460634
-0.000647066
-0.000425615
-6.1638e-05
0.000259398
0.000566992
0.00100725
0.00163941
0.00231487
0.00272734
0.00258589
0.00179564
0.000546747
-0.00073634
-0.00157537
-0.00167459
-0.0010883
-0.000206954
0.000451241
0.000259536
-0.000786761
-0.000237468
-6.98947e-05
-0.00187795
-0.00357139
-0.00373861
-0.00253799
-0.00121989
-0.00108648
-0.00214468
-0.00317817
-0.00299361
-0.00159422
-0.00013435
0.000252422
-0.000437337
-0.00112287
-0.000705324
0.00108573
0.00320591
0.00428138
0.00378795
0.00232036
0.000765574
-0.000537993
-0.000691894
0.000551796
0.00174454
0.00154626
0.00101344
-0.00038979
0.000264791
0.00175333
0.00126185
0.000315779
0.000235151
0.00139094
0.00287929
0.00335928
0.0023158
0.000569397
-0.000427711
0.000129556
0.00167469
0.00271522
0.00205012
-0.000261326
-0.0029406
-0.00444917
-0.00407186
-0.00231863
-0.000440336
0.000477621
0.000158126
-0.000864864
-0.00174275
-0.00188298
-0.00120898
-5.32471e-05
0.00113565
0.00202805
0.00248726
0.00250895
0.00214508
0.0014849
0.000682788
-3.57221e-05
-0.000445428
-0.000452658
-0.000192754
9.54551e-06
-0.000164221
-0.00078567
-0.0015761
-0.00205326
-0.00185895
-0.00103741
-3.95692e-05
0.000578231
0.000550547
9.18858e-05
-0.000274836
-0.000123541
0.000548605
0.00132235
0.00167204
0.00133976
-2.54228e-05
-0.00133579
-0.00174779
-0.00103293
5.20798e-05
0.000170554
-0.000572557
-0.0016121
-0.00255514
-0.00313298
-0.00324655
-0.00288795
-0.00207468
-0.000889991
0.000421087
0.00144287
0.00175413
0.00119181
1.82868e-05
-0.00116442
-0.00173218
-0.00139149
-0.000337805
0.000875587
0.000975842
0.000802811
0.00103075
0.00145114
0.000748232
-0.000589434
-0.00175369
-0.00223616
-0.00175137
-0.000382782
0.00141632
0.00299693
0.00379611
0.00358867
0.00257947
0.00129189
0.000316551
1.45538e-05
0.00032319
0.00100767
0.00171949
0.00212716
0.00205058
0.00151885
0.0007387
-1.22417e-05
-0.000536644
-0.000806895
-0.000612571
-2.15823e-05
0.000574885
0.000753758
2.99694e-05
-0.0016585
-0.00204425
-0.00162222
-0.00276621
-0.00381735
-0.00381548
-0.00211459
0.00257664
0.00452182
0.00293943
0.000610992
-0.000256155
0.000317632
0.00098858
0.000942435
0.00058524
0.000496747
0.000434277
-0.000264898
-0.001572
-0.00266013
-0.00392285
-0.0027128
0.000306594
0.00169652
0.00160999
0.00127037
0.00211228
0.00342824
0.00383779
0.00290932
0.00153505
0.000953664
0.00146089
0.00223994
0.00228931
0.00123675
-0.00062336
-0.00278245
-0.00478667
-0.00616052
-0.00639891
-0.00530625
-0.0033587
-0.001554
-0.000726895
-0.000940728
-0.00154362
-0.00180583
-0.00149376
-0.000884384
-0.00035111
-3.21889e-05
0.000132578
0.000181653
5.96192e-05
-0.000251889
-0.000630685
-0.000903581
-0.00100627
-0.000983247
-0.000816064
-0.000322524
0.00068496
0.00211424
0.00351411
0.00435231
0.00442225
0.00399113
0.00354491
0.0033726
0.00336701
0.00318732
0.00259167
0.00163459
0.000595507
-0.000249876
-0.000811769
-0.00120636
-0.00163493
-0.00221642
-0.00287228
-0.00333661
-0.00330937
-0.00267729
-0.00164646
-0.000657991
-0.000114952
-0.000118254
-0.000423013
-0.00065737
-0.000605057
-0.000332658
-6.4691e-05
5.10439e-05
7.02914e-05
0.000173041
0.00047269
0.000895701
0.00123406
0.00131754
0.00116029
0.000968579
0.00100657
0.00141498
0.00210323
0.00278485
0.00313636
0.00298162
0.00238565
0.00159943
0.000898591
0.00043127
0.000175645
1.68213e-05
-0.000139189
-0.000311706
-0.00048048
-0.000653499
-0.000888292
-0.00124137
-0.00169482
-0.00213383
-0.00240512
-0.00241726
-0.00220908
-0.0019364
-0.00178517
-0.00186594
-0.00215254
-0.00249704
-0.00270823
-0.00264653
-0.00228311
-0.00169599
-0.0010149
-0.000355393
9.20296e-05
4.44922e-05
0.000256001
0.00142643
0.00302937
0.00337642
0.00262741
0.00146228
0.000403073
-0.000133867
-1.20191e-05
0.000586031
0.00126208
0.00159509
0.00133548
0.000516436
-0.000563285
-0.00147344
-0.00184102
-0.00151057
-0.000605019
0.000523036
0.00144012
0.00180459
0.00149843
0.000666596
-0.000350027
-0.00115995
-0.0014848
-0.00127277
-0.000712996
-0.000143649
0.000106209
-0.000128989
-0.000770514
-0.00152561
-0.00229651
-0.00269303
-0.0004057
0.00144267
0.00120652
0.00077076
0.00134977
0.00268151
0.00338989
0.00258482
0.000911464
-6.70705e-05
0.000539012
0.00206083
0.00296692
0.00236246
0.000758509
-0.000573418
-0.000963058
-0.000985469
-0.00114099
-0.00125814
-0.000663104
0.000868357
0.00227737
0.00267467
0.0017648
-0.000165551
-0.00202097
-0.00274685
-0.00214159
-0.000881147
0.000177616
0.000678883
0.000819235
0.000862259
0.000734155
0.000142831
-0.000959641
-0.00212975
-0.00318585
-0.00324797
-0.00216818
-0.000330612
0.00150605
0.00239887
0.00226982
0.00172808
0.000841981
-0.000366566
-0.00165875
-0.00257417
-0.00271516
-0.00204804
-0.000925498
0.00018292
0.000985111
0.00142747
0.00153039
0.00123394
0.000447121
-0.000754149
-0.00201518
-0.00283511
-0.0028586
-0.00208443
-0.000943842
-0.000121203
0.000646934
0.00182377
0.00312003
0.00314055
0.00146277
-0.000910006
-0.00306807
-0.00415825
-0.00374816
-0.00200047
0.000443886
0.00276593
0.00426829
0.00455829
0.00361174
0.00175687
-0.000401197
-0.00215367
-0.00293344
-0.00254293
-0.00200875
-0.000349564
0.00213359
0.00337761
0.00345748
0.0030592
0.000293262
-0.00289472
-0.00456036
-0.00378255
-0.00110899
0.00178865
0.00321245
0.00253728
0.000551984
-0.00117407
-0.00142193
-0.000138765
0.00161409
0.00248879
0.00181939
4.35034e-05
-0.0016697
-0.00225423
-0.0014259
0.000235986
0.00177752
0.00252018
0.00240358
0.00185489
0.00136528
0.00113329
0.00101899
0.000779781
0.000348307
-8.48294e-05
-0.000235778
1.51697e-05
0.000494917
0.00084442
0.000773464
0.000259046
-0.000466003
-0.00111419
-0.0015606
-0.00189339
-0.0022588
-0.00264175
-0.00278916
-0.00237452
-0.00159272
-0.000589782
0.00223229
0.00271344
7.9592e-05
-0.00279033
-0.00377491
-0.00282164
-0.00142277
-0.000717399
-0.000462273
0.000193
0.00133374
0.00203956
0.00150131
8.94976e-05
-0.000923236
-0.000677491
0.00041289
0.00119345
0.00104892
0.000495775
0.000488412
0.00128375
0.00213909
0.00212927
0.00113411
-7.38182e-05
-0.000669387
-0.000578998
-0.000408398
-0.000666847
-0.00119631
-0.00140609
-0.000986291
-0.000281714
5.9073e-05
-0.000262588
-0.000942919
-0.00143695
-0.00148732
-0.00126664
-0.00106831
-0.000965053
-0.000810841
-0.000510511
-0.000179688
5.44263e-06
6.39727e-05
0.000229907
0.000679448
0.00127229
0.00113346
0.00260109
0.000738549
-0.000367576
0.000711617
0.00183978
0.00179416
0.00182378
0.00254252
0.00259103
0.00154964
0.000441921
-3.17605e-05
-0.000315667
-0.000601919
-0.000265576
0.000909269
0.00212661
0.00255459
0.00228665
0.00183479
0.00113271
8.2848e-05
-0.00106456
-0.00199665
-0.00264797
-0.00304889
-0.00315133
-0.00296324
-0.00263505
-0.00227041
-0.00180782
-0.00119616
-0.00138293
-0.000719465
0.00115078
0.00234591
0.00197142
0.000901701
-0.000396548
-0.000653705
0.000845031
0.00311756
0.00382773
0.00265288
0.000270162
-0.00230238
-0.00389399
-0.00378755
-0.00210752
0.00025813
0.00215174
0.00275252
0.00196173
0.000389103
-0.00102035
-0.00150396
-0.000866458
0.000456898
0.0016643
0.00201907
0.00122523
-0.000434647
-0.0022617
-0.00351209
-0.00377154
-0.00312759
-0.00205973
-0.00113649
-0.000709537
-0.000772437
-0.00103589
-0.00114068
-0.000870833
-0.0002396
0.000559189
0.00128473
0.00177346
0.00198731
0.00197653
0.00180159
0.00147878
0.000991168
0.000354804
-0.000316935
-0.00081473
-0.00092196
-0.00054613
0.000193335
0.000991224
0.00149853
0.00150613
0.00106341
0.000458509
6.54783e-05
0.000139682
0.000672228
0.00138301
0.00185858
0.00176497
0.0010255
-0.000129601
-0.00126961
-0.0019717
-0.00202308
-0.00151196
-0.000762822
-0.000155449
7.22314e-05
-6.64781e-05
-0.000337344
-0.000430359
-0.000136665
0.00053663
0.00136924
0.00203983
0.00228437
0.00201837
0.0013644
0.000578782
-7.72706e-05
-0.000452207
-0.000549121
-0.000488507
-0.000420806
-0.000442404
-0.000557903
-0.000698837
-0.000776475
-0.000732737
-0.000562734
-0.000305051
-1.54412e-05
0.000255062
0.000465973
0.000580823
0.000562011
0.00037885
2.85537e-05
-0.000443386
-0.000941521
-0.0013468
-0.00156273
-0.00155794
-0.00138004
-0.00112963
-0.000906173
-0.0007548
-0.000644212
-0.000489303
-0.000206977
0.000225463
0.000742297
0.00120878
0.00147957
0.00146655
0.00118105
0.000728286
0.000257044
-0.000109423
-0.000325571
-0.000432862
-0.000522112
-0.000677478
-0.000917286
-0.00118377
-0.00136955
-0.00137297
-0.00192103
-0.00152197
0.000268789
0.00193033
0.00179157
0.000713996
-0.000565237
-0.00132286
-0.00117865
-0.000276231
0.00082546
0.00147749
0.00129906
0.000375727
-0.000897902
-0.00214197
-0.00248248
-0.00132187
0.0010257
0.00319023
0.0036426
0.00274271
0.00114262
-0.000358116
-0.00106088
-0.000680843
0.000551252
0.00203178
0.00308554
0.00327086
0.00254614
0.00123622
-0.000160213
-0.00120944
-0.00170764
-0.00170599
-0.00141074
-0.00103504
-0.000692448
-0.000383496
-6.4221e-05
0.000263639
0.000509546
0.000531953
0.000235528
-0.000335461
-0.00097384
-0.0013844
-0.00132702
-0.000754798
0.00013216
0.000956745
0.00133226
0.00104987
0.000192602
-0.000884667
-0.00170499
-0.00188088
-0.00128871
-0.000124558
0.00118294
0.00215977
0.00248553
0.00211439
0.001269
0.000319778
-0.00125362
-0.00118406
0.00063582
0.00140969
0.000646474
-0.000693713
-0.00171768
-0.00183149
-0.00112321
-0.000256222
2.55713e-05
-0.00057418
-0.00265784
-0.00175314
-0.00128786
-0.00179446
-0.00148538
0.000144087
0.00183615
0.00185049
-2.61366e-05
-0.00211358
-0.00256143
-0.00122173
0.000361654
0.000703891
-0.000138418
-0.00087895
-0.00054693
0.000539209
0.00131402
0.00120009
0.000595605
0.000231048
0.000328661
0.000553172
0.000645839
0.00081699
0.00137946
0.00213453
0.00236731
0.00156467
6.09673e-05
-0.00115894
-0.00134316
-0.000631985
0.000160799
0.000359164
-2.28838e-05
-0.00046889
-0.000560256
-0.000320148
-3.82445e-05
9.42962e-05
0.000102903
6.23696e-05
-0.000324003
-0.000975365
0.000487632
0.00133957
0.000380557
-0.000419528
-9.12604e-05
0.000866659
0.00114009
0.000134297
-0.00130564
-0.00173817
-0.000792545
0.000405338
0.00180637
0.00298644
0.00209773
0.00025889
-0.000777455
-0.000638495
0.000136149
0.000845803
0.00118418
0.00118412
0.00088162
0.000232955
-0.000638409
-0.00128532
-0.00122146
-0.000444142
0.000388962
0.000443003
-0.000520282
-0.00182286
-0.0023809
-0.00163572
-6.61486e-05
0.00119288
0.00128462
0.000289487
-0.000932592
-0.00150433
-0.00118963
-0.000427869
0.00015984
0.000269366
1.33447e-05
-0.000329992
-0.000577924
-0.000683795
-0.000633958
-0.000411405
-8.07083e-05
0.000162033
0.000117764
-0.000194158
-0.000473278
-0.000365362
0.000193596
0.000852411
0.00109772
0.000684546
-0.000140865
-0.000831405
-0.000973916
-0.000589856
-6.43696e-05
0.000195175
5.82326e-05
-0.000298311
-0.000590949
-0.000648314
-0.000480425
-0.000204188
5.85994e-05
0.00022852
-0.00131604
-0.000960082
0.00160237
0.00289022
0.00189449
-9.82838e-05
-0.00158594
-0.00195721
-0.00137948
-0.000424417
0.000465936
0.00123107
0.00109213
0.00384901
0.00435438
0.00260628
0.00083882
0.000206059
0.000128647
-0.000357584
-0.00123642
-0.00155747
0.000709499
0.00307939
0.00126928
-0.00286961
-0.00584098
-0.00517745
-0.00161755
0.00182425
0.00278407
0.00143093
-0.000267919
-0.00067159
0.000282752
0.00155325
0.00219861
0.00201425
0.00134763
0.000678934
0.000381633
0.000564072
0.000902472
0.000739842
-0.000369944
-0.00206216
-0.00324252
-0.00297994
-0.00141377
0.0002789
0.000896931
0.000236703
-0.000846025
-0.00130261
-0.000772364
0.000306454
0.00126792
0.00177657
0.00188859
0.00175766
0.00142114
0.000853503
0.00011221
-0.000641951
-0.00124507
-0.00160712
-0.0017114
-0.00160803
-0.00143738
-0.00140312
-0.00163108
-0.00201463
-0.0022351
-0.00199633
-0.00142075
-0.00103561
-0.000177742
0.00164986
0.0032316
0.0030436
0.00193672
0.000532099
-0.000510371
-0.000692303
4.65685e-05
0.00123633
0.00183631
0.00122311
0.00145022
0.000693524
-0.00211688
-0.00424992
-0.00395361
-0.0014022
0.00145423
0.00256953
0.00148526
-0.000459882
-0.0014601
-0.000800466
0.000744202
0.00186181
0.00195008
0.00146828
0.00120575
0.00135001
0.00133526
0.000566563
-0.000800904
-0.00187565
-0.0018475
-0.000794411
0.000328138
0.000520332
-0.000386057
-0.00160618
-0.0025556
-0.000627472
-0.000217895
0.000366263
0.00185256
0.00166384
0.000968466
0.00124305
0.00154152
0.00137584
0.00125139
0.00119159
0.00108653
0.00106676
0.000944814
0.000396738
-0.000435092
-0.00108969
-0.00125969
-0.000972237
-0.000552213
-0.000391614
-0.000606068
-0.000945517
-0.00106242
-0.000817332
-0.000346905
9.99999e-05
0.000377479
0.000512038
0.000585843
0.000586075
0.000423598
6.97794e-05
-0.00033632
-0.000560409
-0.000478224
-0.000219266
-9.25611e-05
-0.000337192
-0.000910082
-0.00149849
-0.00174947
-0.00152452
-0.000976816
-0.000409072
-5.02888e-05
6.73023e-05
6.27481e-05
7.26384e-05
0.000159335
0.000317158
0.000526109
0.000771513
0.00101029
0.0011418
0.00104623
0.000582611
-0.000379918
-0.00121376
-0.00118073
-0.000124384
0.00117319
0.00140183
0.000708141
-0.000478495
-0.00171781
-0.00255537
-0.00270233
-0.00211693
-0.000983034
0.000370283
0.00156641
0.00228098
0.00233708
0.00177122
0.000829947
-0.00012238
-0.000751964
-0.000891375
-0.000579191
-1.02839e-05
0.000572485
0.00097293
0.00108409
0.000886312
0.0004269
-0.000185771
-0.000795448
-0.00122638
-0.00133385
-0.00105658
-0.000442752
0.00036405
0.00116942
0.00178137
0.00205608
0.00193181
0.00144965
0.000753245
5.54362e-05
-0.000429306
-0.000565386
-0.000352145
7.53194e-05
0.000503398
0.000727413
0.000628574
0.000210773
-0.000409121
-0.00104509
-0.00150151
-0.00163217
-0.00138512
-0.000820352
-9.1344e-05
0.000606191
0.00109963
0.0012917
0.00117939
0.000837858
0.00038446
-5.7655e-05
-0.000588151
-0.00132707
-0.000758069
0.00111381
0.00150683
0.000465141
-0.000921663
-0.00175419
-0.00161492
-0.000806799
-7.46724e-05
-3.21514e-05
-0.000709409
-0.00153669
-0.00176428
-0.00101494
0.000421053
0.00175342
0.00220516
0.00152096
0.000129897
-0.00113821
-0.00158388
-0.00106166
-2.77847e-05
0.000796569
0.000903469
0.0002979
-0.000561717
-0.00111328
-0.00107526
-0.000602727
-0.000134792
-4.89817e-05
-0.000384119
-0.00081816
-0.000908265
-0.000418111
0.00049742
0.00137652
0.00174407
0.00141529
0.000608272
-0.000202659
-0.000588281
-0.000419299
8.55694e-05
0.000534249
0.000628246
0.000340478
-0.0001044
-0.000415054
-0.000442736
-0.000267901
-0.000112923
-0.000154911
-0.000379733
-0.000583468
-0.000519345
-8.45576e-05
0.000586083
0.00118731
0.00142827
0.00121254
0.000695412
0.000183639
-0.000111868
-0.000283897
-0.00032726
-0.00021355
9.15457e-05
0.000617956
0.00129337
0.00179355
0.0017266
0.00136283
0.000743656
-0.000114626
-0.00106014
-0.00182943
-0.00216039
-0.00192728
-0.00121249
-0.000268729
0.000605363
0.00120037
0.0014641
0.00128399
0.000550356
0.000773648
0.00163382
0.00272084
-1.19133e-05
-0.00282934
-0.00311165
-0.00302333
-0.00233572
-0.000554275
0.000582311
0.00026884
-0.000442582
-0.00076104
-0.000477892
0.000514096
0.00172863
0.00221373
0.00152373
2.27917e-05
-0.00152037
-0.00233649
-0.00204511
-0.000923971
0.00030334
0.000998945
0.000982855
0.000556033
0.000234044
0.000350842
0.000803149
0.00113489
0.000885722
-5.92666e-05
-0.00135222
-0.00251864
-0.00330759
-0.00265793
-0.000271726
0.0020949
0.00233738
0.00120426
-0.000335133
-0.00125441
-0.000998414
0.000214577
0.00156329
0.0021415
0.00150159
-9.47274e-05
-0.00184655
-0.00287989
-0.0027237
-0.00152788
7.39591e-05
0.00134395
0.00182588
0.00152709
0.000827969
0.000210715
-9.6377e-06
0.000181483
0.000560448
0.000838289
0.00083132
0.000538945
0.0001117
-0.00024454
-0.000364045
-0.000176438
0.000281218
0.000878465
0.00142004
0.00169227
0.00153232
0.000906419
-4.13726e-05
-0.00101264
-0.00166324
-0.00175793
-0.00129192
-0.000504347
0.000237512
0.0006281
0.000582761
0.000271922
6.30036e-06
3.84144e-05
0.000398977
0.000869009
0.00110817
0.000864799
0.000103072
-0.0010256
-0.00204665
-0.00248613
-0.00212778
-0.00109048
0.000258891
0.00148412
0.00223299
0.00228335
0.0017744
0.0012337
0.000818217
0.000478561
6.32328e-05
-0.000543929
-0.00131647
-0.00207074
-0.0025481
-0.00254283
-0.00200427
-0.00106222
2.95193e-05
0.000995027
0.00163219
0.00185799
0.00170825
0.00129064
0.000732921
0.000143512
-0.000406315
-0.000881507
-0.0012709
-0.00157029
-0.0017665
-0.00182881
-0.00179851
-0.00185667
-0.00168979
-0.000894732
0.000609032
0.00235037
0.00328923
0.00301378
0.00206802
0.000805083
-0.000924676
-0.00210415
-0.00211833
-0.00088729
0.000761078
0.00147373
0.00131916
0.000616878
-0.000338321
-0.00119842
-0.00169099
-0.00169436
-0.00124206
-0.000474624
0.000425222
0.00128234
0.00195229
0.00232677
0.00233799
0.00197193
0.00128482
0.000404741
-0.000479786
-0.00118482
-0.00157779
-0.00162068
-0.00137473
-0.000966167
-0.000529368
-0.000154383
0.000137893
0.000384203
0.000543309
0.000414168
0.000388913
0.000939167
0.00208239
0.00309104
0.00282555
0.00159446
-7.34601e-05
-0.00171753
-0.00288059
-0.00325005
-0.00275274
-0.00157307
-8.90014e-05
0.0012527
0.00207963
0.00220706
0.00168404
0.000759298
-0.000217062
-0.00104462
-0.00179289
-0.00169922
-0.000226696
0.00183273
0.00250865
0.00175072
0.000171478
-0.00160163
-0.00290166
-0.00327733
-0.00264097
-0.00126403
0.000360057
0.00171627
0.00244708
0.00244606
0.00184493
0.000918102
-4.25017e-05
-0.00082683
-0.00134601
-0.00160958
-0.00166738
-0.00155488
-0.00127317
-0.000811274
-0.000275478
2.35334e-05
0.000211551
0.000543825
0.00110357
0.00163401
0.00147745
0.000441272
-0.000648224
-0.00135646
-0.00145201
-0.000959869
-0.000144389
0.000605805
0.000942741
0.000704986
-1.59805e-05
-0.000915575
-0.00160417
-0.00176912
-0.00130334
-0.000348254
0.000764845
0.00164894
0.00201481
0.00178126
0.00109874
0.000129058
-0.00104941
-0.00119093
-9.33125e-05
0.00293739
0.00230175
0.000460373
3.6265e-05
-0.00108726
-0.00233552
-0.00192345
-0.000729592
2.4733e-05
0.000574782
0.000989817
0.000943461
0.000750019
0.000885032
0.00123028
0.00144442
0.00132748
0.000627571
-0.00087443
-0.00242136
-0.00296567
-0.00201631
-7.80928e-05
0.00148659
0.0022936
0.00225262
0.00136248
-2.1817e-05
-0.00133975
-0.00205568
-0.0018873
-0.000928992
0.000402661
0.00156609
0.00212863
0.00193343
0.00113271
8.21923e-05
-0.000838322
-0.00138197
-0.00149937
-0.00129746
-0.000933964
-0.000517845
-7.39349e-05
0.000416284
0.000935552
0.00137481
0.00154745
0.00127735
0.000515547
-0.000584156
-0.00168475
-0.00238717
-0.0024034
-0.00169908
-0.000530999
0.000647042
0.0013732
0.00137664
0.000694723
-0.000346624
-0.00127999
-0.00170273
-0.00144769
-0.000642985
0.000360774
0.0011556
0.00145336
0.00119498
0.000548605
-0.000191026
-0.000745397
-0.000966626
-0.000874148
-0.000607481
-0.00033061
-0.000143249
-4.39564e-05
4.24187e-05
0.000196424
0.00043865
0.000706175
0.000883627
0.000869849
0.000641056
0.00027352
-8.85157e-05
-0.000303709
-0.000305719
-0.000137789
6.94571e-05
0.000126528
-0.000192644
-0.000793478
-0.00140758
-0.00179272
-0.00167008
-0.000915604
0.00033158
0.00166518
0.00253479
0.0029122
0.00290233
0.00250893
0.00173746
0.000670363
-0.00028848
-0.000973321
-0.00136186
-0.00149504
-0.00144022
-0.00126275
-0.00101359
-0.000730064
-0.00044063
-0.000243846
-0.000369196
-0.000515423
-0.000206242
0.000789407
0.00218143
0.00305719
0.0028756
0.00206489
0.000813203
-0.000600967
-0.00183711
-0.00257866
-0.00262476
-0.0019585
-0.000765255
0.000611326
0.00176624
0.00235396
0.00219363
0.00132333
-1.41987e-05
-0.00144818
-0.00259143
-0.00314974
-0.00299594
-0.00219003
-0.000946897
0.000431967
0.00163852
0.0024282
0.002666
0.00234404
0.00157279
0.000550938
-0.000480191
-0.00129091
-0.00171726
-0.00170285
-0.0013157
-0.000730888
-0.000179018
0.000127421
6.74509e-05
-0.000340994
-0.000939028
-0.00147469
-0.0016871
-0.00139907
-0.000585784
0.000605217
0.0018905
0.00293193
0.00343567
0.00323705
0.00234591
0.000941085
-0.00068025
-0.00218018
-0.00326098
-0.00372854
-0.00352542
-0.00273074
-0.00153167
-0.000176453
0.0010801
0.00202776
0.00253961
0.00259139
0.00225734
0.00168339
0.00104369
0.00049167
0.000119504
-6.18203e-05
-0.00011547
-0.000147125
-0.000259573
-0.000509355
-0.00088072
-0.00128604
-0.00159251
-0.0016659
-0.0014165
-0.000832145
1.15643e-05
0.000966531
0.00184725
0.00247521
0.00272044
0.00253026
0.00193952
0.00106138
6.16263e-05
-0.000876096
-0.00158756
-0.001972
-0.00203005
-0.00180441
-0.00138574
-0.000896149
-0.000455824
-0.000151562
-1.62013e-05
-2.44164e-05
-0.000105544
-0.000168764
-0.000132369
5.18601e-05
0.000385818
0.000826027
0.00129594
0.00170393
0.0019606
0.00199044
0.00177688
0.00143831
0.00104247
0.000640756
0.00027976
-6.56116e-06
-0.000202467
-0.000313244
-0.000364391
-0.000396376
-0.000455003
-0.000578953
-0.000787612
-0.0010731
-0.00139974
-0.00171195
-0.00194896
-0.00206169
-0.00202668
-0.00185243
-0.00194707
-0.0016778
0.000604938
-0.000204122
-0.00170735
-0.00142678
0.000239915
0.00104813
0.000192097
-0.000736088
-0.000138351
0.00145355
0.0023337
0.00201362
0.00166664
0.00194366
0.00265018
0.00467341
0.00325215
0.000407004
-0.000513236
0.000622078
0.00131098
-3.47032e-05
-0.00216001
-0.00285581
-0.00181091
-0.000754092
-0.00107139
-0.0021795
-0.00254314
-0.00170421
-0.000689215
-0.000537272
-0.00102808
-0.00113605
-0.000407463
0.000543069
0.000887167
0.000565185
0.000211675
0.000284652
0.000562169
0.000546399
0.000152662
-0.000183368
-3.41982e-05
0.000553058
0.00117763
0.00156624
0.0018103
0.00212841
0.0024463
0.00251452
0.00211011
0.00132856
0.000481203
-0.00034668
-0.0015263
-0.00258951
-0.00280238
-0.00204938
-0.00141729
-0.00155644
-0.00197358
-0.00237188
-0.00230179
-0.00144387
9.56826e-05
0.00178061
0.003111
0.00389951
0.00407913
0.0036153
0.00256242
0.00115404
-0.000198734
-0.00108885
-0.00135252
-0.001144
-0.000783423
-0.000538777
-0.000528743
-0.000758387
-0.00116277
-0.00159176
-0.00180989
-0.00187463
-0.00166796
0.000833981
0.00247704
0.0015361
9.11389e-05
-0.000345352
0.000228834
0.000539753
-0.000381995
-0.00205033
-0.00300569
-0.0023479
-0.000678675
0.000489707
0.000193446
-0.00114279
-0.00224334
-0.0022392
-0.00135635
-0.00044929
-2.83215e-06
0.000314686
0.00114103
0.00257502
0.00392856
0.00433815
0.0035962
0.00235688
0.00152863
0.00147528
0.00179302
0.0018119
0.00125703
0.000412407
-0.000300504
-0.000814807
-0.00144458
-0.00244597
-0.00361534
-0.00437465
-0.00427095
-0.00367085
-0.00299561
-0.000519577
0.000546647
-0.000655905
-0.00154376
-0.000705487
0.00127482
0.00262701
0.00236581
0.00126024
0.000858542
0.00172719
0.00281396
0.00268075
0.00102823
-0.000978999
-0.00187785
-0.00129566
-0.000140079
0.000489829
0.000432079
0.000462313
0.00127511
0.00261252
0.00345926
0.00310987
0.0020176
0.00113364
0.00102417
0.00135868
0.00130433
0.00039641
-0.00103266
-0.00225799
-0.00290169
-0.00321433
-0.00365716
-0.00430035
-0.00470593
-0.00439998
-0.00340154
-0.00224001
-0.00145652
-0.00112011
-0.000841283
-0.000225386
0.000730444
0.00166237
0.0021899
0.00236788
0.00252163
0.00285544
0.003248
0.00341593
0.00324729
0.00293586
0.00277299
0.00281587
0.00276439
0.00223079
0.00129765
0.000184383
-0.000885628
-0.00182836
-0.00271923
-0.00362214
-0.00443173
-0.00490956
-0.00488039
-0.00438531
-0.00363948
-0.0028468
-0.0020609
-0.00121683
-0.000274241
0.000691431
0.00153858
0.00218028
0.0026374
0.0029698
0.00316892
0.00313484
0.00276724
0.00207781
0.00121094
0.000355236
-0.000365358
-0.000922895
-0.00132988
-0.00157354
-0.00161325
-0.0014344
-0.00108839
-0.000666268
-0.000229787
0.000228598
0.000754509
0.00136014
0.00198233
0.00250725
0.00283307
0.00291094
0.00273633
0.00231654
0.00165897
0.000792941
-0.00020556
-0.00136526
-0.00284339
-0.00364892
-0.00309568
-0.00224812
-0.00279269
-0.00394355
-0.00573466
-0.00611927
-0.00418083
-0.0010322
0.00110047
0.00224523
0.00251898
0.00233884
0.00229148
0.00281536
0.00396529
0.00537065
0.00640993
0.00651875
0.00547752
0.0035301
0.0012708
-0.000639685
-0.00177885
-0.00213175
-0.00204771
-0.0020208
-0.00241567
-0.0032769
-0.00430939
-0.005031
-0.00501822
-0.00412502
-0.00256863
-0.000839601
0.00052134
0.00116991
0.0011051
0.000643674
0.000239267
0.000242602
0.000726592
0.00146156
0.00204587
0.00211969
0.00155317
0.000518003
-0.000588713
-0.00132859
-0.00142437
-0.00088378
1.36467e-05
0.000858292
0.00130945
0.00125257
0.000838301
0.000387915
0.000217664
0.000473125
0.00105574
0.00167409
0.00198958
0.00178188
0.00105353
2.5772e-05
-0.00096861
-0.00164072
-0.00187312
-0.00175883
-0.00153597
-0.001454
-0.00164066
-0.0020366
-0.0024283
-0.00255962
-0.00226332
-0.00154638
-0.000588452
0.000342592
0.00101392
0.0013287
0.00135706
0.00128515
0.00131065
0.0015381
0.0019263
0.00231227
0.00249799
0.00235428
0.00188914
0.00124684
0.000639637
0.000247996
0.000138774
0.000241854
0.000393608
0.000423248
0.000238329
-0.000132567
-0.000559502
-0.000881505
-0.00099104
-0.000889836
-0.000688364
-0.000549922
-0.000608028
-0.000898711
-0.00134103
-0.00177451
-0.00203385
-0.00202366
-0.00175727
-0.00155744
-0.00172542
-0.000611289
0.00124386
0.000949527
-0.000333631
-0.00117119
-0.000631862
0.00115413
0.00311804
0.00407272
0.0035801
0.00221492
0.00106406
0.000884941
0.00157525
0.00232839
0.00230623
0.00128228
-0.000229169
-0.00141566
-0.00179796
-0.00155084
-0.00128997
-0.0015312
-0.00226937
-0.00300409
-0.00316514
-0.00258117
-0.00161497
-0.00086935
-0.000710723
-0.000992543
-0.0011913
-0.000837735
0.000101077
0.00118514
0.0018308
0.00174452
0.00112848
0.000511121
0.000345292
0.000684997
0.00117744
0.00135778
0.00100835
0.000310697
-0.000308606
-0.000501599
-0.000238579
0.000207417
0.000497004
0.000483567
0.000296383
0.0002004
0.0003616
0.000710318
0.00100411
0.00102739
0.00076033
0.000382735
0.000117093
4.33289e-05
3.62255e-05
-0.000125948
-0.000570799
-0.00121206
-0.00179571
-0.00207605
-0.00198619
-0.00167412
-0.00138123
-0.00140713
-0.00197363
-0.00188146
-0.000296753
0.00151485
0.00183673
0.00134033
0.00057435
0.000174703
0.000563817
0.00169027
0.00303576
0.00389866
0.00379377
0.00273151
0.00120939
-7.69223e-05
-0.000626815
-0.000535186
-0.000473083
-0.000162205
0.000669918
0.00114388
-0.000133909
-0.00208906
-0.00366954
-0.00420188
-0.00351862
-0.00199134
-0.000321711
0.000793811
0.00097073
0.000286495
-0.000781905
-0.00159788
-0.00167233
-0.000896739
0.000408451
0.00165566
0.00228472
0.00204252
0.00110413
-6.15062e-05
-0.00100816
-0.00134744
-0.000991541
-0.000179359
0.000701019
0.00133637
0.00162251
0.00163617
0.00147087
0.00116851
0.0010359
0.00105038
0.000986839
0.000644567
-4.18181e-05
-0.000969835
-0.00191621
-0.00262963
-0.00292432
-0.00273997
-0.00215252
-0.00133883
-0.000511049
0.00015537
0.000574077
0.000760812
0.000802594
0.000798705
0.000803613
0.000801478
0.000724755
0.000504619
0.000123179
-0.000362318
-0.000835469
-0.00116572
-0.00125677
-0.00107502
-0.000650116
-5.58162e-05
0.000613491
0.0012604
0.00179599
0.00215079
0.00226569
0.00207061
0.00162242
0.00103797
0.000433942
-0.000107701
-0.000551027
-0.000890039
-0.00111865
-0.00121062
-0.00112876
-0.000865358
-0.000495584
-0.000140388
0.000258766
0.000616521
0.00080364
0.000752048
0.000479194
7.43463e-05
-0.000344425
-0.000681177
-0.000897538
-0.00101765
-0.00111312
-0.00127644
-0.00151326
-0.00174877
-0.00185769
-0.00171372
-0.00124729
-0.000484779
0.00045163
0.00138624
0.00215638
0.00267179
0.00293766
0.00303005
0.0030367
0.00299469
0.00285784
0.00251085
0.00183141
9.41637e-05
-0.00100683
-0.00076478
-0.00044422
-0.0014258
-0.00278238
-0.00396725
-0.00442318
-0.00389925
-0.00259426
-0.0010244
0.000265839
0.000977747
0.00116064
0.00108643
0.000979991
0.00104643
0.00138197
0.00160751
0.0012999
0.000277259
-0.00126222
-0.00281137
-0.00379586
-0.00385487
-0.0030105
-0.0016389
-0.00026464
0.000706449
0.00117213
0.00134233
0.00157571
0.00214159
0.00304129
0.00398676
0.00454666
0.00437356
0.00339978
0.00188133
0.00028028
-0.000955117
-0.00159493
-0.00171137
-0.00160358
-0.00161033
-0.00191502
-0.0024478
-0.00293388
-0.00305714
-0.00264651
-0.0017829
-0.000769151
1.93727e-05
0.000322601
0.000122099
-0.000358967
-0.000778643
-0.000853601
-0.000496641
0.00015555
0.00083337
0.00128968
0.00143329
0.00136949
0.00132938
0.00152982
0.00204229
0.00274124
0.0033584
0.00361257
0.00334528
0.00259245
0.00155777
0.000506589
-0.00036101
-0.000991131
-0.001472
-0.0020122
-0.00288764
-0.00391598
-0.00465286
-0.00466065
-0.00374516
-0.0025099
-0.00088164
0.00203876
0.0012961
-0.000316356
-0.000270592
0.000921789
0.00114223
4.27699e-05
-0.000551643
0.000557377
0.00223393
0.0026826
0.00184386
0.00116448
0.00140359
0.00172644
0.00113005
-9.66032e-05
-0.000901593
-0.00097946
-0.00102073
-0.00150757
-0.00193069
-0.00151002
-0.000288911
0.000927878
0.00157432
0.0018162
0.00199593
0.00199502
0.00143639
0.000328536
-0.000837701
-0.00165483
-0.00219769
-0.00273844
-0.00325278
-0.00341703
-0.00303891
-0.00228664
-0.00144713
-0.000619641
0.000233177
0.00102817
0.00153017
0.00160674
0.00140263
0.00119247
0.00111791
0.00113869
0.00119834
0.00133116
0.00157681
0.0018669
0.00206674
0.00210842
0.00202152
0.00182863
0.00146784
0.000856987
1.18866e-05
-0.000933694
-0.00203273
-0.0033248
-0.00297194
-0.00144692
-0.0016851
-0.0026889
-0.00325946
-0.00263062
-0.000944058
0.000735673
0.00111973
0.000397374
-0.000225769
0.000224436
0.00130965
0.00199636
0.00212072
0.00131458
-0.000107086
-0.00122227
-0.00113431
0.000352829
0.00170759
0.00358271
0.00542903
0.00500277
0.00213359
-0.00114274
-0.0033156
-0.00373078
-0.00275987
-0.00134987
-0.000346549
-6.11234e-05
-0.000283619
-0.000604482
-0.000743921
-0.000673093
-0.000519332
-0.000400385
-0.0003366
-0.000281759
-0.000203076
-0.000117671
-5.93419e-05
-3.00275e-05
-3.33282e-06
1.8169e-05
-6.23783e-05
-0.000428796
-0.00104797
-0.00164677
-0.00182479
-0.00128679
-7.83798e-05
0.00136049
0.00240394
0.00260112
0.00194784
0.000869056
0.000136176
0.000381531
0.00145656
0.00267596
0.00324211
0.00271791
0.00125798
-0.000533191
-0.00199705
-0.00279514
-0.00302489
-0.0030358
-0.0031199
-0.00331427
-0.00337048
-0.00300384
-0.00214869
-0.00103507
-4.66817e-05
0.000530379
0.000686513
0.000674267
0.000819935
0.00129685
0.0020113
0.00266599
0.00294647
0.00270563
0.00203793
0.00121131
0.000519862
0.000149799
0.00021272
0.000621951
0.00114857
0.00155478
0.00167444
0.00145877
0.000982016
0.000403939
-0.000101125
-0.000421517
-0.000554808
-0.000597228
-0.0006807
-0.000895218
-0.0012448
-0.0016625
-0.00206813
-0.00242182
-0.00273087
-0.00300538
-0.00320117
-0.0032034
-0.0028764
-0.00215424
-0.00110937
5.56412e-05
0.00109913
0.00186167
0.00234068
0.00266831
0.00300563
0.0034209
0.00383043
0.00403964
0.00385711
0.00321018
0.00219279
0.000820681
-0.000851873
-0.00116263
-8.88676e-06
-0.000105181
-0.00138133
-0.00270681
-0.00317622
-0.00243448
-0.000932704
0.000378254
0.000688797
-0.000139753
-0.00150967
-0.0025111
-0.00253213
-0.00164083
-0.000497885
0.000116729
-0.000172003
-0.00110846
-0.00200983
-0.00223656
-0.00160153
-0.00045195
0.000605528
0.0011266
0.00110444
0.000924087
0.00105048
0.0016817
0.00228684
0.00266993
0.00264164
0.00235634
0.00218398
0.00240942
0.00288581
0.00299575
0.00257065
0.00147414
-0.000301652
-0.002392
-0.0042136
-0.00525746
-0.00533519
-0.00463185
-0.00354945
-0.00245809
-0.00151941
-0.000683446
0.00016522
0.00103534
0.00176242
0.00209583
0.00187537
0.00116881
0.000270827
-0.000446537
-0.000724422
-0.000541895
-8.83279e-05
0.000384605
0.000727199
0.000962745
0.00122494
0.00147388
0.00140998
0.00166017
0.00265882
0.00354693
0.00268748
0.000774742
-0.00122721
-0.00255536
-0.00278674
-0.00198833
-0.000628123
0.000675968
0.00112215
0.000755533
-0.000129028
-0.00101425
-0.00145521
-0.00128464
-0.00113876
-0.00116461
-0.00118545
-0.000871176
-0.000385804
-0.000225323
-0.000910999
-0.00181914
-0.00234709
-0.00216141
-0.00119248
0.000323707
0.00194354
0.00321068
0.0038505
0.00386366
0.003473
0.00295971
0.0024874
0.00201756
0.00136492
0.000356835
-0.00100107
-0.00245618
-0.00358567
-0.0039794
-0.0034453
-0.00211685
-0.000418513
0.00109679
0.00195866
0.0019441
0.0011326
-0.000155859
-0.00149737
-0.00251107
-0.00296296
-0.0028023
-0.00213686
-0.00117052
-0.000130779
0.000792259
0.00148016
0.00189852
0.0020637
0.00201328
0.00177205
0.00134314
0.000730033
-2.19767e-05
-0.000791989
-0.00138689
-0.00159491
-0.00127406
-0.000435118
0.000726693
0.00187782
0.00265949
0.002822
0.00232044
0.00132774
0.000159552
-0.000853663
-0.001489
-0.00169586
-0.00158156
-0.00133456
-0.00112814
-0.00105009
-0.00108491
-0.00114642
-0.00113576
-0.000993129
-0.000720622
-0.000371582
-1.81999e-05
0.000283504
0.000514783
0.00069395
0.00085776
0.00103454
0.00122175
0.00137842
0.00143734
0.00133401
0.00104166
0.000221269
-0.00018562
0.00125272
-0.000402434
-0.00175761
-0.000653944
0.00133745
0.00167113
0.000503918
-0.000101192
0.000437355
0.000619346
-0.000492087
-0.00179129
-0.00188644
-0.00109135
-0.000708257
-0.0010296
-0.00114287
-0.000998578
-0.000685601
-0.000538501
-9.57429e-05
0.00104879
0.00205493
0.00185695
0.000708966
-0.000700156
-0.00164292
-0.00198832
-0.00193428
-0.00144422
-0.000326625
0.00124465
0.00236121
0.00271643
0.0024163
0.0018703
0.0013153
0.000769059
0.000229282
-0.000347635
-0.00084928
-0.00102472
-0.00103132
-0.000957456
-0.000813946
-0.000676749
-0.000680702
-0.000862999
-0.00110095
-0.00123582
-0.00120097
-0.000997571
-0.000655307
-0.000306109
9.96936e-05
0.000619036
0.0012535
0.00194937
0.00253792
0.00267463
0.00190771
0.000447316
-0.00112955
-0.00244215
-0.00320479
-0.00326816
-0.00262468
-0.00141107
0.000103883
0.00158266
0.00272028
0.00332396
0.00333514
0.00281282
0.00190926
0.000837684
-0.000180665
-0.000976359
-0.00146511
-0.0016417
-0.00155486
-0.00128606
-0.000932753
-0.000586746
-0.000311373
-0.000131849
-4.21628e-05
-1.71723e-05
-2.08125e-05
-1.43189e-05
2.96249e-05
0.000112317
0.000206202
0.000267621
0.000257095
0.00015723
-1.59422e-05
-0.000210231
-0.000347251
-0.000346888
-0.000158919
0.000212292
0.000701046
0.00119323
0.000626684
0.00270253
0.00211836
0.000517467
0.000163436
-0.00170444
-0.00166282
-0.000624212
-0.00134146
-0.0030294
-0.00254665
0.000131936
0.00184408
0.00130124
0.000600416
0.00137696
0.00242287
0.00200627
0.000411411
-0.000929388
-0.00145866
-0.00162816
-0.00182969
-0.00202173
-0.00200866
-0.00157703
-0.000642628
0.00044878
0.0010904
0.00111943
0.00102257
0.00120358
0.00139015
0.00109074
0.000375704
-0.000194821
-0.000319058
-0.000261618
-0.000384439
-0.000658941
-0.000772323
-0.000554
-0.000146155
0.000200567
0.00039173
0.000528802
0.000724621
0.00091886
0.000122671
-0.000155434
0.000712883
0.00133327
0.000445055
-0.00106293
-0.00249001
-0.00308113
-0.00244243
-0.000851716
0.000886465
0.00195961
0.00202773
0.00132866
0.000419895
-0.00018586
-0.000260838
8.71339e-05
0.00051018
0.000608728
0.000159975
-0.000712004
-0.00155276
-0.00182459
-0.00125085
-1.50402e-05
0.00101444
0.00161314
0.00362525
0.0026697
-8.66613e-05
-0.00157786
-0.000801546
0.00069937
0.000996359
-1.14762e-05
-0.000902953
-0.000780965
-0.000297632
-0.000521992
-0.00135055
-0.00158385
-0.000508537
0.00109129
0.00176638
0.00102226
-0.000220322
-0.000759882
-0.000388265
0.000134851
0.00015294
-0.000190636
-0.000370158
-0.000280931
-0.000327687
-0.000749498
-0.00114659
-0.000875427
0.000162897
0.00131729
0.00181639
0.00149417
0.000820101
0.000307459
4.5861e-05
-0.000173043
-0.00043851
-0.000594614
-0.000514078
-0.000333559
-0.000309573
-0.000467522
-0.000520909
-0.000188164
0.000457898
0.00101542
0.00111866
0.000736341
0.000118671
-0.000474258
-0.000933468
-0.00123416
-0.00132225
-0.00114582
-0.000777886
-0.000425314
-0.000261522
-0.000258667
-0.000218474
2.21259e-05
0.000429322
0.000813234
0.00100261
0.000962407
0.000764665
0.000495706
0.000218561
-2.43609e-06
-9.84522e-05
-5.17239e-05
5.84797e-05
0.000101107
7.47805e-06
-0.000158929
-0.000252924
-0.000170394
7.26371e-05
0.000364293
0.000579306
0.000638727
0.000519232
0.000243916
-0.000117997
-0.00045875
-0.000673398
-0.000719107
-0.000639288
-0.000522591
-0.00043005
-0.000355755
-0.000251331
-8.29558e-05
0.000133133
0.000339036
0.000467712
0.00047123
0.000336959
9.78353e-05
-0.000166374
-0.000350752
-0.000371362
-0.000210262
7.49439e-05
0.000386322
0.000638934
0.000794336
0.000858103
0.000855036
0.00080556
0.000715235
0.000575589
0.000372192
9.89901e-05
-0.00022515
-0.000549439
-0.000804806
-0.000934828
-0.000924336
-0.000805297
-0.000636422
-0.000574691
-0.000602986
-0.000704272
-0.000821443
-0.000894319
-0.000878821
-0.000757857
-0.000540491
-0.000249819
9.29603e-05
0.000475945
0.000887035
0.00129106
0.00160735
0.00175
0.00180506
0.00178169
0.00165532
0.00142148
0.00109505
0.000702219
0.000269562
-0.000183695
-0.000645549
-0.00110282
-0.00153033
-0.00188664
-0.00212154
-0.00219279
-0.00208326
-0.00180902
-0.001415
-0.000960834
-0.00050362
-8.45634e-05
0.000276136
0.000575305
0.00081699
0.00100288
0.00112856
0.00118738
0.00117832
0.00111168
0.00100798
0.000890237
0.000773998
0.000660891
0.000538986
0.000389864
0.000199002
-3.53483e-05
-0.000298892
-0.000565147
-0.000804295
-0.000992327
-0.00111579
-0.00117034
-0.00115522
-0.00106804
-0.000903718
-0.000658528
-0.000336969
4.25087e-05
0.000446413
0.000831083
0.00115205
0.00137425
0.00147908
0.00146567
0.00134688
0.00114271
0.000874818
0.000564194
0.000231829
-9.98283e-05
-0.000407021
-0.00066752
-0.000865277
-0.000994602
-0.00106139
-0.00108016
-0.00106772
-0.001036
-0.000987308
-0.000914137
-0.000803416
-0.000643143
-0.000428251
-0.00016339
0.000137981
0.000457332
0.000773096
0.00106601
0.00131759
0.00150986
0.00162517
0.00164766
0.00156663
0.00138026
0.00109809
0.000740635
0.000336075
-8.4911e-05
-0.000494051
-0.000868482
-0.00119119
-0.00144961
-0.00163385
-0.00173615
-0.00175182
-0.0016814
-0.00153225
-0.00131854
-0.00105898
-0.00158654
-0.00115926
0.00064547
0.00187273
0.00146238
0.000419489
-0.000447559
-0.000500696
0.000380751
0.00174634
0.00285568
0.00311693
0.00242106
0.00118164
7.00134e-05
-0.000386519
-0.00010286
0.000539349
0.000943656
0.000668199
-0.000308891
-0.00158007
-0.00255136
-0.00278698
-0.00225104
-0.00131006
-0.000504354
-0.000230504
-0.000523034
-0.00105755
-0.00136353
-0.00111326
-0.000314729
0.000700481
0.0014787
0.00147682
0.000592602
0.000934871
0.00215731
0.00162961
0.000560912
1.12519e-05
0.00046341
0.00150058
0.00213825
0.00164248
0.000158166
-0.0013719
-0.00193738
-0.00125573
2.7221e-06
0.00073816
0.000279367
-0.00109536
-0.00258357
-0.00308132
-0.00229828
-0.000808123
0.000430029
0.000827109
0.000571011
0.000384072
0.00083829
0.0017993
0.00279961
0.00318958
0.00253856
0.00108643
-0.000456148
-0.00142746
-0.00163997
-0.00141196
-0.00123178
-0.00135252
-0.00163243
-0.00171103
-0.00134057
-0.000592251
0.000213297
0.000765431
0.000818551
0.000276718
0.00051257
0.00210095
0.00301796
0.00202416
0.000120668
-0.00167718
-0.00243114
-0.00183762
-0.00041309
0.000850004
0.00113332
0.000318122
-0.000959391
-0.00174942
-0.00142236
-7.36966e-05
0.00155317
0.00255136
0.00240824
0.00127943
-0.000167599
-0.00120083
-0.0016256
-0.0018429
-0.0010995
0.000574292
0.000891459
-0.000711425
-0.0027211
-0.00388623
-0.00345023
-0.0015374
0.000958272
0.00289663
0.00351426
0.00280368
0.00145819
0.000434743
0.000391163
0.00131408
0.00254241
0.00316809
0.00258199
0.000848125
-0.00131417
-0.00293342
-0.00333891
-0.00253543
-0.00117604
-0.000151226
-4.68079e-05
-0.000802718
-0.00177862
-0.00217816
-0.00156145
-0.000125104
0.00105026
0.00325005
0.00169455
0.000330073
0.000102926
-0.000457884
-0.00104895
-0.000297978
0.00110209
0.00144193
0.000700337
-3.46682e-05
-0.000424993
-0.000595513
-0.000241247
0.000767823
0.00175857
0.00201311
0.0015507
0.000786095
5.62869e-06
-0.00056629
-0.000711338
-0.000500221
-0.00068964
-0.00127047
-0.00196714
-0.00230125
-0.00196514
-0.000998106
7.43231e-05
0.00077397
0.00113977
0.00100285
0.000419514
-0.00033434
-0.00088824
-0.000936535
-0.000397919
0.00052457
0.00145362
0.00204248
0.00213086
0.0017784
0.00118764
0.00056785
1.70271e-05
-0.000500157
-0.00106658
-0.00169221
-0.0022524
-0.00252714
-0.00231679
-0.00156725
-0.000429461
0.000787443
0.0017454
0.00221546
0.00215222
0.00167641
0.000989407
0.000274403
-0.000362189
-0.000886916
-0.0012921
-0.00154823
-0.00159201
-0.00135789
-0.000831567
-8.96621e-05
0.000702674
0.00134096
0.00165552
0.001575
0.00114951
0.00052435
-0.000121128
-0.000639215
-0.000954635
-0.00106629
-0.00101739
-0.000856762
-0.000615325
-0.000308924
4.00712e-05
0.000382633
0.00064382
0.000749466
0.000665404
0.000425218
0.000126951
-0.000103567
-0.000165651
-2.60396e-05
0.000270378
0.00062453
0.000926361
0.00109365
0.00108901
0.000913082
0.000586254
0.000135354
-0.000405578
-0.000984217
-0.00156719
-0.00220798
-0.00271513
-0.00281803
-0.00232319
-0.00120107
0.000366349
0.00197864
0.00305333
0.00329913
0.00301157
0.00229934
0.00130076
0.000186034
-0.000866722
-0.00169359
-0.0021663
-0.00221235
-0.00197168
-0.00178712
-0.000870968
0.0012701
0.00339551
0.00364775
0.00267689
0.00114106
-0.000280641
-0.00110436
-0.00123919
-0.000970404
-0.000752423
-0.000929796
-0.00153513
-0.00243306
-0.00339055
-0.00293201
-0.000422536
0.00222818
0.00317007
0.00281037
0.00158929
0.000224176
-0.000640543
-0.000738799
-0.000256105
0.000342294
0.000610695
0.000375518
-0.000191329
-0.000701723
-0.000794339
-0.000347832
0.000450117
0.00121435
0.00156276
0.00131639
0.000575079
-0.000353307
-0.0011204
-0.00150419
-0.00148855
-0.00122537
-0.000916165
-0.000689779
-0.000545446
-0.000385164
-0.000104703
0.000318827
0.000797432
0.00117609
0.0013199
0.00118972
0.000861009
0.000476848
0.000165928
-2.37557e-05
-0.000136396
-0.000260751
-0.000455634
-0.000696992
-0.000879801
-0.000878935
-0.000628658
-0.000174235
0.000337884
0.000728546
0.000875394
0.000772536
-0.000432793
0.00034996
0.00181498
0.00110889
-0.000422197
-0.0014699
-0.00133166
-0.000421217
0.000203164
-0.000128757
-0.00106638
-0.00156667
-0.000864757
0.000796291
0.00232432
0.00267685
0.00171145
0.000264977
-0.000576976
-0.000372024
0.000376546
0.000720852
0.000102617
-0.00119408
-0.00231466
-0.00254482
-0.00183773
-0.000749724
8.77445e-05
0.000458998
0.000610437
0.000879471
0.00129987
0.00155877
0.0013242
0.000611598
-0.000169852
-0.000544777
-0.000377858
1.12719e-05
0.000133874
-0.000229149
-0.000819194
-0.00110538
-0.000730295
-0.000795221
0.00121097
0.00309454
0.00198132
-0.000355673
-0.00198896
-0.00186512
-0.000524333
0.000553605
0.00034097
-0.000876778
-0.00187411
-0.00166233
-0.000367563
0.000947727
0.001288
0.000603213
-0.000237025
-0.000300203
0.000535204
0.00147949
0.00156948
0.000557494
-0.00084613
-0.00157637
-0.00111392
0.000103364
0.000256804
0.000507203
0.00134215
0.0013488
0.000406054
-0.000392541
-0.000769359
-0.00074849
-0.000450023
-2.9646e-07
0.000407997
0.000484993
1.73957e-06
-0.000944375
-0.00183417
-0.00199437
-0.00109968
0.000486139
0.00186309
0.00219605
0.00133088
-6.27648e-05
-0.000962152
-0.000735239
0.000404204
0.00157148
0.001872
0.00104233
-0.0003961
-0.00154854
-0.00178153
-0.00110991
-9.62199e-05
0.000599066
0.000653081
0.00021108
-0.000311304
-0.000547208
-0.000381651
5.34227e-05
0.000516482
0.000793942
0.000768263
0.000433688
-0.000101331
-0.000628348
-0.000906592
-0.000788382
-0.000332377
0.000197365
0.000483752
0.000374313
2.77431e-06
-0.000294623
-0.000224359
0.000235001
0.000797294
0.00106311
0.000804233
0.000127788
-0.000599018
-0.00100275
-0.000946612
-0.000591572
-0.000248607
-0.000146723
-0.000288325
-0.000481302
-0.000501238
-0.000253407
0.000174654
0.000585754
0.000800744
0.000751692
0.000495486
0.000163174
-0.000109652
-0.000235559
-0.000199668
-5.78373e-05
8.98144e-05
0.000147435
7.78254e-05
-6.91955e-05
-0.000182037
-0.000161385
2.21194e-06
0.000205722
0.000292123
0.000156972
-0.000170872
-0.000535656
-0.000748945
-0.00109959
-0.00123964
-0.00103702
-0.000402134
0.000580931
0.00157047
0.00194911
0.00174701
0.00130199
0.000669085
-8.45592e-05
-0.000836992
-0.0014191
-0.00166704
-0.00149038
-0.000916994
-9.15843e-05
0.000769287
0.00144424
0.00177072
0.0016861
0.00123696
0.000555816
-0.000185465
-0.000828511
-0.00126672
-0.00145562
-0.00139772
-0.00111956
-0.000661043
-8.39635e-05
0.000513428
0.000998785
0.00123878
0.00115312
0.000759495
0.000179164
-0.000405703
-0.000822488
-0.000969748
-0.000840505
-0.000502635
-5.63731e-05
0.00040286
0.000799371
0.00107281
0.00117081
0.00105336
0.000710788
0.000183611
-0.000431497
-0.000998644
-0.00137913
-0.00147378
-0.00125489
-0.000775829
-0.000155119
0.000458979
0.000930748
0.00117143
0.00115478
0.00091122
0.000507561
2.46435e-05
-0.000456804
-0.000860186
-0.00111389
-0.00115854
-0.00096433
-0.000551069
3.14969e-07
0.000562685
0.000996445
0.00119413
0.00111444
0.000791213
0.000315503
-0.000198126
-0.000644843
-0.0009501
-0.00107498
-0.00101201
-0.000779387
-0.000417996
1.0131e-05
0.000426611
0.000748506
0.000906576
0.000864809
0.000633689
0.000270957
-0.000132154
-0.000475633
-0.000678359
-0.000699318
-0.000545421
-0.000264448
7.24695e-05
0.000390958
0.00062895
0.000744626
0.0007184
0.000552854
0.000273112
-7.33564e-05
-0.000421124
-0.000698214
-0.000843449
-0.000824157
-0.000646825
-0.000355619
-1.76483e-05
0.000290824
0.000512646
0.000614916
0.000593369
0.000468144
0.000275967
6.25081e-05
-0.000125637
-0.000248388
-0.000279069
-0.000210399
-5.77571e-05
0.000142297
0.000339296
0.000480994
0.000527249
0.000461319
0.000294662
6.34934e-05
-0.000181636
-0.000389467
-0.000520269
-0.000553302
-0.000615333
-0.000663308
-0.000791054
-0.00122066
-0.00152754
-0.00114083
7.68657e-05
0.0014861
0.00195909
0.000901529
0.000512864
0.00138742
0.00169663
0.000743278
-0.000283397
-0.00149854
-0.000856543
0.00189594
0.00436008
0.00435708
0.00229883
-0.00094246
-0.00396405
-0.00551982
-0.00513401
-0.00328072
-0.0010551
0.000456063
0.000742268
6.86541e-05
-0.000776038
-0.00100586
-0.000315916
0.000963249
0.00210707
0.00246944
0.0018911
0.000797224
-6.98953e-05
-0.000116437
0.000722806
0.00192091
0.0026541
0.00228547
0.0007551
-0.00135214
-0.0031046
-0.00372151
-0.00299157
-0.00137987
0.00023217
0.00102464
0.000668835
-0.000522911
-0.00179703
-0.00238398
-0.00190714
-0.000555207
0.0010596
0.00225764
0.00180048
0.00172477
0.00274511
0.00307004
0.00234952
0.00142486
0.000691102
0.000279979
5.79457e-08
-0.000467595
-0.00123491
-0.00200054
-0.00257536
-0.00275523
-0.00238146
-0.00164863
-0.00100295
-0.000841836
-0.00121858
-0.00175935
-0.00186652
-0.00109426
0.000537986
0.00249957
0.00401351
0.00448094
0.00381133
0.00245913
0.00114686
0.000445077
0.000463968
0.000837019
0.000993634
0.000540385
-0.000489916
-0.00167119
-0.00246705
-0.00257529
-0.00215515
-0.00179429
-0.00187601
-0.00238275
-0.00288905
-0.0027808
-0.00164192
0.000406137
0.00260805
0.00400826
0.00435473
0.00362648
0.00220561
0.000745536
-0.000178004
-0.000353753
6.54184e-07
0.000419344
0.000491302
9.88165e-05
-0.000544868
-0.00106494
-0.00118179
-0.000889892
-0.000451782
-0.000220809
-0.000412113
-0.000967613
-0.00159543
-0.00195198
-0.00184776
-0.00134834
-0.000712905
-0.000216272
2.88359e-05
0.000136779
0.00036278
0.00092212
0.00182855
0.00285147
0.00361755
0.00379596
0.00326031
0.00213944
0.000738428
-0.000614237
-0.00170166
-0.00246577
-0.00295718
-0.00323765
-0.00330726
-0.00310304
-0.00256321
-0.00170635
-0.000667708
0.000342323
0.00112175
0.00156843
0.00171297
0.00168075
0.00160816
0.00156541
0.00153037
0.00142424
0.0011811
0.00080472
0.000377417
1.77184e-05
-0.000184626
-0.000215784
-0.000140524
-6.26967e-05
-7.0557e-05
-0.00019973
-0.000431467
-0.000719517
-0.00102183
-0.00131404
-0.00160234
-0.00193992
-0.00224456
-0.00236609
-0.00216422
-0.00156477
-0.000592361
0.000634424
0.00193853
0.00312727
0.00401751
0.00443149
0.00427244
0.00376216
0.00299419
0.00179153
3.84316e-05
-0.00059733
-0.000130873
-0.00124155
-0.00335375
-0.00517622
-0.00574632
-0.0048219
-0.00309001
-0.00177515
-0.00127715
-0.00109812
-0.000374977
0.00130579
0.0032548
0.00458591
0.00496853
0.00403087
0.00207459
-5.97276e-06
-0.00124082
-0.00116519
-7.70386e-05
0.0011889
0.00180126
0.00141845
0.000313689
-0.000903755
-0.00173901
-0.00210643
-0.00228096
-0.00257923
-0.00303455
-0.00331976
-0.00297727
-0.00178462
1.67158e-05
0.00180405
0.00292086
0.00305739
0.00241241
0.00153719
0.000977574
0.000956154
0.00129353
0.00159346
0.00153926
0.00108957
0.000452271
-0.000116572
-0.00052113
-0.00088165
-0.00140131
-0.0021522
-0.00294882
-0.00341329
-0.00319702
-0.00221082
-0.000707701
0.000618206
0.00116675
0.0023825
0.00400139
0.00337561
0.0015023
-0.000250307
-0.000971211
-0.000577725
0.000244837
0.000641165
0.000247046
-0.000577162
-0.00108616
-0.000773263
0.000210206
0.00115459
0.0013243
0.00051429
-0.000785958
-0.00173672
-0.00173958
-0.00084265
0.000323716
0.00101399
0.00088364
0.000184228
-0.000480205
-0.000628319
-0.000244806
0.000253143
0.000378631
-2.37658e-05
-0.00064592
-0.00094793
-0.000572902
0.00036866
0.00135518
0.00180664
0.00147503
0.000594956
-0.000300755
-0.00075285
-0.00066264
-0.000299653
-4.90377e-05
-0.000104745
-0.000340091
-0.000441273
-0.000187706
0.000343047
0.000804252
0.00082177
0.000268826
-0.000777166
-0.00212269
-0.00247344
-0.00108264
0.000830022
0.00122499
0.0005716
-0.00045947
-0.00108225
-0.000761523
0.000455404
0.00196294
0.00295508
0.00289158
0.00179184
0.000195264
-0.00116418
-0.00175897
-0.00151288
-0.000775332
-7.88062e-05
0.000156011
-0.000194426
-0.00094946
-0.00175491
-0.00225419
-0.00221688
-0.00159499
-0.000520331
0.000735802
0.00183396
0.00246906
0.00248512
0.00195381
0.0011608
0.000481426
0.000193685
0.000328788
0.000653466
0.000807233
0.000522116
-0.000205461
-0.00109865
-0.00175513
-0.00188186
-0.00146765
-0.000788763
-0.000245422
-0.000129079
-0.000458955
-0.000979647
-0.00131293
-0.0011689
-0.000496016
0.000504413
0.00149143
0.00215062
0.00232332
0.00204478
0.00149308
0.000892367
0.000421752
0.000162133
8.7491e-05
9.12683e-05
3.49481e-05
-0.000193398
-0.00062598
-0.00118819
-0.00171604
-0.00202026
-0.001973
-0.0015739
-0.000955867
-0.000321156
0.000160933
0.000437332
0.000585949
0.000751755
0.00104183
0.00144321
0.00181462
0.00195915
0.00173597
0.00114645
0.000345245
-0.000428729
-0.000962475
-0.00115824
-0.001065
-0.000833549
-0.000633262
-0.000572988
-0.000662534
-0.000824895
-0.00094408
-0.00092117
-0.000714414
-0.000351441
8.55502e-05
0.000492464
0.000781329
0.000633382
0.000130143
0.001473
0.00234776
0.000999306
-0.000558386
-0.000859985
0.000207594
0.00138303
0.000980217
-0.000588501
-0.000179229
-0.00144023
-0.00226112
-0.00108197
0.000832736
0.00105621
-0.000783922
-0.00242019
-0.00180803
0.000332107
0.00153539
0.00071156
-0.000661341
-0.000584867
0.000976422
0.00223133
0.00184887
0.000407373
-0.000554861
-0.000377382
0.000257971
0.000438659
5.09663e-05
-0.000402378
-0.0005882
-0.000594969
-0.000552674
-0.000393113
-9.15878e-05
0.000121128
2.1722e-05
-0.00022996
-0.000225151
0.000144658
0.000473374
0.00031992
-0.000200007
-0.000493759
-0.000185616
0.000423046
0.000691375
0.00035932
-0.000199207
-0.000623551
-0.000986088
-0.000282651
0.00145774
0.00189951
0.000810551
-0.000527349
-0.00129836
-0.00113044
-0.000216921
0.000830228
0.0013361
0.000972442
-3.39418e-05
-0.0010623
-0.00155053
-0.00140595
-0.00083533
-0.000221683
9.22004e-05
-1.01548e-05
-0.000343706
-0.000491825
-5.68327e-05
0.000983972
0.0020949
0.00275722
0.00257665
0.00150419
3.94655e-05
-0.00111437
-0.00152444
-0.00126725
-0.000796077
-0.000586704
-0.000829092
-0.00134297
-0.00172549
-0.00161415
-0.000909624
0.000160997
0.00117028
0.00172718
0.00168157
0.00117977
0.000553749
0.000123715
2.85082e-05
0.000167631
0.000278686
0.000110906
-0.000397809
-0.00105151
-0.00149661
-0.00144396
-0.00086639
-2.78956e-05
0.000682037
0.000991448
0.000895631
0.000620361
0.000439719
0.000492075
0.000702737
0.000852901
0.000731512
0.000270552
-0.00041273
-0.00108179
-0.0015086
-0.00158685
-0.00136904
-0.00101385
-0.000681768
-0.000442755
-0.000247853
2.16741e-05
0.000458535
0.00104532
0.00163668
0.00202494
0.00205374
0.00170846
0.00112329
0.000498659
-1.5141e-05
-0.000389949
-0.000702488
-0.00104721
-0.00144503
-0.00181108
-0.00199954
-0.00189161
-0.00160983
-0.00151668
-0.000855988
0.000901427
0.00266097
0.00271972
0.00185327
0.000780855
0.000109938
0.000146538
0.00076194
0.00148885
0.00178533
0.001324
0.000159753
-0.00130112
-0.00250257
-0.00300134
-0.00265977
-0.00168426
-0.000506061
0.000426154
0.000840599
0.000739115
0.000362866
5.28609e-05
7.45726e-05
0.000487744
0.0011194
0.00165017
0.00177191
0.00134135
0.000456744
-0.000579507
-0.00139451
-0.0017115
-0.00147056
-0.00084703
-0.000160436
0.00028093
0.000324689
3.89715e-05
-0.000453902
-0.00113333
-0.0011357
0.000192242
0.00224102
0.00309163
0.00238257
0.000742164
-0.00115626
-0.00253694
-0.00285872
-0.0020506
-0.000532951
0.000984093
0.00182953
0.00167423
0.000668672
-0.000643628
-0.0015909
-0.00168904
-0.000861896
0.00053209
0.00187247
0.00256301
0.00229728
0.0011846
-0.000313952
-0.00160133
-0.0022075
-0.00198025
-0.00112421
-8.21045e-05
0.000677577
0.000865904
0.000482872
-0.000208423
-0.000819082
-0.00101948
-0.00067685
9.35406e-05
0.000989971
0.00165925
0.00184438
0.00148306
0.00072076
-0.000181727
-0.000998227
-0.00151757
-0.00165487
-0.00147415
-0.00113011
-0.00078034
-0.000509824
-0.000300437
-5.64124e-05
0.000327532
0.000885868
0.00152344
0.00203375
0.00238136
0.00249769
0.00227985
0.00171439
0.000883991
-6.17223e-05
-0.000955064
-0.00165888
-0.00209811
-0.00226695
-0.00221418
-0.00201572
-0.00174549
-0.00145307
-0.00115325
-0.000828907
-0.000443957
2.7849e-05
0.000589146
0.00119747
0.00176627
0.00218356
0.00234609
0.00219797
0.00175804
0.00112236
0.000437082
-0.000150521
-0.000543864
-0.000729582
-0.000775333
-0.00079238
-0.000878736
-0.00106865
-0.00131236
-0.00149666
-0.00149799
-0.00124377
-0.000753446
-0.000139194
0.000435315
0.000820309
0.000940442
0.000823445
0.000584249
0.000372
0.000303863
0.000415011
0.000646406
0.000874719
0.00096992
0.000854267
0.00053659
0.000107505
-0.000301106
-0.000573399
-0.000657929
-0.000586116
-0.000453588
-0.00037367
-0.000424179
-0.000611055
-0.000864457
-0.00106846
-0.00111088
-0.000931381
-0.000547267
-4.64633e-05
0.000448256
0.000827582
0.00103541
0.00108348
0.00103596
0.000972583
0.000947771
0.00096461
0.000974742
0.000903426
0.000687614
0.000309496
-0.000189447
-0.000719695
-0.00117473
-0.00146807
-0.00156061
-0.00146785
-0.00124584
-0.000963763
-0.000676194
-0.000406635
-0.000147973
0.000122249
0.000421623
0.000745887
0.00106305
0.00132173
0.00146834
0.00146586
0.00130649
0.0010141
0.00063633
0.000230352
-0.000152086
-0.000475346
-0.000723601
-0.000897676
-0.00100747
-0.00106343
-0.00107031
-0.00102527
-0.000920446
-0.00074891
-0.000511432
-0.000221394
9.43028e-05
0.000399161
0.000654951
0.00083112
0.000912554
0.000902893
0.00082205
0.000698697
0.000560388
0.000425014
0.00029678
0.000168178
2.70048e-05
-0.000134622
-0.000313153
-0.000491597
-0.00064368
-0.000742656
-0.000771182
-0.000728113
-0.000629202
-0.000501211
-0.000371705
-0.00025871
-0.000164612
-7.69509e-05
2.41093e-05
0.000154748
0.00031765
0.000497703
0.0006653
0.000786053
0.000832923
0.000795699
0.000683856
0.000521716
0.000338194
0.000155787
-1.63069e-05
-0.000181966
-0.000428675
-0.000968567
-0.00152773
-0.00166596
-0.00112234
-4.76362e-05
0.000873362
0.000971297
0.000650831
0.00010704
-0.000488076
-0.000946396
-0.0011112
-0.000898955
-0.0003246
0.000497215
0.00137685
0.00209534
0.00245991
0.00235478
0.00177336
0.000822595
-0.000302096
-0.00136479
-0.00214694
-0.0024997
-0.00237706
-0.00184196
-0.00104492
-0.000182475
0.000553012
0.00101883
0.00115178
0.000976406
0.000591316
0.000138746
-0.000234138
-0.000412492
-0.000341073
-3.58873e-05
0.000421653
0.00090604
0.00127915
0.00142456
0.0012767
0.000749823
-0.000320055
-0.00142361
-0.0018708
-0.00136565
-0.000364551
5.48906e-05
-2.72385e-05
-0.000283659
-0.000575297
-0.000751278
-0.000702562
-0.000401355
8.81285e-05
0.000630581
0.0010648
0.00125785
0.00115016
0.000776594
0.000256392
-0.000244792
-0.000568612
-0.000616108
-0.000381209
4.54513e-05
0.000504067
0.000816265
0.000843057
0.000531916
-6.2089e-05
-0.00078831
-0.00144272
-0.001828
-0.00181353
-0.00137708
-0.000615146
0.000281679
0.00108182
0.00157887
0.00165151
0.00129924
0.000643135
-0.000109166
-0.000724406
-0.00101282
-0.000885116
-0.000380279
0.000344447
0.0010589
0.00152771
0.0015806
0.00116451
0.000362038
-0.000629577
-0.00155305
-0.00216339
-0.00229701
-0.00191749
-0.00112501
-0.000126986
0.000821187
0.00148763
0.00172712
0.00151796
0.000962665
0.000253502
-0.000386298
-0.000767884
-0.000789806
-0.000463941
9.21104e-05
0.000692797
0.0011407
0.00128432
0.00106108
0.000513923
-0.000222329
-0.000960001
-0.00151119
-0.00173892
-0.00159268
-0.00111911
-0.000445964
0.000255425
0.000817632
0.00112133
0.00112405
0.000866294
0.00045452
2.68234e-05
-0.000288087
-0.000406724
-0.000311596
-5.17945e-05
0.000275639
0.00055717
0.000697234
0.000645525
0.000409583
4.98258e-05
-0.000340497
-0.000663674
-0.000845393
-0.000853952
-0.000705763
-0.000784564
-0.000813222
0.00128939
0.00132995
-0.000392983
-0.00132787
-0.000480502
0.000954289
0.00122035
-7.44264e-05
-0.00167851
-0.000804867
0.00216981
0.00300971
0.00117333
-0.00135704
-0.00234589
-0.00115948
0.00081336
0.00172572
0.00101576
-0.000389012
-0.00127909
-0.00127452
-0.00079838
-0.000323888
4.47545e-05
0.000314573
0.000286384
-0.000234229
-0.000967428
-0.00117831
-0.000368836
0.00107465
0.00208116
0.00184865
0.000601277
-0.000626432
-0.000945418
-0.000346075
0.000447022
0.00073003
0.000386283
-0.000191775
-0.00057193
-0.000604932
-0.000387662
-8.35902e-05
0.000145856
0.000126655
-0.000247014
-0.00083938
-0.00124286
-0.00104753
-0.000221061
0.000785812
0.00136668
0.00124401
0.000664677
0.000140928
5.10747e-06
0.000188365
0.000373364
0.000313991
1.69474e-05
-0.000321534
-0.000591238
-0.000932162
-0.000987834
-0.000372131
0.00084026
0.001881
0.00163636
0.000516826
-0.000741474
-0.00175609
-0.00254891
-0.00250699
-0.00115952
0.000972457
0.00223579
0.0023814
0.00190713
0.00104642
7.31317e-05
-0.00204501
-0.00264704
-0.000889524
0.00113135
0.00210276
0.00186262
0.000784409
-0.000115146
-0.000527432
-0.000579208
-0.000597879
-0.000812759
-0.00118361
-0.00144352
-0.0012977
-0.000639752
0.000345566
0.00125425
0.00167447
0.00142023
0.000645758
-0.000238566
-0.000804917
-0.000851307
-0.000492176
-4.27387e-05
0.00021452
0.000216375
0.000134502
0.000218631
0.000580782
0.00106923
0.0013224
0.000982182
-5.28862e-05
-0.0014895
-0.00271947
-0.00310292
-0.00231535
-0.000563904
0.0014647
0.00291571
0.00317807
0.00217689
0.000394803
-0.00137789
-0.00242121
-0.00239449
-0.00143453
-2.74266e-05
0.00125867
0.00201707
0.00211925
0.00167521
0.000902173
3.63308e-06
-0.000872085
-0.00159799
-0.00202427
-0.0019919
-0.00141764
-0.000394673
0.000776315
0.00167598
0.00194783
0.00147826
0.000469916
-0.000641618
-0.00139061
-0.00149805
-0.000988687
-0.000150447
0.000633488
0.00108076
0.00112548
0.000898797
0.000603345
0.000371068
0.000195706
-2.46957e-05
-0.000374317
-0.000819171
-0.0011921
-0.00127758
-0.000945323
-0.000249682
0.000568735
0.00118538
0.00134446
0.000980538
0.000246785
-0.000560384
-0.00132978
-0.00207841
-0.00128216
0.00100311
0.00186205
0.00125465
0.000250848
-0.000270367
4.82902e-05
0.000813448
0.00122059
0.000693564
-0.000646232
-0.0020182
-0.00250157
-0.00167294
7.83054e-05
0.00177237
0.00244915
0.00176078
0.000163696
-0.00139715
-0.00208588
-0.00165967
-0.0005426
0.000521036
0.000971779
0.000755873
0.000271819
1.87812e-05
0.000217081
0.000667082
0.000927529
0.000666103
-7.74043e-05
-0.00090109
-0.00131087
-0.00105622
-0.00029855
0.000498626
0.000874757
0.000661525
6.55054e-05
-0.000498048
-0.000693402
-0.000473697
-7.68235e-05
0.000173103
0.000107923
-0.000170424
-0.000377374
-0.000264511
0.000189342
0.000748979
0.000899316
0.0001794
-6.84449e-05
0.00083937
0.00100304
1.31987e-05
-0.00106811
-0.00159818
-0.00126326
-0.00025009
0.000867904
0.00146368
0.00121216
0.000265836
-0.000842982
-0.00150939
-0.00139291
-0.000593998
0.000423202
0.0011084
0.00113758
0.000580752
-0.000164996
-0.000628631
-0.000548555
-1.76509e-05
0.000591603
0.000869577
0.000627157
1.01071e-05
-0.000597825
-0.000819787
-0.000524304
9.18992e-05
0.000628041
0.000731967
0.000322509
-0.000358181
-0.000895164
-0.000959453
-0.000512459
0.00017193
0.000680683
0.000720459
0.000298847
-0.000285321
-0.000634845
-0.000507172
3.23798e-05
0.00065281
0.000966631
0.000772885
0.000181154
-0.000459463
-0.000778953
-0.00100065
-0.000878257
-0.000475062
0.000120945
0.000777981
0.00127748
0.00122783
0.000815171
0.0004643
0.000138677
-0.000293816
-0.000888573
-0.00152047
-0.00191499
-0.00180069
-0.00108702
4.7487e-05
0.00121753
0.00201118
0.00218437
0.00175979
0.00075831
-0.000360094
-0.00127009
-0.00177274
-0.00183054
-0.00149422
-0.000834734
5.37106e-05
0.000973934
0.00167546
0.00223979
0.00251102
0.002272
0.00145182
0.000193186
-0.00118719
-0.00232514
-0.0029538
-0.00299092
-0.0025309
-0.00176048
-0.000857082
7.00879e-05
0.000971283
0.00180178
0.00247161
0.00284256
0.00278042
0.00223159
0.00127515
0.000114954
-0.000987967
-0.00180842
-0.00222798
-0.00225193
-0.00197244
-0.00150686
-0.000948926
-0.000355841
0.000232065
0.000763156
0.00116466
0.00136236
0.00131865
0.0010631
0.000692848
0.000337273
0.000103504
3.07545e-05
7.73777e-05
0.000146606
0.000136499
-1.18692e-05
-0.000290809
-0.000634917
-0.000953123
-0.00116449
-0.00122037
-0.00110654
-0.000832001
-0.000417371
0.000106899
0.00069196
0.00126079
0.00170961
0.00192748
0.00183039
0.00139598
0.000682372
-0.000179602
-0.00101967
-0.0016743
-0.00202809
-0.00203623
-0.00172344
-0.00116552
-0.000464794
0.000269897
0.000935128
0.00143958
0.00171143
0.00170983
0.00143763
0.00094819
0.000338684
-0.000271789
-0.000772442
-0.00109183
-0.00120821
-0.00114697
-0.000960243
-0.000703062
-0.000429078
-0.000209276
-6.23341e-05
1.17616e-05
1.40087e-05
-5.00259e-05
-0.000161397
-0.000407657
-0.000673138
-0.000881093
-0.000946575
-0.000817653
-0.000485395
1.98685e-05
0.000639727
0.00129674
0.00189428
0.0023305
0.00261923
0.00269676
0.00253832
0.00229942
0.00200384
0.00165759
0.0012643
0.000819793
0.000309446
-0.000286553
-0.000980015
-0.0017588
-0.00257628
-0.00335257
-0.0039886
-0.00438788
-0.00447785
-0.00422356
-0.0036311
-0.00274309
-0.00163075
-0.000386498
0.00088263
0.00206299
0.00304621
0.00374501
0.00410886
0.00413386
0.0038616
0.00336662
0.0027363
0.00205074
0.00136923
0.000726613
0.00013813
-0.000391813
-0.000861934
-0.0018676
-0.00253072
-0.00230582
-0.00122568
-0.000378069
-0.000661806
-0.00143538
-0.00232496
-0.00294553
-0.00299664
-0.00237402
-0.00120787
0.000183926
0.00140874
0.00213594
0.00220853
0.00169122
0.000840538
9.97708e-06
-0.000474861
-0.000427344
0.000140311
0.001027
0.00191685
0.00249024
0.00253279
0.00200516
0.00105104
-5.74651e-05
-0.000984328
-0.00146133
-0.00161777
-0.00142365
-0.000942263
-0.000493287
-0.000266626
-0.000330692
-0.000615677
-0.000948314
-0.00112611
-0.00100189
-0.000546309
0.000134996
0.000835845
0.00121595
5.483e-06
-0.000450271
0.00102635
0.00240952
0.00157937
-0.00070845
-0.00283212
-0.00373734
-0.00303995
-0.00115686
0.000973559
0.00218311
0.00189385
0.00206536
0.00260433
0.00126905
-0.000389361
-0.00110223
-0.00036951
0.00127246
0.00264801
0.00281069
0.00170762
0.000137582
-0.000933181
-0.00113086
-0.000902454
-0.00104894
-0.00196522
-0.00322304
-0.00385472
-0.00312887
-0.00120603
0.000860416
0.00181596
0.0010942
-0.000750563
-0.00239137
-0.00261366
-0.00111439
0.00132931
0.00340497
0.00411289
0.00333409
0.00177892
0.000430103
-8.37022e-05
0.000232211
0.000917184
0.00147014
0.00166017
0.00154185
0.00124897
0.000799942
9.33208e-05
-0.000924319
-0.00209537
-0.00306282
-0.0034703
-0.00319883
-0.00245327
-0.00162947
-0.00106404
-0.000851435
-0.000847686
-0.000827933
-0.000653612
-0.000320814
0.000119593
0.000664615
0.00136739
0.00223203
0.00309575
0.00363181
0.00351759
0.00266858
0.00136215
0.000130987
-0.000530802
-0.000464398
5.61513e-05
0.000497894
0.000403366
-0.000332504
-0.00141757
-0.00236229
-0.00277796
-0.00257706
-0.00196505
-0.00126345
-0.00070748
-0.000353348
-0.000129264
4.3685e-05
0.000171243
0.000204056
0.000121768
-2.66934e-06
-2.28241e-05
0.000186052
0.000628686
0.000943298
0.000775425
0.00164512
0.00311324
0.00237665
0.000467179
-0.00117649
-0.00155083
-0.00059505
0.000828991
0.00160485
0.00115949
-0.000184014
-0.00151376
-0.00202176
-0.00155369
-0.000635082
-5.76615e-06
-5.01303e-05
-0.00147819
-0.00117427
0.00077578
0.0012611
0.000616851
-0.000420562
-0.00104712
-0.000828611
1.32521e-05
0.000822716
0.00103296
0.000573136
-0.000135025
-0.000549289
