Bub 1 0.0182891
  Start: N 0
  0 191.002 0.200444 0.207791 0.140465 1
  0.0416667 192.206 0.200451 0.207678 0.141178 0.999443
  0.0555556 192.123 0.200533 0.207635 0.141189 0.997925
  0.0694444 192.121 0.2005 0.207113 0.141209 0.994728
  0.0833333 192.112 0.200752 0.207211 0.141247 0.993463
  0.0972222 192.104 0.20065 0.207181 0.141303 0.995406
  0.111111 192.086 0.200513 0.207417 0.141279 0.999187
  0.125 192.101 0.200441 0.207593 0.141273 1.00239
  0.138889 191.897 0.200487 0.207673 0.141324 1.00452
  0.152778 187.034 0.200536 0.206713 0.145423 1.14169
  0.166667 183.62 0.20085 0.204905 0.150286 1.13336
  0.180556 183.723 0.200862 0.203344 0.157628 1.11982
  0.194444 183.049 0.201056 0.201439 0.167031 1.10843
  0.199722 183.049 0.201267 0.200806 0.1709 1.10447
  0.208333 182.986 0.201468 0.200254 0.177346 1.09129
  0.222222 182.23 0.201941 0.199209 0.187669 1.07181
  0.236111 184.986 0.202214 0.198909 0.197956 1.05114
  0.25 185.783 0.201823 0.198796 0.208465 1.0249
  0.263889 186.792 0.201933 0.199134 0.218356 1.00648
  0.277778 188.681 0.202062 0.199835 0.225828 1.00163
  0.291667 189.182 0.202825 0.200545 0.231462 0.996221
  0.305556 190.035 0.203602 0.200538 0.235873 0.99431
  0.319444 190.754 0.205028 0.20016 0.239718 1.00034
  0.333333 191.078 0.205434 0.199627 0.246063 1.00348
  0.347222 190.974 0.205879 0.198901 0.251095 1.02605
  0.361111 192.202 0.206043 0.198534 0.255226 1.04255
  End: M 0.363056 5
Bub 5 0.0217754
  Start: M 0.363333 1
  0.366389 162.141 0.206263 0.198733 0.256747 1.04953
  0.375 162.141 0.206621 0.19853 0.259601 1.05746
  End: M 0.383889 8
Bub 8 0.0220152
  Start: M 0.384167 5
  0.388889 161.45 0.208425 0.197728 0.2655 1.05966
  0.402778 162.156 0.210081 0.197176 0.270794 1.06657
  0.416667 162.718 0.212712 0.19602 0.277567 1.06854
  End: M 0.422778 20
Bub 20 0.02222
  Start: M 0.43 8
  0.430556 161.993 0.21514 0.194315 0.286004 1.06677
  End: M 0.431111 61
Bub 61 0.0226158
  Start: M 0.4675 20
  0.472222 161.281 0.216031 0.188233 0.309687 1.02931
  End: M 0.478611 70
Bub 70 0.0226855
  Start: M 0.481389 61
  0.486111 160.313 0.215263 0.187807 0.318476 1.01412
  0.5 161.103 0.214533 0.189503 0.32719 1.00542
  0.513889 161.175 0.213497 0.191138 0.335475 0.991202
  0.527778 161.499 0.213245 0.192722 0.34282 0.984055
  0.533056 161.499 0.21296 0.193295 0.345491 0.982042
  End: S 0.538056 74 75
Bub 74 0.0223491
  Start: S 0.539444 70
  0.541667 163.89 0.212036 0.193512 0.349825 0.982316
  End: S 0.542778 105 97
Bub 75 0.00400217
  Start: S 0.539444 70
  0.541667 827.82 0.199713 0.153218 0.389828 0.928517
  End: M 0.553333 97
Bub 97 0.00341392
  Start: S 0.554722 74 75
  0.555556 973.391 0.18 0.145 0.388333 1.04351
  End: M 0.556944 100
Bub 98 0.00341392
  Start: S 0.554722 74 75
  0.555556 974.101 0.198333 0.146667 0.395 1.01248
  End: M 0.556944 100
Bub 100 0.00441757
  Start: S 0.558056 97 98
  0.569444 758.446 0.179872 0.140897 0.389615 0.960891
  End: M 0.571667 115
Bub 105 0.0221901
  Start: M 0.568889 74
  0.569444 164.057 0.209675 0.19592 0.362935 0.984752
  End: M 0.571667 115
Bub 9 0.0199379
  Start: N 0.416944
  0.430556 176.249 0.20043 0.20775 0.141245 1
  0.444444 176.249 0.20043 0.20775 0.141245 1
  0.458333 176.249 0.20043 0.20775 0.141245 1
  0.472222 176.249 0.20043 0.20775 0.141245 1
  0.486111 176.249 0.20043 0.20775 0.141245 1
  0.5 176.249 0.20043 0.20775 0.141245 1
  0.513889 176.249 0.20043 0.20775 0.141245 1
  0.527778 176.249 0.20043 0.20775 0.141245 1
  0.533056 176.249 0.20043 0.20775 0.141245 1
  0.541667 176.249 0.20043 0.20775 0.141245 1
  0.555556 176.159 0.200429 0.20777 0.141253 1
  0.569444 170.995 0.200791 0.207362 0.146019 1.00712
  0.583333 169.506 0.201427 0.207256 0.15056 1.01322
  0.597222 168.985 0.201429 0.207944 0.155262 1.02716
  0.611111 170.147 0.201314 0.20872 0.159842 1.04625
  0.625 170.837 0.200498 0.208126 0.1646 1.06625
  0.638889 171.173 0.199982 0.207033 0.170605 1.07425
  0.652778 170.279 0.199098 0.205333 0.177456 1.07955
  0.666667 170.999 0.198768 0.203271 0.185706 1.09132
  0.680556 170.011 0.199056 0.201167 0.194187 1.09097
  0.694444 171.493 0.199643 0.199592 0.202585 1.08013
  0.699722 171.493 0.199849 0.199496 0.205587 1.0751
  0.708333 173.446 0.199912 0.199331 0.209907 1.06732
  0.722222 177.072 0.200735 0.198629 0.217392 1.06846
  0.736111 177.913 0.201354 0.198275 0.225505 1.0508
  0.75 178.902 0.200687 0.198073 0.23431 1.03492
  0.763889 179.837 0.198523 0.197174 0.244079 1.01887
  0.777778 180.445 0.195127 0.19617 0.253518 1.00762
  0.791667 180.547 0.192628 0.195451 0.262667 0.991416
  End: M 0.795278 132
Bub 115 0.0222676
  Start: M 0.575833 100 105
  0.583333 163.646 0.208797 0.195665 0.366542 0.988004
  0.597222 163.335 0.208477 0.195218 0.36835 0.995055
  0.611111 163.807 0.209667 0.194163 0.371406 1.00075
  0.625 164.71 0.210796 0.191864 0.373658 0.999267
  0.638889 165.24 0.212669 0.190392 0.376021 1.00147
  0.652778 165.926 0.214572 0.189705 0.37803 1.01384
  0.666667 166.779 0.216676 0.189837 0.38101 1.0172
  0.680556 167.578 0.21707 0.191813 0.385471 1.01808
  0.694444 168.226 0.21533 0.194548 0.391589 1.02454
  0.699722 168.226 0.214106 0.195762 0.394023 1.02431
  0.708333 168.922 0.212868 0.19711 0.398631 1.0177
  0.722222 168.665 0.210581 0.1986 0.405834 1.00351
  0.736111 169.212 0.208739 0.199208 0.414816 0.989491
  0.75 169.847 0.207568 0.19741 0.424241 0.982234
  End: M 0.755278 122
Bub 132 0.0229997
  Start: M 0.801944 9
  0.805556 155.773 0.190266 0.195402 0.270562 0.989121
  End: M 0.806944 159
Bub 159 0.0230746
  Start: M 0.818889 132
  0.819444 156.631 0.188975 0.196186 0.276226 0.983869
  End: M 0.82 177
Bub 177 0.0230192
  Start: M 0.833333 159
  0.833333 158.006 0.189365 0.197493 0.277661 0.988585
  End: S 0.833611 204 203
Bub 203 0.00596465
  Start: S 0.846944 177
  0.847222 614.807 0.211667 0.21224 0.311771 1.03274
  End: M 0.8475 220
Bub 204 0.0226281
  Start: S 0.847222 177
  0.847222 162.928 0.190754 0.199384 0.275028 1.00925
  End: M 0.8475 220
Bub 205 0.00539405
  Start: S 0.847222 177
  0.847222 670.792 0.208052 0.167113 0.307441 0.893471
  End: M 0.8475 220
Bub 220 0.0225356
  Start: S 0.851944 203 204 205
  0.861111 164.418 0.191531 0.201383 0.274789 1.00744
  End: M 0.861944 224
Bub 219 0.00498378
  Start: M 0.851667 203 204 205
  0.861111 674.392 0.214167 0.194137 0.311518 0.97827
  0.866389 674.392 0.21625 0.192708 0.310357 1.01602
  0.875 678.912 0.217897 0.191795 0.310308 1.01811
  0.888889 671.781 0.223135 0.191606 0.310321 1.01995
  0.902778 669.184 0.225546 0.19194 0.31235 1.02707
  End: M 0.913333 294
Bub 221 0.00411402
  Start: S 0.851944 203 204 205
  0.861111 806.797 0.206905 0.165 0.312619 0.947499
  0.866389 806.797 0.208827 0.163395 0.311728 0.96808
  0.875 808.143 0.211944 0.159722 0.310556 0.960085
  0.888889 807.838 0.215 0.156667 0.311667 1.0758
  End: M 0.895 294
Bub 224 0.0224219
  Start: M 0.862222 220
  0.866389 146.431 0.192189 0.202319 0.275042 1.00981
  End: M 0.87 227
Bub 227 0.0223991
  Start: M 0.870278 224
  0.875 165.548 0.191404 0.202569 0.276324 1.01631
  End: M 0.879444 239
Bub 239 0.0223358
  Start: M 0.886389 227
  0.888889 167.367 0.190585 0.201647 0.279917 1.03006
  End: S 0.893056 294 286
Bub 271 0.0037575
  Start: S 0.902778 221 239
  0.902778 883.305 0.218333 0.153333 0.31 1.02993
  End: M 0.903056 294
Bub 272 0.00310175
  Start: N 0.902778
  0.902778 1065.22 0.191667 0.125 0.255 2.50016
  0.916667 1064.98 0.191667 0.125 0.255 1.04494
  0.930556 1064.92 0.195 0.128333 0.258333 1.03782
  End: C 0.94
Bub 286 0.00489314
  Start: S 0.913889 219 221 239 271
  0.916667 682.613 0.227547 0.191918 0.313805 1.04705
  End: M 0.923056 311
Bub 294 0.0224694
  Start: S 0.916389 219 221 239 271
  0.916667 167.137 0.182531 0.197303 0.294024 1.04225
  End: M 0.917222 311
Bub 295 0.00367754
  Start: S 0.916389 219 221 239 271
  0.916667 901.524 0.219667 0.150333 0.311667 1.04478
  End: M 0.917222 311
Bub 311 0.0225117
  Start: S 0.930556 286 294 295
  0.930556 167.599 0.176713 0.192661 0.304697 1.04755
  End: M 0.931389 338
Bub 312 0.00495393
  Start: S 0.930556 286 294 295
  0.930556 676.643 0.231939 0.191909 0.315939 1.04755
  End: M 0.931389 338
Bub 315 0.00493887
  Start: S 0.931944 311 312
  0.944444 675.832 0.23393 0.189893 0.319771 1.04383
  0.958333 672.372 0.236254 0.188875 0.324516 1.06194
  0.972222 675.615 0.239361 0.187274 0.328458 1.06374
  0.986111 673.621 0.240645 0.18664 0.334462 0.998967
  1 677.09 0.244587 0.184432 0.338514 1.0467
  End: M 1.0075 440
Bub 338 0.0223417
  Start: M 0.943056 311 312
  0.944444 170.392 0.171895 0.190368 0.319126 1.04207
  End: S 0.947222 408 407
Bub 372 0.00359392
  Start: S 0.9575 338
  0.958333 925.497 0.148254 0.237381 0.310397 0.941049
  End: C 0.961944
Bub 376 0.00409214
  Start: S 0.958333 338
  0.958333 812.013 0.230215 0.24172 0.306989 1.02434
  End: M 0.958611 408
Bub 407 0.014079
  Start: S 0.966944 338 376
  0.972222 296.639 0.190343 0.198193 0.300395 1.01827
  End: M 0.978333 420
Bub 408 0.019747
  Start: S 0.966944 338 376
  0.972222 172.361 0.161825 0.18942 0.360032 1.0231
  0.986111 172.731 0.164282 0.191406 0.372056 1.00816
  1 173.614 0.167484 0.194213 0.385111 0.996628
  End: M 1.00944 439
Bub 420 0.0139855
  Start: M 0.985833 407
  0.986111 297.197 0.193368 0.197972 0.309537 1.00584
  End: M 0.986667 432
Bub 432 0.013993
  Start: M 0.994444 420
  1 296.97 0.193875 0.198668 0.318605 1.00395
  End: M 1.0075 440
Bub 439 0.0201796
  Start: M 1.00972 408
  1.01389 171.297 0.171001 0.196614 0.398771 0.990801
  End: S 1.01528 475 469
Bub 440 0.0138906
  Start: S 1.01028 315 432
  1.01389 300.782 0.193751 0.198461 0.328359 0.991541
  End: M 1.0175 465
Bub 441 0.0051279
  Start: S 1.01028 315 432
  1.01389 652.782 0.247295 0.184536 0.344563 0.997149
  End: M 1.0175 465
Bub 180 0.0199379
  Start: N 0.833611
  0.847222 176.249 0.20043 0.20775 0.141245 1
  0.861111 176.249 0.20043 0.20775 0.141245 1
  0.866389 176.249 0.20043 0.20775 0.141245 1
  0.875 176.249 0.20043 0.20775 0.141245 1
  0.888889 176.249 0.20043 0.20775 0.141245 1
  0.902778 176.249 0.20043 0.20775 0.141245 1
  0.916667 176.249 0.20043 0.20775 0.141245 1
  0.930556 176.249 0.20043 0.20775 0.141245 1
  0.944444 176.249 0.20043 0.20775 0.141245 1
  0.958333 176.249 0.20043 0.20775 0.141245 1
  0.972222 176.161 0.200429 0.20777 0.141253 1
  0.986111 172.106 0.200465 0.207269 0.145346 1.09306
  1 166.847 0.200476 0.206195 0.150308 1.06611
  1.01389 170.544 0.200188 0.20459 0.157474 1.04213
  1.02778 168.976 0.199589 0.203167 0.166615 1.0262
  1.03306 168.976 0.199934 0.202417 0.170983 1.02787
  1.04167 168.023 0.199879 0.202095 0.176976 1.02289
  1.05556 167.908 0.200241 0.201561 0.187103 1.00549
  1.06944 167.616 0.200951 0.201313 0.195738 0.995871
  1.08333 167.285 0.202463 0.201529 0.202998 0.98952
  1.09722 167.047 0.203909 0.202349 0.20764 1.00145
  1.11111 172 0.205118 0.203007 0.209958 1.02062
  1.125 173.765 0.205251 0.203882 0.213422 1.01921
  End: S 1.13667 552 553
Bub 465 0.0143596
  Start: M 1.02361 440 441
  1.02778 289.65 0.19726 0.197725 0.337889 0.976244
  1.03306 289.65 0.196835 0.197063 0.341613 0.980071
  1.04167 288.009 0.194579 0.196938 0.347857 0.982096
  1.05556 287.097 0.192592 0.197162 0.357076 0.972526
  1.06944 285.094 0.191085 0.199331 0.365697 0.96936
  1.08333 284.45 0.19342 0.199744 0.372232 0.978096
  End: M 1.08944 513
Bub 469 0.0043602
  Start: S 1.02472 439
  1.02778 762.763 0.123889 0.194067 0.374244 0.891777
  1.03306 762.763 0.123079 0.193249 0.376921 0.98634
  End: C 1.04
Bub 475 0.0202804
  Start: M 1.03833 439
  1.04167 170.654 0.177916 0.199761 0.426592 0.978244
  End: M 1.04278 483
Bub 483 0.020276
  Start: S 1.04667 475
  1.05556 171.7 0.180799 0.199436 0.438446 0.977249
  End: S 1.05861 496 493
Bub 484 0.00341392
  Start: N 1.05361
  1.05556 972.854 0.133333 0.168333 0.415 0.777729
  End: M 1.06833 496
Bub 493 0.00383421
  Start: S 1.06917 483 484
  1.06944 874.053 0.128333 0.164804 0.423627 0.966364
  1.08333 865.264 0.123667 0.163 0.428333 1.06336
  End: M 1.08667 513
Bub 496 0.0206291
  Start: M 1.07528 483 484
  1.08333 173.246 0.182892 0.196708 0.449099 0.983894
  End: M 1.08639 513
Bub 513 0.0226769
  Start: M 1.09528 465 493 496
  1.09722 169.716 0.18693 0.195765 0.431454 0.981871
  End: S 1.0975 518 515
Bub 518 0.0227824
  Start: M 1.10306 513
  1.11111 168.996 0.187257 0.19511 0.430495 0.981407
  1.125 169.155 0.185651 0.194516 0.43164 0.977105
  1.13889 169.532 0.184246 0.194996 0.438461 0.973556
  End: M 1.14778 548
Bub 526 0.00478297
  Start: S 1.13889 180
  1.13889 695.642 0.198401 0.218401 0.253384 1.02362
  End: M 1.13917 552
Bub 548 0.0229221
  Start: M 1.15194 518
  1.15278 168.133 0.184785 0.194247 0.450641 0.975796
  End: M 1.15361 568
Bub 552 0.0216637
  Start: S 1.15278 180 526
  1.15278 160.096 0.200708 0.201912 0.224596 1.0335
  End: M 1.15556 572
Bub 553 0.00515575
  Start: S 1.15278 180 526
  1.15278 642.82 0.19707 0.221452 0.258629 1.0335
  End: M 1.15556 572
Bub 568 0.022861
  Start: M 1.16444 548
  1.16667 168.281 0.188468 0.193985 0.469661 0.972959
  End: S 1.16722 621 626
Bub 572 0.0218134
  Start: M 1.16611 552 553
  1.16667 159.672 0.197506 0.19979 0.232675 1.04488
  End: M 1.17167 594
Bub 621 0.0213491
  Start: S 1.17889 568
  1.18056 165.707 0.199159 0.194068 0.507732 0.956782
  End: S 1.18167 684 678
Bub 625 0.006641
  Start: S 1.18028 568
  1.18056 564.749 0.21905 0.167503 0.391742 0.944796
  End: M 1.18083 686
Bub 626 0.0098664
  Start: S 1.18028 568
  1.18056 423.836 0.15459 0.186043 0.416227 1.01372
  End: M 1.18083 686
Bub 678 0.0055178
  Start: S 1.19361 621
  1.19444 612.25 0.184561 0.166075 0.462697 0.910275
  End: M 1.19667 721
Bub 682 0.006016
  Start: M 1.19389 625 626
  1.19444 594.805 0.216184 0.165321 0.397623 0.973243
  End: M 1.19472 701
Bub 684 0.0208365
  Start: S 1.19417 621
  1.19444 162.625 0.201959 0.1924 0.529697 0.959532
  End: M 1.19667 721
Bub 685 0.00370457
  Start: S 1.19417 621
  1.19444 898.218 0.180072 0.226812 0.491739 0.956001
  End: M 1.19722 721
Bub 686 0.00916705
  Start: M 1.19417 625 626
  1.19444 395.262 0.153149 0.192202 0.425765 0.967873
  End: S 1.19472 723 692
Bub 122 0.0223962
  Start: S 0.760833 115
  0.763889 168.864 0.207961 0.194346 0.433426 0.971593
  0.777778 169.085 0.208545 0.191117 0.442869 0.971305
  0.791667 168.986 0.209213 0.188165 0.451404 0.967988
  0.805556 168.948 0.21049 0.18795 0.459307 0.970119
  0.819444 169.15 0.2103 0.1911 0.465322 0.977589
  0.833333 169.164 0.209149 0.194924 0.469859 0.981738
  0.847222 169.219 0.208216 0.196961 0.472946 0.977335
  0.861111 169.127 0.207389 0.197371 0.475123 0.968674
  0.866389 169.127 0.207521 0.196828 0.475528 0.969684
  0.875 169.439 0.20677 0.195097 0.476501 0.971795
  0.888889 169.584 0.206147 0.190981 0.477791 0.96789
  0.902778 170.203 0.206384 0.188747 0.479263 0.969242
  0.916667 170.591 0.205433 0.188398 0.481453 0.972022
  0.930556 170.99 0.205997 0.189034 0.48447 0.977998
  0.944444 171.516 0.20752 0.19006 0.488821 0.976667
  0.958333 172.118 0.207969 0.192214 0.495098 0.978812
  0.972222 172.33 0.207383 0.193489 0.502788 0.967882
  0.986111 172.652 0.205524 0.194279 0.510997 0.960192
  1 173.202 0.205313 0.193808 0.519883 0.954071
  1.01389 173.91 0.203724 0.193957 0.528979 0.947641
  1.02778 174.67 0.202806 0.193012 0.537521 0.946099
  1.03306 174.67 0.202672 0.191565 0.540772 0.949967
  1.04167 175.01 0.202385 0.189737 0.545765 0.951612
  1.05556 175.045 0.20393 0.187854 0.552855 0.964413
  1.06944 175.32 0.205611 0.188188 0.558797 0.96528
  1.08333 175.695 0.206825 0.191261 0.563694 0.96159
  1.09722 175.358 0.205474 0.19656 0.567708 0.957154
  1.11111 175.394 0.203687 0.199102 0.571181 0.951657
  1.125 176.034 0.202915 0.196521 0.573259 0.946001
  1.13889 176.291 0.202455 0.190222 0.574552 0.944949
  1.15278 176.539 0.202745 0.186627 0.57577 0.936629
  1.16667 177.075 0.204106 0.186212 0.577388 0.940177
  1.18056 177.763 0.205866 0.189126 0.578781 0.939311
  1.19444 178.578 0.207268 0.193994 0.581812 0.933316
  1.19972 178.578 0.20754 0.196436 0.583477 0.938782
  1.20833 179.533 0.206921 0.199081 0.586427 0.93787
  1.22222 180.063 0.205693 0.20125 0.591813 0.935225
  1.23611 180.573 0.205438 0.1996 0.598264 0.930585
  1.25 181.527 0.204967 0.196245 0.605434 0.927075
  End: C 1.25361
Bub 589 0.00397903
  Start: S 1.17083 568
  1.18056 838.239 0.138333 0.232018 0.44693 0.936728
  1.19444 832.605 0.136667 0.231324 0.449706 1.09509
  1.19972 832.605 0.136833 0.231833 0.4505 1.00528
  1.20833 835.369 0.136667 0.23 0.451667 1.01657
  End: C 1.21917
Bub 591 0.00703485
  Start: S 1.17111 568
  1.18056 514.1 0.212005 0.229825 0.40191 1.03256
  1.19444 516.467 0.215467 0.227095 0.409733 1.00592
  1.19972 516.467 0.215824 0.226816 0.412818 0.977983
  1.20833 518.471 0.218749 0.224308 0.417417 0.993793
  1.22222 515.175 0.220396 0.223258 0.426609 0.967219
  1.23611 517.485 0.221497 0.22291 0.43564 0.967963
  1.25 517.118 0.223306 0.223639 0.445593 0.966055
  1.26389 517.526 0.224444 0.225208 0.454127 0.949975
  1.27778 508.593 0.226964 0.222931 0.463123 0.95727
  1.29167 491.091 0.229308 0.218353 0.471836 0.955146
  1.30556 496.772 0.228436 0.217485 0.481258 0.964188
  1.31944 491.555 0.228854 0.213314 0.491118 0.976416
  1.33333 497.584 0.22884 0.210117 0.498226 0.966616
  End: M 1.34333 1430
Bub 594 0.021879
  Start: M 1.17194 572
  1.18056 160.538 0.194542 0.197358 0.23985 1.05556
  1.19444 161.443 0.19253 0.194354 0.246256 1.05124
  1.19972 161.443 0.192119 0.193451 0.248222 1.04995
  End: M 1.20611 759
Bub 596 0.00367754
  Start: S 1.17389 568
  1.18056 903.835 0.123667 0.215 0.417 0.962137
  1.19444 903.83 0.119857 0.215 0.421667 1.04222
  1.19972 903.83 0.118333 0.215 0.421667 0.997722
  1.20833 905.344 0.116667 0.215 0.425 1.00124
  1.22222 902.031 0.120333 0.215 0.429667 1.01995
  1.23611 909.197 0.123631 0.214524 0.438333 0.983944
  End: M 1.2475 940
Bub 683 0.00341392
  Start: N 1.19389
  1.19444 973.6 0.171667 0.241667 0.456667 1.01537
  1.19972 973.6 0.168333 0.242018 0.460263 0.959621
  1.20833 969.19 0.16693 0.242719 0.466404 1.00133
  1.22222 971.316 0.166333 0.241667 0.473667 0.971574
  End: C 1.22611
Bub 692 0.00479902
  Start: S 1.195 686
  1.19972 700.559 0.157467 0.225467 0.4084 1.09844
  1.20833 700.559 0.156049 0.227734 0.415375 0.991588
  1.22222 696.177 0.159082 0.229796 0.422143 0.980598
  1.23611 691.832 0.160791 0.229153 0.431102 0.989846
  1.25 700.255 0.163252 0.228625 0.440502 1.0031
  1.26389 695.252 0.169058 0.231957 0.459203 1.39299
  1.27778 701.619 0.171727 0.238333 0.47 0.926509
  End: M 1.28972 1065
Bub 701 0.0064519
  Start: M 1.19667 682
  1.19972 508.88 0.217373 0.166838 0.400624 0.970157
  End: M 1.2 766
Bub 708 0.00367754
  Start: S 1.19778 678 684 685
  1.19972 892.784 0.185 0.226333 0.493 0.983356
  End: M 1.20111 767
Bub 711 0.00489314
  Start: S 1.19833 678 684 685
  1.19972 670.989 0.184686 0.165786 0.465912 0.985481
  End: M 1.20194 752
Bub 720 0.00306297
  Start: S 1.19917 678 684 685
  1.19972 1071.91 0.201538 0.175 0.471795 0.910608
  End: C 1.2
Bub 721 0.0207564
  Start: S 1.19917 678 684 685
  1.19972 158.179 0.202463 0.191951 0.538424 0.95727
  End: S 1.2 767 770
Bub 723 0.0084865
  Start: S 1.19972 686
  1.19972 386.878 0.15233 0.185036 0.433638 1.00928
  End: M 1.20167 769
Bub 724 0.00383421
  Start: S 1.19972 686
  1.19972 856.302 0.14049 0.156961 0.426961 1.00928
  End: M 1.20167 769
Bub 752 0.00538135
  Start: M 1.20556 711
  1.20833 666.694 0.187908 0.16883 0.473723 1.01193
  End: M 1.20944 778
Bub 759 0.0220901
  Start: M 1.20639 594
  1.20833 160.357 0.192137 0.192829 0.251508 1.0418
  End: S 1.21139 859 834
Bub 766 0.00647835
  Start: M 1.20694 701
  1.20833 565.382 0.215136 0.164051 0.405176 0.947926
  End: M 1.21333 851
Bub 767 0.0206395
  Start: M 1.20722 708 721
  1.20833 161.983 0.202918 0.191318 0.553015 0.960311
  End: S 1.21222 857 848
Bub 768 0.0051279
  Start: S 1.2075 723 724
  1.20833 653.703 0.169399 0.166393 0.416858 1.04229
  End: M 1.20861 816
Bub 769 0.00761795
  Start: S 1.2075 723 724
  1.20833 456.972 0.150333 0.190067 0.444708 1.04759
  End: M 1.20861 816
Bub 770 0.00505685
  Start: S 1.20833 708 721
  1.20833 727.71 0.197821 0.214744 0.488333 0.978945
  End: M 1.20861 857
Bub 771 0.00367754
  Start: S 1.20833 708 721
  1.20833 902.681 0.187 0.226333 0.498333 0.99588
  End: M 1.20861 857
Bub 801 0.0207179
  Start: N 1.21361
  1.22222 161.52 0.203722 0.190343 0.577829 0.946172
  End: M 1.225 926
Bub 815 0.0050855
  Start: S 1.21639 768 769
  1.22222 666.506 0.172003 0.166429 0.422367 1.02732
  1.23611 655.858 0.173252 0.166911 0.430664 0.98965
  1.25 656.744 0.175896 0.165647 0.438159 0.934142
  1.26389 660.115 0.177468 0.164542 0.446832 0.960296
  End: M 1.27444 997
Bub 816 0.00771205
  Start: S 1.21639 768 769
  1.22222 444.79 0.153731 0.189257 0.454494 0.97885
  1.23611 438.861 0.155382 0.190089 0.465679 0.969893
  1.25 442.134 0.157706 0.190581 0.475382 0.960735
  1.26389 443.794 0.159579 0.189761 0.4867 0.950307
  1.27778 449.253 0.16021 0.19138 0.496854 0.95185
  1.29167 469.168 0.158371 0.19355 0.508349 0.965253
  1.30556 482.724 0.156398 0.194463 0.518058 0.972191
  End: M 1.31083 1228
Bub 834 0.00397903
  Start: S 1.21889 759
  1.22222 832.396 0.23307 0.189737 0.272719 1.2528
  End: M 1.22556 938
Bub 839 0.00390797
  Start: N 1.21972
  1.22222 847.925 0.136667 0.230556 0.452778 0.905123
  1.23611 859.681 0.135 0.228333 0.455 1.01882
  End: M 1.2475 940
Bub 851 0.0065306
  Start: M 1.22083 766
  1.22222 561.827 0.215344 0.165384 0.413294 0.976168
  End: S 1.22278 919 920
Bub 857 0.00458134
  Start: S 1.22222 767 770 771
  1.22222 728.308 0.201782 0.203621 0.506954 0.94032
  End: M 1.22306 888
Bub 858 0.00367754
  Start: S 1.22222 767 770 771
  1.22222 903.308 0.203667 0.187 0.515 0.94032
  End: M 1.22306 888
Bub 859 0.0221158
  Start: M 1.22222 759
  1.22222 161.547 0.192229 0.193216 0.257437 1.03801
  End: S 1.22361 938 876
Bub 876 0.0059019
  Start: S 1.22528 859
  1.23611 578.816 0.191953 0.22914 0.292419 0.959596
  1.25 570.181 0.194257 0.229257 0.300462 1.03517
  1.26389 570.404 0.193983 0.232175 0.307486 1.04123
  End: M 1.27722 996
Bub 919 0.0057499
  Start: S 1.23139 851
  1.23611 580.651 0.20595 0.157829 0.422965 0.966419
  1.25 577.041 0.203474 0.156727 0.432791 0.966808
  1.26389 587.359 0.204547 0.156626 0.440988 0.952953
  End: M 1.27444 997
Bub 920 0.0042201
  Start: S 1.23139 851
  1.23611 786.491 0.23 0.180294 0.421324 0.934124
  1.25 784.555 0.230254 0.179915 0.433588 0.974344
  1.26389 785.758 0.233128 0.180205 0.444361 0.755378
  1.27778 789.814 0.231618 0.17901 0.452971 0.95606
  1.29167 783.88 0.23 0.179444 0.460556 0.999348
  1.30556 792.187 0.229737 0.178333 0.471316 0.953542
  1.31944 793.926 0.229737 0.178333 0.481316 0.963459
  1.33333 788.281 0.230035 0.178262 0.490106 0.936826
  End: M 1.33444 1430
Bub 926 0.0207273
  Start: S 1.23333 801
  1.23611 160.592 0.203967 0.190314 0.601255 0.939769
  1.25 161.689 0.203987 0.190682 0.621386 0.937038
  End: C 1.25361
Bub 927 0.00417831
  Start: N 1.23472
  1.23611 791.931 0.223333 0.206313 0.551414 0.71013
  End: C 1.24056
Bub 929 0.00544425
  Start: S 1.23611 834 859
  1.23611 637.553 0.212215 0.173356 0.288128 1.04089
  End: M 1.23639 938
Bub 938 0.0221248
  Start: S 1.24556 834 859 929
  1.25 164.986 0.190057 0.196423 0.271006 1.02939
  End: M 1.25028 977
Bub 939 0.00544425
  Start: S 1.24556 834 859 929
  1.25 619.895 0.212945 0.166438 0.292443 1.03672
  End: M 1.25028 977
Bub 977 0.0222906
  Start: M 1.26194 938 939
  1.26389 164.483 0.185848 0.196112 0.280904 1.01868
  End: M 1.26861 996
Bub 996 0.0225646
  Start: M 1.27722 876 977
  1.27778 162.441 0.180854 0.194919 0.291865 1.00278
  End: S 1.27833 1156 1071
Bub 997 0.0067479
  Start: M 1.2775 815 919
  1.27778 534.399 0.195552 0.160072 0.452374 1.00837
  End: S 1.27889 1049 1050
Bub 1049 0.0059019
  Start: S 1.28861 997
  1.29167 564.431 0.206452 0.158208 0.461147 0.984968
  1.30556 564.507 0.206884 0.159112 0.470091 0.961352
  1.31944 564.159 0.207228 0.160134 0.477745 0.998557
  End: M 1.31972 1304
Bub 1050 0.00466747
  Start: S 1.28861 997
  1.29167 721.572 0.179783 0.161486 0.465543 0.906792
  1.30556 711.577 0.181439 0.158447 0.475114 0.959132
  1.31944 714.742 0.180051 0.155539 0.483148 0.978852
  End: M 1.31972 1304
Bub 1065 0.00439861
  Start: M 1.29111 692
  1.29167 781.609 0.170844 0.242143 0.477597 0.99309
  End: M 1.29333 1103
Bub 1067 0.00341392
  Start: S 1.29139 996
  1.29167 972.971 0.221667 0.16 0.315 1.41468
  End: M 1.29194 1156
Bub 1069 0.00313958
  Start: N 1.29167
  1.29167 1060.71 0.221548 0.201905 0.678214 0.943205
  End: M 1.29194 1163
Bub 1071 0.0055895
  Start: S 1.29167 996
  1.29167 607.238 0.193966 0.238692 0.321329 0.99552
  End: M 1.29194 1156
Bub 1084 0.0041571
  Start: S 1.29417 996 1067 1071
  1.30556 799.872 0.223564 0.157821 0.320231 0.957679
  End: M 1.31639 1262
Bub 1103 0.00468432
  Start: M 1.29722 1065
  1.30556 713.206 0.170591 0.236613 0.488011 1.05401
  1.31944 717.349 0.16915 0.237789 0.498333 0.948392
  1.33333 715.657 0.166713 0.238022 0.508925 0.941252
  End: M 1.33917 1417
Bub 1106 0.00393194
  Start: N 1.29778
  1.30556 843.99 0.219909 0.153303 0.686758 0.919623
  End: M 1.3075 1259
Bub 1156 0.0225443
  Start: M 1.305 996 1067 1071
  1.30556 163.402 0.174578 0.188615 0.310347 0.985506
  End: S 1.30833 1262 1206
Bub 1161 0.00393194
  Start: N 1.30556
  1.30556 846.033 0.203848 0.146818 0.669545 0.951975
  End: M 1.30583 1259
Bub 1162 0.006666
  Start: N 1.30556
  1.30556 549.327 0.224838 0.22194 0.675858 0.984296
  End: M 1.30583 1259
Bub 1163 0.00827135
  Start: N 1.30556
  1.30556 445.756 0.181439 0.182305 0.678867 0.984296
  End: M 1.30583 1259
Bub 1164 0.00591245
  Start: N 1.30556
  1.30556 623.222 0.194822 0.232326 0.675232 0.984296
  End: M 1.30583 1259
Bub 1206 0.00338201
  Start: S 1.31306 1156
  1.31944 982.803 0.19319 0.238333 0.338429 0.981102
  1.33333 981.123 0.18991 0.241486 0.343153 0.95155
  End: M 1.33389 1424
Bub 1223 0.0044735
  Start: S 1.31444 1106 1161 1162 1163 1164
  1.31944 779.11 0.203189 0.143889 0.678909 0.872059
  End: M 1.32722 1308
Bub 1228 0.0076433
  Start: S 1.315 816
  1.31944 487.162 0.156733 0.200404 0.524307 0.973069
  1.33333 478.407 0.1541 0.204116 0.529923 1.00775
  End: M 1.33361 1417
Bub 1243 0.0067398
  Start: S 1.31694 1106 1161 1162 1163 1164
  1.31944 532.615 0.234001 0.220487 0.682557 0.953811
  End: M 1.32361 1284
Bub 1258 0.0063163
  Start: S 1.31889 1106 1161 1162 1163 1164
  1.31944 538.5 0.185702 0.16652 0.690205 0.919968
  End: M 1.32722 1308
Bub 1259 0.0076996
  Start: S 1.31889 1106 1161 1162 1163 1164
  1.31944 487.869 0.187437 0.213103 0.690698 0.899751
  End: M 1.32111 1303
Bub 1262 0.0225624
  Start: M 1.31944 1084 1156
  1.31944 163.022 0.17558 0.188335 0.318261 0.979126
  End: M 1.31972 1274
Bub 1274 0.0224174
  Start: M 1.32222 1262
  1.33333 164.383 0.179829 0.19114 0.322953 0.9882
  End: M 1.33389 1424
Bub 1284 0.0069444
  Start: M 1.32389 1243
  1.33333 531.668 0.236023 0.220094 0.693603 0.956625
  End: M 1.33556 1421
Bub 1298 0.00341392
  Start: N 1.33083
  1.33333 970.312 0.205 0.238333 0.69 0.892819
  End: M 1.34528 1428
Bub 1303 0.00744255
  Start: M 1.33167 1259
  1.33333 486.015 0.184473 0.207029 0.703651 0.948907
  End: S 1.33528 1429 1428
Bub 1304 0.0061455
  Start: S 1.3325 1049 1050
  1.33333 540.277 0.208048 0.159508 0.484968 0.971945
  End: M 1.33417 1430
Bub 1305 0.00468432
  Start: S 1.3325 1049 1050
  1.33333 722.545 0.18095 0.153387 0.488297 0.952953
  End: M 1.33417 1430
Bub 1308 0.0069748
  Start: M 1.33306 1223 1258
  1.33333 536.44 0.190993 0.16044 0.696509 0.961484
  End: M 1.33417 1331
Bub 1412 0.0070645
  Start: N 1.34528
  1.34722 490.841 0.184216 0.205533 0.714237 0.954281
  End: M 1.35778 1511
Bub 1417 0.00851705
  Start: M 1.34583 1103 1228
  1.34722 460.479 0.154642 0.215423 0.532662 0.949436
  End: S 1.34944 1483 1484
Bub 1421 0.0068827
  Start: M 1.34639 1284
  1.34722 487.29 0.237746 0.220006 0.704684 0.950632
  End: M 1.35 1493
Bub 1424 0.0224036
  Start: M 1.34667 1206 1274
  1.34722 164.77 0.186847 0.196414 0.324354 0.989223
  End: M 1.34861 1495
Bub 1428 0.00470105
  Start: M 1.34694 1298 1303
  1.34722 703.133 0.19922 0.236277 0.697518 0.920654
  End: M 1.34833 1511
Bub 1429 0.0065392
  Start: M 1.34694 1303
  1.34722 539.884 0.180889 0.167003 0.706001 0.907885
  End: S 1.34833 1511 1456
Bub 1430 0.0094642
  Start: M 1.34722 591 920 1304 1305
  1.34722 425.637 0.218959 0.186047 0.498407 0.958512
  End: M 1.34806 1510
Bub 1493 0.00681995
  Start: M 1.35889 1421
  1.36111 536.943 0.243862 0.21903 0.715755 0.989149
  End: S 1.36194 1529 1528
Bub 1495 0.0222632
  Start: M 1.35917 1424
  1.36111 166.533 0.193 0.201361 0.325145 0.98554
  End: M 1.3625 1549
Bub 1498 0.00310175
  Start: N 1.35944
  1.36111 1064.85 0.188333 0.248333 0.351667 0.829678
  End: M 1.36417 1549
Bub 1510 0.00920635
  Start: M 1.36111 1430
  1.36111 425.646 0.222474 0.187139 0.504155 0.968517
  End: M 1.36194 1548
Bub 1511 0.00866185
  Start: M 1.36111 1412 1428 1429
  1.36111 444.167 0.181525 0.196083 0.716689 0.928425
  End: S 1.36167 1551 1512
Bub 848 0.00419931
  Start: S 1.22056 767 770 771
  1.22222 790.701 0.193308 0.220224 0.492065 0.965126
  1.23611 790.782 0.1898 0.221667 0.505667 0.938415
  1.25 787.815 0.18693 0.222719 0.51693 0.90633
  1.26389 791.146 0.187056 0.223 0.528611 0.879281
  1.27778 791.494 0.186519 0.221878 0.542046 0.916038
  1.29167 789.156 0.186972 0.221854 0.555 0.942375
  1.30556 791.06 0.186771 0.220833 0.568177 0.945346
  1.31944 788.604 0.186884 0.221957 0.579493 0.905642
  1.33333 795.376 0.185308 0.221667 0.587667 0.953593
  1.34722 791.187 0.185952 0.220411 0.595736 0.919413
  1.36111 787.811 0.183667 0.220333 0.603333 0.933912
  1.36639 787.811 0.183667 0.220333 0.606667 0.992692
  1.375 787.391 0.183333 0.22 0.61 0.925684
  1.38889 792.627 0.182833 0.2195 0.615 0.930387
  1.40278 794.47 0.180263 0.219386 0.620219 0.886996
  End: M 1.41333 1817
Bub 888 0.00495393
  Start: M 1.22667 857 858
  1.23611 719.562 0.198091 0.195636 0.52397 0.893718
  1.25 671.038 0.194273 0.199848 0.532212 0.910186
  1.26389 676.293 0.191698 0.199105 0.545586 0.968202
  1.27778 672.525 0.189821 0.19916 0.556267 0.933268
  1.29167 671.264 0.186307 0.199 0.567587 0.900354
  1.30556 668.75 0.182276 0.200577 0.578814 0.98402
  1.31944 675.741 0.178694 0.198003 0.588363 0.96408
  1.33333 672.249 0.17788 0.198893 0.597587 0.889789
  1.34722 667.731 0.178455 0.198818 0.606667 0.951747
  1.36111 675.381 0.178866 0.198473 0.614132 0.944055
  1.36639 675.381 0.177527 0.196586 0.615914 0.927489
  1.375 670.625 0.177889 0.198 0.619889 0.978533
  1.38889 674.84 0.177231 0.196478 0.625484 0.898631
  1.40278 672.074 0.179815 0.197407 0.631852 1.00384
  End: M 1.41333 1817
Bub 940 0.00458134
  Start: M 1.2475 596 839
  1.25 725.021 0.123276 0.214119 0.44841 0.747507
  1.26389 723.051 0.122897 0.211256 0.462641 1.11239
  1.27778 734.978 0.122843 0.206667 0.471667 0.971636
  1.29167 735.975 0.12425 0.20275 0.479625 1.01867
  1.30556 730.368 0.125894 0.201707 0.487154 0.984517
  1.31944 731.385 0.13034 0.201019 0.495583 0.977519
  1.33333 728.309 0.132294 0.200842 0.503779 0.941796
  1.34722 727.879 0.133545 0.201197 0.511761 1.10933
  1.36111 736.064 0.131766 0.200572 0.516194 1.01249
  1.36639 736.064 0.132436 0.199647 0.518526 0.954298
  1.375 722.172 0.137222 0.190556 0.519444 1.64941
  1.38889 743.906 0.135974 0.186573 0.525524 0.957543
  1.40278 727.049 0.130017 0.18146 0.532801 0.903742
  1.41667 730.102 0.124333 0.177889 0.538889 0.948435
  End: M 1.41917 1868
Bub 1147 0.0072304
  Start: N 1.30361
  1.30556 501.771 0.238879 0.165195 0.674181 0.899102
  1.31944 486.735 0.241513 0.165957 0.685839 0.950441
  1.33333 472.231 0.244493 0.164977 0.697759 0.941432
  1.34722 472.117 0.246939 0.163667 0.705085 0.940604
  1.36111 465.979 0.249106 0.15837 0.711993 0.980515
  1.36639 465.979 0.25023 0.158027 0.712821 0.94584
  1.375 466.187 0.252803 0.157222 0.715447 0.941753
  End: M 1.38833 1672
Bub 1235 0.00443638
  Start: N 1.31583
  1.31944 749.539 0.146308 0.185802 0.545084 0.925704
  1.33333 753.889 0.14307 0.187982 0.555 1.00634
  1.34722 753.279 0.139737 0.187982 0.561667 0.942097
  1.36111 746.917 0.139821 0.186131 0.566845 0.998231
  1.36639 746.917 0.139915 0.186243 0.566977 0.833224
  1.375 757.725 0.138333 0.185 0.568333 0.975951
  End: C 1.38333
Bub 1331 0.00475054
  Start: S 1.33639 1308
  1.34722 705.006 0.215653 0.144553 0.704175 0.917811
  1.36111 698.819 0.223095 0.141061 0.712316 0.875763
  1.36639 698.819 0.22522 0.139652 0.713535 0.957223
  1.375 702.255 0.230098 0.139706 0.716686 0.85747
  End: M 1.38833 1672
Bub 1456 0.00373123
  Start: S 1.35056 1429
  1.36111 891.095 0.198262 0.159894 0.720106 0.911315
  1.36639 891.095 0.198333 0.15827 0.723428 0.965265
  1.375 901.226 0.198333 0.154891 0.728388 0.910767
  End: C 1.38222
Bub 1483 0.0071807
  Start: S 1.35778 1417
  1.36111 498.455 0.156254 0.233826 0.532403 0.93156
  1.36639 498.455 0.155719 0.233863 0.535068 0.96086
  End: M 1.37 1609
Bub 1484 0.00592295
  Start: S 1.35778 1417
  1.36111 567.599 0.156826 0.199043 0.54578 0.977434
  1.36639 567.599 0.157074 0.200111 0.548007 0.953352
  1.375 571.327 0.157966 0.202048 0.552048 0.983793
  1.38889 577.345 0.157066 0.204703 0.558865 0.964472
  End: M 1.39139 1768
Bub 1512 0.00569365
  Start: S 1.36167 1511
  1.36639 576.65 0.175299 0.168134 0.712405 0.933034
  End: M 1.36722 1613
Bub 1528 0.00475054
  Start: S 1.36306 1493
  1.36639 703.608 0.229845 0.228814 0.71232 0.945932
  1.375 703.608 0.231853 0.22844 0.71708 0.905546
  End: M 1.38556 1675
Bub 1529 0.00602615
  Start: S 1.36306 1493
  1.36639 567.922 0.253687 0.215084 0.719933 0.931028
  1.375 567.922 0.257096 0.217162 0.72302 0.927443
  End: M 1.38556 1675
Bub 1548 0.00933495
  Start: M 1.36583 1510
  1.36639 351.715 0.222899 0.187794 0.506141 0.954934
  End: M 1.36694 1584
Bub 1549 0.0222669
  Start: M 1.36611 1495 1498
  1.36639 147.45 0.19507 0.202953 0.325692 0.98464
  End: S 1.36722 1604 1605
Bub 1550 0.00341392
  Start: S 1.36639 1511
  1.36639 961.722 0.188333 0.231667 0.71 0.917652
  End: M 1.36694 1613
Bub 1551 0.00693675
  Start: S 1.36639 1511
  1.36639 473.311 0.181402 0.203841 0.724558 0.917652
  End: M 1.36694 1613
Bub 1584 0.0092668
  Start: M 1.37028 1548
  1.375 415.807 0.224111 0.187588 0.50825 0.951356
  End: M 1.37667 1661
Bub 1604 0.0219251
  Start: S 1.37333 1549
  1.375 165.75 0.198438 0.205496 0.326293 0.988537
  1.38889 166.65 0.197429 0.204679 0.330875 0.991329
  1.40278 167.52 0.194833 0.201323 0.335198 0.997485
  End: M 1.40306 1811
Bub 1605 0.00707925
  Start: S 1.37333 1549
  1.375 525.599 0.129735 0.172539 0.371968 1.00225
  End: M 1.37583 1670
Bub 1609 0.00737545
  Start: M 1.37417 1483
  1.375 495.595 0.154587 0.234385 0.538884 0.942372
  End: S 1.37778 1647 1646
Bub 1613 0.00820075
  Start: S 1.375 1512 1550 1551
  1.375 454.285 0.179362 0.189603 0.724579 1.00679
  End: M 1.38472 1677
Bub 1614 0.00432109
  Start: S 1.375 1512 1550 1551
  1.375 767.191 0.188379 0.230251 0.715365 1.00679
  End: M 1.38611 1677
Bub 1646 0.00456372
  Start: S 1.38333 1609
  1.38889 727.192 0.164651 0.243101 0.511783 0.815013
  1.40278 732.263 0.166358 0.240679 0.510432 1.02897
  1.41667 730.449 0.171073 0.238151 0.512991 0.97707
  1.43056 732.153 0.174111 0.236667 0.516444 0.85591
  1.44444 729.969 0.172281 0.236579 0.518509 1.03943
  End: C 1.44472
Bub 1647 0.0067398
  Start: S 1.38333 1609
  1.38889 553.324 0.152112 0.233375 0.547732 0.951814
  End: S 1.39 1768 1765
Bub 1651 0.0037575
  Start: N 1.38389
  1.38889 883.028 0.133333 0.185 0.563333 0.929102
  End: C 1.39722
Bub 1661 0.0092882
  Start: M 1.38667 1584
  1.38889 404.601 0.227023 0.191929 0.512044 0.958881
  End: M 1.39028 1692
Bub 1670 0.0071664
  Start: M 1.38778 1605
  1.38889 510.084 0.125751 0.170796 0.37492 0.961215
  End: M 1.39028 1767
Bub 1672 0.0075989
  Start: M 1.38833 1147 1331
  1.38889 469.711 0.250936 0.151851 0.721171 0.924508
  End: M 1.39056 1753
Bub 1675 0.00615525
  Start: S 1.38889 1528 1529
  1.38889 540.564 0.260829 0.219581 0.726611 0.954347
  End: M 1.38917 1714
Bub 1676 0.00473416
  Start: S 1.38889 1528 1529
  1.38889 704.021 0.238056 0.230417 0.725903 0.954347
  End: M 1.38917 1714
Bub 1677 0.00800435
  Start: M 1.38889 1613 1614
  1.38889 480.555 0.179727 0.194203 0.732184 0.960347
  End: S 1.39139 1756 1755
Bub 1692 0.0091407
  Start: M 1.39056 1661
  1.40278 406.553 0.228739 0.193741 0.514383 0.95983
  1.41667 399.637 0.230625 0.195818 0.517891 0.952089
  1.43056 393.725 0.231304 0.197991 0.52176 0.957992
  1.44444 393.759 0.231469 0.200279 0.52612 0.960043
  1.45833 388.566 0.231986 0.201588 0.53086 0.951416
  1.47222 391.073 0.232955 0.202736 0.537311 0.973503
  1.48611 393.247 0.231326 0.206174 0.544075 0.941688
  1.5 393.885 0.230091 0.208373 0.551564 0.96188
  End: M 1.50361 2048
Bub 1714 0.0067479
  Start: M 1.39333 1675 1676
  1.40278 507.93 0.258729 0.225588 0.73012 0.90413
  1.41667 498.06 0.263781 0.227816 0.732098 0.898754
  1.43056 504.677 0.268691 0.23021 0.733457 0.923954
  1.44444 498.78 0.274082 0.231039 0.734167 0.88736
  1.45833 501.643 0.280091 0.231735 0.735828 0.924543
  1.47222 509.484 0.28354 0.231545 0.739757 0.900078
  1.48611 521.232 0.287333 0.229846 0.742385 0.922855
  1.5 506.845 0.291971 0.228518 0.746227 0.8893
  1.51389 509.186 0.294548 0.22838 0.749931 0.881859
  End: M 1.52194 2124
Bub 1737 0.00404765
  Start: N 1.39778
  1.40278 816.633 0.129667 0.186667 0.560333 0.895582
  1.41667 820.076 0.123154 0.190026 0.558282 0.94402
  End: M 1.41917 1868
Bub 1753 0.00750195
  Start: M 1.40056 1672
  1.40278 480.22 0.25562 0.151475 0.724825 0.924319
  End: M 1.40528 1813
Bub 1755 0.00432109
  Start: S 1.40167 1677
  1.40278 774.288 0.184589 0.225639 0.729795 0.942518
  End: M 1.40611 1792
Bub 1756 0.0073002
  Start: S 1.40167 1677
  1.40278 484.118 0.177604 0.193712 0.742491 0.924969
  End: M 1.40611 1792
Bub 1764 0.0046505
  Start: S 1.40222 1484 1647
  1.40278 720.282 0.148883 0.236941 0.53467 0.84555
  End: M 1.40333 1782
Bub 1765 0.00478297
  Start: S 1.40222 1484 1647
  1.40278 715.876 0.166818 0.22803 0.547929 1.11038
  End: M 1.40333 1782
Bub 1767 0.00738895
  Start: M 1.4025 1670
  1.40278 501.958 0.119922 0.168178 0.375201 0.983403
  End: M 1.40306 1811
Bub 1768 0.00738895
  Start: M 1.4025 1484 1647
  1.40278 508.653 0.148936 0.21995 0.564096 0.941651
  End: M 1.40333 1816
Bub 1782 0.00561295
  Start: M 1.40444 1764 1765
  1.41667 594.28 0.169083 0.228625 0.551938 0.958692
  End: M 1.42194 1885
Bub 1786 0.00624155
  Start: S 1.40472 1604 1767
  1.41667 544.715 0.116576 0.161515 0.383924 1.00578
  1.43056 541.407 0.113514 0.161508 0.386602 0.996215
  1.44444 535 0.111161 0.161477 0.390893 1.00753
  1.45833 540.432 0.107709 0.160997 0.39258 1.00084
  1.47222 538.919 0.104374 0.16091 0.394592 0.995466
  End: M 1.47833 1985
Bub 1792 0.00778565
  Start: S 1.40639 1755 1756
  1.41667 450.034 0.175429 0.191401 0.747264 0.919352
  1.43056 456.493 0.173341 0.188476 0.751321 0.907697
  1.44444 464.872 0.171045 0.185911 0.754154 0.896058
  1.45833 471.154 0.169265 0.184796 0.757082 0.904276
  1.47222 482.023 0.168441 0.182744 0.760007 0.917176
  End: S 1.48278 1983 1984
Bub 1793 0.00426107
  Start: S 1.40639 1755 1756
  1.41667 778.341 0.179905 0.223095 0.732238 0.764559
  1.43056 778.68 0.181027 0.219795 0.733539 0.792633
  1.44444 778.559 0.181667 0.216667 0.738333 0.973699
  1.45833 782.464 0.182778 0.215 0.745 0.913107
  1.47222 775.833 0.180263 0.21307 0.752719 0.825352
  1.48611 775.287 0.179828 0.213161 0.75977 0.872954
  1.5 781.861 0.176184 0.211096 0.763904 0.845555
  1.51389 784.914 0.174444 0.208333 0.770556 0.89274
  End: M 1.51472 2143
Bub 1811 0.0221444
  Start: M 1.41389 1604 1767
  1.41667 166.818 0.192048 0.196728 0.338917 1.00312
  End: M 1.41722 1888
Bub 1813 0.00771205
  Start: M 1.41417 1753
  1.41667 435.601 0.259715 0.150221 0.728229 0.91642
  End: S 1.4175 1878 1879
Bub 1816 0.0073822
  Start: M 1.41667 1768
  1.41667 504.335 0.147344 0.226126 0.570842 0.939207
  End: M 1.42194 1885
Bub 1817 0.00591245
  Start: M 1.41667 848 888
  1.41667 608.745 0.179403 0.205802 0.633788 0.932362
  End: M 1.4175 1891
Bub 1878 0.0067398
  Start: S 1.42722 1813
  1.43056 503.054 0.26843 0.154434 0.725205 0.908585
  1.44444 503.617 0.271394 0.155311 0.728774 0.96077
  1.45833 504.06 0.274803 0.153037 0.731016 0.902805
  1.47222 512.745 0.279647 0.151332 0.733885 0.913344
  1.48611 526.654 0.284693 0.150947 0.73754 0.888304
  End: M 1.49806 2008
Bub 1884 0.00456372
  Start: S 1.42861 1782 1816
  1.43056 731.945 0.169419 0.231938 0.556124 1.05168
  1.44444 751.61 0.169786 0.232238 0.561024 0.975415
  End: M 1.4575 1951
Bub 1885 0.0071448
  Start: S 1.42861 1782 1816
  1.43056 514.677 0.147545 0.228152 0.576677 0.94686
  End: S 1.4375 1919 1920
Bub 1888 0.0221135
  Start: M 1.42972 1811
  1.43056 168.835 0.189269 0.193229 0.343104 1.01334
  1.44444 169.757 0.186394 0.190548 0.348099 1.01368
  1.45833 170.386 0.183538 0.187672 0.353157 1.01336
  1.47222 171.007 0.18321 0.186279 0.357979 1.00617
  End: M 1.47833 1985
Bub 1891 0.0059853
  Start: M 1.43056 1817
  1.43056 596.132 0.179845 0.205395 0.640292 0.943923
  End: M 1.4325 1926
Bub 1920 0.00449183
  Start: S 1.44194 1885
  1.44444 737.793 0.142276 0.249106 0.579919 0.757921
  1.45833 750.657 0.146992 0.253391 0.581513 0.932717
  1.47222 741.882 0.155173 0.253788 0.581494 1.04159
  1.48611 755.359 0.160862 0.250747 0.585 0.926349
  End: M 1.49472 2009
Bub 1926 0.00585925
  Start: M 1.44417 1891
  1.44444 619.422 0.179817 0.206209 0.646154 0.955286
  End: S 1.445 1953 1952
Bub 1951 0.0054935
  Start: M 1.45778 1884
  1.45833 643.602 0.172556 0.232022 0.565911 0.935503
  1.47222 605.532 0.17442 0.227101 0.576884 0.937244
  1.48611 610.003 0.176536 0.225377 0.584072 0.918945
  End: M 1.49472 2009
Bub 1952 0.00338201
  Start: S 1.45833 1926
  1.45833 984.322 0.179952 0.218238 0.645095 0.931598
  End: M 1.45861 1969
Bub 1953 0.00538135
  Start: S 1.45833 1926
  1.45833 622.723 0.177931 0.199232 0.658853 0.931598
  End: M 1.45861 1969
Bub 1983 0.00713035
  Start: S 1.48444 1792
  1.48611 515.512 0.169746 0.175711 0.762876 0.911323
  End: M 1.48861 1989
Bub 1984 0.0049689
  Start: S 1.48444 1792
  1.48611 672.649 0.156892 0.206862 0.767763 0.897453
  End: M 1.48861 1989
Bub 1985 0.0222996
  Start: S 1.485 1786 1888
  1.48611 170.246 0.185286 0.185594 0.364119 1.0071
  End: M 1.48917 2000
Bub 1986 0.00602615
  Start: S 1.485 1786 1888
  1.48611 556.572 0.101279 0.161987 0.396667 0.986303
  End: M 1.48917 2000
Bub 1989 0.0073414
  Start: S 1.48972 1983 1984
  1.5 502.045 0.168547 0.173482 0.766862 0.905675
  1.51389 506.218 0.167715 0.172431 0.771383 0.914036
  End: M 1.51472 2143
Bub 2000 0.0225451
  Start: M 1.495 1985 1986
  1.5 170.343 0.184824 0.186452 0.371691 0.999661
  1.51389 171.219 0.182984 0.187787 0.379858 0.99238
  End: M 1.52639 2154
Bub 2009 0.0065046
  Start: M 1.49972 1920 1951
  1.5 558.471 0.170408 0.232229 0.592912 0.912199
  End: S 1.50111 2035 2036
Bub 2048 0.0091186
  Start: M 1.51333 1692
  1.51389 406.237 0.231944 0.211501 0.560471 0.945356
  End: S 1.51444 2155 2112
Bub 2143 0.0059019
  Start: M 1.52528 1793 1989
  1.52778 621.996 0.171344 0.193763 0.781971 0.917367
  End: M 1.53 2170
Bub 2154 0.0227561
  Start: M 1.52694 2000
  1.52778 169.052 0.181263 0.189358 0.388571 0.986358
  End: S 1.53028 2267 2169
Bub 2155 0.00874935
  Start: M 1.52694 2048
  1.52778 422.61 0.235721 0.218295 0.569433 0.928257
  End: S 1.53111 2181 2180
Bub 2157 0.0058913
  Start: S 1.52778 1793 1989
  1.52778 593.542 0.167252 0.155775 0.767559 0.948492
  End: M 1.52806 2426
Bub 2158 0.00367754
  Start: S 1.52778 1793 1989
  1.52778 917.431 0.148333 0.178333 0.775 0.948492
  End: M 1.52806 2426
Bub 515 0.00397903
  Start: S 1.0975 513
  1.11111 831.533 0.14693 0.183596 0.469386 1.19557
  1.125 857.943 0.145952 0.182619 0.473095 0.988415
  1.13889 831.154 0.14 0.183333 0.473333 0.930842
  1.15278 834.107 0.138294 0.183214 0.474484 0.979111
  1.16667 833.197 0.136026 0.183333 0.474103 0.974093
  1.18056 834.307 0.133 0.183 0.475 0.976595
  1.19444 834.33 0.133333 0.181667 0.478333 1.06551
  1.19972 834.33 0.133333 0.18 0.481667 1.08777
  1.20833 835.193 0.133333 0.18 0.485 0.94451
  1.22222 835.405 0.132424 0.179545 0.489242 0.976799
  1.23611 830.967 0.130472 0.179906 0.493994 0.992252
  1.25 831.47 0.127281 0.17693 0.499737 1.00471
  1.26389 842.709 0.126111 0.174444 0.505 0.978014
  1.27778 842.535 0.121667 0.175 0.51 0.996043
  1.29167 831.915 0.117 0.173667 0.513333 0.931035
  1.30556 834.95 0.111667 0.173333 0.516667 1.22926
  1.31944 834.535 0.11 0.173333 0.515 0.986324
  1.33333 839.658 0.108333 0.171667 0.513889 0.985419
  1.34722 833.105 0.106667 0.170556 0.512778 0.97059
  1.36111 834.726 0.105 0.17 0.51 0.976505
  1.36639 834.726 0.104929 0.169965 0.509894 0.974902
  1.375 838.638 0.103889 0.168333 0.508333 0.96305
  1.38889 835.056 0.103333 0.166667 0.505 0.949046
  1.40278 838.93 0.105 0.166111 0.501667 0.975799
  1.41667 841.66 0.105 0.163333 0.498333 0.9488
  1.43056 841.253 0.105556 0.161667 0.496111 0.963654
  1.44444 838.5 0.105215 0.159516 0.493656 0.979526
  1.45833 836.036 0.105278 0.157222 0.493056 0.855924
  1.47222 835.487 0.106333 0.155 0.493 0.947452
  1.48611 839.759 0.10693 0.151667 0.494649 0.963068
  1.5 836.451 0.10825 0.15025 0.495667 0.919824
  1.51389 842.705 0.11 0.148333 0.498333 0.960596
  1.52778 834.854 0.11 0.148333 0.501667 0.931215
  1.53306 834.854 0.11197 0.149545 0.502576 0.971053
  1.54167 839.32 0.11197 0.148636 0.505 0.954859
  1.55556 836.396 0.113333 0.15 0.508333 0.958509
  End: C 1.55639
Bub 778 0.0053039
  Start: M 1.20972 752
  1.22222 630.899 0.181074 0.163049 0.478975 1.03564
  1.23611 634.023 0.175405 0.161476 0.488071 0.983074
  1.25 632.3 0.17164 0.158387 0.495296 0.96209
  1.26389 638.609 0.16627 0.157222 0.503016 0.960849
  1.27778 630.103 0.161667 0.156753 0.511466 0.931903
  1.29167 627.453 0.160189 0.153616 0.522201 1.01214
  1.30556 636.968 0.159555 0.149784 0.53042 0.957415
  1.31944 629.076 0.160057 0.146897 0.536753 0.948296
  1.33333 625.492 0.159936 0.143372 0.541438 0.952566
  1.34722 625.987 0.159236 0.141617 0.545827 0.96342
  1.36111 632.718 0.15874 0.140317 0.547016 0.918039
  1.36639 632.718 0.157577 0.139908 0.546575 0.954175
  1.375 633.308 0.155732 0.139472 0.549146 0.933185
  1.38889 638.644 0.157111 0.140778 0.551889 0.956894
  1.40278 635.148 0.153343 0.140313 0.551101 0.921523
  1.41667 638.483 0.152633 0.139848 0.551231 1.07224
  1.43056 627.611 0.15103 0.13914 0.549713 0.945205
  1.44444 633.315 0.154318 0.138963 0.550354 0.949691
  1.45833 635.323 0.156409 0.138875 0.554892 0.949023
  1.47222 634.869 0.156556 0.138037 0.559222 0.939776
  1.48611 636.774 0.156857 0.136834 0.56623 0.979708
  1.5 634.872 0.157153 0.13587 0.573696 0.953206
  1.51389 634.434 0.157273 0.137689 0.583277 0.909472
  1.52778 626.016 0.15619 0.14244 0.59494 0.990714
  1.53306 626.016 0.157168 0.143275 0.597727 0.956462
  1.54167 656.254 0.157151 0.143085 0.602636 0.94036
  End: M 1.55361 2250
Bub 943 0.0199379
  Start: N 1.25028
  1.26389 176.249 0.20043 0.20775 0.141245 1
  1.27778 176.249 0.20043 0.20775 0.141245 1
  1.29167 176.249 0.20043 0.20775 0.141245 1
  1.30556 176.249 0.20043 0.20775 0.141245 1
  1.31944 176.249 0.20043 0.20775 0.141245 1
  1.33333 176.249 0.20043 0.20775 0.141245 1
  1.34722 176.249 0.20043 0.20775 0.141245 1
  1.36111 176.249 0.20043 0.20775 0.141245 1
  1.36639 176.249 0.20043 0.20775 0.141245 1
  1.375 176.249 0.20043 0.20775 0.141245 1
  1.38889 176.159 0.200429 0.20777 0.141253 1
  1.40278 170.174 0.199693 0.20684 0.14666 1.04895
  1.41667 169.154 0.199305 0.204734 0.153721 1.05501
  1.43056 168.474 0.199057 0.202677 0.161193 1.0624
  1.44444 169.209 0.19915 0.200864 0.169267 1.05963
  1.45833 169.583 0.199817 0.199405 0.176908 1.05609
  1.47222 171 0.200734 0.198973 0.184876 1.05956
  1.48611 172.125 0.201297 0.198672 0.193989 1.05886
  1.5 172.305 0.200951 0.198663 0.204668 1.04945
  1.51389 170.636 0.199991 0.198119 0.214877 1.03641
  1.52778 172.27 0.199099 0.197805 0.22519 1.02476
  1.53306 172.27 0.199083 0.197643 0.228853 1.02182
  1.54167 172.581 0.198433 0.197631 0.234791 1.01583
  1.55556 176.656 0.197959 0.198758 0.244404 1.00849
  1.56944 177.83 0.197917 0.200016 0.252897 0.997331
  1.58333 179.066 0.197516 0.200084 0.260284 0.987286
  End: M 1.585 2392
Bub 1443 0.00424068
  Start: S 1.34944 1428
  1.36111 785.836 0.208043 0.237029 0.706643 0.937645
  1.36639 785.836 0.207778 0.238333 0.709444 0.928354
  1.375 788.644 0.20875 0.238393 0.71369 0.932225
  1.38889 793.406 0.211667 0.238333 0.721667 0.913384
  1.40278 782.041 0.218827 0.24142 0.726481 0.812196
  1.41667 779.303 0.226333 0.243333 0.727 1.04921
  1.43056 779.162 0.233418 0.243588 0.730254 0.905405
  1.44444 779.148 0.24 0.243172 0.733333 0.922104
  1.45833 784.068 0.244524 0.240714 0.735952 0.895015
  1.47222 786.234 0.246667 0.241667 0.74 0.920114
  1.48611 781.248 0.246667 0.242778 0.746111 0.909521
  1.5 784.933 0.248448 0.24523 0.752356 0.960231
  1.51389 781.39 0.249928 0.248043 0.759783 0.924636
  1.52778 781.437 0.252033 0.252154 0.766504 0.918369
  1.53306 781.437 0.253718 0.254744 0.76859 0.911258
  1.54167 783.256 0.255385 0.257308 0.771923 0.876299
  1.55556 779.266 0.258953 0.261938 0.775504 0.961615
  1.56944 784.714 0.261384 0.267203 0.779859 0.940588
  End: M 1.57722 2377
Bub 1645 0.00367754
  Start: N 1.3825
  1.38889 901.191 0.198333 0.147 0.730333 0.922845
  1.40278 914.855 0.197935 0.144502 0.73505 0.878108
  1.41667 902.748 0.201154 0.143103 0.740231 0.93314
  1.43056 912.843 0.2 0.138333 0.745 0.927583
  1.44444 914.234 0.198333 0.131667 0.745 0.928783
  1.45833 905.019 0.19806 0.129754 0.74724 0.894778
  1.47222 903.372 0.198011 0.127975 0.749946 0.833064
  1.48611 898.426 0.198333 0.128333 0.758333 0.966831
  1.5 904.687 0.195342 0.125214 0.763077 0.928878
  1.51389 912.903 0.191667 0.121667 0.768333 0.885379
  1.52778 909.526 0.188623 0.119058 0.770652 0.93612
  1.53306 909.526 0.18807 0.117807 0.77114 0.88724
  1.54167 903.23 0.186429 0.115 0.774048 0.93984
  1.55556 899.069 0.183596 0.110263 0.776053 0.897297
  1.56944 898.736 0.183333 0.103889 0.779444 0.942249
  End: M 1.57306 2377
Bub 1869 0.00430127
  Start: S 1.42583 940 1737
  1.43056 770.946 0.116667 0.193333 0.555 0.956611
  1.44444 768.13 0.110556 0.196111 0.552778 1.03382
  1.45833 768.604 0.107 0.196667 0.553 0.956279
  1.47222 774.472 0.103039 0.198333 0.551863 0.906024
  1.48611 778.448 0.0983333 0.197982 0.553596 0.964106
  1.5 786.746 0.095 0.196304 0.553551 0.935841
  1.51389 776.189 0.095 0.192018 0.553596 1.01993
  1.52778 772.826 0.095 0.19 0.555 0.917035
  1.53306 772.826 0.0960526 0.189737 0.556404 0.966148
  1.54167 778.506 0.0966117 0.189835 0.556575 0.914352
  1.55556 772.414 0.101863 0.186667 0.556373 0.968714
  1.56944 774.95 0.100692 0.182949 0.557051 0.972367
  1.58333 769.509 0.0997541 0.183306 0.560191 0.91767
  1.59722 773.144 0.0997222 0.18162 0.563565 0.907938
  1.61111 772.435 0.0983333 0.18 0.565 0.935166
  1.625 771.026 0.0983333 0.180333 0.569667 0.965226
  End: C 1.63806
Bub 1879 0.00454596
  Start: S 1.42722 1813
  1.43056 728.015 0.255314 0.135784 0.742922 0.933981
  1.44444 727.856 0.263037 0.134408 0.747555 0.914271
  1.45833 730.906 0.269697 0.131692 0.749268 0.883262
  1.47222 732.1 0.274902 0.128137 0.752745 0.882676
  1.48611 737.383 0.280629 0.125 0.75327 0.892194
  1.5 732.031 0.285202 0.121263 0.756818 0.97502
  1.51389 729.133 0.289184 0.118723 0.759043 0.932452
  1.52778 738.229 0.295 0.115406 0.758507 0.911112
  1.53306 738.229 0.296368 0.114744 0.758419 0.911761
  1.54167 740.189 0.298883 0.112217 0.758722 0.932835
  1.55556 737 0.301667 0.108472 0.759444 1.0147
  1.56944 733.981 0.306384 0.10544 0.757075 0.897822
  1.58333 744.556 0.308201 0.103845 0.755297 0.949384
  1.59722 744.84 0.311042 0.10125 0.750417 0.924747
  1.61111 750.658 0.313104 0.100321 0.747294 0.934433
  1.625 754.06 0.313377 0.100043 0.741058 0.969724
  1.63889 738.37 0.311747 0.101707 0.732671 0.910269
  1.65278 736.813 0.310354 0.102273 0.726313 0.913201
  End: C 1.66083
Bub 1919 0.0066577
  Start: S 1.44194 1885
  1.44444 511.331 0.148233 0.221342 0.582478 0.940605
  1.45833 510.875 0.148072 0.224717 0.590534 0.941962
  1.47222 511.216 0.147345 0.22775 0.60231 0.925866
  1.48611 512.4 0.148155 0.230903 0.613015 0.965423
  1.5 506.422 0.150148 0.233296 0.624457 0.929158
  1.51389 513.694 0.152188 0.236604 0.632573 0.928258
  1.52778 516.606 0.155942 0.239459 0.642284 0.926779
  1.53306 516.606 0.157993 0.239594 0.645888 0.943701
  1.54167 525.113 0.161382 0.239738 0.651446 0.889658
  1.55556 530.288 0.168553 0.238689 0.662732 0.888307
  End: S 1.56944 2315 2314
Bub 1969 0.00544425
  Start: M 1.46444 1952 1953
  1.47222 619.258 0.178037 0.197968 0.668904 0.951848
  1.48611 637.732 0.176134 0.196099 0.677042 0.907811
  1.5 650.533 0.17484 0.191918 0.687352 0.917514
  1.51389 643.265 0.171287 0.189868 0.697904 0.905853
  1.52778 647.055 0.169379 0.189096 0.711064 0.925054
  1.53306 647.055 0.169962 0.184415 0.715814 1.02499
  1.54167 632.987 0.16913 0.186405 0.722568 0.938002
  1.55556 632.209 0.16875 0.1825 0.73125 0.929898
  1.56944 637.235 0.167303 0.180616 0.740717 0.954719
  1.58333 624.022 0.165279 0.179731 0.749611 0.93864
  1.59722 620.271 0.163143 0.176287 0.75711 0.95357
  1.61111 615.916 0.160022 0.173355 0.763399 0.930339
  1.625 616.975 0.156379 0.169835 0.768128 0.930316
  1.63889 621.428 0.15297 0.167626 0.772561 0.923398
  1.65278 623.225 0.148351 0.163907 0.775794 0.916968
  1.66667 625.722 0.143253 0.157335 0.777549 0.898546
  1.68056 622.438 0.13999 0.151012 0.777428 0.887149
  End: C 1.68694
Bub 1990 0.0046505
  Start: S 1.48972 1983 1984
  1.5 712.656 0.153608 0.20804 0.771044 0.881554
  1.51389 714.799 0.150319 0.208262 0.77461 0.921244
  1.52778 717.257 0.145 0.208333 0.777754 1.00122
  1.53306 717.257 0.143577 0.208496 0.777764 0.912187
  End: M 1.53444 2217
Bub 2008 0.0067961
  Start: M 1.49861 1878
  1.5 530.049 0.286925 0.151538 0.741831 0.908247
  1.51389 508.462 0.288588 0.153601 0.746489 0.926846
  1.52778 507.117 0.29162 0.155769 0.749627 0.91884
  1.53306 507.117 0.292322 0.154763 0.751893 0.91832
  1.54167 500.546 0.294039 0.153602 0.754513 0.926261
  1.55556 496.264 0.299542 0.153234 0.759104 0.923722
  1.56944 500.345 0.304672 0.152601 0.763636 0.930609
  1.58333 500.073 0.311122 0.152251 0.764814 0.933427
  1.59722 500.633 0.316992 0.152211 0.766049 0.940367
  End: M 1.60611 2453
Bub 2124 0.0067398
  Start: M 1.52222 1714
  1.52778 498.195 0.297828 0.224567 0.752569 0.926836
  1.53306 498.195 0.297965 0.223812 0.753854 0.90421
  1.54167 499.661 0.299532 0.222434 0.757542 0.926447
  1.55556 510.046 0.30215 0.220242 0.763998 0.925193
  1.56944 518.947 0.306575 0.221207 0.768954 0.938727
  1.58333 529.579 0.311909 0.219515 0.772774 0.918771
  End: M 1.59222 2424
Bub 2169 0.0037575
  Start: S 1.53028 2154
  1.53306 884.4 0.198333 0.103333 0.393333 1.01149
  1.54167 884.4 0.197 0.101667 0.393667 0.958104
  1.55556 884.71 0.195 0.0983333 0.396667 0.993391
  End: C 1.55806
Bub 2170 0.00561295
  Start: M 1.53028 2143
  1.53306 584.941 0.17125 0.191333 0.785104 0.910456
  End: M 1.53333 2217
Bub 2180 0.00310175
  Start: S 1.53278 2155
  1.53306 1058.51 0.228333 0.198333 0.551667 0.922032
  End: C 1.53528
Bub 2181 0.0085776
  Start: S 1.53278 2155
  1.53306 382.769 0.236512 0.221054 0.574982 0.941332
  End: S 1.53361 2185 2184
Bub 2184 0.00588065
  Start: S 1.53361 2181
  1.54167 576.738 0.215399 0.213967 0.582192 0.997425
  1.55556 575.082 0.21203 0.21203 0.593485 0.964114
  1.56944 569.713 0.211629 0.212169 0.603994 0.963555
  1.58333 579.293 0.209107 0.210773 0.613402 0.962126
  1.59722 587.242 0.2083 0.210842 0.620303 0.944161
  1.61111 597.018 0.20485 0.209831 0.626873 0.96898
  1.625 620.122 0.202606 0.20907 0.63268 0.940049
  1.63889 633.135 0.201139 0.208167 0.637066 0.962502
  End: M 1.64639 2589
Bub 2215 0.0092754
  Start: N 1.53889
  1.54167 365.141 0.135254 0.114548 0.713213 0.93197
  End: C 1.54806
Bub 2217 0.00411402
  Start: N 1.53889
  1.54167 807.056 0.173095 0.208333 0.780238 0.864286
  1.55556 813.057 0.172018 0.211667 0.789737 0.885314
  1.56944 804.168 0.17 0.213333 0.796505 1.09769
  End: C 1.58222
Bub 2225 0.00424068
  Start: N 1.54139
  1.54167 786.666 0.187174 0.310652 0.715145 0.990762
  1.55556 821.745 0.1875 0.31125 0.711667 0.891338
  End: M 1.56222 2292
Bub 2250 0.00565935
  Start: M 1.55389 778
  1.55556 642.032 0.15998 0.139492 0.610894 0.94207
  End: S 1.55611 2270 2269
Bub 2262 0.00310175
  Start: N 1.55528
  1.55556 1065.03 0.141667 0.178333 0.775 0.953682
  End: C 1.55583
Bub 2267 0.0227048
  Start: M 1.55556 2154
  1.55556 168.492 0.179143 0.189068 0.404575 0.973516
  End: S 1.55639 2312 2294
Bub 2312 0.0224365
  Start: S 1.56889 2267
  1.56944 169.953 0.183275 0.189004 0.410457 0.976948
  1.58333 169.254 0.189268 0.189911 0.414921 0.976459
  1.59722 168.791 0.193472 0.190681 0.419513 0.971052
  1.61111 168.061 0.19507 0.192658 0.424389 0.972975
  End: S 1.6125 2569 2537
Bub 2313 0.00404765
  Start: S 1.56889 2267
  1.56944 823.513 0.0894444 0.159667 0.4065 0.627837
  End: C 1.56972
Bub 2314 0.00341392
  Start: S 1.56944 1919
  1.56944 973.661 0.155 0.228333 0.663333 0.956273
  End: M 1.56972 2337
Bub 2315 0.0065392
  Start: S 1.56944 1919
  1.56944 515.127 0.179374 0.238966 0.674789 0.956273
  End: M 1.56972 2337
Bub 2317 0.00544425
  Start: N 1.56944
  1.56944 691.276 0.104384 0.183584 0.716233 0.933175
  End: M 1.56972 2381
Bub 2337 0.0065306
  Start: S 1.5725 2314 2315
  1.58333 514.883 0.186005 0.236204 0.685304 0.95709
  1.59722 518.115 0.191868 0.23125 0.697443 0.951725
  1.61111 527.976 0.193444 0.226894 0.708165 0.968222
  1.625 537.591 0.192031 0.222594 0.719589 0.946502
  End: M 1.63278 2549
Bub 2364 0.00476681
  Start: N 1.57889
  1.58333 695.669 0.115136 0.238231 0.709898 0.900221
  1.59722 699.567 0.119773 0.235947 0.709773 0.972853
  1.61111 693.988 0.124247 0.234892 0.714462 0.900279
  End: C 1.61806
Bub 2377 0.00383421
  Start: N 1.58139
  1.58333 864.03 0.266961 0.273627 0.77951 0.981443
  End: M 1.58611 2426
Bub 2380 0.00478297
  Start: N 1.58333
  1.58333 744.561 0.138939 0.107424 0.712879 0.937276
  End: M 1.58361 2418
Bub 2381 0.0053686
  Start: N 1.58333
  1.58333 618.123 0.107071 0.190667 0.715619 0.966925
  End: M 1.58361 2418
Bub 2382 0.00411402
  Start: N 1.58333
  1.58333 807.504 0.103095 0.217857 0.712619 0.966925
  End: M 1.58361 2418
Bub 2392 0.0228518
  Start: M 1.58528 943
  1.59722 156.351 0.197601 0.199281 0.264966 0.992126
  1.61111 156.821 0.197827 0.197538 0.268546 0.997861
  1.625 157.79 0.197307 0.195674 0.272537 0.994837
  End: S 1.63389 2591 2564
Bub 2418 0.00428127
  Start: N 1.59472
  1.59722 778.322 0.133263 0.264531 0.710493 0.848145
  End: M 1.60528 2479
Bub 2424 0.0073002
  Start: M 1.59611 2124
  1.59722 485.26 0.318229 0.217045 0.775199 0.916364
  End: M 1.60417 2453
Bub 2426 0.00627915
  Start: N 1.59694
  1.59722 534.499 0.154777 0.136012 0.784524 0.933404
  End: M 1.59833 2453
Bub 2453 0.00660745
  Start: N 1.60667
  1.61111 514.85 0.322957 0.151462 0.764757 0.94606
  End: C 1.61167
Bub 2479 0.00397903
  Start: N 1.61111
  1.61111 840.818 0.138684 0.260263 0.711667 0.936231
  End: C 1.61139
Bub 2537 0.00341392
  Start: S 1.625 2312
  1.625 973.763 0.115 0.156667 0.428333 0.968441
  End: M 1.62528 2569
Bub 2549 0.00663265
  Start: M 1.63306 2337
  1.63889 501.996 0.186086 0.21923 0.734533 0.915884
  1.65278 503.597 0.18461 0.220618 0.745551 0.927056
  1.66667 502.208 0.182636 0.225 0.755827 0.915352
  1.68056 504.103 0.179745 0.229988 0.764075 0.913252
  1.69444 510.27 0.177379 0.236128 0.769796 0.897847
  End: M 1.69556 2712
Bub 2564 0.00306297
  Start: S 1.6375 2392
  1.63889 1078.95 0.235128 0.205128 0.301795 1.20957
  End: C 1.63917
Bub 2568 0.00367754
  Start: N 1.63861
  1.63889 915.434 0.101667 0.181667 0.575 1.47423
  1.65278 898.928 0.106667 0.18 0.58 0.920602
  1.66667 917.861 0.108333 0.178333 0.588333 0.92401
  1.68056 908.85 0.109643 0.178631 0.59506 0.939353
  End: C 1.69028
Bub 2569 0.0224789
  Start: M 1.63889 2312 2537
  1.63889 167.823 0.192698 0.194724 0.431586 0.969381
  End: S 1.64056 2993 2597
Bub 2591 0.0228771
  Start: M 1.64639 2392
  1.65278 158.866 0.193248 0.193215 0.284518 1.00171
  1.66667 159.038 0.191223 0.193464 0.291843 1.01337
  End: M 1.66917 2642
Bub 2592 0.00341392
  Start: N 1.64861
  1.65278 974.58 0.218333 0.215 0.633333 0.993913
  End: C 1.66306
Bub 2597 0.00383421
  Start: S 1.65194 2569
  1.65278 866.088 0.103039 0.163627 0.43951 0.965103
  End: C 1.65417
Bub 2629 0.00310175
  Start: N 1.66667
  1.66667 1064.78 0.258333 0.335 0.755 0.913372
  End: C 1.66694
Bub 2642 0.0228157
  Start: M 1.67167 2591
  1.68056 159.743 0.189166 0.193525 0.30063 1.01978
  End: M 1.69167 2694
Bub 2658 0.00341392
  Start: N 1.67917
  1.68056 974.538 0.26 0.338333 0.751667 0.872299
  End: C 1.685
Bub 2679 0.00452806
  Start: N 1.685
  1.69444 731.666 0.297619 0.111667 0.713571 0.934779
  End: M 1.69611 2712
Bub 2686 0.00397903
  Start: N 1.68694
  1.69444 831.998 0.262719 0.34307 0.74693 0.874569
  End: M 1.69556 2712
Bub 2688 0.00578315
  Start: N 1.68722
  1.69444 593.863 0.136029 0.146638 0.77681 0.893492
  End: M 1.69472 2712
Bub 2694 0.0226072
  Start: M 1.69194 2642
  1.69444 163.535 0.187963 0.193104 0.313927 1.01732
  End: M 1.69611 2725
Bub 2035 0.0050279
  Start: S 1.51028 2009
  1.51389 668.894 0.160855 0.240014 0.599377 0.92603
  1.52778 668.82 0.160443 0.240949 0.610148 0.983023
  1.53306 668.82 0.159657 0.240882 0.61402 1.03303
  1.54167 669.645 0.161608 0.239985 0.618894 0.920892
  1.55556 672.134 0.164359 0.240385 0.629103 0.972973
  1.56944 668.161 0.167553 0.238298 0.638865 0.921662
  1.58333 672.824 0.17 0.236667 0.649375 0.90353
  1.59722 676.169 0.173395 0.233313 0.657016 0.948811
  1.61111 664.912 0.175719 0.231307 0.667386 0.869033
  1.625 670.02 0.1785 0.231 0.677133 0.933667
  1.63889 658.925 0.177842 0.228614 0.685842 0.889901
  1.65278 666.687 0.178791 0.225621 0.694673 0.932231
  1.66667 664.25 0.179224 0.223879 0.700661 0.902863
  1.68056 668.995 0.179972 0.218472 0.711 0.864237
  1.69444 669.821 0.177704 0.214556 0.71963 0.895502
  1.69972 669.821 0.176667 0.213101 0.721938 0.882111
  1.70833 682.543 0.173652 0.212801 0.727624 0.910007
  1.72222 669.483 0.170182 0.214515 0.73603 0.870499
  1.73611 675.049 0.168404 0.217246 0.745561 0.909943
  1.75 681.698 0.166891 0.221122 0.752917 0.890311
  1.76389 702.98 0.166753 0.223522 0.759261 0.881408
  End: M 1.77472 3143
Bub 2036 0.00490848
  Start: S 1.51028 2009
  1.51389 684.73 0.175592 0.219673 0.604595 0.907963
  1.52778 693.119 0.173237 0.218003 0.614752 0.957296
  1.53306 693.119 0.173032 0.215602 0.618534 0.977576
  1.54167 675.291 0.170641 0.213782 0.625417 0.908156
  1.55556 674.015 0.166797 0.211078 0.635784 0.975798
  1.56944 673.769 0.162924 0.208246 0.644854 0.961902
  1.58333 677.819 0.160446 0.205179 0.65378 0.927511
  1.59722 677.385 0.156746 0.204968 0.662524 0.975808
  1.61111 679.208 0.152629 0.205137 0.669811 0.96355
  1.625 684.089 0.150141 0.204915 0.676384 0.942629
  1.63889 684.223 0.148364 0.20555 0.682982 0.922734
  1.65278 683.877 0.145651 0.205286 0.687917 0.923032
  1.66667 691.199 0.143919 0.206441 0.693919 0.914792
  1.68056 706.143 0.143673 0.208304 0.699012 0.907966
  1.69444 733.266 0.143321 0.208634 0.704373 0.903947
  1.69972 733.266 0.143806 0.209722 0.706194 0.915268
  End: S 1.70028 2789 2788
Bub 2292 0.00400217
  Start: M 1.5625 2225
  1.56944 826.406 0.183218 0.312816 0.710287 0.855532
  1.58333 829.685 0.181747 0.311145 0.70994 0.979181
  1.59722 837.9 0.184222 0.309963 0.707074 0.998696
  1.61111 830.827 0.185 0.31 0.703333 0.942211
  1.625 834.315 0.184649 0.311667 0.700263 0.974907
  1.63889 830.501 0.185216 0.310065 0.696602 0.942719
  1.65278 830.211 0.185278 0.310278 0.696111 0.960948
  1.66667 830.296 0.188333 0.309203 0.693116 0.899856
  1.68056 831.731 0.188462 0.307564 0.691667 0.842687
  1.69444 842.295 0.193889 0.305972 0.693056 0.894123
  1.69972 842.295 0.195952 0.304048 0.692143 0.953417
  1.70833 836.437 0.196545 0.303211 0.693496 0.870543
  1.72222 830.165 0.199941 0.300882 0.699 0.920458
  1.73611 825.305 0.203254 0.296746 0.706746 0.966
  1.75 835.623 0.204434 0.294937 0.713994 0.90815
  1.76389 834.661 0.206589 0.293682 0.723217 0.896897
  1.77778 835.125 0.208631 0.295 0.733155 0.956353
  End: C 1.78639
Bub 2589 0.0059543
  Start: S 1.64639 2184
  1.65278 593.003 0.189817 0.204145 0.645209 0.910847
  1.66667 595.92 0.186396 0.203671 0.649865 0.948677
  1.68056 602.189 0.1802 0.203333 0.659933 0.940128
  1.69444 563.339 0.17525 0.201771 0.671875 0.916318
  1.69972 563.339 0.174638 0.201705 0.674714 0.933249
  1.70833 557.614 0.172914 0.200317 0.681237 0.914533
  1.72222 560.367 0.171627 0.199719 0.690663 0.898791
  1.73611 563.216 0.17 0.199527 0.700511 0.905784
  1.75 572.785 0.168315 0.20044 0.709267 0.915491
  1.76389 582.939 0.167094 0.201884 0.716809 0.883154
  1.77778 578.18 0.165022 0.205784 0.726525 0.925672
  1.79167 582.5 0.163612 0.208541 0.731858 0.895962
  End: M 1.79833 3287
Bub 2712 0.00310175
  Start: N 1.69722
  1.69972 1064.98 0.265 0.345 0.745 0.920977
  1.70833 1064.98 0.265 0.348333 0.741667 0.881695
  End: C 1.71222
Bub 2725 0.0226503
  Start: M 1.69833 2694
  1.69972 144.953 0.187045 0.193265 0.319271 1.00852
  End: M 1.70306 2790
Bub 2733 0.00344524
  Start: N 1.7
  1.70833 970.635 0.171577 0.0498649 0.73518 1.13085
  End: M 1.70917 2807
Bub 2783 0.00449183
  Start: N 1.70694
  1.70833 739.625 0.291382 0.116301 0.715366 0.907629
  End: C 1.71417
Bub 2788 0.00367754
  Start: S 1.7075 2036
  1.70833 903.08 0.149667 0.223667 0.701667 0.920136
  End: C 1.71444
Bub 2789 0.00441757
  Start: S 1.7075 2036
  1.70833 764.959 0.14 0.202436 0.712564 0.939738
  1.72222 750.216 0.136739 0.199783 0.718623 0.918645
  1.73611 754.688 0.135952 0.199762 0.725952 0.91188
  1.75 754.826 0.13293 0.200404 0.734825 0.906178
  1.76389 756.979 0.129945 0.200421 0.743059 0.855925
  1.77778 754.548 0.126843 0.199706 0.749588 0.912622
  1.79167 756.98 0.123659 0.199715 0.756789 0.929404
  1.80556 755.972 0.121667 0.201087 0.765 0.912961
  1.81944 757.939 0.118056 0.201389 0.771667 0.90403
  1.83333 750.89 0.11473 0.199955 0.776532 0.917935
  End: C 1.83472
Bub 2790 0.0225312
  Start: M 1.70778 2725
  1.70833 164.881 0.186357 0.192361 0.328015 1.00881
  End: S 1.70889 2861 2811
Bub 2792 0.00675595
  Start: N 1.70806
  1.70833 514.161 0.174176 0.242324 0.77218 0.896525
  End: M 1.70861 2807
Bub 2794 0.00533
  Start: N 1.70833
  1.70833 650.674 0.354903 0.147044 0.735949 0.894409
  End: M 1.70861 2807
Bub 2795 0.00565935
  Start: N 1.70833
  1.70833 626.684 0.367195 0.196504 0.743476 0.894409
  1.72222 595.656 0.368729 0.197203 0.737429 0.910343
  1.73611 590.209 0.368844 0.196738 0.732002 0.891113
  1.75 588.284 0.367963 0.19537 0.727309 0.944146
  1.76389 585.841 0.366395 0.193895 0.723624 0.906086
  1.77778 590.436 0.367254 0.192091 0.720318 0.920599
  End: C 1.78889
Bub 2811 0.00397903
  Start: S 1.71083 2790
  1.72222 830.861 0.230263 0.246053 0.326404 1.03553
  1.73611 835.874 0.231667 0.248333 0.326667 1.00105
  End: M 1.74917 2987
Bub 2831 0.00367754
  Start: N 1.715
  1.72222 902.555 0.151667 0.226333 0.706333 0.904626
  End: C 1.72833
Bub 2847 0.00370457
  Start: N 1.71778
  1.72222 898.061 0.253333 0.2 0.313333 0.990004
  1.73611 897.211 0.255 0.199667 0.313 1.00747
  End: C 1.73889
Bub 2854 0.00367754
  Start: N 1.72028
  1.72222 916.777 0.201667 0.145 0.311667 0.792484
  1.73611 910.435 0.203198 0.141667 0.318153 1.35386
  End: M 1.73667 2987
Bub 2861 0.0222401
  Start: M 1.72222 2790
  1.72222 167.06 0.184177 0.189066 0.342244 1.00265
  End: S 1.72278 2886 2912
Bub 2886 0.0199583
  Start: M 1.73111 2861
  1.73611 170.001 0.180379 0.18277 0.372247 0.998992
  1.75 169.694 0.180664 0.182447 0.386356 0.994418
  End: M 1.75111 3058
Bub 2912 0.0140492
  Start: M 1.735 2861
  1.73611 288.201 0.193167 0.203446 0.305481 0.990359
  End: S 1.73639 2987 2946
Bub 2946 0.00432109
  Start: S 1.74333 2854 2912
  1.75 767.793 0.203128 0.139795 0.318973 0.87217
  End: C 1.75083
Bub 2975 0.00341392
  Start: N 1.7475
  1.75 973.41 0.278333 0.123333 0.741667 0.924457
  End: C 1.75306
Bub 2987 0.0137926
  Start: M 1.74917 2811 2854 2912
  1.75 293.993 0.19224 0.208058 0.31556 1.00125
  End: C 1.75306
Bub 2990 0.00430127
  Start: N 1.74944
  1.75 773.422 0.134167 0.0583333 0.7525 0.885768
  End: M 1.75028 2996
Bub 2992 0.0061843
  Start: N 1.74972
  1.75 564.202 0.0704829 0.125312 0.745171 0.858099
  End: C 1.76389
Bub 2993 0.0224299
  Start: M 1.74972 2569
  1.75 172.418 0.2001 0.204113 0.466084 0.967674
  End: M 1.75083 3035
Bub 2996 0.00432109
  Start: M 1.75056 2990
  1.76389 768.143 0.133128 0.0497945 0.751027 0.927593
  1.77778 777.739 0.132068 0.0475703 0.746767 0.91019
  1.79167 768.823 0.130215 0.0448925 0.743602 0.937414
  1.80556 778.581 0.130287 0.0432759 0.741092 0.924321
  End: M 1.81694 3445
Bub 3035 0.0224956
  Start: S 1.75667 2993
  1.76389 172.497 0.202349 0.205103 0.473434 0.962431
  1.77778 173.588 0.203152 0.207697 0.481243 0.962016
  1.79167 174.483 0.202634 0.208262 0.489139 0.961411
  End: C 1.79972
Bub 3053 0.00734825
  Start: N 1.75972
  1.76389 485.491 0.229058 0.16786 0.318853 0.982743
  1.77778 495.591 0.22848 0.166451 0.328824 0.978617
  End: M 1.79139 3223
Bub 3058 0.0200851
  Start: S 1.76028 2886
  1.76389 168.424 0.180597 0.182986 0.402454 0.987599
  1.77778 169.44 0.180821 0.18369 0.420513 0.981231
  1.79167 170.724 0.181438 0.184398 0.440453 0.977008
  End: C 1.79944
Bub 3071 0.00310175
  Start: N 1.76222
  1.76389 1064.81 0.278333 0.125 0.751667 0.887682
  End: C 1.77583
Bub 3075 0.00576105
  Start: N 1.76306
  1.76389 630.134 0.369798 0.256464 0.744788 0.860893
  End: M 1.77389 3155
Bub 3077 0.00417831
  Start: N 1.76333
  1.76389 809.636 0.153939 0.339545 0.748333 1.24487
  End: M 1.76472 3154
Bub 3079 0.013115
  Start: N 1.76389
  1.76389 297.988 0.184984 0.215479 0.326195 0.994278
  End: M 1.76472 3138
Bub 3080 0.00383421
  Start: N 1.76389
  1.76389 875.686 0.231667 0.250294 0.324804 0.994278
  End: M 1.76472 3138
Bub 3138 0.0131171
  Start: M 1.77417 3079 3080
  1.77778 298.212 0.186448 0.216539 0.335805 0.990087
  End: M 1.79139 3223
Bub 3143 0.00476681
  Start: M 1.775 2035
  1.77778 755.592 0.164796 0.227177 0.765408 0.921913
  End: M 1.77833 3220
Bub 3147 0.00383421
  Start: N 1.77639
  1.77778 865.754 0.280294 0.123039 0.76049 0.732484
  End: C 1.78333
Bub 3154 0.00588065
  Start: N 1.77722
  1.77778 571.356 0.155616 0.342246 0.745236 0.907469
  End: C 1.77889
Bub 3155 0.00478297
  Start: M 1.7775 3075
  1.77778 722.073 0.371061 0.262879 0.740758 0.894738
  End: S 1.77806 3224 3174
Bub 3174 0.0037575
  Start: S 1.78 3155
  1.79167 884.762 0.376667 0.253333 0.725 1.06845
  End: C 1.79306
Bub 3182 0.00578315
  Start: N 1.78111
  1.79167 580.354 0.15479 0.345419 0.742295 0.87351
  End: M 1.79389 3350
Bub 3220 0.0050855
  Start: M 1.79056 3143
  1.79167 654.829 0.164048 0.231303 0.77021 0.836885
  End: M 1.79222 3311
Bub 3223 0.0138023
  Start: M 1.79139 3053 3138
  1.79167 292.914 0.192485 0.207456 0.344266 0.978531
  End: M 1.79222 3348
Bub 3224 0.0053558
  Start: M 1.79167 3155
  1.79167 632.474 0.373082 0.268285 0.743369 0.933889
  End: M 1.7925 3308
Bub 3275 0.0055539
  Start: N 1.7975
  1.80556 619.326 0.361559 0.18971 0.716054 0.920923
  1.81944 624.001 0.359958 0.187679 0.715274 0.879036
  End: C 1.81972
Bub 3287 0.0058485
  Start: M 1.79861 2589
  1.80556 633.23 0.16023 0.210028 0.738444 0.936527
  End: M 1.80917 3426
Bub 3308 0.00459882
  Start: M 1.80028 3224
  1.80556 728.968 0.378977 0.270227 0.745909 0.922146
  1.81944 742.182 0.380952 0.272024 0.744286 0.942012
  1.83333 745.175 0.381667 0.2745 0.739833 0.911341
  1.84722 723.974 0.381217 0.27339 0.739794 0.970723
  End: C 1.84778
Bub 3332 0.00404765
  Start: N 1.80278
  1.80556 826.753 0.376667 0.245667 0.749333 0.908911
  End: M 1.81056 3467
Bub 3348 0.0138312
  Start: M 1.80472 3223
  1.80556 284.006 0.19324 0.205895 0.353047 0.977756
  End: M 1.80583 3455
Bub 3350 0.005975
  Start: N 1.805
  1.80556 572.954 0.177694 0.0187824 0.755242 0.881382
  End: M 1.80694 3466
Bub 3352 0.00310175
  Start: N 1.80556
  1.80556 1064.59 0.0916667 0.0816667 0.738333 0.917024
  End: M 1.80583 3467
Bub 3382 0.00367754
  Start: N 1.81
  1.81944 905.893 0.0601111 0.19337 0.729963 0.922132
  1.83333 903.752 0.065 0.195 0.73 0.889495
  End: C 1.84333
Bub 3409 0.00390797
  Start: N 1.81278
  1.81944 848.102 0.379444 0.246667 0.746111 0.905005
  End: C 1.82056
Bub 3426 0.00613575
  Start: M 1.815 3287
  1.81944 557.034 0.158668 0.213405 0.743852 0.942297
  End: S 1.81972 3535 3536
Bub 3445 0.0043602
  Start: M 1.81722 2996
  1.81944 762.363 0.1298 0.0427333 0.7394 0.974136
  End: M 1.81972 3485
Bub 3455 0.0138543
  Start: M 1.81806 3348
  1.81944 289.374 0.193301 0.204885 0.362729 0.970915
  End: M 1.82 3660
Bub 3466 0.00591245
  Start: M 1.81889 3350
  1.81944 567.078 0.17484 0.014697 0.757086 0.914257
  End: M 1.81972 3629
Bub 3467 0.0061843
  Start: N 1.81917
  1.81944 570.83 0.223474 0.0256075 0.749237 0.869541
  End: C 1.82
Bub 3469 0.00432109
  Start: N 1.81944
  1.81944 790.73 0.0402055 0.25774 0.760616 0.923283
  End: C 1.81972
Bub 3535 0.0053429
  Start: S 1.82389 3426
  1.83333 664.495 0.166739 0.225435 0.744565 0.931293
  1.84722 673.24 0.166667 0.228261 0.747681 0.948674
  End: S 1.84861 3824 3825
Bub 3629 0.0055539
  Start: M 1.83028 3466
  1.83333 612.112 0.181258 0.0124624 0.756892 0.940447
  1.84722 618.523 0.184417 0.0116667 0.754 1.02643
  End: C 1.85028
Bub 3654 0.0052376
  Start: N 1.83222
  1.83333 663.813 0.191179 0.166564 0.447 0.927632
  1.84722 673.47 0.18818 0.166193 0.464358 1.0439
  End: M 1.85028 3855
Bub 3660 0.0137829
  Start: M 1.83278 3455
  1.83333 283.921 0.19311 0.203877 0.372154 0.975881
  End: S 1.83361 3749 3748
Bub 3731 0.00404765
  Start: N 1.84417
  1.84722 826.819 0.385667 0.246667 0.739333 1.12214
  End: C 1.855
Bub 3748 0.0080387
  Start: S 1.84722 3660
  1.84722 437.587 0.226631 0.163149 0.373305 0.965378
  End: M 1.8475 3848
Bub 3749 0.0130633
  Start: S 1.84722 3660
  1.84722 298.029 0.185892 0.211619 0.382736 0.965378
  End: M 1.8475 3848
Bub 3855 0.0050855
  Start: M 1.86111 3654
  1.86111 696.398 0.185756 0.163936 0.480238 0.976008
  End: S 1.86278 3882 3881
Bub 476 0.00417831
  Start: N 1.04056
  1.04167 800.219 0.121667 0.19197 0.378485 0.717914
  1.05556 791.358 0.12 0.190333 0.383667 1.08272
  1.06944 793.546 0.118559 0.189865 0.386802 0.928541
  1.08333 792.963 0.116455 0.186878 0.388944 0.991147
  1.09722 796.36 0.113944 0.185667 0.387889 0.974519
  1.11111 793.933 0.113539 0.183539 0.385639 0.926078
  1.125 794.104 0.11 0.181667 0.383333 1.01088
  1.13889 791.031 0.11 0.180556 0.379444 0.98338
  1.15278 792.257 0.112879 0.18 0.375 1.00419
  1.16667 791.088 0.116404 0.180263 0.373947 1.0021
  1.18056 794.735 0.118333 0.18 0.376667 0.989337
  1.19444 793.285 0.118333 0.179667 0.383 1.10463
  1.19972 793.285 0.118333 0.180333 0.383667 1.00199
  1.20833 798.527 0.118333 0.178095 0.389821 0.970332
  1.22222 800.314 0.118333 0.178684 0.39693 1.05878
  1.23611 791.551 0.116111 0.179444 0.406667 1.0415
  1.25 801.028 0.111667 0.178333 0.416667 0.916564
  1.26389 791.925 0.106667 0.179444 0.423889 1.06053
  1.27778 793.86 0.103056 0.176806 0.429028 0.943547
  1.29167 800.384 0.101667 0.175351 0.43307 0.954977
  1.30556 795.091 0.101667 0.176667 0.436667 0.962587
  1.31944 804.23 0.101667 0.178333 0.441667 1.13448
  1.33333 800.836 0.101667 0.182018 0.446404 0.968302
  1.34722 795.869 0.0991333 0.185267 0.4482 0.945493
  1.36111 795.467 0.0983333 0.191667 0.45 1.06134
  1.36639 795.467 0.0983333 0.19307 0.451316 0.969123
  1.375 801.805 0.0994444 0.195 0.451111 0.972359
  1.38889 795.418 0.0971596 0.196455 0.451854 0.989133
  1.40278 794.689 0.0971739 0.199493 0.452246 0.978123
  1.41667 794.598 0.095 0.2 0.453333 0.960666
  1.43056 800.834 0.0926577 0.198919 0.452117 0.948278
  1.44444 799.981 0.0916038 0.197893 0.456195 1.00484
  1.45833 790.449 0.0897458 0.196921 0.459915 1.0101
  1.47222 794.834 0.0873077 0.194872 0.461923 0.999442
  1.48611 800.84 0.0871212 0.192152 0.468394 0.92711
  1.5 791.362 0.0869209 0.189915 0.476412 0.977241
  1.51389 798.748 0.0864286 0.187381 0.482619 0.999077
  1.52778 792.276 0.083869 0.186905 0.489821 0.96476
  1.53306 792.276 0.0840256 0.185667 0.492949 1.00382
  1.54167 791.063 0.0833333 0.183333 0.496667 0.800209
  1.55556 792.237 0.0860692 0.180094 0.502862 0.954378
  1.56944 796.066 0.0843333 0.182667 0.509 0.966361
  1.58333 792.59 0.0833333 0.182778 0.513889 0.97463
  1.59722 793.87 0.0802778 0.183611 0.517778 0.956791
  1.61111 794.279 0.0768056 0.185556 0.519722 0.932026
  1.625 791.159 0.073 0.190333 0.52 1.00129
  1.63889 794.544 0.0703333 0.195 0.520333 1.06825
  1.65278 797.621 0.07 0.1995 0.52 0.938875
  1.66667 801.311 0.0683333 0.20307 0.518684 0.970898
  1.68056 793.897 0.0669697 0.208636 0.520455 0.924185
  1.69444 792.615 0.0669608 0.213627 0.52049 0.933443
  1.69972 792.615 0.067 0.216333 0.521667 0.977011
  1.70833 796.606 0.0683333 0.22 0.521667 1.02694
  1.72222 794.185 0.0683333 0.223333 0.523333 0.964386
  1.73611 794.839 0.0697619 0.226905 0.525 0.949918
  1.75 796.147 0.0692424 0.228485 0.527121 0.9728
  1.76389 794.849 0.0683333 0.229667 0.530333 0.95341
  1.77778 793.774 0.0664865 0.229955 0.53536 0.932993
  1.79167 794.676 0.0638406 0.230797 0.539783 0.956687
  1.80556 795.553 0.0620563 0.232273 0.543095 0.929968
  1.81944 790.767 0.0602542 0.233079 0.546751 0.952382
  1.83333 794.164 0.0569792 0.23349 0.548281 0.914954
  1.84722 791.716 0.0539474 0.23307 0.550263 0.93378
  1.86111 792.36 0.0536207 0.233506 0.550172 0.954589
  1.86639 792.36 0.0531026 0.233564 0.551154 0.941705
  1.875 795.129 0.0528261 0.23442 0.549928 0.899427
  1.88889 792.492 0.050614 0.233596 0.550263 0.94965
  1.90278 794.801 0.0495455 0.234924 0.549621 0.958258
  1.91667 796.406 0.0462381 0.236524 0.54819 0.951322
  1.93056 802.71 0.0439308 0.238396 0.545566 0.952193
  End: C 1.93083
Bub 2270 0.00505685
  Start: S 1.55611 2250
  1.56944 657.455 0.175142 0.139815 0.624829 0.965891
  1.58333 665.952 0.180638 0.14344 0.634149 0.982547
  1.59722 659.666 0.1839 0.147852 0.643488 0.936616
  1.61111 660.745 0.186505 0.151989 0.652634 1.04176
  1.625 664.52 0.190526 0.15307 0.660658 0.939539
  1.63889 665.037 0.192201 0.155063 0.665975 0.91377
  1.65278 659.757 0.195 0.157982 0.676404 1.30839
  1.66667 660.743 0.196778 0.160889 0.682111 0.92015
  1.68056 658.162 0.195222 0.163444 0.690556 0.950789
  1.69444 661.29 0.196313 0.163586 0.699983 0.922741
  1.69972 661.29 0.19661 0.163614 0.702378 0.926711
  1.70833 657.443 0.196467 0.163533 0.7084 0.905292
  1.72222 660.304 0.196429 0.163571 0.717143 0.873677
  1.73611 655.972 0.196414 0.162475 0.725 0.923454
  1.75 661.169 0.198038 0.161118 0.731709 0.941319
  1.76389 658.674 0.198634 0.159294 0.738754 0.858863
  1.77778 658.767 0.200502 0.156359 0.74555 0.901607
  1.79167 659.621 0.200497 0.156725 0.75155 0.91469
  1.80556 662.269 0.2 0.152451 0.75866 0.91714
  1.81944 658.24 0.199214 0.148082 0.764591 0.913759
  1.83333 658.968 0.194354 0.143503 0.768401 0.915707
  1.84722 662.861 0.195753 0.139785 0.770726 0.925704
  1.86111 655.377 0.196667 0.131316 0.776404 0.962939
  1.86639 655.377 0.196351 0.129775 0.776712 0.917837
  1.875 657.407 0.195641 0.125 0.779359 0.942016
  End: C 1.88833
Bub 2294 0.00591245
  Start: S 1.56306 2267
  1.56944 623.464 0.173538 0.185357 0.446872 0.988136
  1.58333 598.182 0.178826 0.188629 0.456637 0.972875
  1.59722 604.073 0.178214 0.187585 0.462313 0.953376
  1.61111 565.759 0.182097 0.191156 0.469051 0.86293
  1.625 561.89 0.182715 0.190918 0.473333 0.924479
  1.63889 567.547 0.182265 0.189786 0.476026 0.972698
  1.65278 565.525 0.182096 0.190673 0.479522 0.978018
  1.66667 572.006 0.181321 0.190467 0.484228 0.97663
  1.68056 568.335 0.180037 0.190481 0.48787 0.985794
  1.69444 573.124 0.179674 0.19221 0.493116 0.965245
  1.69972 573.124 0.179325 0.191709 0.495127 0.976205
  1.70833 571.965 0.179093 0.193426 0.499 0.990336
  1.72222 565.358 0.176601 0.194702 0.505242 0.978383
  1.73611 568.161 0.174651 0.194634 0.511841 0.948087
  1.75 565.62 0.173745 0.195861 0.520356 0.965119
  1.76389 569.399 0.171155 0.196231 0.528182 0.965807
  1.77778 564.696 0.169475 0.197928 0.537652 0.944668
  1.79167 570.879 0.167418 0.198782 0.546606 0.944511
  1.80556 572.755 0.164586 0.199559 0.555396 0.955599
  1.81944 575.28 0.16156 0.200276 0.564109 0.936329
  1.83333 576.202 0.158573 0.201317 0.571317 0.944811
  1.84722 575.581 0.155267 0.201542 0.577959 0.966319
  1.86111 581.776 0.151471 0.202041 0.583538 0.96584
  1.86639 581.776 0.150419 0.203581 0.585538 0.962739
  1.875 578.922 0.147951 0.204344 0.588406 0.95468
  1.88889 573.374 0.142668 0.204491 0.592767 0.939624
  1.90278 566.175 0.138534 0.20786 0.59653 0.951537
  1.91667 567.628 0.134284 0.208465 0.598653 0.944317
  1.93056 564.378 0.12865 0.210211 0.601414 0.947492
  End: M 1.94083 4630
Bub 2807 0.00390797
  Start: N 1.71028
  1.72222 846.688 0.170556 0.0461111 0.730556 0.887258
  1.73611 849.469 0.170161 0.0450538 0.727312 0.910063
  1.75 855.044 0.17 0.0416667 0.725 0.999505
  1.76389 848.384 0.169667 0.0403333 0.721667 1.0168
  1.77778 864.77 0.169892 0.0402688 0.71828 0.905081
  1.79167 845.497 0.168333 0.0416667 0.718333 1.17324
  1.80556 860.67 0.165 0.0416667 0.715 0.979967
  1.81944 848.507 0.162576 0.0433636 0.71003 0.897917
  1.83333 852.21 0.161667 0.0433333 0.705 0.965055
  1.84722 861.118 0.161667 0.045 0.7 0.947333
  1.86111 861.426 0.161667 0.0416667 0.695 0.98357
  1.86639 861.426 0.161667 0.0416667 0.691667 0.933157
  1.875 848.182 0.161667 0.0416667 0.69 0.945931
  1.88889 854.446 0.161923 0.0428205 0.684936 0.919431
  1.90278 850.104 0.16 0.0416667 0.681667 0.942821
  End: C 1.9125
Bub 3166 0.00411402
  Start: N 1.77889
  1.79167 807.931 0.0331481 0.210397 0.748228 0.814967
  1.80556 805.446 0.0294025 0.212673 0.743239 0.918798
  1.81944 807.398 0.0266667 0.211667 0.74 0.948421
  1.83333 805.943 0.0233333 0.21 0.736667 0.927615
  1.84722 807.777 0.0216667 0.21 0.733333 1.05439
  1.86111 808.218 0.0216667 0.21 0.728333 1.05568
  1.86639 808.218 0.0196667 0.210333 0.728333 0.933772
  1.875 807.318 0.0199254 0.211368 0.726891 0.975567
  1.88889 814.762 0.0194444 0.208889 0.725 0.930768
  1.90278 804.609 0.0197368 0.209737 0.720614 0.933998
  1.91667 804.831 0.02 0.207222 0.717222 0.914669
  1.93056 804.87 0.0194444 0.206667 0.713889 0.907993
  1.94444 803.975 0.0197368 0.20693 0.710614 0.894631
  1.95833 813.7 0.02 0.205 0.708333 0.925096
  1.97222 806.536 0.0183333 0.206667 0.708333 0.847797
  1.98611 815.293 0.0183333 0.206695 0.70839 0.953501
  End: C 1.98639
Bub 3311 0.00452806
  Start: S 1.80056 3220
  1.80556 731.777 0.172897 0.228016 0.769206 0.841059
  1.81944 743.221 0.171667 0.230238 0.774048 0.934423
  1.83333 736.45 0.170636 0.2339 0.779742 0.906462
  1.84722 743.573 0.170185 0.23714 0.782695 0.930215
  1.86111 733.005 0.170205 0.241849 0.786553 0.916923
  1.86639 733.005 0.170333 0.245 0.787 0.928731
  End: M 1.87333 3940
Bub 3485 0.00471767
  Start: M 1.82 3445
  1.83333 707.65 0.125 0.0427544 0.736509 0.920113
  1.84722 711.524 0.127778 0.0427778 0.735 1.07258
  1.86111 705.261 0.131173 0.0385802 0.729568 0.940996
  1.86639 705.261 0.131914 0.0378395 0.727346 0.934324
  1.875 705.487 0.132619 0.0359524 0.723442 0.971667
  1.88889 710.985 0.133889 0.0355556 0.718333 1.0084
  End: M 1.88917 4150
Bub 3536 0.00417831
  Start: S 1.82389 3426
  1.83333 794.942 0.142879 0.205303 0.756364 1.0258
  1.84722 798.139 0.139625 0.206667 0.760375 0.93724
  1.86111 794.011 0.136667 0.21 0.763333 0.973327
  1.86639 794.011 0.133431 0.21098 0.767206 0.939875
  1.875 794.034 0.129861 0.211111 0.770278 0.91007
  1.88889 796.778 0.128182 0.210455 0.772576 1.12251
  1.90278 795.036 0.123095 0.213095 0.775 0.975378
  1.91667 798.293 0.120498 0.214134 0.776342 0.886618
  1.93056 801.853 0.117778 0.212778 0.775 0.91183
  1.94444 804.509 0.115533 0.213133 0.7758 0.907396
  1.95833 802.784 0.112073 0.212439 0.775772 0.925895
  End: C 1.97194
Bub 3593 0.00419931
  Start: N 1.82806
  1.83333 792.726 0.145746 0.173607 0.452214 0.872919
  1.84722 795.317 0.144012 0.173642 0.466605 0.922094
  1.86111 788.319 0.144439 0.175351 0.477982 0.969886
  1.86639 788.319 0.146053 0.17693 0.483596 1.08876
  1.875 790.735 0.144279 0.177658 0.491441 0.930893
  End: C 1.88194
Bub 3666 0.0042201
  Start: N 1.83333
  1.83333 786.752 0.15348 0.181716 0.472598 0.957376
  1.84722 784.343 0.152778 0.183333 0.487222 1.03404
  1.86111 791.809 0.15197 0.184848 0.501667 0.952727
  1.86639 791.809 0.153 0.187 0.506667 0.912577
  1.875 786.339 0.15113 0.183352 0.51454 0.74553
  1.88889 798.805 0.146667 0.185 0.526667 0.917343
  End: C 1.88944
Bub 3824 0.00441757
  Start: S 1.85417 3535
  1.86111 761.747 0.16 0.228718 0.751667 0.920492
  1.86639 761.747 0.16 0.228667 0.752556 0.972246
  1.875 752.402 0.158056 0.230278 0.756111 1.02082
  1.88889 750.721 0.154685 0.233468 0.756937 0.918236
  1.90278 749.761 0.153715 0.238373 0.759016 0.91222
  1.91667 751.314 0.151071 0.242143 0.760238 0.909297
  1.93056 751.273 0.150769 0.246538 0.76141 0.873011
  1.94444 749.756 0.148333 0.252436 0.762179 0.890522
  1.95833 748.256 0.146587 0.256746 0.763254 0.885311
  1.97222 749.378 0.144513 0.261479 0.7653 0.901199
  1.98611 751.708 0.14175 0.265667 0.767125 0.885739
  End: C 1.99139
Bub 3825 0.00395562
  Start: S 1.85417 3535
  1.86111 836.996 0.180714 0.236905 0.749762 0.886056
  1.86639 836.996 0.183056 0.236389 0.751667 0.869574
  1.875 851.711 0.185 0.238333 0.751667 0.993868
  1.88889 847.993 0.187222 0.238333 0.755556 0.941922
  1.90278 845.172 0.189737 0.238333 0.757982 0.917368
  1.91667 840.961 0.191667 0.236667 0.76 0.92906
  1.93056 839.883 0.192027 0.236757 0.763514 0.800571
  1.94444 839.075 0.191667 0.236667 0.766667 0.933471
  1.95833 834.762 0.191667 0.238333 0.768333 0.891957
  1.97222 840.809 0.189667 0.239667 0.771667 0.900957
  1.98611 850.235 0.191667 0.238333 0.775 0.905855
  End: C 1.995
Bub 3847 0.00795805
  Start: S 1.85694 3748 3749
  1.86111 442.399 0.226111 0.1622 0.381623 0.964104
  1.86639 442.399 0.226041 0.161712 0.384404 0.95817
  1.875 439.317 0.226645 0.161696 0.388746 0.967314
  1.88889 441.986 0.227546 0.161497 0.395037 0.961248
  1.90278 445.554 0.227668 0.161931 0.401667 0.967202
  End: M 1.90389 7332
Bub 3848 0.0130265
  Start: S 1.85694 3748 3749
  1.86111 301.064 0.184853 0.211023 0.391115 0.960456
  1.86639 301.064 0.184023 0.210741 0.39404 0.954983
  1.875 301.286 0.185055 0.210376 0.398477 0.960322
  1.88889 298.841 0.185473 0.209914 0.40523 0.960267
  1.90278 299.632 0.185453 0.208512 0.411672 0.963753
  End: S 1.90333 7332 10805
Bub 3881 0.00430127
  Start: S 1.86556 3855
  1.86639 763.32 0.183611 0.162778 0.475278 0.951733
  End: M 1.86778 3921
Bub 3882 0.00451002
  Start: S 1.86556 3855
  1.86639 727.989 0.187811 0.16492 0.493153 0.906299
  End: M 1.86778 3921
Bub 3888 0.00459882
  Start: N 1.86639
  1.86639 713.931 0.203333 0.156894 0.539924 0.957328
  End: M 1.86694 3944
Bub 3895 0.00499856
  Start: N 1.8675
  1.875 663.914 0.204558 0.156917 0.546504 0.947217
  End: C 1.88083
Bub 3921 0.00434074
  Start: S 1.8725 3881 3882
  1.875 770.424 0.182703 0.160946 0.484099 0.907108
  End: M 1.88444 4050
Bub 3922 0.0037575
  Start: S 1.8725 3881 3882
  1.875 883.996 0.19 0.161667 0.503333 0.987715
  End: M 1.88444 4050
Bub 3926 0.00404765
  Start: N 1.8725
  1.875 822.808 0.380167 0.2715 0.726167 1.0011
  End: M 1.87667 3993
Bub 3940 0.0055539
  Start: N 1.87444
  1.875 627.409 0.0689785 0.0798602 0.766226 0.904733
  End: M 1.87583 3993
Bub 3944 0.00511385
  Start: N 1.875
  1.875 650.461 0.201887 0.180565 0.548251 0.956755
  End: C 1.87556
Bub 3945 0.0043602
  Start: N 1.875
  1.875 764.723 0.186333 0.161533 0.554333 0.956755
  End: C 1.87528
Bub 3993 0.00445501
  Start: N 1.88139
  1.88889 746.211 0.0659167 0.0767917 0.764083 1.22021
  1.90278 744.842 0.0619136 0.0754938 0.759691 0.938187
  1.91667 742.886 0.0580797 0.0750725 0.754638 0.902491
  1.93056 749.061 0.0555018 0.0765412 0.749659 0.907313
  End: C 1.93583
Bub 4047 0.00310175
  Start: N 1.88778
  1.88889 1065.22 0.375 0.271667 0.718333 0.777993
  End: C 1.89111
Bub 4050 0.0053429
  Start: M 1.88806 3921 3922
  1.88889 673.993 0.185217 0.160217 0.503116 0.928564
  End: M 1.89 4157
Bub 4116 0.00997865
  Start: N 1.89833
  1.90278 350.278 0.183472 0.197188 0.57114 0.950374
  End: M 1.90917 4337
Bub 4149 0.00365009
  Start: N 1.90194
  1.90278 911.05 0.133788 0.0283333 0.743636 0.910161
  End: M 1.90556 4214
Bub 4150 0.0062226
  Start: N 1.90194
  1.90278 573.07 0.114235 0.0425994 0.760505 0.947231
  End: M 1.90556 4214
Bub 4154 0.00402503
  Start: N 1.90222
  1.90278 837.811 0.235339 0.0485593 0.708277 0.908033
  End: C 1.90444
Bub 4157 0.0055419
  Start: M 1.90222 4050
  1.90278 643.197 0.187229 0.159004 0.517424 0.970252
  End: S 1.90472 4318 4319
Bub 4161 0.0086717
  Start: N 1.90278
  1.90278 449.046 0.173203 0.163605 0.576373 0.952911
  End: M 1.90333 4337
Bub 4162 0.00310175
  Start: N 1.90278
  1.90278 1065.22 0.0283333 0.275 0.741667 0.179541
  End: C 1.90333
Bub 4318 0.00476681
  Start: S 1.91528 4157
  1.91667 702.865 0.184966 0.157789 0.523129 0.905203
  1.93056 701.786 0.184792 0.155792 0.531458 0.938139
  1.94444 695.56 0.184871 0.155065 0.54157 0.843496
  End: C 1.94472
Bub 4319 0.00367754
  Start: S 1.91528 4157
  1.91667 902.246 0.190333 0.161667 0.539667 0.929391
  1.93056 902.533 0.186333 0.157 0.551667 0.933297
  1.94444 904.942 0.181667 0.149855 0.560145 0.957307
  End: C 1.94472
Bub 4334 0.00341392
  Start: N 1.91639
  1.91667 974.178 0.173333 0.385 0.731667 1.07102
  End: C 1.91694
Bub 4337 0.0120371
  Start: N 1.91667
  1.91667 316.722 0.175327 0.182233 0.584313 0.952681
  End: M 1.91694 4501
Bub 4339 0.00341392
  Start: N 1.91667
  1.91667 972.97 0.176667 0.368333 0.718333 0.91427
  End: C 1.91694
Bub 4405 0.00341392
  Start: N 1.92167
  1.93056 972.674 0.015 0.235 0.736667 0.926922
  End: C 1.94222
Bub 4407 0.00428127
  Start: N 1.92194
  1.93056 776.516 0.161948 0.383545 0.730493 0.83854
  End: C 1.93333
Bub 4418 0.00367754
  Start: N 1.92333
  1.93056 903.526 0.311667 0.333667 0.709667 0.904767
  End: C 1.93167
Bub 4454 0.00441757
  Start: N 1.92694
  1.93056 752.649 0.232436 0.0487179 0.699231 0.985886
  End: M 1.93083 5140
Bub 4478 0.00341392
  Start: N 1.92889
  1.93056 973.279 0.19 0.348333 0.708333 0.91292
  1.94444 973.186 0.191667 0.348333 0.7 0.937813
  1.95833 984.51 0.195 0.347222 0.694444 0.934056
  End: C 1.97083
Bub 4479 0.00331633
  Start: N 1.92889
  1.93056 990.025 0.39197 0.235 0.722879 0.925319
  End: C 1.93361
Bub 4482 0.00310175
  Start: N 1.92889
  1.93056 1065.18 0.0516667 0.305 0.755 1.2232
  1.94444 1073.27 0.0529545 0.308409 0.752879 0.898941
  End: C 1.955
Bub 4493 0.00636215
  Start: N 1.92972
  1.93056 593.505 0.280866 0.0452575 0.701738 0.911963
  End: C 1.93306
Bub 4501 0.00441757
  Start: N 1.93028
  1.93056 763.371 0.21 0.163034 0.583803 0.950501
  End: M 1.93083 4630
Bub 4503 0.00365009
  Start: N 1.93056
  1.93056 911.841 0.0197727 0.246439 0.751591 0.908024
  End: S 1.93139 5140 4568
Bub 4537 0.0037575
  Start: S 1.93361 4503
  1.94444 884.016 0.376667 0.0916667 0.72 0.888684
  End: C 1.95583
Bub 4555 0.00365009
  Start: N 1.935
  1.94444 899.497 0.39197 0.233333 0.716212 0.923991
  1.95833 899.497 0.391667 0.233333 0.708333 0.884473
  1.97222 899.497 0.393333 0.231667 0.701667 1.14782
  1.98611 899.497 0.391667 0.230333 0.697 0.875304
  End: C 1.99472
Bub 4630 0.0057499
  Start: N 1.94139
  1.94444 581.114 0.124264 0.212829 0.604516 0.940571
  1.95833 582.794 0.118532 0.215577 0.606477 0.956359
  End: M 1.96222 5057
Bub 4652 0.00367754
  Start: N 1.94333
  1.94444 902.776 0.316333 0.310333 0.705 0.938734
  End: C 1.94528
Bub 4655 0.00383421
  Start: N 1.94361
  1.94444 866.158 0.233627 0.34049 0.713039 0.839349
  End: C 1.94944
Bub 4656 0.00310175
  Start: N 1.94361
  1.94444 1064.82 0.015 0.231667 0.731667 0.932979
  1.95833 1064.48 0.015 0.231667 0.728333 0.946669
  End: C 1.96917
Bub 4672 0.00451002
  Start: N 1.945
  1.95833 735.773 0.0521888 0.0749197 0.74006 0.853871
  1.97222 735.131 0.0524419 0.0815891 0.733411 0.725265
  End: C 1.98111
Bub 4800 0.00428127
  Start: N 1.955
  1.95833 775.754 0.231479 0.0568779 0.72716 0.819182
  End: C 1.9625
Bub 4814 0.00341392
  Start: N 1.95583
  1.95833 974.395 0.36 0.251667 0.695 0.931685
  End: C 1.95889
Bub 4826 0.00390797
  Start: N 1.95694
  1.95833 846.953 0.373889 0.0961111 0.713889 0.901776
  End: M 1.96 5108
Bub 4834 0.00499856
  Start: N 1.95778
  1.95833 690.763 0.226062 0.0439086 0.700929 0.934539
  End: M 1.95917 5131
Bub 4835 0.0080158
  Start: N 1.95778
  1.95833 471.848 0.214428 0.0319385 0.72397 0.940926
  End: M 1.95944 5131
Bub 4837 0.00669075
  Start: N 1.95778
  1.95833 499.143 0.166365 0.014631 0.723708 0.889198
  End: M 1.97083 5140
Bub 4840 0.00473416
  Start: N 1.95806
  1.95833 693.522 0.386042 0.186979 0.713993 0.699409
  End: C 1.96028
Bub 4871 0.00471767
  Start: N 1.96
  1.97222 702.832 0.0744035 0.0779123 0.724825 0.842996
  End: M 1.98556 5509
Bub 5012 0.00341392
  Start: N 1.96722
  1.97222 975.281 0.25 0.348333 0.718333 0.891592
  End: C 1.97556
Bub 5030 0.00338201
  Start: N 1.96833
  1.97222 983.92 0.0284286 0.208238 0.733286 0.887143
  End: C 1.9725
Bub 5032 0.00341392
  Start: N 1.96833
  1.97222 973.188 0.105 0.0683333 0.76 0.926423
  1.98611 968.814 0.103 0.0663333 0.756667 0.906648
  2 968.922 0.0964124 0.0635876 0.753418 0.92545
  2.01389 974.712 0.092619 0.0602381 0.75119 0.902758
  2.02778 970.829 0.0883333 0.0563333 0.749667 0.90086
  End: M 2.03111 6331
Bub 5033 0.00310175
  Start: N 1.96833
  1.97222 1064.75 0.0883333 0.0683333 0.761667 1.75901
  1.98611 1076.63 0.085 0.0633333 0.761667 0.902602
  2 1070.81 0.0802113 0.0596479 0.761714 0.964197
  2.01389 1080.01 0.0766667 0.055 0.761667 0.865187
  2.02778 1071.6 0.0733333 0.0516667 0.763333 1.00013
  End: M 2.03111 6331
Bub 5057 0.00367754
  Start: N 1.96917
  1.97222 902.924 0.153 0.0903333 0.541667 0.88047
  End: C 1.97833
Bub 5067 0.00417831
  Start: N 1.96972
  1.97222 795.828 0.0640909 0.103333 0.725758 0.997976
  End: M 1.97917 5426
Bub 5072 0.0066825
  Start: N 1.97
  1.97222 547.14 0.0351481 0.237654 0.748556 0.822279
  End: C 1.97667
Bub 5082 0.0061161
  Start: N 1.97056
  1.97222 539.93 0.035628 0.11149 0.727593 0.844639
  1.98611 553.837 0.0358696 0.111618 0.724291 0.906168
  End: M 1.98944 5647
Bub 5100 0.00365009
  Start: N 1.97111
  1.97222 909.079 0.138333 0.0128788 0.749621 0.961229
  End: C 1.97278
Bub 5109 0.00367754
  Start: N 1.97139
  1.97222 901.715 0.196333 0.347 0.691667 0.773469
  End: C 1.98028
Bub 5126 0.00341392
  Start: N 1.97194
  1.97222 974.953 0.351667 0.286667 0.725 0.956036
  End: C 1.97361
Bub 5128 0.00466747
  Start: N 1.97194
  1.97222 730.595 0.385761 0.196377 0.729638 0.808799
  End: M 1.9725 5512
Bub 5131 0.00841945
  Start: M 1.97194 4834 4835
  1.97222 447.137 0.216673 0.0344321 0.721154 0.898497
  End: M 1.975 5326
Bub 5132 0.007834
  Start: N 1.97194
  1.97222 460.753 0.19736 0.350525 0.729467 0.910427
  End: M 1.97306 5152
Bub 5134 0.0079697
  Start: N 1.97222
  1.97222 491.161 0.0906987 0.31171 0.743668 0.969724
  End: M 1.9725 5392
Bub 5135 0.00367754
  Start: N 1.97222
  1.97222 903.149 0.0496667 0.279667 0.741667 0.99288
  End: M 1.9725 5392
Bub 5136 0.0132043
  Start: N 1.97222
  1.97222 248.65 0.334352 0.108836 0.723549 0.893884
  End: C 1.97306
Bub 5138 0.00341392
  Start: N 1.97222
  1.97222 973.313 0.141667 0.38 0.741667 0.893884
  End: M 1.9725 5512
Bub 5140 0.0086471
  Start: N 1.97222
  1.97222 402.352 0.166732 0.0288177 0.71753 0.91047
  End: M 1.9725 5513
Bub 5141 0.0097863
  Start: N 1.97222
  1.97222 377.496 0.302425 0.314717 0.726454 0.941077
  End: S 1.97333 5514 5443
Bub 5152 0.00717355
  Start: S 1.97306 5132
  1.98611 472.221 0.195349 0.351437 0.731128 0.900674
  2 469.819 0.200637 0.35363 0.732862 0.895279
  End: M 2.00889 6020
Bub 5212 0.0041571
  Start: N 1.975
  1.98611 804.833 0.389308 0.194282 0.719513 0.817931
  2 804.833 0.388333 0.195718 0.714744 0.824297
  2.01389 810.016 0.388333 0.204167 0.709583 0.924774
  End: M 2.02417 6273
Bub 5237 0.00373123
  Start: N 1.97583
  1.98611 891.368 0.220106 0.166631 0.598404 1.03771
  End: M 1.98778 5802
Bub 5240 0.00397903
  Start: N 1.97583
  1.98611 840.549 0.22693 0.347982 0.728333 0.881463
  End: C 1.9875
Bub 5244 0.00463341
  Start: N 1.97611
  1.98611 721.624 0.387444 0.149778 0.731222 0.961611
  End: C 1.99417
Bub 5247 0.00367754
  Start: N 1.97611
  1.98611 902.383 0.256333 0.345 0.713667 0.790428
  End: C 1.98917
Bub 5272 0.00341392
  Start: N 1.97722
  1.98611 973.049 0.101667 0.213333 0.555 0.945382
  2 972.591 0.10049 0.210294 0.556961 0.941014
  2.01389 972.429 0.106333 0.207 0.555 0.93632
  End: C 2.02361
Bub 5326 0.00821715
  Start: M 1.97889 5131
  1.98611 439.331 0.220093 0.0354582 0.724734 0.925605
  2 432.166 0.222284 0.0368778 0.725572 0.874837
  2.01389 446.72 0.22384 0.0382431 0.725736 0.887034
  2.02778 469.174 0.226442 0.0383535 0.725899 0.897304
  End: M 2.03222 6351
Bub 5334 0.00395562
  Start: N 1.97917
  1.98611 837.631 0.386488 0.226488 0.736131 0.929453
  End: C 1.98694
Bub 5392 0.00639835
  Start: M 1.98083 5134 5135
  1.98611 556.533 0.0675316 0.287686 0.744072 0.826705
  2 542.627 0.0712157 0.294745 0.747373 0.922996
  End: M 2.00611 5971
Bub 5393 0.0172126
  Start: N 1.98111
  1.98611 246.459 0.231025 0.231589 0.546619 0.94608
  End: M 1.99972 5819
Bub 5408 0.00367754
  Start: N 1.98194
  1.98611 902.4 0.370333 0.271667 0.719667 0.871571
  End: C 1.98722
Bub 5426 0.00687495
  Start: N 1.9825
  1.98611 566.057 0.0470408 0.140998 0.7389 0.929785
  End: S 1.98667 5647 5710
Bub 5440 0.00507125
  Start: N 1.98306
  1.98611 697.178 0.180819 0.14178 0.56774 1.02753
  2 694.556 0.176654 0.140457 0.574185 0.868785
  End: M 2.01111 6030
Bub 5443 0.00588065
  Start: M 1.98306 5141
  1.98611 627.178 0.334547 0.303949 0.720072 0.980795
  End: S 1.98889 6041 5813
Bub 5449 0.00452806
  Start: N 1.98333
  1.98611 739.166 0.037619 0.189524 0.747024 0.969017
  2 736.45 0.0357104 0.186803 0.746038 1.07201
  End: M 2.00194 6059
Bub 5459 0.00310175
  Start: N 1.98389
  1.98611 1065.18 0.015 0.231667 0.765 0.885847
  2 1071.68 0.0116667 0.23344 0.759965 0.859885
  End: C 2.00528
Bub 5479 0.00380898
  Start: S 1.98472 5134 5135
  1.98611 879.56 0.125267 0.3316 0.736333 1.00073
  End: C 1.98833
Bub 5480 0.00637125
  Start: S 1.98472 5134 5135
  1.98611 541.313 0.0928205 0.321538 0.745969 0.906741
  2 528.955 0.0928685 0.324048 0.74661 0.879752
  End: M 2.00611 5971
Bub 5490 0.00367754
  Start: N 1.985
  1.98611 892.784 0.00833333 0.213667 0.760333 0.757844
  End: C 1.98694
Bub 5505 0.00367754
  Start: N 1.98556
  1.98611 903.894 0.115 0.356333 0.733667 0.898778
  End: M 1.98778 5731
Bub 5509 0.00599555
  Start: N 1.98556
  1.98611 607.568 0.0624017 0.0891197 0.724675 0.764833
  End: M 1.98639 5629
Bub 5512 0.0130287
  Start: N 1.98583
  1.98611 322.816 0.335393 0.108488 0.722821 0.895483
  End: S 1.9875 5815 5761
Bub 5513 0.00883045
  Start: M 1.98583 5140
  1.98611 371.809 0.169409 0.028954 0.714288 0.922461
  End: M 1.98694 5762
Bub 5514 0.0089516
  Start: M 1.98583 5141
  1.98611 397.737 0.291923 0.321836 0.72782 0.896198
  End: M 1.98667 5721
Bub 5556 0.00353595
  Start: N 1.9875
  2 960.079 0.00975 0.21 0.758333 0.858537
  2.01389 939.9 0.0116667 0.21 0.751667 0.858236
  End: M 2.02583 6268
Bub 5562 0.00321262
  Start: N 1.98778
  2 1021.98 0.393333 0.213667 0.750333 0.944413
  End: C 2.01028
Bub 5574 0.00430127
  Start: N 1.98806
  2 777.209 0.230231 0.350324 0.724444 0.867759
  End: M 2.00889 6020
Bub 5590 0.00390797
  Start: N 1.98889
  2 846.169 0.126111 0.330556 0.743889 1.07233
  2.01389 845.087 0.125 0.335 0.745 1.50056
  End: C 2.01917
Bub 5592 0.0048308
  Start: N 1.98917
  2 691.91 0.219412 0.168627 0.603627 0.877033
  End: C 2.00472
Bub 5614 0.00367754
  Start: N 1.99028
  2 903.798 0.157 0.0183333 0.740333 0.881817
  2.01389 901.757 0.156373 0.0130392 0.732843 0.974048
  2.02778 904.318 0.153333 0.0116667 0.721667 0.874878
  End: M 2.02806 6276
Bub 5629 0.0064871
  Start: M 1.99083 5509
  2 569.46 0.0647706 0.0915857 0.722436 0.9043
  End: S 2.00278 6059 5956
Bub 5631 0.00362223
  Start: N 1.99111
  2 918.234 0.16624 0.368256 0.74624 0.81309
  2.01389 917.475 0.168333 0.371667 0.74 0.857873
  End: C 2.02111
Bub 5647 0.00608645
  Start: S 1.99194 5082 5426
  2 569.087 0.0402614 0.155507 0.7425 0.921038
  End: M 2.00167 6059
Bub 5698 0.00404765
  Start: N 1.99417
  2 823.15 0.281667 0.0166667 0.74 0.922561
  End: C 2.00111
Bub 5709 0.0055419
  Start: S 1.99528 5082 5426
  2 611.529 0.038658 0.109177 0.719784 0.811812
  End: M 2.00306 6059
Bub 5710 0.00562465
  Start: S 1.99528 5082 5426
  2 598.235 0.0550207 0.125228 0.737381 0.894082
  End: M 2.00167 6059
Bub 5720 0.00310175
  Start: N 1.99528
  2 1064.76 0.388333 0.228333 0.691667 0.865044
  End: C 2.00639
Bub 5721 0.0086224
  Start: S 1.99556 5514
  2 398.293 0.292782 0.317966 0.731655 0.887847
  2.01389 398.537 0.295029 0.317182 0.734696 0.885694
  End: M 2.02611 6267
Bub 5731 0.0062226
  Start: N 1.99556
  2 657.252 0.0943119 0.348884 0.740673 0.879911
  End: S 2.0025 5926 5927
Bub 5761 0.00395562
  Start: S 1.99694 5512
  2 837.379 0.373036 0.200714 0.689702 0.902863
  2.01389 842.162 0.37 0.198333 0.688333 0.931882
  End: M 2.02417 6273
Bub 5762 0.0088634
  Start: M 1.99694 5513
  2 400.439 0.170709 0.0305608 0.715429 0.87994
  End: S 2.00278 5992 5991
Bub 5768 0.00507125
  Start: N 1.9975
  2 683.878 0.129859 0.192345 0.590311 0.930301
  2.01389 695.206 0.126085 0.192494 0.599548 0.90966
  End: C 2.02278
Bub 5787 0.0075797
  Start: N 1.99833
  2 462.461 0.363629 0.255465 0.722657 0.775858
  End: M 2.00028 5821
Bub 5789 0.00782195
  Start: N 1.99861
  2 469.925 0.0340762 0.254615 0.750042 0.915059
  End: S 2.00083 6059 5855
Bub 5802 0.0243662
  Start: N 1.99917
  2 143.484 0.141812 0.185344 0.635071 0.928793
  End: S 2.00056 6195 5966
Bub 5813 0.0037575
  Start: S 1.99972 5443
  2 886.537 0.308333 0.29 0.716667 0.913006
  End: M 2.00167 6041
Bub 5814 0.0102206
  Start: N 1.99972
  2 399.835 0.143841 0.145528 0.560183 0.921361
  End: S 2.00167 6057 6058
Bub 5815 0.0128438
  Start: M 1.99972 5512
  2 255.629 0.339069 0.109135 0.723604 0.908637
  End: S 2.00167 5953 5952
Bub 5817 0.00341392
  Start: N 2
  2 974.16 0.0383333 0.11 0.748333 1.07064
  End: M 2.00028 5825
Bub 5818 0.00367754
  Start: N 2
  2 902.552 0.025 0.106333 0.756333 1.07064
  End: M 2.00028 5825
Bub 5819 0.0170683
  Start: M 2 5393
  2 251.142 0.222684 0.226775 0.549096 0.933943
  End: S 2.00583 6038 5997
Bub 5820 0.0037575
  Start: N 2
  2 886.468 0.388333 0.233333 0.73 1.42883
  End: C 2.01028
Bub 5821 0.0069899
  Start: S 2.00028 5787
  2.01389 492.847 0.358722 0.247999 0.723037 0.852705
  End: M 2.02194 6182
Bub 5855 0.00699745
  Start: M 2.00194 5789
  2.01389 513.599 0.0345161 0.240581 0.747161 0.891367
  End: M 2.02583 6268
Bub 5926 0.0055178
  Start: S 2.00583 5731
  2.01389 669.982 0.103904 0.348991 0.733816 0.905301
  End: M 2.01472 6260
Bub 5956 0.005469
  Start: N 2.00722
  2.01389 611.602 0.0416441 0.10714 0.713401 0.908215
  End: M 2.01861 6209
Bub 5966 0.00359392
  Start: S 2.00778 5802
  2.01389 924.418 0.185 0.143333 0.626667 0.904798
  End: C 2.02444
Bub 5971 0.0065735
  Start: S 2.00806 5392 5480
  2.01389 515.651 0.0926783 0.325973 0.74762 0.90132
  End: M 2.01472 6260
Bub 5992 0.00824975
  Start: S 2.00917 5762
  2.01389 415.053 0.168675 0.0315092 0.71998 0.905687
  2.02778 416.822 0.168798 0.0287853 0.720035 0.911848
  End: M 2.02806 6276
Bub 6010 0.00468432
  Start: N 2.01028
  2.01389 778.199 0.0713441 0.0822043 0.719301 1.00372
  End: M 2.01472 6209
Bub 6020 0.00757325
  Start: M 2.01083 5152 5574
  2.01389 458.734 0.212303 0.35349 0.732608 0.908679
  End: M 2.01778 6161
Bub 6021 0.00353595
  Start: N 2.01083
  2.01389 928.532 0.389833 0.238333 0.723083 0.851146
  End: C 2.01778
Bub 6027 0.00359392
  Start: N 2.01111
  2.01389 921.687 0.345 0.296667 0.746667 0.898124
  End: M 2.01444 6070
Bub 6030 0.00484654
  Start: M 2.01139 5440
  2.01389 688.581 0.169369 0.13788 0.574644 1.15884
  End: M 2.01806 6271
Bub 6036 0.0050279
  Start: N 2.01194
  2.01389 664.324 0.063029 0.0963043 0.732304 1.01722
  End: M 2.01472 6209
Bub 6038 0.0167317
  Start: M 2.01194 5819
  2.01389 252.872 0.21848 0.230426 0.553533 0.9332
  End: M 2.01833 6239
Bub 6041 0.00633475
  Start: M 2.01222 5443 5813
  2.01389 527.184 0.327319 0.297333 0.721217 0.879346
  End: M 2.01417 6267
Bub 6054 0.0058485
  Start: N 2.01389
  2.01389 598.284 0.381722 0.287983 0.730912 0.896333
  End: M 2.01417 6070
Bub 6056 0.00367754
  Start: N 2.01389
  2.01389 900.801 0.180333 0.386333 0.761667 0.896333
  End: M 2.01417 6070
Bub 6057 0.0096813
  Start: S 2.01389 5814
  2.01389 410.15 0.144915 0.135 0.566937 0.926656
  End: M 2.015 6271
Bub 6058 0.00518335
  Start: S 2.01389 5814
  2.01389 645.006 0.130503 0.200265 0.571587 0.926656
  End: M 2.015 6271
Bub 6059 0.00840385
  Start: N 2.01389
  2.01389 489.401 0.0410894 0.158625 0.745366 0.922451
  End: S 2.01556 6261 6262
Bub 6195 0.0245424
  Start: M 2.02306 5802
  2.02778 143.568 0.129782 0.186638 0.658129 0.923069
  End: M 2.03083 6363
Bub 6209 0.00647835
  Start: S 2.02444 5956 6010 6036
  2.02778 577.156 0.0515854 0.100854 0.718591 0.891671
  End: M 2.03167 6353
Bub 6260 0.0077244
  Start: M 2.02722 5926 5971
  2.02778 463.083 0.0961751 0.333257 0.744472 0.885985
  End: M 2.03167 6337
Bub 6261 0.00735505
  Start: S 2.0275 6059
  2.02778 511.565 0.0457593 0.13825 0.744796 0.915933
  End: M 2.02861 6353
Bub 6262 0.0044735
  Start: S 2.0275 6059
  2.02778 743.17 0.0342593 0.184877 0.74858 0.909884
  End: M 2.02861 6353
Bub 6265 0.00538135
  Start: M 2.0275 5956 6010 6036
  2.02778 616.915 0.0749291 0.0796336 0.720556 0.89796
  End: M 2.03194 6353
Bub 6267 0.009767
  Start: M 2.0275 5721 6041
  2.02778 380.591 0.308116 0.31035 0.734154 0.8983
  End: S 2.02861 6364 6295
Bub 6268 0.00596465
  Start: S 2.02778 5556 5855
  2.02778 575.868 0.0289931 0.229792 0.747083 0.900647
  End: M 2.02806 6324
Bub 6269 0.00452806
  Start: S 2.02778 5556 5855
  2.02778 743.407 0.037619 0.257024 0.743452 0.900647
  End: M 2.02806 6324
Bub 6270 0.0037575
  Start: S 2.02778 5556 5855
  2.02778 884.492 0.0116667 0.21 0.746667 0.900647
  End: M 2.02806 6324
Bub 6271 0.0105353
  Start: S 2.02778 6030 6057 6058
  2.02778 380.174 0.142618 0.139666 0.57948 0.916813
  End: S 2.02806 6349 6275
Bub 6272 0.00498378
  Start: S 2.02778 6030 6057 6058
  2.02778 667.683 0.130208 0.200863 0.579286 0.909665
  End: M 2.02917 6349
Bub 6273 0.00499856
  Start: M 2.02778 5212 5761
  2.02778 737.024 0.376829 0.206386 0.696239 1.10148
  End: M 2.03028 6359
Bub 1868 0.0043602
  Start: S 1.42583 940 1737
  1.43056 764.407 0.1218 0.171 0.543667 0.960361
  1.44444 772.282 0.1198 0.165133 0.545 0.992085
  1.45833 762.936 0.112117 0.162928 0.541712 1.09906
  1.47222 774.586 0.11292 0.161182 0.540926 0.952032
  1.48611 770.181 0.11537 0.162531 0.546605 0.960668
  1.5 765.798 0.115 0.160977 0.549368 0.932606
  1.51389 772.425 0.116884 0.161667 0.556304 0.943147
  1.52778 769.168 0.116481 0.162654 0.564383 0.96736
  1.53306 769.168 0.116667 0.161667 0.566667 0.927388
  1.54167 763.808 0.114882 0.162686 0.572294 0.962322
  1.55556 769.723 0.113462 0.161667 0.578846 0.944705
  1.56944 766.388 0.110608 0.160647 0.585314 0.975368
  1.58333 772.209 0.109139 0.158846 0.588443 0.929154
  1.59722 772.781 0.110513 0.155897 0.591667 0.985907
  1.61111 763.022 0.109231 0.155385 0.592436 0.966024
  1.625 765.454 0.111667 0.155351 0.59307 0.905308
  1.63889 769.88 0.113159 0.153571 0.592302 0.88007
  1.65278 760.63 0.116667 0.151316 0.59307 0.96412
  1.66667 761.845 0.117905 0.149587 0.594755 0.85978
  1.68056 770.703 0.118333 0.144733 0.596067 0.931321
  1.69444 762.558 0.118333 0.140862 0.598678 0.926411
  1.69972 762.558 0.118368 0.138193 0.598614 0.933784
  1.70833 766.674 0.118618 0.135855 0.599359 0.877574
  1.72222 767.609 0.123281 0.133421 0.596614 0.900136
  1.73611 762.798 0.126624 0.131709 0.600128 0.923282
  1.75 770.868 0.127245 0.127687 0.605952 0.941704
  1.76389 763.3 0.130155 0.125893 0.612766 0.868516
  1.77778 761.637 0.131829 0.124309 0.617154 0.944568
  1.79167 762.622 0.131596 0.121491 0.622368 0.902622
  1.80556 765.658 0.133398 0.119805 0.626861 0.937651
  1.81944 762.342 0.135247 0.117593 0.631049 0.924216
  1.83333 762.112 0.138827 0.116358 0.634259 0.949211
  1.84722 767.507 0.139863 0.113745 0.63649 0.939479
  1.86111 761.775 0.142183 0.113333 0.638056 0.995737
  1.86639 761.775 0.143191 0.113404 0.638014 0.940318
  1.875 778.939 0.143917 0.11225 0.638292 0.968627
  1.88889 774.755 0.144326 0.111592 0.638333 0.941875
  1.90278 758.573 0.148092 0.112229 0.640221 0.845276
  1.91667 762.946 0.145563 0.112013 0.639805 0.953548
  1.93056 762.173 0.147511 0.112273 0.640325 0.940504
  1.94444 765.444 0.149222 0.111133 0.640067 0.935487
  1.95833 765.762 0.15 0.111222 0.640444 0.937778
  1.97222 766.289 0.151292 0.111404 0.64294 0.930207
  1.98611 761.72 0.151631 0.109194 0.644498 0.93177
  2 765.226 0.154241 0.109726 0.645886 0.929922
  2.01389 760.466 0.154806 0.109767 0.649186 0.927062
  2.02778 761.569 0.154877 0.109691 0.65216 0.942555
  2.03306 761.569 0.154802 0.109158 0.653878 0.820114
  2.04167 761.452 0.154899 0.109646 0.656919 0.910429
  2.05556 763.433 0.153333 0.11 0.662967 0.946927
  2.06944 771.23 0.152542 0.111083 0.667167 0.907902
  2.08333 765.373 0.153041 0.110468 0.672807 0.844819
  2.09722 770.291 0.153667 0.11 0.6805 0.850727
  2.11111 776.256 0.152826 0.109493 0.683841 0.941152
  End: M 2.11806 7479
Bub 1930 0.00411402
  Start: N 1.44528
  1.45833 802.998 0.176746 0.239921 0.523254 1.06367
  1.47222 811.5 0.179082 0.245899 0.523652 0.945556
  1.48611 810.033 0.183177 0.249688 0.525365 0.962533
  1.5 814.643 0.185378 0.251392 0.526649 0.940415
  1.51389 811.539 0.186181 0.251597 0.529201 0.900463
  1.52778 813.336 0.186924 0.25177 0.533385 0.953578
  1.53306 813.336 0.187289 0.251506 0.536365 1.0232
  1.54167 814.686 0.19 0.250395 0.540307 0.9297
  1.55556 806.482 0.193667 0.251667 0.546333 0.965476
  1.56944 810.295 0.194394 0.250152 0.551667 0.98852
  1.58333 806.178 0.197 0.251667 0.559667 0.92626
  1.59722 806.384 0.198571 0.252619 0.564524 0.938726
  1.61111 805.224 0.198846 0.253077 0.571923 0.949094
  1.625 806.923 0.2 0.255 0.576667 1.12368
  1.63889 803.752 0.199444 0.256111 0.58 0.962827
  1.65278 805.176 0.199783 0.256594 0.581957 0.946872
  1.66667 813.778 0.198333 0.258333 0.581667 0.938897
  1.68056 809.925 0.198899 0.259151 0.583082 0.903393
  1.69444 816.406 0.198333 0.260149 0.583581 0.949373
  1.69972 816.406 0.196304 0.261812 0.581522 0.945814
  1.70833 806.021 0.196667 0.26178 0.581667 0.900485
  1.72222 805.402 0.193775 0.262892 0.58451 0.944307
  1.73611 807.483 0.192436 0.264103 0.588718 0.970659
  1.75 807.288 0.190432 0.264753 0.592284 0.949933
  1.76389 807.973 0.190143 0.267905 0.596238 0.958279
  1.77778 815.523 0.190556 0.270185 0.599074 0.937281
  1.79167 809.649 0.189861 0.272222 0.601806 0.956291
  1.80556 813.134 0.190614 0.274474 0.603596 0.980075
  1.81944 819.94 0.188973 0.275228 0.60605 0.949954
  1.83333 818.118 0.189063 0.277604 0.606667 0.947483
  1.84722 803.323 0.190333 0.279667 0.606667 0.95517
  1.86111 812.573 0.190476 0.280952 0.607381 0.965796
  1.86639 812.573 0.190278 0.281389 0.607262 0.952342
  1.875 807.736 0.189886 0.281484 0.606735 0.933806
  1.88889 808.813 0.191886 0.281711 0.604123 0.945519
  1.90278 813.618 0.190789 0.281211 0.603561 0.83607
  1.91667 808.214 0.186179 0.27859 0.606282 0.951112
  1.93056 811.933 0.184583 0.278472 0.605972 0.938394
  1.94444 806.942 0.183333 0.28 0.605 0.940505
  1.95833 806.381 0.182246 0.283406 0.603841 0.945107
  1.97222 818.02 0.179762 0.285 0.604048 0.935355
  1.98611 814.882 0.178983 0.286861 0.606039 0.935886
  2 816.746 0.175533 0.287533 0.607267 0.938547
  2.01389 806.742 0.174733 0.289978 0.610111 0.862596
  2.02778 804.923 0.170714 0.291667 0.613095 0.88654
  2.03306 804.923 0.170211 0.291714 0.613685 0.94745
  2.04167 808.714 0.169085 0.292089 0.615845 0.95493
  2.05556 808.616 0.16693 0.294605 0.618816 0.907861
  2.06944 808.099 0.163519 0.295658 0.622778 0.929351
  2.08333 805.466 0.160714 0.298333 0.626429 0.93065
  2.09722 807.668 0.156983 0.298924 0.628207 0.926739
  2.11111 805.541 0.153261 0.299783 0.628043 0.962542
  2.125 808.456 0.15 0.301098 0.625366 0.938245
  2.13889 807.511 0.147108 0.3 0.624363 0.9225
  2.15278 814.312 0.146154 0.301538 0.619359 0.935769
  2.16667 807.583 0.143978 0.299839 0.614946 0.971023
  End: M 2.17528 8381
Bub 2112 0.0044735
  Start: S 1.52083 2048
  1.52778 755.779 0.213148 0.187593 0.569074 0.941745
  1.53306 755.779 0.209307 0.187097 0.57515 0.935226
  1.54167 749.456 0.209015 0.187159 0.581439 0.911177
  1.55556 743.076 0.207576 0.187424 0.59 0.910997
  1.56944 749.437 0.206373 0.188333 0.598137 1.06984
  1.58333 758.549 0.200411 0.187126 0.609396 0.954132
  1.59722 748.37 0.19631 0.187857 0.620119 0.99894
  1.61111 741.983 0.186422 0.183922 0.625882 0.938497
  1.625 747.782 0.180263 0.185 0.632018 0.990401
  1.63889 744.172 0.173333 0.184091 0.639091 0.950628
  1.65278 742.804 0.166667 0.183333 0.645085 0.905475
  1.66667 741.8 0.160065 0.180065 0.65171 0.917216
  1.68056 741.754 0.15413 0.178333 0.656884 0.934065
  1.69444 746.078 0.149935 0.176905 0.662749 0.952267
  1.69972 746.078 0.147821 0.177179 0.665 0.891216
  1.70833 745.096 0.145202 0.176616 0.669343 0.911201
  1.72222 747.006 0.142259 0.176704 0.676222 0.9008
  1.73611 748.121 0.140985 0.175833 0.683182 0.877755
  1.75 741.891 0.141118 0.175422 0.691878 0.904954
  1.76389 741.17 0.14162 0.176596 0.70007 0.9131
  1.77778 748.098 0.143447 0.176553 0.706553 0.95514
  1.79167 748.3 0.143929 0.176786 0.713452 1.00897
  1.80556 744.607 0.146744 0.176783 0.721163 0.905102
  1.81944 742.641 0.148111 0.176889 0.727778 0.879239
  1.83333 746.969 0.148333 0.176111 0.732222 0.929859
  1.84722 756.275 0.148333 0.176449 0.733696 0.933657
  1.86111 752.373 0.149167 0.176429 0.738095 0.913103
  1.86639 752.373 0.148333 0.177778 0.740556 1.01379
  1.875 758.029 0.148333 0.179103 0.742564 0.927452
  1.88889 744.892 0.148333 0.176404 0.744649 0.899623
  1.90278 750.741 0.146449 0.173841 0.740652 1.21471
  1.91667 753.76 0.145227 0.173252 0.741278 0.848943
  1.93056 757.134 0.143972 0.1715 0.741556 0.855968
  1.94444 742.237 0.146961 0.17 0.744804 0.931382
  1.95833 746.177 0.147533 0.1678 0.7482 0.94976
  1.97222 747.064 0.148333 0.168333 0.753333 0.909023
  1.98611 751.679 0.148333 0.166667 0.756212 0.920805
  2 751.318 0.147778 0.166157 0.759537 0.897653
  2.01389 751.373 0.1475 0.167083 0.7625 0.903746
  2.02778 744.515 0.147797 0.163697 0.766264 0.904461
  2.03306 744.515 0.148333 0.163696 0.766449 0.904171
  2.04167 752.198 0.148333 0.163333 0.769545 0.918801
  2.05556 754.856 0.148333 0.160362 0.773116 0.905408
  2.06944 749.14 0.147248 0.16031 0.776977 0.895534
  2.08333 755.509 0.147115 0.157796 0.780627 0.892784
  End: M 2.08639 7171
Bub 2185 0.00729325
  Start: S 1.53361 2181
  1.54167 459.642 0.25009 0.227991 0.582094 0.969198
  1.55556 460.289 0.25212 0.229645 0.590848 0.953145
  1.56944 463.893 0.25416 0.229655 0.597417 0.956572
  1.58333 468.285 0.255622 0.230026 0.601865 0.939315
  1.59722 469.345 0.256103 0.230596 0.606966 0.946798
  1.61111 472.727 0.255694 0.229334 0.611844 0.944143
  1.625 477.968 0.256435 0.23052 0.613368 0.944254
  1.63889 472.877 0.255835 0.227907 0.616765 0.967638
  1.65278 475.92 0.256034 0.226738 0.618182 0.950743
  1.66667 473.315 0.256882 0.224927 0.618173 0.936846
  1.68056 476.071 0.255857 0.223074 0.620204 0.931876
  1.69444 477.465 0.255374 0.222601 0.622352 0.929421
  1.69972 477.465 0.255015 0.222019 0.622873 0.932418
  1.70833 478.665 0.255136 0.220544 0.625833 0.926944
  1.72222 470.617 0.254451 0.218092 0.630528 0.920181
  1.73611 463.292 0.254815 0.215434 0.636616 0.966695
  1.75 468.452 0.254365 0.214076 0.6419 0.933512
  1.76389 469.877 0.254068 0.213089 0.648371 0.948824
  1.77778 469.896 0.253277 0.21178 0.655141 0.941566
  1.79167 471.252 0.251498 0.209898 0.661053 0.933079
  1.80556 468.241 0.250314 0.208226 0.667661 0.940563
  1.81944 467.863 0.249306 0.207578 0.674245 0.947423
  1.83333 465.494 0.247934 0.206507 0.67969 0.935213
  1.84722 467.27 0.246224 0.205652 0.684884 0.942815
  1.86111 467.092 0.245599 0.205269 0.68901 0.940339
  1.86639 467.092 0.245382 0.205009 0.690373 0.945876
  1.875 466.325 0.244908 0.204881 0.692903 0.939529
  1.88889 472.187 0.243351 0.204236 0.695747 0.934263
  1.90278 469.879 0.243316 0.204418 0.698545 0.931806
  1.91667 472.596 0.242829 0.203707 0.700455 0.922619
  1.93056 477.461 0.243095 0.203703 0.702906 0.922622
  1.94444 479.252 0.24348 0.203309 0.704943 0.915974
  1.95833 488.053 0.245418 0.203676 0.708378 0.927925
  1.97222 465.57 0.248942 0.20395 0.712792 0.920153
  1.98611 463.111 0.250256 0.203531 0.718031 0.903108
  2 463.28 0.251291 0.203883 0.722426 0.897769
  2.01389 465.312 0.252162 0.203821 0.727673 0.906903
  2.02778 468.43 0.252682 0.203892 0.732614 0.908793
  2.03306 468.43 0.251536 0.202672 0.73469 0.922837
  2.04167 471.146 0.25307 0.20453 0.73756 0.905448
  2.05556 473.344 0.253471 0.203123 0.742832 0.918583
  2.06944 481.958 0.253304 0.203254 0.746881 0.939922
  2.08333 483.643 0.253747 0.202494 0.750228 0.927181
  2.09722 488.314 0.254703 0.201753 0.753244 0.912693
  2.11111 485.772 0.254665 0.204299 0.756597 0.924246
  2.125 496.325 0.255954 0.202821 0.758237 0.928659
  2.13889 481.171 0.256856 0.204253 0.761133 0.92544
  2.15278 481.606 0.258068 0.204657 0.762752 0.919743
  2.16667 485.076 0.258226 0.204935 0.763595 0.920119
  End: M 2.16917 8385
Bub 2632 0.0199379
  Start: N 1.66694
  1.68056 176.249 0.20043 0.20775 0.141245 1
  1.69444 176.249 0.20043 0.20775 0.141245 1
  1.69972 176.249 0.20043 0.20775 0.141245 1
  1.70833 176.249 0.20043 0.20775 0.141245 1
  1.72222 176.249 0.20043 0.20775 0.141245 1
  1.73611 176.249 0.20043 0.20775 0.141245 1
  1.75 176.249 0.20043 0.20775 0.141245 1
  1.76389 176.249 0.20043 0.20775 0.141245 1
  1.77778 176.249 0.20043 0.20775 0.141245 1
  1.79167 176.249 0.20043 0.20775 0.141245 1
  1.80556 176.159 0.200429 0.20777 0.141253 1
  1.81944 170.674 0.201523 0.207248 0.146294 1.02793
  1.83333 170.509 0.202235 0.206316 0.151514 1.01706
  1.84722 169.781 0.202879 0.205832 0.157297 1.01094
  1.86111 168.689 0.203661 0.205692 0.164067 1.00991
  1.86639 168.689 0.203905 0.205595 0.166578 1.01239
  1.875 168.87 0.203834 0.205173 0.170882 1.01421
  1.88889 169.297 0.203905 0.205083 0.177989 1.01287
  1.90278 169.102 0.203401 0.204654 0.185308 1.01672
  1.91667 168.625 0.203061 0.203852 0.192909 1.02374
  1.93056 168.557 0.202819 0.20314 0.200295 1.02763
  1.94444 167.486 0.202631 0.202556 0.207915 1.02999
  1.95833 170.82 0.202472 0.202589 0.216064 1.03055
  1.97222 170.073 0.202241 0.203108 0.224377 1.03368
  1.98611 171.526 0.201428 0.203745 0.233081 1.03431
  2 174.527 0.200611 0.204783 0.242736 1.02659
  2.01389 177.916 0.200202 0.204934 0.25206 1.02141
  2.02778 178.321 0.198744 0.206534 0.260432 1.01766
  2.03306 178.321 0.198773 0.207297 0.263903 1.01252
  2.04167 178.561 0.198449 0.207364 0.269601 1.01004
  2.05556 179.708 0.197124 0.209711 0.278666 1.00431
  2.06944 180.494 0.197538 0.210449 0.287709 0.993561
  2.08333 181.457 0.198291 0.211881 0.295416 0.991001
  End: S 2.08444 7165 7158
Bub 4152 0.00424068
  Start: N 1.90194
  1.90278 797.912 0.136884 0.0363043 0.711667 0.880217
  1.91667 783.897 0.139667 0.0363333 0.705 1.03128
  1.93056 785.267 0.141 0.0393333 0.700778 0.883129
  1.94444 784.448 0.144833 0.0425833 0.696042 0.937176
  1.95833 784.786 0.146897 0.0455128 0.693103 0.982364
  1.97222 780.668 0.152778 0.05 0.692778 0.905052
  1.98611 783.214 0.157121 0.050303 0.69197 0.874405
  2 785.927 0.1614 0.0538 0.693933 0.926158
  2.01389 788.204 0.166667 0.055 0.695 0.915621
  2.02778 789.16 0.170263 0.055 0.698684 0.91097
  2.03306 789.16 0.172879 0.0540909 0.701818 0.950509
  2.04167 787.308 0.175482 0.0535965 0.705263 0.932548
  2.05556 788.454 0.180185 0.0501852 0.710556 0.882467
  2.06944 780.341 0.183667 0.0466667 0.717 0.938073
  2.08333 780.545 0.188117 0.0410606 0.720671 0.888891
  End: M 2.08944 7155
Bub 4214 0.00664935
  Start: S 1.9075 4149 4150
  1.91667 531.377 0.114637 0.0381579 0.755326 0.914005
  1.93056 526.644 0.11334 0.0354923 0.751568 0.924592
  1.94444 515.485 0.11154 0.0334887 0.747062 0.906506
  1.95833 513.651 0.109847 0.0319869 0.744476 0.905852
  1.97222 509.311 0.108193 0.0298459 0.741134 0.894246
  1.98611 502.722 0.10816 0.0269625 0.740007 0.905207
  2 504.29 0.10607 0.0273383 0.73755 0.907352
  2.01389 509.279 0.105244 0.027658 0.736681 0.905403
  2.02778 503.103 0.102716 0.0255957 0.736191 0.895671
  2.03306 503.103 0.102311 0.0256722 0.735919 0.899642
  End: M 2.04167 6531
Bub 4487 0.00458134
  Start: N 1.92917
  1.93056 731.979 0.167146 0.375077 0.750172 0.914848
  1.94444 726.598 0.16843 0.376553 0.741311 0.992651
  1.95833 732.178 0.169081 0.377087 0.735498 0.88329
  1.97222 727.841 0.17163 0.376795 0.729542 0.849443
  1.98611 726.524 0.174799 0.373635 0.724478 0.922445
  2 726.528 0.175325 0.373943 0.717724 0.864778
  2.01389 735.367 0.178218 0.370287 0.711552 0.908822
  2.02778 740.892 0.178994 0.368774 0.707264 0.839653
  2.03306 740.892 0.177625 0.371375 0.706792 0.921199
  2.04167 728.994 0.177785 0.368836 0.703813 0.886849
  2.05556 733.435 0.17569 0.367644 0.698333 0.915651
  2.06944 735.78 0.175 0.360217 0.696304 0.974094
  2.08333 754.683 0.175 0.357 0.693333 0.936388
  2.09722 749.237 0.175769 0.352949 0.694359 0.964332
  2.11111 736.681 0.175769 0.348462 0.692821 0.984764
  End: M 2.12167 7515
Bub 4568 0.0062035
  Start: N 1.93611
  1.94444 576.43 0.28088 0.0471296 0.694213 0.963402
  1.95833 568.596 0.282178 0.0528383 0.689158 0.917437
  1.97222 555.226 0.282157 0.056692 0.684679 0.936534
  1.98611 549.154 0.282027 0.0618701 0.683091 0.918803
  2 541.363 0.282795 0.0679982 0.686076 0.907302
  2.01389 545.365 0.281947 0.0719307 0.688762 0.887374
  2.02778 541.735 0.280115 0.0753994 0.693095 0.913715
  2.03306 541.735 0.280429 0.0760317 0.694444 0.92775
  2.04167 545.595 0.278725 0.0788261 0.69771 0.909186
  2.05556 544.847 0.277807 0.0802632 0.703006 0.917814
  2.06944 544.187 0.277845 0.0819024 0.710269 0.888875
  2.08333 552.361 0.276507 0.0823227 0.716436 0.917237
  2.09722 550.888 0.27617 0.0824519 0.723622 0.980751
  2.11111 560.515 0.275402 0.0829885 0.730096 1.01478
  2.125 582.288 0.273229 0.0847917 0.733438 0.976694
  End: M 2.13889 7718
Bub 4608 0.00452806
  Start: N 1.93944
  1.94444 743.079 0.333333 0.0707143 0.705714 0.839754
  1.95833 746.088 0.330165 0.0732784 0.700275 0.939764
  1.97222 745.891 0.330513 0.074359 0.695769 0.91521
  1.98611 730.638 0.33 0.0763333 0.693667 0.939865
  2 741.838 0.325901 0.08 0.692793 0.933793
  2.01389 733.83 0.320641 0.0848397 0.694103 0.890632
  2.02778 732.421 0.315101 0.0873906 0.698064 0.84642
  2.03306 732.421 0.313391 0.0897126 0.699828 0.877908
  2.04167 739.823 0.309722 0.0906944 0.702778 0.894012
  2.05556 737.372 0.306802 0.0929279 0.709459 0.920515
  2.06944 734.068 0.304955 0.0945495 0.713739 0.920534
  2.08333 738.804 0.303544 0.0952299 0.719061 0.922349
  2.09722 740.238 0.301531 0.0953061 0.723469 0.902921
  2.11111 732.264 0.301667 0.0966667 0.73 0.974686
  2.125 729.789 0.299921 0.0965873 0.733413 0.938706
  End: M 2.13889 7718
Bub 4847 0.00437949
  Start: N 1.95861
  1.97222 761.845 0.279167 0.375877 0.721491 0.89361
  1.98611 762.593 0.281303 0.378394 0.716879 0.862267
  2 758.601 0.280217 0.380507 0.710797 0.986382
  2.01389 756.742 0.28 0.383333 0.705 1.18563
  2.02778 764.973 0.278167 0.382 0.701667 0.916463
  2.03306 764.973 0.2786 0.3822 0.6994 0.954563
  2.04167 763.948 0.278182 0.382121 0.696515 0.91565
  2.05556 760.067 0.276667 0.381667 0.691667 1.00153
  2.06944 756.63 0.27529 0.380072 0.686884 0.94478
  2.08333 760.489 0.274583 0.37875 0.683333 0.942114
  2.09722 763.025 0.271087 0.378768 0.679783 0.925199
  2.11111 758.085 0.267255 0.375539 0.68049 0.915948
  End: C 2.12222
Bub 4859 0.00426107
  Start: N 1.95917
  1.97222 780.596 0.255333 0.36981 0.749381 0.844304
  1.98611 781.038 0.259 0.373256 0.742641 0.90368
  2 784.319 0.261863 0.375 0.736373 1.00421
  2.01389 780.372 0.265167 0.376167 0.7335 0.911749
  2.02778 778.45 0.266439 0.375076 0.726894 0.946036
  2.03306 778.45 0.266939 0.373545 0.725848 0.863756
  2.04167 783.121 0.269 0.372667 0.723333 0.978037
  2.05556 783.553 0.268333 0.368333 0.717222 0.905784
  2.06944 784.437 0.271 0.363333 0.714 0.933242
  2.08333 776.189 0.269643 0.360179 0.710595 0.927333
  2.09722 780.119 0.268333 0.353333 0.71 0.942145
  2.11111 792.028 0.268333 0.348333 0.711667 0.913541
  2.125 784.911 0.268333 0.343596 0.717982 0.983466
  2.13889 786.131 0.269444 0.341667 0.722222 0.904384
  End: M 2.15194 8253
Bub 5108 0.0051696
  Start: N 1.97139
  1.97222 685.384 0.367293 0.101213 0.71204 0.895444
  1.98611 642.61 0.369105 0.101 0.701316 0.902899
  2 643.664 0.364892 0.104032 0.695645 0.928079
  2.01389 644.054 0.360376 0.10543 0.690699 0.930166
  2.02778 647.657 0.356884 0.108623 0.686594 0.915684
  2.03306 647.657 0.354487 0.109327 0.685609 0.896176
  2.04167 655.1 0.351481 0.111481 0.683704 0.884276
  2.05556 646.823 0.346609 0.112816 0.679368 0.928616
  2.06944 643.889 0.339545 0.115173 0.674827 0.961008
  2.08333 643.422 0.336057 0.11439 0.674675 0.930568
  2.09722 640.506 0.331914 0.114753 0.676605 0.956463
  2.11111 649.318 0.330841 0.114878 0.67659 0.902838
  2.125 650.461 0.326728 0.119938 0.678086 1.13244
  2.13889 670.211 0.325 0.120862 0.675345 0.932278
  End: M 2.14472 7773
Bub 5517 0.00404765
  Start: N 1.98611
  1.98611 827.986 0.148667 0.348167 0.735 1.15974
  2 822.799 0.156161 0.35073 0.731554 0.884901
  2.01389 819.651 0.165 0.352901 0.731667 0.903615
  2.02778 829.308 0.17197 0.358333 0.735152 0.90658
  2.03306 829.308 0.173707 0.359014 0.734796 0.879347
  End: M 2.0375 6452
Bub 5790 0.00468432
  Start: N 1.99861
  2 707.704 0.138333 0.0156452 0.761989 0.90438
  2.01389 715.958 0.133025 0.0170988 0.76179 0.950673
  2.02778 714.701 0.128936 0.0166312 0.757624 0.891653
  2.03306 714.701 0.127952 0.0171587 0.756905 0.904878
  End: M 2.04167 6531
Bub 5825 0.00443638
  Start: M 2.00028 5817 5818
  2.01389 748.493 0.03327 0.108418 0.746603 1.01694
  2.02778 753.188 0.0305556 0.108333 0.744444 0.981341
  2.03306 753.188 0.03 0.107033 0.742683 0.896442
  2.04167 747.917 0.0272222 0.106389 0.738056 1.03106
  End: M 2.04222 6761
Bub 5952 0.0069748
  Start: S 2.00722 5815
  2.01389 521.846 0.378496 0.163643 0.700494 0.884205
  2.02778 497.302 0.376884 0.165339 0.697138 0.905464
  2.03306 497.302 0.376435 0.163079 0.697789 0.89976
  2.04167 497.197 0.375055 0.159514 0.700749 0.916642
  2.05556 498.942 0.373773 0.159959 0.699663 0.94482
  2.06944 499.218 0.372865 0.156189 0.703782 0.911818
  2.08333 486.631 0.372857 0.148423 0.710045 0.897015
  2.09722 497.022 0.372066 0.144463 0.711142 0.918758
  End: C 2.10944
Bub 5953 0.0118774
  Start: S 2.00722 5815
  2.01389 319.34 0.331159 0.0943997 0.729941 0.892272
  2.02778 316.435 0.329684 0.0885071 0.731942 0.917138
  2.03306 316.435 0.330801 0.0884199 0.732925 0.895305
  2.04167 310.952 0.33039 0.0857177 0.733539 0.914516
  2.05556 309.317 0.332001 0.0829244 0.735191 0.909378
  End: M 2.05639 6875
Bub 5997 0.0057721
  Start: S 2.00917 5819
  2.01389 587.317 0.24546 0.259387 0.602146 0.880183
  2.02778 590.499 0.251606 0.265488 0.606707 0.985328
  2.03306 590.499 0.252186 0.267715 0.607954 0.930763
  End: M 2.03694 6498
Bub 6017 0.00397903
  Start: N 2.01083
  2.01389 853.877 0.38114 0.261374 0.71348 0.909995
  2.02778 851.221 0.375329 0.263732 0.705 0.899476
  2.03306 851.221 0.373565 0.263101 0.703186 0.931836
  End: M 2.04167 6530
Bub 6070 0.00404765
  Start: N 2.015
  2.02778 841.701 0.1795 0.388333 0.759667 0.893386
  2.03306 841.701 0.17954 0.389598 0.763333 0.806528
  End: C 2.03889
Bub 6161 0.00750195
  Start: M 2.02 6020
  2.02778 465.522 0.218368 0.355585 0.735061 0.904795
  2.03306 465.522 0.219055 0.357498 0.736346 0.918495
  2.04167 463.207 0.223002 0.358368 0.736947 0.904061
  2.05556 453.633 0.226468 0.361693 0.739922 0.913092
  2.06944 455.233 0.232202 0.36481 0.74133 0.911213
  2.08333 456.071 0.236289 0.367188 0.740573 0.920707
  2.09722 459.253 0.241266 0.370205 0.739439 0.926212
  End: M 2.09917 7257
Bub 6170 0.00395562
  Start: N 2.02083
  2.02778 835.562 0.343631 0.355952 0.756429 0.861121
  2.03306 835.562 0.344444 0.355 0.757222 0.927298
  End: C 2.03972
Bub 6176 0.00367754
  Start: N 2.02167
  2.02778 902.976 0.165 0.376333 0.736333 0.88802
  2.03306 902.976 0.165 0.376333 0.733667 0.914816
  End: M 2.0375 6452
Bub 6182 0.006699
  Start: M 2.02222 5821
  2.02778 512.147 0.362108 0.249412 0.72565 0.867608
  2.03306 512.147 0.364421 0.25018 0.726408 0.926797
  2.04167 513.673 0.363787 0.248946 0.725868 0.903957
  End: M 2.04833 6695
Bub 6231 0.00310175
  Start: N 2.02556
  2.02778 1064.48 0.128333 0.338333 0.748333 0.880227
  2.03306 1064.48 0.126626 0.338415 0.746626 0.8934
  End: C 2.03333
Bub 6239 0.0166735
  Start: S 2.02639 6038
  2.02778 252.756 0.219184 0.236691 0.561888 0.931256
  2.03306 252.756 0.219818 0.23631 0.564889 0.937407
  End: M 2.03694 6498
Bub 6275 0.0052908
  Start: S 2.02806 6271
  2.03306 620.557 0.120721 0.193333 0.6099 0.923205
  End: M 2.03806 6459
Bub 6276 0.00836715
  Start: M 2.02806 5614 5992
  2.03306 409.61 0.166371 0.0302013 0.720717 0.869283
  2.04167 409.61 0.168086 0.0268036 0.719749 0.918076
  2.05556 415.015 0.167444 0.0251569 0.719033 0.921747
  2.06944 423.605 0.167442 0.0242739 0.717693 0.920902
  2.08333 432.369 0.170913 0.0227122 0.715143 0.921164
  End: M 2.08944 7155
Bub 6295 0.00588065
  Start: S 2.02972 6267
  2.03306 598.915 0.33212 0.295236 0.721232 0.901494
  2.04167 598.915 0.331835 0.29176 0.722135 0.900723
  End: M 2.04389 6759
Bub 6314 0.00359392
  Start: N 2.03111
  2.03306 913.554 0.221667 0.0133333 0.766667 0.904987
  End: M 2.03444 6530
Bub 6322 0.00475054
  Start: S 2.03139 6271 6272
  2.03306 705.404 0.13067 0.199811 0.582079 0.898127
  2.04167 705.404 0.131787 0.199054 0.588423 0.955431
  End: M 2.0425 6765
Bub 6324 0.0071807
  Start: M 2.03139 6268 6269 6270
  2.03306 457.232 0.0290896 0.235308 0.745706 0.884613
  End: M 2.03417 6503
Bub 6332 0.0037575
  Start: S 2.03194 5032 5033
  2.03306 884.399 0.0716667 0.05 0.763333 0.911776
  2.04167 884.399 0.07 0.0492424 0.764697 0.907806
  2.05556 882.399 0.0666667 0.0466667 0.766667 0.925409
  2.06944 884.058 0.0633333 0.0433333 0.765 0.923809
  2.08333 888.044 0.0616667 0.0405556 0.765 0.925927
  End: C 2.09667
Bub 6337 0.00773055
  Start: M 2.03194 6260
  2.03306 424.71 0.0967225 0.334075 0.744043 0.895471
  End: M 2.03694 6523
Bub 6349 0.0103046
  Start: M 2.0325 6271 6272
  2.03306 318.619 0.143492 0.132444 0.578498 0.92747
  End: S 2.03333 6460 6461
Bub 6351 0.00854745
  Start: M 2.0325 5326
  2.03306 384.12 0.229773 0.0406637 0.726776 0.964916
  End: S 2.04111 6529 6528
Bub 6353 0.0087877
  Start: S 2.03278 6209 6261 6262 6265
  2.03306 373.618 0.0519544 0.120174 0.738312 1.01233
  End: S 2.03333 6527 6509
Bub 6354 0.0051279
  Start: S 2.03278 6209 6261 6262 6265
  2.03306 640.271 0.0352186 0.182049 0.748361 0.897054
  End: M 2.03361 6527
Bub 6359 0.0052376
  Start: M 2.03278 6273
  2.03306 626.86 0.376667 0.207641 0.696615 0.954263
  End: M 2.03361 6467
Bub 6360 0.00539405
  Start: N 2.03306
  2.03306 608.679 0.377418 0.289601 0.723732 0.901279
  End: M 2.03528 6530
Bub 6361 0.00383421
  Start: N 2.03306
  2.03306 856.302 0.381667 0.283627 0.744804 0.901279
  End: M 2.03333 6530
Bub 6363 0.0245479
  Start: M 2.03306 6195
  2.03306 133.748 0.128107 0.186423 0.662717 0.922056
  End: M 2.035 6520
Bub 6364 0.0086471
  Start: M 2.03306 6267
  2.03306 379.693 0.302356 0.314179 0.739433 0.905244
  End: S 2.03389 6495 6496
Bub 6397 0.00473416
  Start: S 2.035 6353 6354
  2.04167 699.549 0.0748611 0.0753472 0.724375 0.894952
  2.05556 702.822 0.0737963 0.0757407 0.726944 0.918405
  2.06944 704.085 0.0733333 0.0764103 0.726923 1.00519
  2.08333 709.066 0.075 0.0783333 0.729815 0.944538
  2.09722 704.747 0.0761494 0.0780268 0.7291 0.948705
  2.11111 701.185 0.0767262 0.0791667 0.732411 0.909946
  2.125 703.698 0.0761006 0.0804717 0.734371 0.944994
  2.13889 701.316 0.0783033 0.0804955 0.733168 0.894098
  2.15278 701.863 0.0748765 0.0778395 0.734012 0.927147
  End: M 2.15389 7991
Bub 6452 0.00451002
  Start: S 2.03806 5517 6176
  2.04167 740.755 0.181265 0.358373 0.731345 0.859024
  2.05556 740.819 0.18907 0.361395 0.73093 0.892788
  2.06944 745.826 0.197932 0.360422 0.729538 0.90905
  2.08333 743.87 0.206236 0.358596 0.729494 0.892661
  2.09722 742.767 0.215833 0.360729 0.729479 0.948319
  End: M 2.09917 7257
Bub 6459 0.0053039
  Start: M 2.03833 6275
  2.04167 622.832 0.109716 0.195346 0.606852 0.934528
  2.05556 629.067 0.10859 0.196186 0.612308 0.869747
  2.06944 630.49 0.108359 0.197455 0.615775 0.875615
  2.08333 632.02 0.108629 0.194435 0.61957 0.898606
  End: M 2.08917 7168
Bub 6460 0.0099191
  Start: S 2.03861 6349
  2.04167 403.728 0.138579 0.130077 0.582305 0.930803
  End: M 2.04528 6644
Bub 6461 0.00404765
  Start: S 2.03861 6349
  2.04167 817.697 0.170333 0.13 0.583667 0.865548
  End: M 2.04528 6644
Bub 6463 0.00367754
  Start: N 2.03861
  2.04167 905.006 0.055 0.077 0.773 0.900829
  2.05556 908.629 0.0526836 0.0738136 0.775452 0.914099
  End: C 2.06694
Bub 6467 0.00576105
  Start: M 2.03861 6359
  2.04167 603.769 0.374884 0.207871 0.696407 0.849321
  End: M 2.04889 6748
Bub 6495 0.0084505
  Start: S 2.04028 6364
  2.04167 405.981 0.304628 0.318095 0.743083 0.906062
  End: M 2.04806 6759
Bub 6496 0.00397903
  Start: S 2.04028 6364
  2.04167 840.317 0.308684 0.290263 0.735 0.901384
  End: M 2.04389 6759
Bub 6498 0.016754
  Start: S 2.04056 5997 6239
  2.04167 253.213 0.221022 0.236063 0.568647 0.937651
  End: M 2.04222 6765
Bub 6499 0.00565935
  Start: S 2.04056 5997 6239
  2.04167 608.003 0.253333 0.269533 0.610772 0.934664
  End: M 2.04222 6765
Bub 6503 0.0071376
  Start: M 2.04056 6324
  2.04167 500.619 0.0297112 0.23502 0.744777 0.904443
  End: M 2.04194 6999
Bub 6509 0.00514185
  Start: S 2.04083 6353 6354
  2.04167 647.436 0.0326423 0.181477 0.747846 0.849661
  End: C 2.04611
Bub 6520 0.0244823
  Start: M 2.04111 6363
  2.04167 143.712 0.125208 0.187424 0.67026 0.926635
  End: S 2.04278 6754 6699
Bub 6523 0.00752155
  Start: M 2.04139 6337
  2.04167 483.141 0.096619 0.332117 0.747234 0.903622
  End: S 2.04278 6744 6743
Bub 6526 0.00456372
  Start: S 2.04167 6353 6354
  2.04167 735.568 0.0577132 0.0973256 0.729225 0.970797
  End: M 2.04222 6761
Bub 6527 0.00770585
  Start: S 2.04167 6353 6354
  2.04167 477.696 0.0427295 0.137907 0.746739 0.970797
  End: M 2.04222 6761
Bub 6528 0.00367754
  Start: S 2.04167 6351
  2.04167 901.857 0.223 0.0283333 0.717 1.09815
  End: M 2.04194 6755
Bub 6529 0.00784
  Start: S 2.04167 6351
  2.04167 495.073 0.234052 0.0429434 0.731904 1.04
  End: M 2.04194 6755
Bub 6530 0.00667425
  Start: N 2.04167
  2.04167 528.91 0.375136 0.279684 0.714839 0.854719
  End: S 2.04194 6542 6541
Bub 6531 0.0071376
  Start: M 2.04167 4214 5790
  2.04167 468.968 0.109498 0.0233688 0.742457 0.917069
  2.05556 516.049 0.109133 0.0218 0.743181 0.91349
  End: S 2.06139 7153 7154
Bub 6541 0.00459882
  Start: S 2.0425 6530
  2.05556 724.707 0.369962 0.261023 0.698864 0.895576
  End: M 2.05583 6922
Bub 6542 0.00544425
  Start: S 2.0425 6530
  2.05556 643.349 0.375023 0.286005 0.715274 0.909676
  End: M 2.05583 6922
Bub 6551 0.00390797
  Start: N 2.04278
  2.05556 853.811 0.347778 0.355 0.763889 0.916054
  End: M 2.06056 6901
Bub 6612 0.00463341
  Start: S 2.04611 5825 6526 6527
  2.05556 715.608 0.0268889 0.105333 0.735 0.973505
  2.06944 718.928 0.0268352 0.102191 0.732154 0.92709
  End: M 2.07194 6994
Bub 6623 0.00390797
  Start: S 2.04694 6528 6529
  2.05556 857.591 0.226111 0.0316667 0.718889 0.953091
  End: C 2.0575
Bub 6632 0.0062604
  Start: S 2.04722 6528 6529
  2.05556 534.472 0.263859 0.043048 0.73048 0.907115
  2.06944 535.435 0.271291 0.044265 0.732368 0.922898
  2.08333 542.886 0.275157 0.0449476 0.733412 0.925141
  2.09722 551.696 0.279302 0.0457302 0.734762 0.923318
  2.11111 564.43 0.281844 0.0457211 0.735299 0.921531
  End: M 2.11389 7403
Bub 6644 0.0102488
  Start: S 2.04778 6460 6461
  2.05556 381.412 0.135332 0.128487 0.58806 0.909014
  2.06944 381.771 0.133324 0.123937 0.591341 0.933037
  2.08333 386.14 0.132254 0.125434 0.596128 0.945991
  End: M 2.08667 7122
Bub 6659 0.00411402
  Start: N 2.04833
  2.05556 807.479 0.165952 0.234524 0.652619 0.888073
  End: M 2.05611 6908
Bub 6695 0.006599
  Start: S 2.05139 6182
  2.05556 512.194 0.361987 0.253256 0.727179 0.882521
  2.06944 516.781 0.361537 0.257035 0.730426 0.940288
  End: M 2.07861 6997
Bub 6699 0.0067881
  Start: S 2.05139 6520
  2.05556 514.919 0.202373 0.217556 0.661207 0.909853
  End: C 2.05667
Bub 6738 0.00310175
  Start: N 2.05389
  2.05556 1077.59 0.00833333 0.205 0.768333 0.929627
  End: C 2.06
Bub 6742 0.00409214
  Start: S 2.05417 5825 6526 6527
  2.05556 828.565 0.0325269 0.182634 0.74828 0.920979
  End: M 2.06722 6924
Bub 6743 0.00430127
  Start: S 2.05417 6523
  2.05556 774.95 0.10625 0.342917 0.728333 0.914058
  2.06944 777.566 0.106961 0.341471 0.725 0.936772
  2.08333 773.83 0.111154 0.339725 0.723462 0.750399
  2.09722 769.704 0.11351 0.335549 0.721353 0.819789
  2.11111 769.181 0.117 0.333333 0.720333 0.928024
  2.125 768.356 0.12 0.330333 0.720333 0.855636
  End: M 2.135 7692
Bub 6744 0.0072374
  Start: S 2.05417 6523
  2.05556 475.699 0.0940962 0.332648 0.752707 0.904717
  2.06944 484.749 0.0958311 0.333799 0.751603 0.950767
  2.08333 504.311 0.097092 0.336207 0.750529 0.977606
  End: M 2.08833 7151
Bub 6748 0.0049689
  Start: M 2.05417 6467
  2.05556 671.781 0.372538 0.210435 0.697402 0.89558
  End: M 2.05583 6890
Bub 6753 0.0053686
  Start: N 2.05444
  2.05556 636.987 0.138667 0.381333 0.749905 0.862312
  End: M 2.05611 6771
Bub 6754 0.024467
  Start: M 2.05472 6520
  2.05556 142.66 0.120748 0.187757 0.681709 0.92864
  End: M 2.05611 6908
Bub 6755 0.00627915
  Start: M 2.05472 6528 6529
  2.05556 581.152 0.220045 0.0417708 0.739792 0.923435
  End: S 2.05833 6909 6897
Bub 6759 0.0091407
  Start: S 2.05528 6295 6495 6496
  2.05556 395.044 0.312815 0.315945 0.740784 0.906095
  End: M 2.05583 6899
Bub 6760 0.00562465
  Start: S 2.05528 6295 6495 6496
  2.05556 593.892 0.324048 0.283282 0.736553 0.902475
  End: M 2.05583 6899
Bub 6761 0.00854745
  Start: M 2.05528 5825 6526 6527
  2.05556 432.338 0.0444749 0.132003 0.744776 0.890831
  End: S 2.05639 6924 6923
Bub 6762 0.00310175
  Start: N 2.05528
  2.05556 1064.87 0.175 0.131667 0.585 1.7628
  End: C 2.06056
Bub 6765 0.0171552
  Start: M 2.05556 6322 6498 6499
  2.05556 253.134 0.216953 0.234447 0.577733 0.936581
  End: M 2.05944 6918
Bub 6828 0.00660745
  Start: S 2.06 6659 6754
  2.06944 522.68 0.19758 0.225434 0.670249 0.86465
  2.08333 533.638 0.191423 0.231824 0.678748 0.918787
  2.09722 516.421 0.183701 0.235736 0.684221 0.943551
  2.11111 518.476 0.174616 0.236536 0.689904 0.940362
  2.125 526.372 0.167775 0.237218 0.695488 0.931841
  End: C 2.13278
Bub 6875 0.0113759
  Start: S 2.06306 5953
  2.06944 312.935 0.33215 0.0808358 0.736582 0.915108
  2.08333 313.352 0.334173 0.0804212 0.73786 0.916981
  2.09722 312.074 0.33648 0.0806976 0.738688 0.922434
  End: M 2.09889 7296
Bub 6899 0.0097786
  Start: M 2.06417 6759 6760
  2.06944 380.437 0.319287 0.30924 0.743385 0.921848
  End: M 2.07 6997
Bub 6901 0.00424068
  Start: N 2.06528
  2.06944 781.889 0.349783 0.353841 0.76587 0.931595
  End: M 2.07 6997
Bub 6907 0.0037575
  Start: S 2.06667 6659 6754
  2.06944 884.175 0.133333 0.236667 0.648333 0.874581
  2.08333 882.517 0.12951 0.233627 0.656373 0.996448
  2.09722 883.95 0.123415 0.229699 0.665164 0.96641
  End: C 2.09806
Bub 6908 0.0247691
  Start: S 2.06667 6659 6754
  2.06944 143.03 0.11912 0.186818 0.691771 0.928273
  2.08333 145.353 0.117612 0.186407 0.700322 0.928384
  2.09722 147.627 0.118277 0.186117 0.707248 0.933982
  End: C 2.09806
Bub 6909 0.0049689
  Start: S 2.06667 6755
  2.06944 667.204 0.217673 0.0371321 0.74458 0.913142
  2.08333 677.161 0.22235 0.0359402 0.746709 0.967039
  2.09722 681.872 0.227604 0.0329167 0.748958 0.963066
  2.11111 683.542 0.232733 0.0316667 0.748147 0.914319
  2.125 690.311 0.239116 0.0310606 0.748258 0.910186
  2.13889 708.905 0.245228 0.0308974 0.747963 0.89589
  End: M 2.15056 7876
Bub 6918 0.0171652
  Start: M 2.0675 6765
  2.06944 251.616 0.214513 0.230693 0.583714 0.935982
  End: M 2.07111 6945
Bub 6922 0.00632555
  Start: M 2.06806 6541 6542
  2.06944 595.91 0.370007 0.27436 0.705247 0.882779
  End: M 2.07028 6962
Bub 6923 0.00428127
  Start: S 2.06861 6742 6761
  2.06944 785.166 0.0627934 0.100822 0.730822 0.90493
  End: M 2.07889 6994
Bub 6924 0.00844535
  Start: S 2.06861 6742 6761
  2.06944 459.668 0.0377217 0.145232 0.750015 0.922208
  End: M 2.07194 6994
Bub 6945 0.0172051
  Start: S 2.07361 6918
  2.08333 249.634 0.209453 0.228125 0.590086 0.936694
  End: M 2.08917 7168
Bub 6962 0.00637125
  Start: M 2.07806 6922
  2.08333 571.032 0.366524 0.272379 0.702393 0.906157
  End: M 2.09306 7119
Bub 6994 0.00936445
  Start: M 2.08278 6612 6923 6924
  2.08333 420.363 0.0368843 0.13745 0.747849 0.920627
  End: S 2.08417 7167 7057
Bub 6997 0.0065046
  Start: N 2.08306
  2.08333 531.018 0.363099 0.259284 0.731386 0.909716
  End: M 2.08472 7171
Bub 6999 0.007515
  Start: M 2.08306 6503
  2.08333 487.035 0.0294184 0.237153 0.745182 0.85941
  End: S 2.08389 7104 7055
Bub 7001 0.00270963
  Start: N 2.08333
  2.08333 1211.69 0.00666667 0.095 0.768333 0.920201
  End: M 2.08361 7171
Bub 7055 0.00417831
  Start: S 2.08889 6999
  2.09722 794.338 0.0292424 0.213788 0.745758 0.871188
  2.11111 794.534 0.026746 0.214841 0.742884 0.920006
  2.125 796.991 0.0251587 0.21373 0.739444 0.97921
  2.13889 792.344 0.0248431 0.213392 0.735196 0.871844
  End: M 2.13917 7881
Bub 7057 0.00367754
  Start: S 2.08889 6994
  2.09722 914.492 0.0283333 0.095 0.725 0.939188
  2.11111 909.057 0.0294 0.0947333 0.724467 0.955552
  2.125 929.644 0.0283333 0.0964103 0.723846 1.02331
  2.13889 923.595 0.0298246 0.0934503 0.717865 0.951584
  2.15278 937.393 0.0318485 0.0932424 0.714576 0.903288
  2.16667 1012.88 0.0342337 0.0925096 0.710019 0.925915
  End: S 2.18 8402 8365
Bub 7104 0.0067398
  Start: M 2.09222 6999
  2.09722 517.597 0.0280806 0.250632 0.745542 0.934365
  End: M 2.10194 7333
Bub 7119 0.0060058
  Start: M 2.09333 6962
  2.09722 588.245 0.364694 0.27267 0.702126 0.981042
  End: M 2.10194 7335
Bub 7122 0.0103564
  Start: M 2.09361 6644
  2.09722 382.006 0.130609 0.126652 0.598658 0.933552
  End: M 2.10111 7300
Bub 7151 0.00728635
  Start: M 2.09556 6744
  2.09722 494.826 0.100486 0.335248 0.747676 0.916348
  End: S 2.10056 7241 7242
Bub 7153 0.0062035
  Start: S 2.09639 6531
  2.09722 542.717 0.110664 0.0155401 0.746281 0.95088
  End: M 2.10306 7319
Bub 7154 0.00451002
  Start: S 2.09639 6531
  2.09722 753.979 0.102269 0.0314659 0.733635 0.91173
  End: M 2.10306 7319
Bub 7155 0.00820075
  Start: S 2.09639 4152 6276
  2.09722 450.027 0.175628 0.0213327 0.712475 0.950457
  End: M 2.09889 7328
Bub 7156 0.00417831
  Start: S 2.09639 4152 6276
  2.09722 795.609 0.192424 0.0359091 0.723333 0.943478
  End: M 2.09889 7328
Bub 7165 0.0229523
  Start: M 2.09694 2632
  2.09722 158.147 0.199253 0.213377 0.302646 0.989699
  End: S 2.09972 7355 7215
Bub 7167 0.0090651
  Start: M 2.09694 6994
  2.09722 434.313 0.0370969 0.140994 0.750163 0.908972
  End: M 2.09778 7365
Bub 7168 0.0171576
  Start: S 2.09722 6459 6945
  2.09722 250.306 0.204143 0.226593 0.59657 0.933214
  End: M 2.0975 7348
Bub 7169 0.00449183
  Start: S 2.09722 6459 6945
  2.09722 740.195 0.107033 0.194065 0.624878 0.933214
  End: M 2.0975 7348
Bub 7171 0.00356517
  Start: N 2.09722
  2.09722 920.922 0.00800813 0.244024 0.773537 0.923032
  End: M 2.0975 7296
Bub 7215 0.00341392
  Start: S 2.10083 7165
  2.11111 973.994 0.145 0.208333 0.273333 0.937195
  2.125 967.347 0.145 0.211667 0.278333 0.997158
  End: M 2.12583 7712
Bub 7241 0.0067881
  Start: S 2.10194 7151
  2.11111 509.995 0.110018 0.334812 0.744588 0.922038
  2.125 514.825 0.108786 0.337539 0.7466 0.874335
  End: S 2.13111 7692 7705
Bub 7242 0.00430127
  Start: S 2.10194 7151
  2.11111 826.357 0.0763889 0.338935 0.753981 0.95874
  End: M 2.11333 7391
Bub 7257 0.00805005
  Start: M 2.10306 6161 6452
  2.11111 447.31 0.239873 0.369633 0.734364 0.935649
  2.125 447.458 0.243073 0.369922 0.729442 0.929679
  2.13889 445.053 0.248314 0.37038 0.726141 0.926041
  End: S 2.14083 8253 8205
Bub 7296 0.0108479
  Start: N 2.10556
  2.11111 349.575 0.342391 0.297675 0.741623 0.90038
  2.125 351.54 0.345926 0.29741 0.740431 0.928239
  End: M 2.12944 7699
Bub 7300 0.0103495
  Start: M 2.10583 7122
  2.11111 379.524 0.131324 0.124545 0.601188 0.943068
  End: M 2.11444 7552
Bub 7319 0.0059543
  Start: S 2.10722 7153 7154
  2.11111 568.007 0.107059 0.0152269 0.742958 0.93279
  End: M 2.11139 7565
Bub 7320 0.00470105
  Start: S 2.10722 7153 7154
  2.11111 710.907 0.100035 0.0317021 0.733014 0.968565
  End: M 2.11139 7565
Bub 7328 0.0086766
  Start: S 2.10778 7155 7156
  2.11111 428.587 0.179112 0.0200931 0.708672 0.918502
  End: M 2.12167 7547
Bub 7332 0.0128326
  Start: M 2.10778 3847 3848
  2.11111 287.815 0.203722 0.19522 0.549212 0.953417
  End: S 2.11417 7558 7557
Bub 7333 0.006582
  Start: M 2.10778 7104
  2.11111 532.277 0.0268475 0.251008 0.743553 0.922115
  2.125 545.802 0.025881 0.249393 0.741321 0.923345
  End: M 2.13611 7702
Bub 7335 0.0058269
  Start: M 2.10806 7119
  2.11111 606.928 0.35932 0.264404 0.698631 1.01151
  End: M 2.11444 7564
Bub 7348 0.0172696
  Start: M 2.10944 7168 7169
  2.11111 251.92 0.202888 0.222743 0.602645 0.945891
  End: M 2.11472 7563
Bub 7355 0.0231684
  Start: M 2.11 7165
  2.11111 156.71 0.199267 0.215024 0.311165 0.982422
  End: S 2.11167 7712 7641
Bub 7365 0.00883515
  Start: M 2.11111 7167
  2.11111 435.206 0.0347382 0.142051 0.750321 0.935338
  End: M 2.11194 7549
Bub 7403 0.00632555
  Start: M 2.11417 6632
  2.125 558.906 0.287984 0.045524 0.735058 0.939902
  2.13889 564.847 0.292454 0.0452625 0.733228 0.943503
  End: C 2.14111
Bub 7476 0.0050424
  Start: N 2.11917
  2.125 651.127 0.0114655 0.293333 0.761236 1.07375
  End: M 2.12722 7679
Bub 7479 0.00501325
  Start: N 2.11944
  2.125 663.442 0.154825 0.109415 0.685702 0.958946
  2.13889 662.128 0.155062 0.111543 0.688549 0.931307
  2.15278 663.345 0.154031 0.111838 0.692293 0.935265
  End: M 2.15806 7991
Bub 7515 0.00341392
  Start: M 2.12194 4487
  2.125 973.188 0.178333 0.353333 0.701667 1.7581
  End: M 2.12556 7570
Bub 7547 0.0085876
  Start: M 2.12417 7328
  2.125 443.108 0.185 0.0189558 0.70315 0.932203
  End: S 2.12611 7703 7704
Bub 7549 0.0092237
  Start: M 2.12417 7365
  2.125 431.753 0.0329155 0.141906 0.748582 0.922442
  End: C 2.12611
Bub 7551 0.00310175
  Start: S 2.12444 7355
  2.125 1074.63 0.248457 0.221543 0.331914 0.951326
  End: C 2.12528
Bub 7552 0.0101674
  Start: M 2.12444 7300
  2.125 390.61 0.13174 0.126353 0.604187 0.923674
  End: M 2.12639 7717
Bub 7557 0.00732085
  Start: S 2.12472 7332
  2.125 473.857 0.225967 0.230577 0.539188 0.949639
  End: M 2.12583 7599
Bub 7558 0.0118143
  Start: S 2.12472 7332
  2.125 299.266 0.202891 0.184122 0.565492 0.952184
  End: M 2.12583 7599
Bub 7562 0.00569365
  Start: S 2.125 7355
  2.125 607.457 0.226337 0.187695 0.339631 0.984812
  End: M 2.12528 7712
Bub 7563 0.0173837
  Start: M 2.125 7348
  2.125 249.919 0.203602 0.221006 0.608695 0.932511
  2.13889 249.949 0.202421 0.221311 0.614477 0.934335
  End: M 2.14083 8124
Bub 7564 0.0059543
  Start: M 2.125 7335
  2.125 597.275 0.35678 0.263517 0.694389 0.942484
  End: S 2.12556 7676 7677
Bub 7565 0.0071376
  Start: M 2.125 7319 7320
  2.125 497.605 0.105344 0.0225988 0.734615 0.940445
  End: S 2.12611 8040 8041
Bub 7566 0.0037575
  Start: N 2.125
  2.125 886.468 0.176667 0.343333 0.688333 0.757747
  End: M 2.12556 7570
Bub 7598 0.0075797
  Start: S 2.12722 7557 7558
  2.13889 467.689 0.22797 0.230931 0.545973 0.942075
  End: M 2.14361 7826
Bub 7599 0.0120269
  Start: S 2.12722 7557 7558
  2.13889 298.786 0.20582 0.183196 0.576224 0.946201
  End: M 2.14361 7826
Bub 7641 0.0061843
  Start: S 2.13111 7215 7355 7562
  2.13889 545.07 0.224938 0.185748 0.344019 0.991709
  2.15278 539.107 0.226067 0.183857 0.346581 1.02893
  2.16667 544.264 0.227745 0.182288 0.351144 0.995735
  2.18056 547.787 0.229029 0.179884 0.35434 1.00582
  2.19444 547.562 0.232311 0.180514 0.358018 1.00409
  End: M 2.19917 8931
Bub 7699 0.0104853
  Start: M 2.13611 7296
  2.13889 362.186 0.349583 0.296023 0.739356 0.929733
  End: M 2.14722 7883
Bub 7702 0.00660745
  Start: M 2.13639 7333
  2.13889 545.379 0.0245658 0.248487 0.738065 0.937465
  End: M 2.13917 7881
Bub 7703 0.0080387
  Start: S 2.13667 7547
  2.13889 463.248 0.175979 0.0201348 0.702787 0.934961
  End: M 2.13972 7874
Bub 7704 0.0051279
  Start: S 2.13667 7547
  2.13889 645.805 0.222404 0.0204098 0.689973 0.948909
  End: M 2.13972 7874
Bub 7706 0.00393194
  Start: S 2.13667 6743 7241
  2.13889 843.039 0.127061 0.340515 0.736455 0.851588
  2.15278 844.233 0.135 0.34 0.735 0.892745
  2.16667 846.637 0.140056 0.344167 0.734056 0.832494
  2.18056 843.941 0.146176 0.350294 0.733627 0.91038
  2.19444 849.628 0.146667 0.351667 0.731667 0.907262
  End: C 2.19972
Bub 7712 0.0228905
  Start: M 2.1375 7215 7355 7562
  2.13889 160.629 0.197079 0.215068 0.321477 0.984508
  End: M 2.14194 7800
Bub 7713 0.00310175
  Start: N 2.1375
  2.13889 1064.93 0.341667 0.331667 0.735 0.791817
  End: M 2.14722 7883
Bub 7717 0.0099116
  Start: M 2.13889 7552
  2.13889 399.828 0.128715 0.129809 0.609415 0.978365
  End: S 2.14 8124 8123
Bub 7718 0.0070645
  Start: M 2.13889 4568 4608
  2.13889 536 0.280622 0.0864629 0.736944 0.893365
  End: S 2.13944 8220 8221
Bub 7800 0.0228884
  Start: M 2.14583 7712
  2.15278 160.933 0.197259 0.215216 0.326954 0.989921
  End: M 2.15611 8048
Bub 7826 0.0130806
  Start: M 2.14806 7598 7599
  2.15278 294.526 0.21223 0.189678 0.580111 0.946193
  2.16667 301.671 0.214086 0.188718 0.590231 0.938772
  End: S 2.16917 8764 8765
Bub 7857 0.00507125
  Start: S 2.15 7703 7704
  2.15278 652.842 0.22822 0.0238418 0.68548 0.938317
  End: M 2.15417 8121
Bub 7874 0.0080387
  Start: M 2.15083 7703 7704
  2.15278 471.434 0.176418 0.0207447 0.700887 0.924353
  End: M 2.15417 8121
Bub 7876 0.00499856
  Start: M 2.15083 6909
  2.15278 664.401 0.255 0.0319027 0.746445 0.885362
  End: S 2.15306 7988 7987
Bub 7881 0.0060058
  Start: S 2.15139 7055 7702
  2.15278 587.735 0.0242347 0.230527 0.73085 0.936797
  End: M 2.15556 8112
Bub 7882 0.00522415
  Start: S 2.15139 7055 7702
  2.15278 640.887 0.0264729 0.260943 0.740504 0.902516
  End: C 2.16278
Bub 7883 0.0105153
  Start: M 2.15139 7699 7713
  2.15278 358.951 0.352262 0.29692 0.737671 0.916766
  End: M 2.16278 8129
Bub 7896 0.00974765
  Start: S 2.15278 7563 7717
  2.15278 402.746 0.129165 0.129002 0.611476 0.934643
  End: M 2.15333 8124
Bub 7987 0.0037575
  Start: S 2.15833 7876
  2.16667 883.708 0.27 0.035 0.743333 0.90211
  End: C 2.17417
Bub 7991 0.00501325
  Start: N 2.15833
  2.16667 665.25 0.15269 0.112719 0.696374 0.918572
  End: C 2.16833
Bub 8048 0.0228398
  Start: M 2.16167 7800
  2.16667 162.311 0.19843 0.216561 0.333182 0.990693
  End: S 2.16861 8931 8877
Bub 8059 0.005251
  Start: S 2.16278 7857 7874
  2.16667 635.087 0.235585 0.0275954 0.681768 0.9178
  End: M 2.16833 8311
Bub 8078 0.00451002
  Start: N 2.16361
  2.16667 742.682 0.348574 0.0263655 0.7401 0.893322
  End: M 2.16806 8385
Bub 8112 0.00397903
  Start: N 2.16583
  2.16667 831.68 0.0868129 0.186637 0.749795 0.874528
  End: C 2.16694
Bub 8121 0.0076116
  Start: S 2.16639 7857 7874
  2.16667 463.035 0.172753 0.0215246 0.701124 0.927032
  End: M 2.16694 8311
Bub 8122 0.00341392
  Start: S 2.16639 7857 7874
  2.16667 974.345 0.216667 0.0183333 0.681667 0.916714
  End: M 2.16694 8311
Bub 8123 0.0110235
  Start: S 2.16639 7563 7717 7896
  2.16667 341.769 0.253207 0.151994 0.600567 0.926783
  End: M 2.17611 8764
Bub 8124 0.0170772
  Start: S 2.16639 7563 7717 7896
  2.16667 254.872 0.169862 0.226142 0.628814 0.930894
  End: S 2.16833 8381 8380
Bub 8126 0.00359392
  Start: N 2.16639
  2.16667 931.166 0.388333 0.326825 0.750159 0.733312
  End: M 2.16694 8385
Bub 8129 0.0104887
  Start: N 2.16667
  2.16667 362.67 0.355166 0.296564 0.735013 0.916504
  End: M 2.16694 8385
Bub 8194 0.00341392
  Start: N 2.17
  2.18056 972.526 0.131667 0.275 0.713333 0.914262
  End: C 2.19417
Bub 8207 0.00341392
  Start: S 2.17056 4859 7257
  2.18056 972.242 0.288333 0.351667 0.74 0.842424
  End: M 2.18722 8620
Bub 8220 0.00639835
  Start: S 2.17139 7718
  2.18056 551.342 0.283354 0.0742405 0.744297 0.921793
  2.19444 570.197 0.284109 0.0709447 0.744386 0.920083
  End: M 2.19806 8751
Bub 8253 0.0072724
  Start: M 2.17333 4859 7257
  2.18056 501.293 0.272213 0.371849 0.716513 0.89603
  End: S 2.18444 8620 8568
Bub 8347 0.00443638
  Start: S 2.17917 1930 8124
  2.18056 750.256 0.14365 0.298207 0.611076 0.954388
  End: M 2.18639 8658
Bub 8353 0.00367754
  Start: S 2.17917 8059 8121 8122
  2.18056 904.042 0.225 0.0236667 0.676333 0.910817
  End: M 2.18333 8619
Bub 8354 0.0055419
  Start: S 2.17917 8059 8121 8122
  2.18056 605.345 0.242727 0.0318831 0.680649 0.911356
  End: M 2.18333 8619
Bub 8358 0.0109287
  Start: N 2.17944
  2.18056 345.772 0.0579579 0.177997 0.705802 0.928824
  End: M 2.18222 8492
Bub 8365 0.00370457
  Start: S 2.18 7057
  2.18056 898.891 0.0266667 0.1 0.713333 0.937983
  End: M 2.18083 8402
Bub 8379 0.0106535
  Start: N 2.18028
  2.18056 351.005 0.356015 0.297224 0.732352 0.912161
  End: C 2.1825
Bub 8380 0.0084505
  Start: S 2.18056 1930 8124
  2.18056 435.342 0.125037 0.128278 0.619274 0.934463
  End: M 2.18083 8658
Bub 8381 0.0162354
  Start: S 2.18056 1930 8124
  2.18056 260.095 0.179486 0.243763 0.633452 0.934463
  End: M 2.18083 8658
Bub 8383 0.00310175
  Start: N 2.18056
  2.18056 1065.48 0.151667 0.111667 0.701667 0.912198
  End: C 2.18111
Bub 8384 0.00487771
  Start: N 2.18056
  2.18056 684.105 0.358111 0.343857 0.742175 0.912198
  End: C 2.18083
Bub 8385 0.013626
  Start: N 2.18056
  2.18056 310.341 0.0393469 0.147975 0.735166 0.91061
  End: S 2.18139 8663 8648
Bub 8386 0.0044735
  Start: N 2.18056
  2.18056 791.386 0.0757407 0.128333 0.70537 0.918657
  End: M 2.18222 8492
Bub 8436 0.00367754
  Start: N 2.18306
  2.19444 903.71 0.023 0.100333 0.708333 0.914445
  End: C 2.19528
Bub 8568 0.00541925
  Start: S 2.18917 8207 8253
  2.19444 619.39 0.275694 0.381944 0.706875 0.894282
  End: M 2.19472 8740
Bub 8580 0.00338201
  Start: N 2.18972
  2.19444 983.072 0.108238 0.235 0.73681 0.940444
  End: C 2.19889
Bub 8620 0.00637125
  Start: M 2.19222 8207 8253
  2.19444 572.49 0.285897 0.355043 0.725385 0.901715
  End: M 2.19889 8769
Bub 8622 0.00434074
  Start: N 2.1925
  2.19444 765.511 0.0913514 0.164685 0.75 0.995571
  End: M 2.1975 8737
Bub 8636 0.0058269
  Start: N 2.19306
  2.19444 612.749 0.0679236 0.103156 0.720307 1.12443
  End: M 2.195 8717
Bub 8640 0.006812
  Start: N 2.19306
  2.19444 521.743 0.090373 0.259883 0.715956 0.861207
  End: S 2.19472 9218 8992
Bub 8658 0.0169448
  Start: M 2.19389 8347 8380 8381
  2.19444 257.542 0.171792 0.231812 0.635915 0.925725
  End: M 2.195 8750
Bub 8663 0.0117587
  Start: N 2.19417
  2.19444 351.548 0.0289995 0.135161 0.734495 0.905731
  End: M 2.195 8713
Bub 8664 0.006699
  Start: N 2.19444
  2.19444 557.367 0.115331 0.120245 0.716581 0.907053
  End: C 2.19472
Bub 2269 0.00402503
  Start: S 1.55611 2250
  1.56944 821.798 0.139576 0.139915 0.610311 0.957646
  1.58333 823.539 0.133571 0.138333 0.615952 1.00708
  1.59722 828.686 0.130672 0.135498 0.619925 0.940155
  1.61111 830.403 0.128333 0.138333 0.623889 0.949778
  1.625 827.235 0.127564 0.138718 0.627949 0.915643
  1.63889 823.661 0.128333 0.139 0.6302 0.932567
  1.65278 832.684 0.130556 0.138333 0.632222 0.978845
  1.66667 835.58 0.131215 0.138333 0.634887 0.936684
  1.68056 830.55 0.131111 0.139167 0.635556 0.937449
  1.69444 822.182 0.129444 0.139444 0.639444 0.941182
  1.69972 822.182 0.129667 0.139667 0.641667 1.08002
  1.70833 821.324 0.129762 0.137381 0.643631 0.925517
  1.72222 821.034 0.129667 0.136667 0.647 0.982288
  1.73611 821.304 0.13 0.136333 0.653 0.949916
  1.75 821.518 0.130079 0.133413 0.659921 0.919872
  1.76389 826.101 0.13 0.133333 0.665 0.900837
  1.77778 825.358 0.13 0.13 0.671667 0.938408
  1.79167 826.278 0.131616 0.12904 0.67702 0.887422
  1.80556 825.759 0.132157 0.127108 0.682892 0.971645
  1.81944 824.891 0.134479 0.126719 0.689323 0.886753
  1.83333 830.052 0.134649 0.123596 0.695 0.934022
  1.84722 825.559 0.135 0.123551 0.699203 0.931001
  1.86111 830.693 0.135 0.12442 0.705 0.944343
  1.86639 830.693 0.13571 0.124071 0.706093 0.962865
  1.875 831.241 0.138333 0.123333 0.708333 0.984298
  1.88889 825.946 0.139203 0.123551 0.710507 0.884273
  1.90278 825.99 0.139118 0.123775 0.713039 0.924172
  1.91667 832.44 0.141111 0.122778 0.715 0.934553
  1.93056 822.316 0.143588 0.119915 0.716921 0.947066
  1.94444 830.732 0.145741 0.118272 0.716914 0.857931
  1.95833 830.85 0.14803 0.115 0.718636 0.900967
  1.97222 831.454 0.149737 0.111667 0.721316 0.925757
  1.98611 824.445 0.153172 0.107312 0.725054 0.940699
  2 819.446 0.155 0.105 0.728704 0.941963
  2.01389 829.716 0.158333 0.102018 0.730263 0.92385
  2.02778 830.975 0.161667 0.0986842 0.733596 0.931722
  2.03306 830.975 0.16307 0.0986842 0.733333 0.966243
  2.04167 825.449 0.165 0.0933333 0.735 1.24971
  2.05556 824.901 0.169706 0.09 0.738529 0.886499
  2.06944 821.886 0.170333 0.087 0.74 0.894309
  2.08333 824.818 0.175 0.0833333 0.743333 0.935614
  2.09722 825.42 0.177464 0.0797826 0.745 0.946134
  2.11111 821.739 0.180614 0.0764035 0.746404 0.927595
  2.125 829.982 0.183596 0.0716667 0.747982 0.920242
  2.13889 826.135 0.186667 0.0674242 0.749091 0.917708
  2.15278 822.338 0.187327 0.0638679 0.746635 0.932661
  2.16667 823.256 0.190217 0.0600725 0.748043 0.933653
  2.18056 825.361 0.193667 0.056641 0.747667 0.918071
  2.19444 831.49 0.19662 0.0533796 0.746944 0.91016
  2.19972 831.49 0.197174 0.0519565 0.746884 0.920738
  2.20833 824.686 0.2 0.05 0.748333 0.932067
  2.22222 822.992 0.201353 0.0477843 0.749824 0.831016
  2.23611 821.611 0.20693 0.0435965 0.750614 0.87852
  2.25 823.509 0.208731 0.0404229 0.753706 0.906527
  2.26389 827.235 0.212143 0.0397619 0.757381 0.885808
  2.27778 824.494 0.215 0.04 0.76 0.907221
  2.29167 822.64 0.219795 0.0369298 0.763187 0.901095
  2.30556 823.433 0.221923 0.0366667 0.765641 0.88851
  End: M 2.31694 10603
Bub 5916 0.00413567
  Start: N 2.00528
  2.01389 799.651 0.22 0.166667 0.603333 0.924866
  2.02778 802.94 0.218196 0.169932 0.609795 0.939213
  2.03306 802.94 0.21822 0.170795 0.612311 0.942656
  2.04167 805.683 0.215677 0.169583 0.617448 0.910396
  2.05556 799.655 0.213889 0.17 0.626111 0.951406
  2.06944 805.387 0.212093 0.171279 0.633798 0.862245
  2.08333 800.122 0.209667 0.17 0.643 0.971347
  2.09722 807.888 0.207691 0.17006 0.650181 0.942103
  2.11111 816.175 0.204091 0.168333 0.655758 0.915164
  2.125 801.55 0.203788 0.165 0.66 0.913203
  2.13889 808.128 0.201316 0.165 0.66307 0.950487
  2.15278 805.759 0.201667 0.165 0.663889 0.960571
  2.16667 809.88 0.199354 0.165544 0.668163 0.876908
  2.18056 804.226 0.194708 0.166417 0.675042 0.915217
  2.19444 803.556 0.191216 0.16545 0.682928 0.957661
  2.19972 803.556 0.189796 0.164966 0.684456 1.01298
  2.20833 807.362 0.187157 0.165245 0.689412 0.91238
  End: M 2.21222 9265
Bub 6066 0.00341392
  Start: N 2.01472
  2.02778 972.392 0.35 0.301667 0.741667 0.977304
  2.03306 972.392 0.350273 0.303242 0.739424 0.893478
  2.04167 975.203 0.35 0.306667 0.736667 0.896856
  2.05556 973.816 0.35 0.311667 0.731667 0.93975
  2.06944 968.627 0.346111 0.313889 0.727222 0.904879
  2.08333 971.427 0.343667 0.318333 0.723 1.03497
  2.09722 974.006 0.34 0.32 0.718333 0.902388
  2.11111 974.192 0.336667 0.32 0.715 0.909153
  2.125 982.073 0.333249 0.321554 0.71161 0.901261
  2.13889 973.158 0.329667 0.323 0.708333 0.981153
  2.15278 969.257 0.326667 0.320333 0.706333 0.877871
  2.16667 969.704 0.323046 0.32 0.703103 0.842226
  2.18056 977.553 0.318333 0.321667 0.699444 0.899805
  2.19444 973.211 0.315 0.320333 0.696333 0.933437
  2.19972 973.211 0.314924 0.320227 0.696212 0.934749
  2.20833 972.326 0.313667 0.321667 0.693667 0.95058
  2.22222 972.727 0.310333 0.321667 0.693667 0.91883
  2.23611 973.974 0.308333 0.320333 0.693 0.906194
  2.25 984.107 0.305 0.320294 0.694804 0.906604
  2.26389 979.553 0.304 0.3205 0.695333 0.910895
  2.27778 967.956 0.301667 0.321667 0.701667 0.890675
  2.29167 973.792 0.300333 0.321667 0.703667 0.913823
  2.30556 974.772 0.3 0.321667 0.708333 0.900011
  2.31944 972.138 0.299959 0.321585 0.713455 0.908685
  2.33333 973.079 0.303 0.319667 0.718333 0.911072
  2.34722 970.095 0.302673 0.317201 0.723365 0.919736
  End: C 2.36083
Bub 6331 0.00411402
  Start: S 2.03194 5032 5033
  2.03306 805.043 0.0870635 0.0561111 0.748492 0.920147
  2.04167 805.043 0.0838235 0.0530392 0.746961 0.911807
  2.05556 803.559 0.08 0.0503333 0.743667 0.900611
  2.06944 803.992 0.0761111 0.0494444 0.74 0.926906
  2.08333 805.353 0.0728431 0.0463725 0.736961 0.932616
  2.09722 806.678 0.0680303 0.0462121 0.73303 0.893087
  2.11111 807.31 0.0645025 0.0437065 0.72709 0.895523
  2.125 807.256 0.06 0.04 0.721667 0.922717
  2.13889 814.622 0.0589103 0.0382692 0.715897 0.887213
  2.15278 805.944 0.0561765 0.0369608 0.709706 0.915029
  2.16667 807.015 0.0553509 0.0364035 0.703333 0.867496
  2.18056 807.487 0.0565603 0.0382624 0.69656 0.92475
  2.19444 807.977 0.0566667 0.0383333 0.69 0.932126
  2.19972 807.977 0.055 0.0383333 0.688333 0.90542
  2.20833 810.79 0.055 0.0394444 0.685 0.904323
  2.22222 814.237 0.055 0.0383333 0.68 0.896118
  2.23611 808.203 0.0533333 0.0383333 0.675 0.908622
  2.25 808.421 0.0533333 0.0383333 0.671667 0.99885
  2.26389 808.878 0.0533333 0.0383333 0.668333 0.907322
  2.27778 813.097 0.0511111 0.0372222 0.665 0.868581
  2.29167 806.447 0.0496667 0.037 0.661667 0.945898
  End: M 2.29444 10479
Bub 6890 0.00461618
  Start: M 2.06361 6748
  2.06944 764.045 0.370955 0.210618 0.702416 0.903144
  2.08333 749.18 0.372835 0.213954 0.701472 0.923048
  2.09722 722.982 0.378828 0.209884 0.702789 0.849901
  2.11111 723.864 0.384127 0.207857 0.698175 0.971556
  2.125 719.949 0.386277 0.203411 0.692445 0.888888
  2.13889 728.513 0.386303 0.19797 0.689091 0.912482
  2.15278 731.866 0.385481 0.191186 0.68641 0.961543
  2.16667 736.534 0.383373 0.183425 0.685446 0.925734
  2.18056 749.245 0.383868 0.176289 0.684245 0.89627
  2.19444 742.556 0.38297 0.166053 0.681341 0.874478
  2.19972 742.556 0.382864 0.161926 0.681149 0.932092
  2.20833 725.474 0.38027 0.153317 0.676143 0.933063
  2.22222 726.259 0.375119 0.14497 0.674792 0.922508
  2.23611 729.621 0.371937 0.139414 0.67527 0.940518
  2.25 731.683 0.37248 0.130203 0.676626 0.900967
  2.26389 729.216 0.373167 0.118694 0.679889 0.921563
  End: M 2.26556 10086
Bub 6897 0.00459882
  Start: S 2.06417 6755
  2.06944 725.845 0.226667 0.03 0.716667 0.932382
  2.08333 727.99 0.230128 0.0283333 0.720043 0.935384
  2.09722 739.717 0.235522 0.0272319 0.716971 0.911547
  2.11111 758.966 0.242586 0.0295977 0.714655 0.949115
  2.125 724.479 0.249638 0.0313188 0.716826 0.870244
  2.13889 729.64 0.253817 0.0339964 0.716541 0.942713
  2.15278 725.811 0.255101 0.035404 0.716919 0.911851
  2.16667 722.613 0.257377 0.0351739 0.71613 0.947147
  2.18056 723.088 0.263077 0.0356154 0.713641 0.949525
  2.19444 724.139 0.265467 0.0342333 0.713 0.970707
  2.19972 724.139 0.267624 0.0334397 0.713191 0.931522
  End: M 2.20667 9108
Bub 6910 0.0042201
  Start: S 2.06667 6755
  2.06944 791.043 0.238676 0.0451961 0.749265 0.870888
  2.08333 786.257 0.246373 0.0395098 0.753627 0.943013
  2.09722 788.124 0.252121 0.0334848 0.753485 0.896423
  2.11111 795.369 0.258889 0.0283333 0.750556 0.943838
  2.125 783.135 0.266667 0.0236667 0.747 1.00423
  2.13889 786.697 0.27442 0.0205072 0.743406 0.89266
  2.15278 796.269 0.280949 0.0183333 0.737462 0.878476
  2.16667 785.659 0.288043 0.0171739 0.729783 0.895063
  2.18056 786.479 0.293498 0.0189906 0.723028 0.90413
  2.19444 784.018 0.299737 0.0197368 0.716053 0.93466
  2.19972 784.018 0.300614 0.0197368 0.713596 0.907829
  2.20833 786.602 0.303611 0.0209722 0.710278 0.903678
  2.22222 784.61 0.309444 0.0233333 0.703889 0.998361
  2.23611 783.106 0.313596 0.0260526 0.699737 0.860848
  2.25 789.617 0.319286 0.0264286 0.697381 0.89477
  2.26389 802.949 0.321714 0.0273474 0.694953 0.936898
  2.27778 793.435 0.325 0.0289394 0.690606 0.936346
  2.29167 784.936 0.325494 0.026358 0.691173 0.81205
  2.30556 788.045 0.331667 0.0266667 0.69 0.938925
  2.31944 783.69 0.336053 0.0269298 0.68693 0.964232
  2.33333 786.268 0.340238 0.027381 0.685 0.940178
  2.34722 786.966 0.345 0.0296667 0.683667 0.929692
  2.36111 789.038 0.349286 0.0292857 0.682143 0.923081
  End: M 2.36528 11289
Bub 7158 0.00473416
  Start: S 2.09639 2632
  2.09722 701.782 0.193854 0.149514 0.311701 0.943646
  2.11111 708.034 0.19359 0.14594 0.31406 0.984285
  2.125 715.642 0.194583 0.142386 0.315417 0.994068
  2.13889 713.224 0.195 0.139615 0.316923 0.986283
  2.15278 713.323 0.195267 0.138333 0.3166 1.01461
  2.16667 707.123 0.19537 0.137593 0.316481 1.00773
  2.18056 704.483 0.195491 0.13714 0.313702 0.998695
  2.19444 702.15 0.195833 0.138333 0.312083 1.09485
  2.19972 702.15 0.195988 0.139074 0.312531 0.997283
  2.20833 701.494 0.19619 0.139167 0.312381 0.996043
  2.22222 704.337 0.196667 0.140612 0.312347 0.94789
  2.23611 725.629 0.198062 0.142868 0.313333 1.01095
  End: M 2.23806 9657
Bub 7172 0.00367754
  Start: N 2.09722
  2.09722 919.648 0.0583333 0.0383333 0.765 1.73236
  2.11111 903.257 0.0563333 0.0366 0.7614 0.923712
  2.125 900.847 0.0566667 0.0361111 0.757222 0.927836
  2.13889 901.096 0.0560526 0.0330702 0.75307 0.919243
  2.15278 908.579 0.0558772 0.0304971 0.748216 0.924329
  2.16667 908.975 0.0538889 0.0283333 0.741667 0.926918
  2.18056 903.473 0.0516667 0.0283333 0.736667 0.920494
  2.19444 899.468 0.0505346 0.027327 0.727138 0.880624
  2.19972 899.468 0.0516667 0.027381 0.724048 0.935268
  2.20833 903.504 0.0516667 0.0268095 0.718238 0.906275
  2.22222 902.796 0.0522222 0.0268056 0.710278 0.897748
  2.23611 899.55 0.0505556 0.0238889 0.699444 0.941024
  2.25 899.577 0.0501852 0.0237037 0.692531 0.90785
  2.26389 901.968 0.0504545 0.025 0.686288 0.999938
  2.27778 902.019 0.0503333 0.025 0.679667 1.02333
  2.29167 900.889 0.0516667 0.022619 0.674048 0.884372
  End: M 2.29444 10479
Bub 7329 0.00452806
  Start: S 2.10778 7155 7156
  2.11111 731.456 0.195357 0.030119 0.724524 0.945727
  2.125 736.575 0.19875 0.0263095 0.72506 0.926718
  2.13889 734.689 0.204064 0.0218539 0.721517 0.910959
  2.15278 739.471 0.208936 0.0197872 0.720922 0.89896
  2.16667 746.315 0.213646 0.0170833 0.716875 0.934438
  2.18056 765.238 0.219 0.015 0.712467 0.903714
  2.19444 753.081 0.225 0.015 0.71 1.10583
  2.19972 753.081 0.225247 0.0142593 0.709691 0.883042
  2.20833 751.064 0.228194 0.015 0.706944 0.943819
  2.22222 739.576 0.232619 0.0147143 0.705 0.877245
  2.23611 740.24 0.237099 0.0140123 0.703148 0.905294
  2.25 748.004 0.242292 0.0140625 0.701771 0.846171
  2.26389 742.483 0.245741 0.0138889 0.700185 0.913622
  2.27778 743.465 0.252294 0.0141373 0.696569 0.868497
  2.29167 750.249 0.255278 0.015 0.697222 0.911454
  2.30556 754.701 0.260802 0.015 0.694383 0.91326
  2.31944 749.915 0.265845 0.015 0.690962 0.924579
  End: M 2.32583 10807
Bub 7334 0.00404765
  Start: N 2.10778
  2.11111 825.647 0.215 0.263333 0.535 1.09473
  2.125 822.426 0.210231 0.265648 0.542407 0.946937
  2.13889 821.8 0.204208 0.262333 0.550625 0.954082
  2.15278 827.589 0.202424 0.257576 0.558333 0.93564
  2.16667 820.707 0.203333 0.253333 0.565 0.917579
  2.18056 823.032 0.202833 0.24825 0.57125 0.942318
  2.19444 819.998 0.199923 0.246692 0.581667 1.01673
  2.19972 819.998 0.197879 0.246591 0.586174 0.83865
  2.20833 823.965 0.196467 0.246467 0.592467 0.974755
  2.22222 816.8 0.193 0.243333 0.603667 1.03602
  2.23611 818.253 0.191667 0.241667 0.615769 0.905195
  2.25 821.954 0.188889 0.241528 0.626528 0.915778
  2.26389 830.976 0.187551 0.239082 0.636054 0.883838
  2.27778 840.675 0.189912 0.240263 0.645 1.06369
  2.29167 855.211 0.189532 0.239232 0.654438 0.911072
  2.30556 834.977 0.193333 0.241667 0.663333 0.955201
  2.31944 842.963 0.194341 0.242287 0.673876 0.930668
  End: S 2.32778 11214 10813
Bub 7676 0.00526435
  Start: S 2.13444 7564
  2.13889 638.574 0.350884 0.255328 0.690101 0.943271
  2.15278 644.368 0.347268 0.252098 0.688039 0.89811
  2.16667 641.844 0.344106 0.246981 0.68628 0.920721
  2.18056 645.631 0.340807 0.242652 0.685 0.910865
  2.19444 653.223 0.337984 0.238973 0.685484 0.907544
  2.19972 653.223 0.337176 0.237255 0.686138 0.932234
  2.20833 665.731 0.335822 0.234554 0.688404 0.922568
  2.22222 669.895 0.335641 0.23119 0.690385 0.896703
  End: S 2.23417 9525 9524
Bub 7677 0.00338201
  Start: S 2.13444 7564
  2.13889 982.445 0.359857 0.278333 0.691571 0.932924
  2.15278 983.183 0.355 0.276667 0.69 0.951195
  2.16667 981.369 0.351667 0.273667 0.687 0.896807
  2.18056 990.471 0.350179 0.271667 0.684702 0.927292
  2.19444 977.584 0.346667 0.270161 0.68 0.912617
  2.19972 977.584 0.346131 0.269821 0.680179 0.919754
  2.20833 989.98 0.343889 0.268333 0.677778 0.938046
  2.22222 978.724 0.340556 0.267222 0.676667 0.928355
  2.23611 981.74 0.341667 0.266667 0.678333 0.904444
  End: C 2.24139
Bub 7679 0.0050424
  Start: M 2.13444 7476
  2.13889 778.163 0.0112644 0.294598 0.758621 0.885682
  2.15278 778.163 0.0109398 0.298985 0.754048 0.963509
  2.16667 666.436 0.0111017 0.301384 0.749379 0.960853
  2.18056 666.436 0.0111033 0.301549 0.744836 0.905492
  2.19444 666.436 0.0114187 0.304118 0.739959 0.924932
  2.19972 666.436 0.0099435 0.303842 0.739322 0.917869
  End: M 2.20528 8916
Bub 7692 0.00609635
  Start: S 2.13528 6743 7241
  2.13889 547.185 0.102122 0.339016 0.748886 0.92264
  2.15278 551.875 0.0997716 0.339535 0.748841 0.986978
  2.16667 564.437 0.0990661 0.340819 0.747601 0.858055
  2.18056 564.071 0.0958811 0.341755 0.746924 0.899546
  2.19444 578.025 0.097481 0.34325 0.743584 0.912599
  2.19972 578.025 0.0969572 0.343532 0.743165 0.919297
  2.20833 590.976 0.0958745 0.343492 0.74244 0.912159
  End: M 2.21417 9275
Bub 7795 0.00341392
  Start: N 2.14556
  2.15278 973.033 0.0466667 0.225 0.691667 1.02742
  2.16667 972.347 0.0428431 0.226961 0.686961 0.946789
  2.18056 973.61 0.0403333 0.227 0.681667 0.926846
  2.19444 968.188 0.04 0.227 0.680333 0.834847
  2.19972 968.188 0.0366667 0.226667 0.678333 0.930467
  2.20833 971.617 0.0363333 0.227 0.675 0.921254
  2.22222 967.17 0.035 0.228333 0.671667 1.01581
  2.23611 967.915 0.0335876 0.226751 0.669746 0.912232
  2.25 972.999 0.0333333 0.226667 0.668333 0.984027
  2.26389 969.033 0.03 0.223333 0.666667 0.91745
  2.27778 969.133 0.03 0.223333 0.666667 0.903631
  End: C 2.28611
Bub 7968 0.00370457
  Start: N 2.15694
  2.16667 897.48 0.0849275 0.213478 0.750145 0.864465
  2.18056 896.108 0.0803333 0.219667 0.755 0.950755
  2.19444 897.67 0.0766667 0.223333 0.758333 0.897408
  2.19972 897.67 0.0736667 0.226333 0.761667 0.904507
  2.20833 892.786 0.073254 0.229921 0.763254 0.812169
  2.22222 893.036 0.0697368 0.233596 0.767281 0.846001
  2.23611 910.26 0.065 0.238333 0.768333 0.887515
  End: M 2.24194 9819
Bub 8040 0.006016
  Start: S 2.16139 7565
  2.16667 581.254 0.101244 0.0173012 0.721802 0.930172
  2.18056 592.251 0.101474 0.0175641 0.717324 0.925406
  2.19444 592.788 0.100354 0.0173232 0.712172 0.942934
  2.19972 592.788 0.0997383 0.0166391 0.711309 0.914007
  2.20833 604.401 0.098966 0.0166975 0.707623 0.909991
  End: M 2.21611 9199
Bub 8205 0.00627915
  Start: S 2.17056 4859 7257
  2.18056 540.054 0.246994 0.359405 0.702768 0.909526
  2.19444 540.512 0.249954 0.356466 0.700602 0.916375
  2.19972 540.512 0.250377 0.356195 0.699811 0.911358
  2.20833 542.869 0.252698 0.355226 0.699718 0.909528
  2.22222 545.464 0.25372 0.355 0.701071 0.929
  2.23611 551.836 0.257146 0.356731 0.701052 0.915091
  End: M 2.23806 9818
Bub 8221 0.00383421
  Start: S 2.17139 7718
  2.18056 870.005 0.296961 0.0948039 0.738333 0.841118
  2.19444 863.318 0.3 0.0961111 0.740556 0.921282
  2.19972 863.318 0.29881 0.095 0.741667 0.907135
  2.20833 872.891 0.298889 0.095 0.742778 0.929744
  2.22222 868.366 0.298667 0.0938333 0.746 0.891067
  2.23611 864.03 0.298333 0.093 0.749667 0.920779
  2.25 868.598 0.298485 0.0895455 0.752576 0.87072
  2.26389 863.042 0.296667 0.0866667 0.753172 1.15242
  2.27778 868.978 0.297985 0.0823632 0.756493 0.894171
  2.29167 874.601 0.301667 0.08 0.758333 0.947359
  2.30556 862.914 0.30307 0.0764035 0.762719 0.888322
  2.31944 867.435 0.306667 0.0733333 0.765 0.907059
  End: C 2.32833
Bub 8310 0.00451002
  Start: S 2.17667 8059 8121 8122
  2.18056 735.97 0.204478 0.0198193 0.678855 0.918966
  2.19444 735.15 0.210926 0.0226543 0.675 0.931364
  2.19972 735.15 0.212536 0.0238406 0.673551 0.898638
  End: M 2.20556 9108
Bub 8311 0.00755395
  Start: S 2.17667 8059 8121 8122
  2.18056 473.725 0.169949 0.0197436 0.700282 0.928949
  2.19444 468.761 0.167703 0.0200721 0.698793 0.918227
  2.19972 468.761 0.167821 0.0197673 0.697127 0.921933
  2.20833 478.175 0.170192 0.0194149 0.693574 0.9688
  2.22222 465.488 0.173056 0.0187183 0.689319 0.921976
  2.23611 462.767 0.172294 0.0188333 0.688451 0.897411
  2.25 469.472 0.173593 0.0183617 0.686058 0.91978
  2.26389 475.361 0.173776 0.0187046 0.684376 0.891572
  End: M 2.26472 10186
Bub 8407 0.00417831
  Start: N 2.18194
  2.19444 811.761 0.289545 0.0316667 0.736061 0.882979
  2.19972 811.761 0.292793 0.0309459 0.733919 0.890525
  End: C 2.20444
Bub 8455 0.00341392
  Start: N 2.18389
  2.19444 974.393 0.015 0.0516667 0.76 0.900024
  2.19972 974.393 0.015 0.0516667 0.758333 0.912573
  2.20833 967.537 0.015 0.0516667 0.755 0.900422
  2.22222 973.835 0.0163333 0.0496667 0.748333 0.932738
  2.23611 974.209 0.015 0.05 0.74 0.883376
  2.25 967.706 0.015 0.0516667 0.731667 0.982474
  2.26389 973.766 0.015 0.05 0.725 0.933322
  2.27778 973.884 0.015 0.0503333 0.719667 0.914155
  End: M 2.28556 10330
Bub 8492 0.0109009
  Start: M 2.18556 8358 8386
  2.19444 357.29 0.0594198 0.172938 0.707088 0.918756
  2.19972 357.29 0.0588744 0.172965 0.708493 0.920415
  End: M 2.20222 8927
Bub 8527 0.00411402
  Start: S 2.18694 8347 8380 8381
  2.19444 829.998 0.145 0.296905 0.608175 0.935382
  2.19972 829.998 0.145 0.29697 0.607879 0.934492
  2.20833 827.798 0.145 0.294048 0.605952 0.945517
  2.22222 827.71 0.145 0.290714 0.605952 0.936883
  2.23611 827.197 0.145 0.285952 0.607381 0.940256
  2.25 817.81 0.145931 0.280049 0.609706 0.965071
  2.26389 807.033 0.145952 0.274524 0.613571 0.923111
  2.27778 807.446 0.145988 0.27142 0.618827 0.953402
  2.29167 807.536 0.146143 0.266571 0.628905 0.903876
  2.30556 805.968 0.146481 0.262407 0.638333 0.910751
  2.31944 805.638 0.147857 0.26 0.648333 0.948493
  2.33333 805.593 0.148333 0.257381 0.659762 0.944336
  End: M 2.34222 11214
Bub 8543 0.00539405
  Start: N 2.18778
  2.19444 619.397 0.372324 0.116831 0.692347 0.911928
  2.19972 619.397 0.37098 0.115586 0.691465 0.874679
  2.20833 617.935 0.373376 0.113632 0.688846 0.935907
  End: M 2.21361 9273
Bub 8579 0.00424068
  Start: N 2.18972
  2.19444 783.028 0.120217 0.22529 0.720072 0.948884
  2.19972 783.028 0.116667 0.225 0.723333 0.94862
  End: C 2.20139
Bub 8619 0.0060058
  Start: M 2.19222 8353 8354
  2.19444 603.195 0.245102 0.0342857 0.680085 0.931333
  2.19972 603.195 0.244983 0.0345556 0.679701 0.911505
  End: S 2.20278 9108 9172
Bub 8648 0.00703485
  Start: N 2.19361
  2.19444 504.35 0.0232328 0.246661 0.722196 0.902337
  2.19972 504.35 0.0230858 0.248168 0.720578 0.918613
  End: M 2.20139 8932
Bub 8691 0.00341392
  Start: N 2.19556
  2.19972 961.722 0.333333 0.341667 0.758333 0.883246
  End: C 2.20056
Bub 8700 0.00341392
  Start: N 2.19583
  2.19972 961.722 0.0216667 0.0983333 0.706667 0.89252
  End: C 2.20639
Bub 8713 0.0117666
  Start: M 2.19639 8663
  2.19972 279.031 0.0284939 0.132804 0.733211 0.921316
  End: M 2.20139 8932
Bub 8717 0.00667425
  Start: N 2.19667
  2.19972 522.751 0.114913 0.120019 0.717875 0.897154
  2.20833 522.751 0.107646 0.1212 0.712552 0.920978
  2.22222 513.875 0.105119 0.1195 0.714619 0.893697
  End: M 2.23583 9568
Bub 8737 0.0061455
  Start: N 2.19778
  2.19972 586.943 0.0686349 0.102413 0.720095 0.960751
  2.20833 586.943 0.0696119 0.100845 0.719216 0.893865
  End: S 2.20917 9220 9219
Bub 8740 0.00560125
  Start: M 2.19778 8568
  2.19972 601.407 0.277075 0.381813 0.706887 0.916185
  2.20833 601.407 0.278642 0.38157 0.705944 0.818245
  2.22222 600.895 0.282139 0.379232 0.699563 1.09118
  2.23611 606.296 0.286565 0.373934 0.695839 0.921557
  2.25 595.375 0.290917 0.368824 0.69332 0.904391
  End: M 2.26306 10034
Bub 8744 0.00409214
  Start: S 2.19806 7826 8123
  2.19972 810.639 0.218925 0.163172 0.587151 0.909135
  2.20833 810.639 0.213238 0.162429 0.590286 0.774824
  2.22222 812.465 0.214833 0.167167 0.597333 0.925956
  2.23611 823.011 0.218333 0.168333 0.606667 1.0364
  2.25 815.107 0.225 0.168333 0.611667 1.02817
  End: C 2.25361
Bub 8750 0.016932
  Start: M 2.19833 8658
  2.19972 193.908 0.170896 0.231622 0.637704 0.926074
  End: M 2.2 8915
Bub 8751 0.00651325
  Start: M 2.19833 8220
  2.19972 539.051 0.283893 0.0700267 0.744187 0.888873
  2.20833 539.051 0.288092 0.0625415 0.746614 0.912414
  2.22222 522.176 0.29005 0.0571122 0.74764 0.910899
  2.23611 527.472 0.291698 0.0529717 0.747311 0.917573
  2.25 523.975 0.293923 0.0488496 0.747788 0.904757
  2.26389 520.349 0.294897 0.0434875 0.748025 0.895863
  2.27778 517.479 0.297351 0.0401637 0.74817 0.907071
  2.29167 516.575 0.299978 0.0359545 0.748656 0.906791
  2.30556 516.835 0.302044 0.033555 0.749926 0.915696
  End: M 2.30694 10556
Bub 8754 0.00367754
  Start: S 2.19861 7826 8123
  2.19972 892.784 0.243 0.229667 0.575 0.938903
  End: M 2.20028 8940
Bub 8764 0.0127243
  Start: S 2.19917 7826 8123
  2.19972 258.029 0.211686 0.179934 0.626416 0.923564
  End: M 2.20028 8940
Bub 8765 0.0112376
  Start: S 2.19917 7826 8123
  2.19972 292.166 0.255563 0.151101 0.60967 0.92974
  End: M 2.205 8940
Bub 8769 0.00593345
  Start: M 2.19917 8620
  2.19972 553.345 0.28918 0.354471 0.726587 0.983818
  End: M 2.2 8913
Bub 8770 0.0059439
  Start: N 2.19917
  2.19972 552.372 0.308509 0.0484386 0.729474 0.888991
  End: C 2.20028
Bub 8773 0.00310175
  Start: N 2.19944
  2.19972 1058.51 0.108333 0.235 0.741667 1.33483
  End: C 2.20333
Bub 8775 0.00359392
  Start: S 2.19972 7641 8048
  2.19972 913.554 0.193016 0.172937 0.341667 0.991723
  End: C 2.2
Bub 8776 0.00367754
  Start: S 2.19972 7641 8048
  2.19972 892.784 0.185 0.261667 0.371667 0.991723
  End: C 2.2
Bub 8778 0.00313958
  Start: N 2.19972
  2.19972 1045.76 0.358333 0.341905 0.738452 0.905115
  End: M 2.2 8913
Bub 8802 0.00310175
  Start: N 2.20111
  2.20833 1065.01 0.331667 0.341667 0.755 0.867854
  End: C 2.21333
Bub 8856 0.00365009
  Start: N 2.20361
  2.20833 907.349 0.195 0.170379 0.343561 0.978477
  End: M 2.21 9261
Bub 8864 0.00310175
  Start: N 2.20417
  2.20833 1136.29 0.238333 0.00833333 0.768333 0.922365
  End: C 2.21222
Bub 8877 0.00591245
  Start: S 2.205 7641 8048
  2.20833 591.168 0.235392 0.18033 0.362023 0.974697
  End: M 2.21389 9261
Bub 8894 0.00424068
  Start: S 2.20583 8310 8619
  2.20833 783.119 0.218333 0.0261594 0.670507 0.895571
  End: M 2.21222 9108
Bub 8903 0.00395562
  Start: N 2.20639
  2.20833 836.185 0.0860714 0.130357 0.746845 0.641727
  2.22222 836.519 0.0833333 0.126333 0.743667 0.871869
  2.23611 836.552 0.0764881 0.120536 0.743155 0.974264
  2.25 839.421 0.0697826 0.11413 0.741667 0.916626
  2.26389 844.753 0.0646491 0.108333 0.740263 0.941433
  End: M 2.27139 10133
Bub 8913 0.0058485
  Start: N 2.20694
  2.20833 627.125 0.295829 0.355534 0.728499 0.958958
  End: S 2.21083 9273 9275
Bub 8915 0.0168894
  Start: M 2.20694 8750
  2.20833 258.075 0.169779 0.231924 0.640097 0.918901
  End: S 2.20944 9179 9196
Bub 8916 0.0052376
  Start: M 2.20694 7679
  2.20833 626.86 0.0112308 0.304949 0.735564 0.895957
  End: S 2.21222 9269 9270
Bub 8927 0.0107723
  Start: M 2.2075 8492
  2.20833 361.134 0.0568803 0.172412 0.710158 0.901364
  End: M 2.20917 9274
Bub 8931 0.0226417
  Start: M 2.20778 7641 8048
  2.20833 164.785 0.206984 0.225075 0.360018 0.989646
  End: M 2.20861 9261
Bub 8932 0.012359
  Start: M 2.20778 8648 8713
  2.20833 346.728 0.026653 0.151957 0.728331 0.913827
  End: S 2.20889 9112 9253
Bub 8936 0.00359392
  Start: S 2.20833 6897 8310 8619
  2.20833 921.542 0.236667 0.0316667 0.67 0.892894
  End: M 2.20861 9108
Bub 8939 0.003476
  Start: N 2.20833
  2.20833 962.783 0.0968421 0.177982 0.774825 0.902277
  End: M 2.20861 9273
Bub 8940 0.0152486
  Start: M 2.20833 8754 8764 8765
  2.20833 266.881 0.229713 0.168174 0.624749 0.929235
  End: S 2.20889 9265 9232
Bub 9108 0.00661585
  Start: S 2.215 6897 8310 8619 8894 8936
  2.22222 539.314 0.268931 0.0348855 0.703041 0.889386
  2.23611 538.952 0.277207 0.0348748 0.706674 0.881594
  End: M 2.24694 9787
Bub 9112 0.0115993
  Start: M 2.215 8932
  2.22222 344.431 0.0271931 0.12343 0.72741 0.913386
  End: S 2.2225 9574 9517
Bub 9128 0.0053686
  Start: N 2.21583
  2.22222 653.354 0.308167 0.0452857 0.726738 0.962866
  End: M 2.22806 9452
Bub 9172 0.0044735
  Start: M 2.21722 6897 8310 8619 8894 8936
  2.22222 740.402 0.228333 0.0309259 0.666481 1.11572
  2.23611 747.711 0.236538 0.0332051 0.664121 0.875745
  2.25 748.701 0.243846 0.0372756 0.663942 0.9215
  2.26389 742.841 0.250993 0.0408052 0.668258 0.958959
  2.27778 751.833 0.25631 0.0420238 0.675 1.00636
  2.29167 746.186 0.263411 0.0384891 0.678801 0.886631
  2.30556 751.018 0.271429 0.0359524 0.680952 0.948654
  2.31944 749.328 0.278062 0.0339147 0.680543 0.941706
  End: M 2.32583 10807
Bub 9179 0.0164384
  Start: S 2.2175 8915
  2.22222 258.248 0.164834 0.236966 0.649568 0.922431
  2.23611 258.585 0.156308 0.231298 0.657105 0.918262
  2.25 259.173 0.150095 0.22862 0.663484 0.909991
  End: M 2.25944 10039
Bub 9187 0.00437949
  Start: N 2.21778
  2.22222 756.128 0.325351 0.02 0.739737 0.994336
  2.23611 757.476 0.328023 0.0222868 0.734612 0.900378
  End: M 2.24111 9686
Bub 9195 0.00441757
  Start: S 2.21806 8915
  2.22222 762.625 0.144615 0.118333 0.603846 0.919503
  2.23611 753.191 0.140217 0.119203 0.601232 0.932616
  2.25 764.84 0.142018 0.123596 0.602807 0.960903
  2.26389 764.861 0.143369 0.128794 0.606383 1.03857
  2.27778 758.845 0.148439 0.128598 0.615582 0.901636
  End: M 2.28 10296
Bub 9196 0.0058269
  Start: S 2.21806 8915
  2.22222 578.234 0.127477 0.127291 0.628557 0.918574
  2.23611 579.76 0.130616 0.126455 0.63201 0.937993
  2.25 572.386 0.132374 0.126778 0.632071 0.871261
  2.26389 576.772 0.135049 0.128455 0.634927 0.910838
  2.27778 585.823 0.138865 0.128108 0.640358 0.924589
  End: M 2.28 10296
Bub 9197 0.00593345
  Start: N 2.21806
  2.22222 563.364 0.296182 0.349286 0.721508 0.891896
  2.23611 560.639 0.2999 0.347933 0.723767 0.905049
  2.25 564.748 0.302975 0.346371 0.724579 0.902158
  2.26389 566.503 0.304653 0.346342 0.726946 0.899189
  2.27778 579.046 0.305323 0.342527 0.728387 1.00463
  2.29167 590.009 0.306459 0.343455 0.729521 0.915254
  End: M 2.29611 10442
Bub 9199 0.00591245
  Start: M 2.21806 8040
  2.22222 594.113 0.0973529 0.0164795 0.704394 0.900108
  End: M 2.2225 9463
Bub 9203 0.00321262
  Start: N 2.21833
  2.22222 1021.98 0.106333 0.393333 0.763667 0.892377
  End: M 2.23278 9515
Bub 9218 0.00563625
  Start: M 2.21889 8640
  2.22222 657.245 0.0921811 0.258827 0.721091 0.898297
  End: S 2.22278 9562 9561
Bub 9219 0.00341392
  Start: S 2.21917 8737
  2.22222 974.149 0.0816667 0.101667 0.706667 1.05392
  End: M 2.23583 9568
Bub 9220 0.0055419
  Start: S 2.21917 8737
  2.22222 602.633 0.0654762 0.0964935 0.724242 0.913936
  2.23611 604.242 0.0644991 0.0932556 0.724637 0.8939
  2.25 604.375 0.0633415 0.0898112 0.725197 0.894084
  2.26389 603.84 0.0622188 0.0869632 0.727147 0.86971
  End: M 2.27139 10133
Bub 9232 0.0108978
  Start: S 2.21972 5916 8940
  2.22222 312.865 0.190781 0.167001 0.67069 0.910778
  End: M 2.22333 9571
Bub 9253 0.00709395
  Start: S 2.22083 8932
  2.22222 489.968 0.0219556 0.249004 0.712482 0.900539
  End: M 2.23194 9567
Bub 9254 0.0037575
  Start: S 2.22083 8932
  2.22222 885.044 0.0183333 0.22 0.706667 0.902389
  End: M 2.23194 9567
Bub 9258 0.00642525
  Start: N 2.22083
  2.22222 574.608 0.0946667 0.343458 0.741292 0.912092
  End: S 2.22389 9478 9399
Bub 9261 0.0227548
  Start: M 2.22111 8856 8877 8931
  2.22222 164.723 0.211834 0.224883 0.371346 0.989003
  End: S 2.22389 9836 9835
Bub 9264 0.00400217
  Start: S 2.22139 5916 8940
  2.22222 831.871 0.241667 0.226782 0.587471 0.886211
  2.23611 826.99 0.240263 0.22693 0.597281 0.935933
  2.25 826.386 0.239746 0.226751 0.606921 0.888751
  2.26389 830.769 0.236667 0.228333 0.615 0.909554
  End: C 2.2725
Bub 9265 0.0130482
  Start: S 2.22139 5916 8940
  2.22222 304.576 0.245907 0.165615 0.621627 0.93429
  End: M 2.22333 9571
Bub 9272 0.00486217
  Start: N 2.22194
  2.22222 716.811 0.373974 0.0572436 0.731571 0.902674
  End: C 2.225
Bub 9273 0.00887745
  Start: N 2.22194
  2.22222 419.333 0.354674 0.0902027 0.716406 0.925882
  End: M 2.22361 9566
Bub 9274 0.0107595
  Start: M 2.22194 8927
  2.22222 341.87 0.0519329 0.170812 0.713663 0.901961
  End: S 2.2225 9497 9498
Bub 9275 0.0065564
  Start: N 2.22222
  2.22222 543.832 0.365954 0.291627 0.723248 0.898619
  End: C 2.2225
Bub 9276 0.00426107
  Start: N 2.22222
  2.22222 780.077 0.345476 0.313429 0.725048 0.898619
  End: C 2.2225
Bub 9278 0.00341392
  Start: N 2.22222
  2.22222 973.624 0.361667 0.318333 0.74 0.898619
  End: C 2.2225
Bub 9279 0.00404765
  Start: N 2.22222
  2.22222 822.813 0.137167 0.132667 0.755167 0.898619
  End: M 2.2225 9478
Bub 9280 0.00647835
  Start: N 2.22222
  2.22222 561.819 0.153713 0.108726 0.744986 0.914738
  2.23611 538.434 0.152714 0.105886 0.745836 0.878809
  End: S 2.23833 9834 9833
Bub 9312 0.0108542
  Start: S 2.22361 9232 9265
  2.23611 310.668 0.184562 0.167933 0.682715 0.918534
  2.25 313.23 0.176212 0.169187 0.695165 0.914537
  2.26389 310.091 0.166313 0.17179 0.707798 0.905717
  2.27778 312.138 0.158389 0.17434 0.720179 0.909383
  2.29167 312.292 0.151613 0.177997 0.731529 0.909549
  End: C 2.30528
Bub 9399 0.00492373
  Start: N 2.22778
  2.23611 674.107 0.374074 0.0524074 0.724198 0.933875
  End: C 2.24833
Bub 9452 0.0051696
  Start: M 2.23028 9128
  2.23611 677.124 0.30932 0.0477733 0.724653 0.938245
  End: M 2.24111 9686
Bub 9463 0.00593345
  Start: M 2.23083 9199
  2.23611 606.112 0.0936772 0.0160053 0.703254 0.912896
  End: S 2.2425 9776 9775
Bub 9497 0.0102206
  Start: S 2.2325 9274
  2.23611 352.249 0.0452243 0.172288 0.718061 0.905031
  End: M 2.23778 9838
Bub 9498 0.00454596
  Start: S 2.2325 9274
  2.23611 734.621 0.0628039 0.123392 0.714412 0.914111
  2.25 733.358 0.0607843 0.122941 0.713824 0.790867
  2.26389 733.64 0.056614 0.119982 0.714509 0.931707
  2.27778 734.795 0.0582203 0.122797 0.714718 0.962441
  2.29167 730.364 0.0566117 0.124377 0.714487 0.914823
  2.30556 733.114 0.0580952 0.128333 0.715238 0.908488
  2.31944 731.481 0.0588384 0.130118 0.7183 0.905992
  End: M 2.32111 10818
Bub 9501 0.00390797
  Start: N 2.2325
  2.23611 858.521 0.211111 0.275 0.369444 0.993536
  End: C 2.23806
Bub 9515 0.00359392
  Start: N 2.23361
  2.23611 926.053 0.136667 0.128333 0.756667 1.07978
  End: C 2.24056
Bub 9517 0.00557765
  Start: S 2.23361 9112
  2.23611 632.313 0.0199045 0.191115 0.704342 0.893329
  End: M 2.23778 9838
Bub 9524 0.00310175
  Start: S 2.23417 7676
  2.23611 1065.37 0.328333 0.241667 0.688333 1.15269
  2.25 1071.5 0.328262 0.240106 0.690035 0.918244
  End: C 2.26194
Bub 9529 0.00306297
  Start: N 2.23417
  2.23611 1078.83 0.171667 0.0482051 0.758333 0.878441
  End: C 2.23639
Bub 9530 0.00426107
  Start: N 2.23444
  2.23611 782.862 0.358857 0.344857 0.73319 0.786348
  End: C 2.24806
Bub 9531 0.00388369
  Start: N 2.23444
  2.23611 853.44 0.370031 0.339403 0.749403 0.878505
  End: C 2.23639
Bub 9553 0.00306297
  Start: S 2.23556 9261
  2.23611 1078.64 0.245 0.268205 0.355 0.938562
  End: C 2.23639
Bub 9561 0.00367754
  Start: S 2.23583 9218
  2.23611 903.66 0.083 0.256333 0.711667 0.834983
  2.25 902.585 0.0833796 0.25787 0.709676 0.833468
  End: C 2.25083
Bub 9562 0.0049689
  Start: S 2.23583 9218
  2.23611 693.08 0.0964414 0.261727 0.730646 0.847639
  2.25 673.443 0.0944203 0.264312 0.73913 0.982605
  End: M 2.25194 9980
Bub 9566 0.00861745
  Start: M 2.23583 9273
  2.23611 436.953 0.355173 0.093198 0.713152 0.907965
  2.25 428.786 0.350913 0.0905214 0.716091 0.897394
  End: M 2.26278 10035
Bub 9567 0.0074492
  Start: M 2.23583 9253 9254
  2.23611 488.015 0.0221569 0.246266 0.707389 0.914441
  End: M 2.23694 9839
Bub 9568 0.00744255
  Start: M 2.23583 8717 9219
  2.23611 485.648 0.0992895 0.115706 0.714696 0.883468
  End: M 2.2375 9791
Bub 9570 0.00507125
  Start: S 2.23611 9261
  2.23611 669.794 0.243192 0.185904 0.372797 0.987769
  End: M 2.23639 9836
Bub 9571 0.0111996
  Start: S 2.23611 9232 9265
  2.23611 319.263 0.263815 0.154116 0.6227 0.905018
  End: M 2.23639 9691
Bub 9572 0.007923
  Start: S 2.23611 9232 9265
  2.23611 428.285 0.224281 0.20063 0.637281 0.905018
  End: M 2.23639 9691
Bub 9573 0.00579415
  Start: S 2.23611 9232 9265
  2.23611 609.415 0.226686 0.158674 0.644508 0.905018
  End: M 2.23639 9691
Bub 9574 0.0110296
  Start: M 2.23611 9112
  2.23611 361.839 0.0287946 0.105297 0.72846 0.908564
  End: M 2.2375 9651
Bub 9651 0.0112522
  Start: M 2.23944 9574
  2.25 355.388 0.0281109 0.100839 0.728452 0.906365
  2.26389 351.386 0.0274671 0.0967148 0.729557 0.894924
  End: M 2.26667 10177
Bub 9686 0.00568225
  Start: S 2.24167 9187 9452
  2.25 602.709 0.30996 0.0498996 0.726245 0.916488
  End: M 2.25306 9878
Bub 9687 0.005251
  Start: S 2.24167 9187 9452
  2.25 643.352 0.33098 0.0221756 0.729809 1.02951
  2.26389 650.192 0.337323 0.0212626 0.725707 0.869715
  2.27778 638.42 0.338072 0.0247681 0.723551 0.917291
  2.29167 637.381 0.334688 0.0280218 0.72014 0.941126
  2.30556 639.345 0.33271 0.0268182 0.716077 0.915898
  2.31944 640.47 0.33157 0.0277832 0.71254 0.91876
  2.33333 634.301 0.331882 0.0262903 0.709409 0.918833
  2.34722 632.985 0.333697 0.0260303 0.705667 0.907135
  2.36111 634.687 0.33446 0.025254 0.702905 0.911582
  End: M 2.36528 11289
Bub 9691 0.0109595
  Start: S 2.24167 9571 9572 9573
  2.25 320.555 0.268613 0.157096 0.628431 0.915481
  2.26389 320.61 0.27369 0.158385 0.635521 0.919101
  2.27778 322.434 0.277556 0.159775 0.642221 0.924235
  2.29167 323.376 0.282532 0.16276 0.649338 0.91725
  2.30556 327.733 0.286812 0.166357 0.657036 0.922096
  2.31944 333.812 0.291317 0.171449 0.664174 0.925366
  End: M 2.32417 10805
Bub 9695 0.00341392
  Start: N 2.24194
  2.25 972.643 0.345 0.263333 0.678333 0.93104
  End: C 2.25722
Bub 9729 0.00367754
  Start: N 2.24389
  2.25 904.043 0.063 0.243 0.771667 0.894127
  End: C 2.25139
Bub 9731 0.00367754
  Start: N 2.24417
  2.25 903.026 0.313667 0.388333 0.747 0.88725
  End: C 2.2525
Bub 9732 0.00359392
  Start: N 2.24417
  2.25 913.554 0.0969048 0.391905 0.752619 0.90566
  End: C 2.25972
Bub 9775 0.00402503
  Start: S 2.24694 9463
  2.25 822.507 0.0969209 0.0199153 0.680254 0.922848
  2.26389 823.675 0.0983333 0.0196667 0.673 0.915754
  2.27778 825.95 0.0972481 0.023062 0.664922 0.871734
  End: C 2.2825
Bub 9776 0.0053429
  Start: S 2.24694 9463
  2.25 637.753 0.0886957 0.015 0.707246 0.863987
  2.26389 635.818 0.0872682 0.0158284 0.702022 0.940479
  End: M 2.26917 10195
Bub 9781 0.00367754
  Start: N 2.24694
  2.25 902.522 0.358333 0.313667 0.753667 0.967462
  End: M 2.25056 9980
Bub 9787 0.0064519
  Start: M 2.24722 9108
  2.25 538.715 0.283793 0.0360425 0.70832 0.911236
  End: M 2.25306 9878
Bub 9791 0.0071231
  Start: M 2.2475 9568
  2.25 491.211 0.0979256 0.119679 0.716142 0.875962
  2.26389 484.339 0.0959314 0.120931 0.72198 0.898933
  2.27778 467.745 0.0968728 0.122856 0.730477 0.936645
  2.29167 467.499 0.093716 0.119432 0.735198 0.901577
  2.30556 470.641 0.0887857 0.117179 0.73825 0.910151
  2.31944 472.154 0.0822738 0.116048 0.739345 0.909591
  End: M 2.32111 10818
Bub 9813 0.00390797
  Start: N 2.24861
  2.25 847.717 0.360556 0.347222 0.73 0.665954
  2.26389 849.928 0.356592 0.348632 0.730075 0.898269
  2.27778 848.11 0.357222 0.346111 0.726667 0.917083
  End: C 2.28361
Bub 9818 0.0052376
  Start: S 2.24917 8205
  2.25 640.698 0.265462 0.361769 0.706974 0.900713
  End: M 2.25083 10034
Bub 9819 0.0067235
  Start: N 2.24917
  2.25 557.57 0.364648 0.29917 0.719873 0.910084
  End: S 2.25472 9980 9981
Bub 9830 0.00463341
  Start: N 2.24972
  2.25 719.127 0.371 0.0515556 0.716222 0.997379
  End: C 2.25028
Bub 9832 0.00445501
  Start: N 2.24972
  2.25 756.297 0.13125 0.225708 0.750625 0.914599
  End: C 2.25028
Bub 9833 0.00493887
  Start: S 2.25 9280
  2.25 685.002 0.164358 0.0993119 0.748242 1.00609
  End: M 2.25028 10043
Bub 9834 0.0059853
  Start: S 2.25 9280
  2.25 585.742 0.141804 0.103797 0.750842 1.00609
  End: M 2.25028 10043
Bub 9835 0.0169345
  Start: S 2.25 9261 9570
  2.25 231.721 0.211975 0.224512 0.358047 0.984154
  End: M 2.25111 9942
Bub 9836 0.0187541
  Start: S 2.25 9261 9570
  2.25 184.534 0.226277 0.232789 0.422146 0.984154
  End: M 2.25111 9942
Bub 9837 0.00933915
  Start: M 2.25 9571 9572 9573
  2.25 405.233 0.22775 0.191707 0.648247 0.910172
  End: S 2.25056 10019 9993
Bub 9838 0.0108133
  Start: M 2.25 9497 9517
  2.25 337.057 0.0386305 0.174001 0.717442 0.918584
  End: S 2.25722 9948 9947
Bub 9839 0.00752805
  Start: M 2.25 9567
  2.25 481.952 0.0223661 0.245751 0.702962 0.899837
  End: M 2.25417 10040
Bub 9840 0.00310175
  Start: N 2.25
  2.25 1065.11 0.255 0.351667 0.695 3.40109
  End: M 2.25083 10034
Bub 9878 0.0075604
  Start: M 2.25306 9686 9787
  2.26389 496.231 0.298589 0.0440281 0.716517 0.905015
  End: M 2.26778 10127
Bub 9879 0.00341392
  Start: N 2.25306
  2.26389 972.591 0.318333 0.388333 0.743333 0.921901
  End: C 2.27472
Bub 9900 0.00417831
  Start: N 2.25417
  2.26389 796.272 0.235909 0.166212 0.618485 0.963119
  2.27778 798.782 0.238333 0.156404 0.627982 0.931807
  2.29167 792.198 0.236921 0.150254 0.640085 0.886153
  2.30556 795.027 0.238333 0.1494 0.6498 0.932994
  2.31944 809.329 0.24 0.146667 0.658333 0.946685
  2.33333 797.274 0.244841 0.147063 0.663889 0.773581
  2.34722 793.716 0.249933 0.144733 0.669667 0.727341
  End: C 2.35444
Bub 9942 0.018691
  Start: M 2.25667 9835 9836
  2.26389 183.261 0.227049 0.233969 0.435484 0.974863
  End: S 2.27278 10282 10283
Bub 9947 0.00596465
  Start: S 2.25722 9838
  2.26389 572.812 0.0213542 0.193507 0.694236 0.879901
  End: M 2.26778 10134
Bub 9948 0.0102348
  Start: S 2.25722 9838
  2.26389 345.342 0.0362131 0.170973 0.722777 0.917396
  2.27778 341.597 0.0329705 0.169655 0.724727 0.903074
  2.29167 341.227 0.0295867 0.168243 0.724919 0.904563
  2.30556 344.115 0.0265517 0.164091 0.726409 0.911824
  End: M 2.31222 10531
Bub 9993 0.00463341
  Start: M 2.26 9837
  2.26389 773.44 0.226889 0.156222 0.660111 0.919053
  End: M 2.26528 10176
Bub 9998 0.00310175
  Start: N 2.26028
  2.26389 1058.51 0.095 0.391667 0.748333 1.04037
  2.27778 1058.51 0.0936275 0.39049 0.743039 0.867981
  End: C 2.28139
Bub 10019 0.00893315
  Start: M 2.26194 9837
  2.26389 405.305 0.231992 0.20547 0.6567 0.923713
  End: S 2.26556 10328 10346
Bub 10034 0.0073346
  Start: M 2.26306 8740 9818 9840
  2.26389 513.039 0.276232 0.361162 0.69712 0.936274
  End: M 2.26833 10187
Bub 10035 0.0085069
  Start: M 2.26306 9566
  2.26389 413.719 0.347292 0.0915769 0.717537 0.874773
  End: M 2.26556 10086
Bub 10039 0.016587
  Start: M 2.26333 9179
  2.26389 257.313 0.150511 0.230017 0.669023 0.91991
  End: S 2.26583 10328 10346
Bub 10040 0.0074359
  Start: M 2.26333 9839
  2.26389 480.736 0.0231183 0.24793 0.69957 0.899879
  End: M 2.26611 10178
Bub 10043 0.00638935
  Start: S 2.26389 9833 9834
  2.26389 582.114 0.153023 0.0934322 0.750085 0.929391
  End: M 2.26583 10179
Bub 10044 0.00397903
  Start: S 2.26389 9833 9834
  2.26389 832.432 0.139737 0.11307 0.749386 0.929391
  End: C 2.26917
Bub 10053 0.00451002
  Start: N 2.265
  2.27778 742.993 0.383675 0.0692972 0.758414 0.842369
  2.29167 743.206 0.385769 0.0647436 0.756538 0.873598
  2.30556 737.515 0.384487 0.0591026 0.755385 0.921723
  End: C 2.31861
Bub 10086 0.00822805
  Start: S 2.26722 6890 10035
  2.27778 409.651 0.343538 0.0920238 0.719603 0.89831
  2.29167 413.292 0.341146 0.0947397 0.719201 0.909127
  2.30556 415.177 0.337921 0.0970014 0.720815 0.91182
  End: M 2.31083 10554
Bub 10090 0.00383421
  Start: N 2.2675
  2.27778 864.591 0.363039 0.323039 0.747157 0.889305
  2.29167 865.835 0.366528 0.326389 0.744444 0.861713
  2.30556 867.277 0.371667 0.328333 0.74 0.902592
  End: C 2.31417
Bub 10127 0.0069596
  Start: M 2.27056 9878
  2.27778 526.563 0.306104 0.0484098 0.721262 0.983507
  End: M 2.28028 10232
Bub 10133 0.00632555
  Start: M 2.27139 8903 9220
  2.27778 554.383 0.0594105 0.0887409 0.730197 0.917342
  End: M 2.29 10338
Bub 10134 0.0058269
  Start: M 2.27167 9947
  2.27778 586.926 0.0208659 0.192412 0.69014 0.949885
  2.29167 605.23 0.0256628 0.19153 0.687573 0.933291
  2.30556 603.87 0.0291975 0.187639 0.688503 0.937754
  2.31944 620.259 0.0334743 0.183988 0.690987 0.928289
  End: S 2.32278 10816 10817
Bub 10139 0.00310175
  Start: N 2.27194
  2.27778 1064.95 0.308333 0.388333 0.761667 0.890969
  End: C 2.28056
Bub 10150 0.00390797
  Start: N 2.27306
  2.27778 848.12 0.236605 0.226852 0.623457 0.91178
  2.29167 848.94 0.233263 0.226737 0.631714 0.971455
  End: C 2.30222
Bub 10171 0.00310175
  Start: S 2.27583 10019 10039
  2.27778 1065.11 0.101667 0.251667 0.661667 0.98362
  2.29167 1071.55 0.10344 0.244929 0.659894 0.909267
  End: C 2.29778
Bub 10177 0.0113531
  Start: M 2.27611 9651
  2.27778 352.444 0.0270921 0.0941213 0.733157 0.894786
  End: M 2.27889 10345
Bub 10178 0.00747565
  Start: M 2.27639 10040
  2.27778 470.468 0.0238536 0.250344 0.69769 0.894106
  2.29167 453.85 0.0243524 0.254076 0.696614 0.921026
  2.30556 456.029 0.0256925 0.253227 0.694557 0.928453
  2.31944 458.274 0.0268451 0.253563 0.692023 0.918039
  2.33333 461.227 0.0272287 0.253778 0.689741 0.939284
  End: M 2.335 11060
Bub 10179 0.00669075
  Start: M 2.27639 10043
  2.27778 537.38 0.155037 0.0901538 0.75131 0.881288
  End: C 2.2825
Bub 10186 0.00753455
  Start: M 2.27694 8311
  2.27778 475.912 0.173071 0.0192119 0.686843 0.89624
  End: S 2.28306 10258 10257
Bub 10187 0.0075085
  Start: M 2.27694 10034
  2.27778 492.567 0.278011 0.359778 0.699717 0.914797
  End: M 2.28 10249
Bub 10190 0.00390797
  Start: S 2.27722 9942
  2.27778 846.855 0.192778 0.197222 0.42 0.934154
  End: M 2.28472 10282
Bub 10194 0.00310175
  Start: N 2.27778
  2.27778 1064.94 0.371667 0.341667 0.761667 0.899594
  End: C 2.27806
Bub 10195 0.0059019
  Start: M 2.27778 9776
  2.27778 589.304 0.0852509 0.0161649 0.698477 0.913283
  End: M 2.27861 10329
Bub 10232 0.00752805
  Start: M 2.28056 10127
  2.29167 471.219 0.311131 0.0508981 0.723342 0.912537
  2.30556 467.372 0.316121 0.0538414 0.725627 0.920179
  End: M 2.30694 10556
Bub 10249 0.00732775
  Start: M 2.28222 10187
  2.29167 495.257 0.281592 0.358511 0.702772 0.924488
  End: M 2.29611 10442
Bub 10253 0.00341392
  Start: N 2.2825
  2.29167 974.274 0.14 0.381667 0.765 0.906991
  End: M 2.30278 10476
Bub 10257 0.00402503
  Start: S 2.28306 10186
  2.29167 821.949 0.183701 0.0133051 0.659576 1.0003
  End: C 2.29778
Bub 10258 0.00683575
  Start: S 2.28306 10186
  2.29167 492.542 0.171794 0.0208593 0.690075 0.916734
  2.30556 501.176 0.172389 0.0202535 0.689186 0.929353
  2.31944 503.383 0.17358 0.0190611 0.687597 0.899857
  End: M 2.32361 10651
Bub 10262 0.00432109
  Start: N 2.28306
  2.29167 768.287 0.101027 0.0268721 0.659795 0.871779
  2.30556 774.25 0.101316 0.0302632 0.655 0.881029
  2.31944 769.151 0.106667 0.035 0.651667 1.00668
  End: C 2.32611
Bub 10273 0.00383421
  Start: N 2.28417
  2.29167 863.686 0.356961 0.343627 0.722843 0.907321
  2.30556 874.069 0.358333 0.344804 0.720294 0.916875
  2.31944 866.162 0.358333 0.343 0.717 0.90909
  2.33333 865.904 0.358333 0.343333 0.713333 1.0543
  2.34722 866.056 0.356961 0.343824 0.709706 0.896308
  End: C 2.36056
Bub 10282 0.0189284
  Start: S 2.285 9942 10190
  2.29167 181.307 0.229538 0.238868 0.461606 0.96786
  2.30556 183.506 0.227585 0.241921 0.474442 0.965306
  2.31944 185.445 0.225131 0.243258 0.485464 0.96384
  End: M 2.32194 10734
Bub 10296 0.00630705
  Start: M 2.28639 9195 9196
  2.29167 582.978 0.142709 0.126087 0.637129 0.907956
  2.30556 574.075 0.142052 0.125785 0.643099 0.906713
  End: M 2.31778 10585
Bub 10299 0.00341392
  Start: N 2.28667
  2.29167 972.813 0.0316667 0.223333 0.668333 0.941126
  2.30556 974.193 0.035 0.223 0.670333 0.919967
  2.31944 973.101 0.035 0.223333 0.676667 0.912403
  2.33333 973.716 0.035 0.225 0.683333 0.977522
  End: M 2.335 11060
Bub 10328 0.0145744
  Start: M 2.28944 10019 10039
  2.29167 267.453 0.101483 0.207748 0.696173 0.912286
  End: S 2.29361 10531 10450
Bub 10330 0.00643415
  Start: N 2.28972
  2.29167 578.387 0.0327455 0.0611549 0.717573 0.890611
  End: M 2.29583 10588
Bub 10338 0.0063439
  Start: M 2.29028 10133
  2.29167 551.795 0.0560534 0.0855051 0.729834 0.891968
  End: S 2.29222 10588 10477
Bub 10345 0.00662425
  Start: N 2.29139
  2.29167 579.62 0.0230989 0.125887 0.698422 0.913725
  End: S 2.29278 10420 10419
Bub 10346 0.0124595
  Start: S 2.29167 10019 10039
  2.29167 315.681 0.225179 0.255798 0.663819 0.910459
  End: M 2.29194 10452
Bub 10347 0.00651325
  Start: S 2.29167 10019 10039
  2.29167 529.069 0.234547 0.194693 0.68084 0.910459
  End: M 2.29194 10452
Bub 10349 0.00310175
  Start: N 2.29167
  2.29167 1065.22 0.0883333 0.0216667 0.678333 0.17967
  End: C 2.29222
Bub 10419 0.00441757
  Start: S 2.29833 10345
  2.30556 753.239 0.0342308 0.145769 0.689231 0.919432
  End: M 2.31444 10597
Bub 10420 0.00608645
  Start: S 2.29833 10345
  2.30556 570.1 0.0207353 0.11549 0.699493 0.886084
  End: M 2.31389 10597
Bub 10423 0.00367754
  Start: N 2.29833
  2.30556 902.248 0.107 0.245 0.663 0.933718
  2.31944 899.516 0.110432 0.246481 0.667037 0.845561
  End: C 2.32639
Bub 10442 0.008701
  Start: M 2.30028 9197 10249
  2.30556 423.891 0.29071 0.351667 0.717864 0.878041
  2.31944 424.825 0.295048 0.351188 0.720545 0.929539
  End: M 2.33028 10811
Bub 10450 0.0052106
  Start: S 2.30111 10328
  2.30556 659.733 0.141615 0.28263 0.656615 0.89544
  End: M 2.30944 10564
Bub 10452 0.0126993
  Start: M 2.30111 10346 10347
  2.30556 311.448 0.227963 0.250064 0.672616 0.920899
  End: S 2.31028 10606 10572
Bub 10457 0.00341392
  Start: N 2.30278
  2.30556 972.292 0.231667 0.225 0.643333 0.836354
  2.31944 974.53 0.23 0.225 0.651667 0.999645
  2.33333 967.255 0.231667 0.228333 0.661667 0.975099
  2.34722 974.202 0.231667 0.228333 0.67 1.02611
  End: C 2.36028
Bub 10461 0.00341392
  Start: N 2.30306
  2.30556 974.135 0.128333 0.19 0.781667 0.857257
  End: C 2.30611
Bub 10462 0.0042201
  Start: N 2.30333
  2.30556 789.42 0.168137 0.0830392 0.746667 0.957244
  2.31944 787.413 0.166667 0.08 0.748333 0.909669
  End: M 2.32694 10720
Bub 10464 0.00310175
  Start: N 2.30333
  2.30556 1064.72 0.138333 0.381667 0.761667 0.909583
  End: C 2.31556
Bub 10476 0.00784595
  Start: N 2.30528
  2.30556 436.703 0.0280053 0.0800953 0.756854 0.958277
  End: M 2.30611 10603
Bub 10477 0.00490848
  Start: S 2.30556 10330 10338
  2.30556 719.533 0.0213863 0.05581 0.712819 0.926554
  End: M 2.30583 10588
Bub 10479 0.0052106
  Start: M 2.30556 6331 7172
  2.30556 690.827 0.0509115 0.029974 0.664531 0.955634
  End: M 2.3075 10501
Bub 10531 0.015964
  Start: M 2.31222 9948 10328
  2.31944 254.567 0.0679421 0.191272 0.718539 0.913384
  End: M 2.32083 10618
Bub 10554 0.00791125
  Start: M 2.31472 10086
  2.31944 432.166 0.335313 0.0996949 0.722887 0.90475
  2.33333 434.213 0.335028 0.100057 0.726149 0.94916
  End: M 2.33833 10980
Bub 10556 0.0074492
  Start: S 2.315 8751 10232
  2.31944 468.424 0.317825 0.0564795 0.726453 0.907443
  2.33333 461.483 0.32067 0.0596648 0.727663 0.905848
  End: M 2.33389 10980
Bub 10557 0.00627915
  Start: S 2.315 8751 10232
  2.31944 537.257 0.30375 0.0304167 0.750446 0.927989
  2.33333 538.278 0.307907 0.0276224 0.75203 0.918472
  End: C 2.34528
Bub 10564 0.00539405
  Start: M 2.31583 10450
  2.31944 614.766 0.153732 0.280915 0.659648 0.771412
  End: M 2.32972 11214
Bub 10572 0.0067398
  Start: S 2.31667 10452
  2.31944 514.347 0.245878 0.209693 0.697082 0.919863
  End: M 2.3275 11214
Bub 10585 0.0059853
  Start: M 2.31806 10296
  2.31944 616.411 0.143076 0.123694 0.642698 0.910335
  End: S 2.32278 11269 10783
Bub 10588 0.00741585
  Start: S 2.31833 10330 10338 10477
  2.31944 485.888 0.0482611 0.0747109 0.726319 0.884823
  End: M 2.32417 10803
Bub 10597 0.0069214
  Start: M 2.31889 10419 10420
  2.31944 542.465 0.0274111 0.128644 0.6926 0.943806
  End: M 2.32417 10747
Bub 10603 0.00813445
  Start: N 2.31944
  2.31944 411.311 0.0290589 0.0777926 0.759346 0.910815
  End: M 2.31972 10720
Bub 10604 0.00424068
  Start: N 2.31944
  2.31944 784.9 0.383551 0.0558696 0.755435 0.910815
  End: M 2.31972 10720
Bub 10605 0.00426107
  Start: N 2.31944
  2.31944 823.491 0.144143 0.0808095 0.753333 0.910815
  End: M 2.31972 10720
Bub 10606 0.0122641
  Start: M 2.31944 10452
  2.31944 311.736 0.223526 0.259751 0.677053 0.921974
  End: S 2.32194 11214 10805
Bub 10618 0.0160703
  Start: M 2.32111 10531
  2.33333 242.568 0.0615877 0.189652 0.723452 0.916763
  End: S 2.33361 11035 10950
Bub 10649 0.00367754
  Start: N 2.32361
  2.33333 901.619 0.146333 0.108333 0.743667 0.861294
  End: C 2.34222
Bub 10651 0.00652195
  Start: M 2.32389 10258
  2.33333 516.658 0.173127 0.0190239 0.688519 0.944027
  End: M 2.33361 10915
Bub 10695 0.00310175
  Start: N 2.32694
  2.33333 1064.58 0.115 0.248333 0.675 1.29715
  End: C 2.33972
Bub 10720 0.00806145
  Start: N 2.32806
  2.33333 418.412 0.0295429 0.0761885 0.759887 0.917104
  End: C 2.34333
Bub 10734 0.0190955
  Start: S 2.33 10282
  2.33333 184.907 0.22088 0.245049 0.497011 0.960324
  End: M 2.34 11045
Bub 10751 0.00505685
  Start: S 2.33083 7334 10564 10572 10606
  2.33333 659.948 0.160413 0.278875 0.665769 0.870704
  End: M 2.33611 11214
Bub 10754 0.00310175
  Start: N 2.33083
  2.33333 1064.69 0.221667 0.195 0.465 0.837834
  End: M 2.34 11045
Bub 10783 0.00458134
  Start: S 2.33222 10585
  2.33333 723.644 0.148103 0.117989 0.631207 0.853179
  2.34722 725.303 0.15 0.125 0.636667 0.952857
  2.36111 726.912 0.152298 0.12693 0.643456 0.898652
  End: M 2.36389 11269
Bub 10803 0.0075861
  Start: M 2.33278 10588
  2.33333 465.335 0.0470675 0.0733629 0.725937 0.901923
  End: M 2.33389 10953
Bub 10804 0.0065392
  Start: S 2.33306 3847 3848 9691 10606
  2.33333 540.974 0.250375 0.176989 0.62359 0.958944
  End: M 2.33361 10998
Bub 10805 0.0116997
  Start: S 2.33306 3847 3848 9691 10606
  2.33333 324.315 0.294241 0.180597 0.667988 0.930278
  End: M 2.33361 10998
Bub 10809 0.00449183
  Start: N 2.33306
  2.33333 742.067 0.383171 0.0515854 0.754431 0.922744
  End: M 2.33361 11007
Bub 10811 0.0085876
  Start: M 2.33306 10442
  2.33333 399.406 0.297141 0.351265 0.722865 0.914545
  End: M 2.33361 10912
Bub 10813 0.00673165
  Start: S 2.33333 7334 10564 10572 10606
  2.33333 505.516 0.249722 0.214928 0.706932 0.935158
  End: C 2.33472
Bub 10815 0.00310175
  Start: N 2.33333
  2.33333 1058.51 0.391667 0.248333 0.761667 0.914334
  End: M 2.33361 11007
Bub 10816 0.00498378
  Start: S 2.33333 10134
  2.33333 727.565 0.0277976 0.184137 0.688274 1.00858
  End: M 2.33361 11035
Bub 10817 0.0044735
  Start: S 2.33333 10134
  2.33333 750.02 0.0452469 0.183642 0.701667 1.00858
  End: M 2.33361 11035
Bub 10818 0.00752155
  Start: M 2.33333 9498 9791
  2.33333 447.946 0.071329 0.119848 0.737156 0.908468
  End: M 2.33389 11007
Bub 10912 0.00837765
  Start: M 2.33778 10811
  2.34722 436.57 0.303578 0.34869 0.72817 0.927212
  End: M 2.3525 11201
Bub 10953 0.0069748
  Start: S 2.34028 10803
  2.34722 500.241 0.0464224 0.0712432 0.726368 0.937795
  2.36111 507.632 0.0456747 0.0700655 0.724597 0.909374
  End: M 2.36167 11230
Bub 10956 0.00388369
  Start: N 2.34028
  2.34722 852.512 0.120535 0.252736 0.677327 0.89621
  End: C 2.34861
Bub 10998 0.0117559
  Start: S 2.34278 10804 10805
  2.34722 313.417 0.297449 0.184401 0.675748 0.919778
  End: M 2.36056 11218
Bub 11007 0.0046505
  Start: N 2.34306
  2.34722 722.596 0.383388 0.0481136 0.753168 0.866227
  End: M 2.35167 11220
Bub 11030 0.00341392
  Start: S 2.34444 10734 10754
  2.34722 974.301 0.228333 0.193333 0.471667 0.960687
  End: M 2.35 11283
Bub 11035 0.0156379
  Start: M 2.34472 10618 10816 10817
  2.34722 254.444 0.0484075 0.177211 0.730366 0.922327
  End: S 2.34861 11196 11135
Bub 11045 0.0192549
  Start: M 2.34556 10734 10754
  2.34722 184.307 0.218745 0.246644 0.506448 0.954265
  End: S 2.34833 11283 11222
Bub 11060 0.00718785
  Start: S 2.34722 10178 10299
  2.34722 477.623 0.0293452 0.251915 0.686954 0.911026
  End: M 2.3475 11156
Bub 11061 0.00411402
  Start: S 2.34722 10178 10299
  2.34722 808.902 0.0338889 0.22373 0.688492 0.911026
  End: M 2.3475 11156
Bub 11063 0.0037575
  Start: S 2.34722 7334 8527 10564 10572 10606 10751
  2.34722 882.353 0.15 0.258333 0.67 0.911137
  End: M 2.3475 11214
Bub 11156 0.007541
  Start: M 2.35528 11060 11061
  2.36111 474.221 0.0310481 0.245979 0.685249 0.924812
  End: S 2.36639 11285 11286
Bub 11161 0.00390797
  Start: N 2.35583
  2.36111 858.277 0.119444 0.261111 0.751667 0.921317
  End: M 2.36194 11288
Bub 11196 0.0157397
  Start: N 2.35917
  2.36111 250.555 0.0438246 0.173941 0.733281 0.922597
  End: M 2.36222 11284
Bub 11214 0.0129589
  Start: M 2.36056 7334 8527 10564 10572 10606 10751 11063
  2.36111 300.68 0.215675 0.264881 0.697624 0.922463
  End: M 2.36361 11278
Bub 11218 0.0120927
  Start: M 2.36083 10998
  2.36111 307.33 0.298504 0.189431 0.68181 0.920058
  End: M 2.36361 11262
Bub 11220 0.00685145
  Start: N 2.36111
  2.36111 503.381 0.0290664 0.0728923 0.760292 0.919155
  End: M 2.36139 11288
Bub 11222 0.00359392
  Start: S 2.36111 11030 11045
  2.36111 924.819 0.238333 0.206667 0.5 0.960818
  End: M 2.36139 11283
Bub 4221 0.00476681
  Start: N 1.90778
  1.91667 695.513 0.26483 0.364864 0.710918 0.926772
  1.93056 699.001 0.265106 0.363227 0.703121 0.931515
  1.94444 700.133 0.263286 0.359952 0.694429 0.914481
  1.95833 704.047 0.262367 0.356204 0.687773 0.898395
  1.97222 698.892 0.263667 0.352417 0.6815 0.967769
  1.98611 713.709 0.261042 0.349583 0.675917 0.918421
  2 704.097 0.259408 0.346047 0.672824 0.927279
  2.01389 707.281 0.256569 0.346373 0.66902 0.909936
  2.02778 705.836 0.257083 0.344071 0.668269 0.932874
  2.03306 705.836 0.255748 0.344456 0.666769 0.904399
  2.04167 702.842 0.256346 0.343013 0.666186 0.930109
  2.05556 699.076 0.256013 0.338725 0.666797 0.920676
  2.06944 697.469 0.259222 0.335889 0.668444 0.960975
  2.08333 699.873 0.260778 0.334143 0.671825 0.890584
  2.09722 700.265 0.259167 0.3325 0.676042 0.956327
  2.11111 703.465 0.256702 0.33195 0.677305 0.926292
  2.125 696.13 0.254408 0.330763 0.678302 0.928923
  2.13889 697.013 0.250952 0.32881 0.677381 0.936136
  2.15278 696.378 0.247576 0.328864 0.676894 0.931108
  2.16667 696.24 0.244487 0.328626 0.673608 0.933881
  2.18056 696.516 0.241444 0.328111 0.670556 0.955759
  2.19444 698.209 0.239301 0.327473 0.668548 0.9263
  2.19972 698.209 0.238441 0.32629 0.668118 0.943224
  2.20833 698.878 0.236667 0.326042 0.665938 0.931258
  2.22222 695.574 0.23402 0.325549 0.664647 0.935073
  2.23611 698.807 0.231168 0.326246 0.66366 0.929288
  2.25 698.37 0.230974 0.324472 0.663185 0.888092
  2.26389 701.679 0.229701 0.323547 0.66312 0.911434
  2.27778 699.768 0.229478 0.32102 0.662662 0.9252
  2.29167 697.632 0.228498 0.320314 0.664175 0.930411
  2.30556 697.882 0.227543 0.31957 0.666306 0.903043
  2.31944 702.639 0.226818 0.316212 0.668939 0.928985
  2.33333 713.952 0.226111 0.31463 0.670926 0.888963
  2.34722 719.772 0.226414 0.313081 0.673485 0.936432
  2.36111 721.822 0.225767 0.311283 0.67618 0.951224
  2.36639 721.822 0.22625 0.309803 0.67614 0.884873
  2.375 733.254 0.223384 0.305337 0.677222 0.939271
  2.38889 742.047 0.221899 0.30213 0.678333 0.932768
  2.40278 695.916 0.215161 0.29247 0.677088 0.842949
  2.41667 695.418 0.214327 0.291635 0.677885 0.896168
  2.43056 703.225 0.212826 0.287319 0.680217 1.11881
  2.44444 701.537 0.210833 0.284271 0.682292 0.906812
  2.45833 699.617 0.207292 0.279375 0.685833 0.940859
  End: M 2.46417 12819
Bub 4510 0.00341392
  Start: N 1.93139
  1.94444 972.116 0.045 0.238333 0.55 0.929155
  1.95833 974.721 0.0469369 0.236937 0.548423 0.951219
  1.97222 968.303 0.046746 0.236746 0.543413 0.930166
  1.98611 973.447 0.0466667 0.236667 0.545 0.953773
  2 985.28 0.0486508 0.235265 0.54627 0.932514
  2.01389 968.541 0.0434699 0.236803 0.546858 0.857319
  2.02778 981.76 0.045 0.238333 0.548333 0.952212
  2.03306 981.76 0.044845 0.238488 0.54876 0.962882
  2.04167 970.173 0.0452151 0.239265 0.550986 0.874336
  2.05556 975.459 0.0460063 0.238396 0.555063 0.947716
  2.06944 970.397 0.0436667 0.238333 0.559667 1.01506
  2.08333 973.26 0.0445238 0.239286 0.562619 0.947728
  2.09722 974.8 0.0448485 0.239242 0.566212 0.932306
  2.11111 976.083 0.045 0.238333 0.57 0.943755
  2.125 971.593 0.045303 0.237424 0.573333 0.972522
  2.13889 971.643 0.045 0.236667 0.576667 0.957571
  2.15278 971.943 0.045 0.236667 0.58 0.94
  2.16667 973.78 0.0435714 0.235476 0.580714 0.947278
  2.18056 973.403 0.0428261 0.235 0.582826 0.931029
  2.19444 980.24 0.041087 0.236014 0.583696 0.935434
  2.19972 980.24 0.0402113 0.237723 0.583685 0.912589
  2.20833 969.244 0.0397368 0.239386 0.583596 0.93256
  2.22222 973.437 0.0377778 0.24 0.583889 0.943647
  2.23611 973.195 0.0363725 0.24 0.585196 0.941335
  2.25 983.313 0.0346491 0.241667 0.585526 0.964078
  2.26389 974.47 0.0331095 0.243259 0.585149 0.939415
  2.27778 972.867 0.0316667 0.243333 0.583333 0.945423
  2.29167 974.02 0.0305556 0.243611 0.584722 1.19343
  2.30556 969.189 0.0299718 0.246243 0.586977 0.923566
  2.31944 982.826 0.0283333 0.245 0.588333 0.946446
  2.33333 974.337 0.0281818 0.245909 0.589545 0.941325
  2.34722 972.882 0.0266216 0.24536 0.58991 0.887049
  2.36111 978.214 0.0269298 0.245 0.591316 0.94661
  2.36639 978.214 0.0269298 0.245 0.591316 0.950112
  2.375 979.576 0.0269298 0.245 0.591316 0.949095
  2.38889 983.42 0.0261333 0.244 0.588133 0.920904
  2.40278 977.559 0.02375 0.245 0.587917 0.948049
  2.41667 976.18 0.0216667 0.246667 0.585 0.959937
  2.43056 974.295 0.0183333 0.246667 0.583333 0.952092
  End: C 2.43417
Bub 5972 0.005469
  Start: S 2.00806 5392 5480
  2.01389 628.435 0.0703604 0.295631 0.746937 0.951364
  2.02778 633.616 0.0700823 0.29821 0.748272 0.878953
  2.03306 633.616 0.0708 0.298133 0.749244 0.912184
  2.04167 623.612 0.0717671 0.300863 0.751908 0.914958
  2.05556 634.861 0.0692564 0.301821 0.755308 0.933212
  2.06944 620.217 0.0666667 0.30354 0.756856 0.895028
  2.08333 614.19 0.0650546 0.303907 0.756831 0.956324
  2.09722 619.493 0.0624648 0.302371 0.76 0.921329
  2.11111 614.325 0.0620531 0.303454 0.76215 0.921663
  2.125 614.004 0.0588004 0.30551 0.762877 0.922767
  2.13889 611.032 0.0566959 0.308743 0.762544 1.00185
  2.15278 613.946 0.0529851 0.309527 0.761294 0.912321
  2.16667 616.782 0.0502488 0.309627 0.758284 0.905987
  2.18056 619.109 0.0479257 0.311235 0.756247 0.915373
  2.19444 615.381 0.0455263 0.311754 0.75307 0.904515
  2.19972 615.381 0.0459273 0.312544 0.751541 0.880334
  2.20833 620.555 0.0454895 0.312179 0.749569 0.905415
  2.22222 630.617 0.045873 0.313571 0.74754 0.971098
  2.23611 629.123 0.0438889 0.315529 0.746111 0.896291
  2.25 626.276 0.0433427 0.318315 0.74564 0.90651
  2.26389 618.991 0.0432789 0.321427 0.746503 0.90225
  2.27778 619.851 0.0412781 0.321585 0.744202 0.8981
  2.29167 613.233 0.0401493 0.324179 0.746493 0.914887
  2.30556 624.3 0.0393125 0.325188 0.746188 0.895846
  2.31944 618.259 0.0369221 0.32809 0.745414 0.915893
  2.33333 620.461 0.0372505 0.329522 0.743386 0.920495
  2.34722 623.3 0.0371456 0.331858 0.743103 0.912627
  2.36111 626.793 0.0387059 0.33149 0.740039 0.933969
  2.36639 626.793 0.0378 0.332756 0.739756 1.00745
  2.375 623.595 0.0385503 0.332219 0.738491 0.941418
  2.38889 658.127 0.0395309 0.333543 0.737675 0.996022
  2.40278 656.867 0.03893 0.330576 0.73037 0.919086
  2.41667 649.437 0.04 0.331908 0.729275 0.918024
  End: S 2.4175 12153 12152
Bub 5991 0.00452806
  Start: S 2.00917 5762
  2.01389 734.316 0.181825 0.0166667 0.691508 0.932334
  2.02778 732.896 0.186461 0.0210274 0.683539 0.932766
  2.03306 732.896 0.189625 0.02125 0.681 0.914312
  2.04167 740.143 0.191667 0.0219697 0.678182 0.920309
  2.05556 743.974 0.195 0.0264667 0.674867 0.925074
  2.06944 733.584 0.199483 0.0278736 0.672126 0.953835
  2.08333 736.421 0.204367 0.0274 0.671033 0.837973
  2.09722 757.023 0.207651 0.0282932 0.665964 0.938062
  2.11111 750.115 0.20821 0.0251235 0.661667 0.94108
  2.125 749.478 0.209167 0.0253571 0.656548 0.944275
  2.13889 753.457 0.209156 0.0257359 0.652403 0.931629
  2.15278 744.673 0.208333 0.0266667 0.646667 0.912771
  2.16667 747.19 0.208333 0.0272667 0.6414 0.957537
  2.18056 742.608 0.208976 0.0277309 0.634719 0.927277
  2.19444 749.929 0.208333 0.0305 0.629667 0.931099
  2.19972 749.929 0.208333 0.0292857 0.627381 0.923049
  2.20833 733.955 0.20973 0.0302703 0.621757 1.03374
  2.22222 735.217 0.210217 0.0325362 0.618768 0.931248
  2.23611 733.38 0.209483 0.0347701 0.618563 0.965492
  2.25 732.08 0.209737 0.0379825 0.62 0.894271
  2.26389 732.785 0.21 0.0388889 0.620556 0.931126
  2.27778 733.422 0.211154 0.0387179 0.622436 0.920053
  2.29167 734.105 0.212536 0.0421014 0.623116 0.985291
  2.30556 737.376 0.211321 0.0435849 0.626824 0.841459
  2.31944 745.818 0.211667 0.0435088 0.629035 0.934104
  2.33333 729.639 0.21 0.0466667 0.63 1.02024
  2.34722 745.353 0.212287 0.0474031 0.63155 0.932672
  2.36111 735.123 0.212791 0.0513454 0.632711 0.947225
  2.36639 735.123 0.212245 0.0527551 0.634524 0.845782
  2.375 730.752 0.213667 0.057 0.633333 0.956523
  2.38889 736.698 0.215667 0.059 0.633333 0.915049
  2.40278 734.689 0.214536 0.0630169 0.632131 0.959973
  2.41667 737.509 0.213444 0.0658889 0.632 0.926934
  2.43056 742.586 0.211667 0.0683333 0.631667 0.957916
  2.44444 732.864 0.214753 0.0724074 0.63142 0.925293
  2.45833 732.902 0.215693 0.075 0.630801 0.910128
  2.47222 741.728 0.215 0.0754478 0.63102 0.925096
  End: C 2.4725
Bub 7003 0.0199379
  Start: N 2.08361
  2.09722 176.249 0.20043 0.20775 0.141245 1
  2.11111 176.249 0.20043 0.20775 0.141245 1
  2.125 176.249 0.20043 0.20775 0.141245 1
  2.13889 176.249 0.20043 0.20775 0.141245 1
  2.15278 176.249 0.20043 0.20775 0.141245 1
  2.16667 176.249 0.20043 0.20775 0.141245 1
  2.18056 176.249 0.20043 0.20775 0.141245 1
  2.19444 176.249 0.20043 0.20775 0.141245 1
  2.19972 176.249 0.20043 0.20775 0.141245 1
  2.20833 176.249 0.20043 0.20775 0.141245 1
  2.22222 176.159 0.200429 0.20777 0.141253 1
  2.23611 171.224 0.200274 0.206921 0.146207 1.05758
  2.25 166.683 0.200536 0.205376 0.152323 1.04945
  2.26389 166.683 0.200601 0.203216 0.160525 1.04561
  2.27778 168.532 0.200881 0.201993 0.169358 1.03536
  2.29167 169.192 0.201301 0.200953 0.178255 1.03549
  2.30556 169.69 0.20155 0.200082 0.187269 1.02779
  2.31944 170.8 0.201926 0.199906 0.196249 1.01903
  2.33333 172.501 0.202123 0.199693 0.204862 1.01077
  2.34722 173.648 0.202229 0.199199 0.213039 1.00816
  2.36111 174.217 0.202349 0.198707 0.221109 1.00168
  2.36639 174.217 0.202618 0.198729 0.224181 0.999717
  2.375 175.083 0.202741 0.19872 0.228958 0.998993
  2.38889 175.768 0.202623 0.199032 0.236252 0.997366
  2.40278 176.636 0.202113 0.198953 0.242708 0.997868
  2.41667 177.782 0.200724 0.197904 0.249305 1.00102
  2.43056 178.565 0.199046 0.196683 0.255561 1.00413
  2.44444 179.605 0.197065 0.195726 0.26151 1.00389
  2.45833 180.628 0.194532 0.19519 0.267479 1.00759
  2.47222 182.03 0.192152 0.193914 0.274745 1.00979
  End: M 2.47583 12972
Bub 7391 0.00451002
  Start: M 2.11361 7242
  2.125 737.923 0.0701004 0.345361 0.751104 0.938214
  2.13889 744.495 0.0717273 0.348152 0.74397 1.22726
  2.15278 742.588 0.0716667 0.348333 0.74 0.975308
  2.16667 745.318 0.0717204 0.352204 0.734462 0.987044
  2.18056 742.203 0.0734018 0.353219 0.72742 1.00359
  2.19444 738.321 0.0730631 0.351577 0.723063 0.880253
  2.19972 738.321 0.0736275 0.353941 0.721353 0.919188
  2.20833 742.906 0.0733333 0.353106 0.719773 0.909459
  2.22222 742.21 0.0733895 0.353127 0.716498 0.82634
  2.23611 750.909 0.0726812 0.35442 0.713986 0.912979
  2.25 759.598 0.0741176 0.357353 0.713775 0.923262
  2.26389 743.924 0.0761905 0.359643 0.710595 0.921775
  2.27778 736.6 0.0783766 0.36197 0.710584 0.89723
  2.29167 736.845 0.0809302 0.36345 0.71124 0.918058
  2.30556 739.095 0.0812821 0.364231 0.712051 0.85978
  2.31944 732.837 0.0804237 0.366356 0.713418 0.983744
  2.33333 745.066 0.0814539 0.365532 0.714149 0.957593
  2.34722 738.496 0.0808667 0.364867 0.716067 0.923027
  2.36111 743.516 0.0817949 0.365641 0.716026 0.930293
  2.36639 743.516 0.0816667 0.365641 0.716282 0.939544
  2.375 737.229 0.0804545 0.365152 0.717424 0.976524
  2.38889 740.663 0.0784199 0.362489 0.719156 0.928672
  2.40278 748.737 0.0768841 0.360362 0.718333 0.89263
  2.41667 740.163 0.0746491 0.360263 0.718333 0.973835
  End: M 2.41722 11951
Bub 7773 0.00443638
  Start: S 2.14472 5108
  2.15278 748.481 0.323397 0.129937 0.671582 0.907833
  2.16667 763.136 0.3214 0.131667 0.670067 0.939393
  2.18056 750.472 0.316775 0.132246 0.666159 0.909498
  2.19444 747.867 0.314048 0.132619 0.664524 0.92837
  2.19972 747.867 0.314306 0.131319 0.662951 0.898149
  2.20833 748.053 0.313108 0.132207 0.661306 0.915979
  2.22222 752.061 0.313127 0.131554 0.65927 0.93023
  2.23611 753.923 0.312614 0.130758 0.659886 0.909708
  2.25 754.243 0.312708 0.13 0.660375 0.918715
  2.26389 761.947 0.313551 0.130797 0.660942 0.92265
  2.27778 768.621 0.315476 0.130495 0.659176 0.908251
  2.29167 751.63 0.318163 0.132721 0.656769 0.93353
  2.30556 748.084 0.322029 0.134275 0.657536 0.894463
  2.31944 749.801 0.326856 0.138674 0.657424 0.912829
  2.33333 749.033 0.327346 0.142284 0.65784 0.943747
  2.34722 748.086 0.329286 0.145952 0.655476 1.00231
  2.36111 748.332 0.32858 0.147346 0.655988 0.995582
  2.36639 748.332 0.328662 0.149366 0.65561 0.935689
  2.375 753.75 0.327169 0.150422 0.657088 0.967854
  2.38889 754.011 0.325298 0.150357 0.658274 0.941338
  End: M 2.39639 11685
Bub 8081 0.0050997
  Start: S 2.16389 7563 7717 7896
  2.16667 654.667 0.173333 0.109583 0.58575 1.0044
  2.18056 656.767 0.17221 0.110435 0.585543 0.9156
  2.19444 660.397 0.173462 0.111667 0.582179 0.925781
  2.19972 660.397 0.175385 0.113974 0.584487 0.980688
  2.20833 649.13 0.178095 0.11506 0.581339 0.837869
  2.22222 651.932 0.175868 0.118881 0.5871 0.885384
  2.23611 661.486 0.173577 0.120543 0.590468 0.933418
  2.25 654.171 0.174722 0.121389 0.594167 0.933547
  2.26389 652.829 0.173254 0.121159 0.596619 0.877318
  2.27778 652.583 0.171512 0.124031 0.602287 0.901806
  2.29167 651.123 0.170702 0.124006 0.607368 0.843411
  2.30556 655.506 0.170929 0.123301 0.615096 0.894034
  2.31944 653.957 0.171339 0.121548 0.620238 0.911835
  2.33333 668.243 0.174553 0.120155 0.626512 0.927071
  2.34722 660.789 0.181049 0.124136 0.628333 1.02885
  2.36111 660.647 0.183707 0.126054 0.633197 0.907073
  2.36639 660.647 0.185165 0.128861 0.635033 0.958941
  2.375 655.591 0.190086 0.131804 0.638402 0.961531
  2.38889 652.481 0.196667 0.136014 0.641594 0.991759
  2.40278 650.275 0.201704 0.136185 0.648148 0.894457
  2.41667 656.48 0.20641 0.138462 0.650737 0.939244
  2.43056 650.98 0.210859 0.140051 0.654293 0.948514
  2.44444 650.694 0.212791 0.141948 0.661386 0.861201
  2.45833 660.019 0.214208 0.141333 0.664167 0.934146
  2.47222 670.327 0.216232 0.143986 0.669964 0.906501
  End: M 2.47361 13161
Bub 8192 0.00466747
  Start: N 2.17
  2.18056 714.174 0.352246 0.0302174 0.732572 0.942205
  2.19444 709.98 0.353561 0.0313636 0.725076 0.962374
  2.19972 709.98 0.354388 0.0318807 0.72341 0.907309
  2.20833 713.244 0.355136 0.0323129 0.719728 0.907493
  2.22222 715.689 0.354355 0.0346774 0.71371 0.912454
  2.23611 718.124 0.354048 0.0341429 0.708048 0.930997
  2.25 711.717 0.35307 0.0348596 0.701526 0.937031
  2.26389 710.634 0.351237 0.0376882 0.695968 0.907603
  2.27778 713.953 0.349234 0.0395045 0.692297 0.918599
  2.29167 721.682 0.347727 0.0424747 0.689343 0.918314
  2.30556 721.989 0.345827 0.0457299 0.687214 0.960696
  2.31944 722.83 0.343209 0.0508127 0.687231 0.92573
  2.33333 731.641 0.342214 0.0523632 0.686766 0.864574
  2.34722 767.401 0.341493 0.0546232 0.685609 0.902621
  2.36111 758.468 0.340265 0.0573988 0.68581 0.849291
  2.36639 758.468 0.338984 0.0595257 0.687168 0.93514
  2.375 730.155 0.338265 0.0616667 0.686684 0.960593
  2.38889 720.216 0.336908 0.0650254 0.686959 0.941124
  2.40278 739.761 0.336404 0.0690351 0.685789 0.9374
  End: M 2.40389 11901
Bub 8792 0.00390797
  Start: N 2.20028
  2.20833 847.221 0.149444 0.357222 0.73 0.834845
  2.22222 856.469 0.151316 0.360263 0.728333 0.852938
  2.23611 855.966 0.151316 0.363596 0.725 0.920972
  2.25 851.365 0.155113 0.366073 0.72291 0.907068
  2.26389 849.011 0.153 0.367 0.718333 0.919974
  2.27778 849.945 0.153 0.366333 0.715 0.903588
  2.29167 847.987 0.151667 0.366667 0.713333 0.917314
  2.30556 851.219 0.15 0.365 0.716667 0.923137
  2.31944 845.238 0.151667 0.368333 0.718333 1.3583
  2.33333 850.38 0.15 0.371667 0.718333 0.928311
  2.34722 848.878 0.149804 0.375392 0.716765 0.809177
  2.36111 860.527 0.148333 0.378333 0.711667 0.956624
  2.36639 860.527 0.15 0.38 0.71 0.928534
  2.375 849.774 0.148333 0.38 0.708333 0.985773
  2.38889 850.609 0.15 0.381667 0.701667 0.975184
  2.40278 861.032 0.151818 0.381667 0.698333 0.920145
  2.41667 849.965 0.153333 0.381667 0.695 0.928275
  End: C 2.41778
Bub 8884 0.00434074
  Start: N 2.20528
  2.20833 767.709 0.112928 0.225045 0.728784 0.879941
  2.22222 780.771 0.105769 0.223333 0.735897 0.901607
  2.23611 772.905 0.0994144 0.220225 0.743829 0.858831
  2.25 763.932 0.094878 0.218699 0.750122 0.865615
  2.26389 764.962 0.0889922 0.21531 0.755659 0.92061
  2.27778 765.766 0.0815891 0.211163 0.761705 0.894835
  2.29167 765.066 0.0775 0.209231 0.768846 0.929451
  2.30556 767.675 0.0713889 0.208373 0.773929 0.916288
  2.31944 768.428 0.0667508 0.20729 0.778872 0.866421
  2.33333 773.072 0.0598315 0.207097 0.781742 0.902706
  2.34722 766.452 0.054726 0.208516 0.78395 0.933021
  2.36111 763.87 0.0486364 0.209242 0.783788 0.972866
  2.36639 763.87 0.0466667 0.208333 0.783333 0.935735
  End: C 2.375
Bub 8907 0.00393194
  Start: N 2.20667
  2.20833 840.819 0.323788 0.369727 0.732758 0.731499
  2.22222 845.566 0.325071 0.370035 0.723227 0.89594
  2.23611 845.095 0.325 0.373333 0.715 1.03525
  2.25 845.89 0.325 0.373333 0.708333 0.934172
  2.26389 851.804 0.326111 0.375556 0.701667 0.938775
  2.27778 841.355 0.326667 0.376667 0.696667 0.975261
  2.29167 849.162 0.326373 0.375196 0.691667 0.937867
  2.30556 843.576 0.326333 0.373667 0.688333 0.935632
  2.31944 851.139 0.3284 0.371533 0.686333 0.917942
  2.33333 840.915 0.33 0.373 0.683 0.995034
  2.34722 842.021 0.33066 0.373868 0.679969 0.913691
  2.36111 841.152 0.332778 0.376111 0.676667 0.940942
  2.36639 841.152 0.333333 0.375 0.676667 0.943467
  2.375 841.823 0.336111 0.373333 0.677222 0.890516
  2.38889 842.793 0.339317 0.374781 0.673579 0.905674
  2.40278 844.167 0.341667 0.376333 0.673 0.95788
  2.41667 852.19 0.345 0.375333 0.671833 0.955643
  End: C 2.42667
Bub 8992 0.00452806
  Start: S 2.21056 8640
  2.22222 741.993 0.0768651 0.278413 0.703611 0.862675
  2.23611 738.271 0.0767857 0.282857 0.704167 0.913159
  2.25 738.522 0.0753943 0.287043 0.707509 0.952803
  2.26389 737.488 0.0760309 0.292251 0.709433 0.892671
  2.27778 746.926 0.0771393 0.2951 0.712114 0.958822
  2.29167 733.283 0.0783333 0.297 0.713667 0.928868
  2.30556 737.563 0.0804023 0.297874 0.717644 0.918173
  2.31944 738.634 0.080625 0.298542 0.720833 0.922035
  2.33333 738.517 0.082381 0.298333 0.722381 0.944422
  2.34722 736.712 0.0816327 0.297483 0.725136 0.911606
  2.36111 743.183 0.0829167 0.297212 0.725321 0.936349
  2.36639 743.183 0.0833498 0.297376 0.725528 0.901213
  2.375 745.324 0.0831651 0.296835 0.724419 0.91523
  2.38889 734.801 0.0857407 0.299321 0.725123 0.92981
  2.40278 744.936 0.0854912 0.299105 0.725105 0.925482
  2.41667 745.903 0.0858951 0.298519 0.724198 0.921277
  End: C 2.42972
Bub 9415 0.00341392
  Start: S 2.22833 9232 9265
  2.23611 973.629 0.228333 0.133333 0.648333 0.911252
  2.25 972.116 0.229706 0.127157 0.653627 0.987798
  2.26389 974.052 0.228333 0.123333 0.658333 0.909958
  2.27778 970.099 0.229464 0.116905 0.663155 0.90035
  2.29167 973.223 0.23 0.111667 0.666667 1.00423
  2.30556 970.647 0.230556 0.107222 0.67 1.0264
  2.31944 973.322 0.231667 0.101667 0.67 0.910159
  2.33333 973.7 0.233 0.0983333 0.673 0.929338
  2.34722 972.201 0.233106 0.0949242 0.673561 0.929728
  2.36111 980.23 0.231424 0.0916061 0.673667 0.902868
  2.36639 980.23 0.2315 0.0906667 0.673833 0.93106
  End: C 2.37389
Bub 9662 0.0050997
  Start: N 2.24
  2.25 663.115 0.0776667 0.343806 0.74625 0.902644
  2.26389 662.763 0.074781 0.343978 0.746046 0.889026
  2.27778 663.412 0.073547 0.343291 0.743611 0.898944
  2.29167 666.898 0.0738978 0.344543 0.742796 0.930421
  2.30556 659.528 0.074213 0.3425 0.742731 0.913142
  2.31944 652.397 0.0719286 0.342571 0.74369 0.910967
  2.33333 654.145 0.0718831 0.343074 0.742532 0.917042
  2.34722 658.188 0.0740256 0.344333 0.742051 0.923704
  2.36111 658.895 0.0748232 0.345177 0.740758 0.940425
  2.36639 658.895 0.0735372 0.345168 0.740995 0.924098
  2.375 656.779 0.0733333 0.345694 0.740806 0.916912
  2.38889 652.396 0.0731995 0.347433 0.739696 0.937475
  2.40278 653.345 0.0709259 0.349127 0.737566 0.913316
  2.41667 657.538 0.0721154 0.349423 0.735897 0.932908
  End: M 2.41722 11951
Bub 9965 0.0166895
  Start: M 2.25806 9835 9836
  2.26389 232.929 0.211028 0.223552 0.365091 0.986632
  2.27778 231.851 0.209612 0.225411 0.373242 0.98009
  2.29167 231.2 0.206946 0.224942 0.381976 0.974986
  2.30556 231.414 0.206705 0.224855 0.39076 0.968354
  2.31944 230.521 0.20843 0.224478 0.399472 0.971482
  2.33333 231.968 0.20968 0.223125 0.408422 0.966794
  2.34722 231.62 0.211182 0.223264 0.417652 0.961967
  2.36111 233.124 0.21115 0.222974 0.426226 0.967026
  2.36639 233.124 0.2097 0.222164 0.428957 0.967646
  2.375 233.506 0.207828 0.221559 0.433208 0.959257
  2.38889 234.167 0.20528 0.221471 0.44045 0.959163
  2.40278 235.904 0.203122 0.221916 0.447226 0.958136
  End: M 2.4075 11915
Bub 9980 0.0059853
  Start: N 2.25944
  2.26389 573.811 0.36146 0.28811 0.714845 0.885682
  2.27778 579.386 0.360114 0.28286 0.715095 0.979651
  2.29167 587.475 0.361202 0.279728 0.7175 0.899216
  2.30556 558.52 0.364593 0.274715 0.724167 0.928556
  2.31944 559.798 0.367692 0.274679 0.727372 0.94078
  2.33333 568.714 0.370421 0.27414 0.726772 0.924698
  2.34722 576.339 0.373739 0.276123 0.727902 0.929898
  2.36111 584.053 0.376705 0.278546 0.726674 0.982299
  2.36639 584.053 0.377004 0.278607 0.725474 0.920741
  2.375 575.368 0.379131 0.282576 0.728174 0.907724
  2.38889 569.958 0.381414 0.28766 0.727054 0.914722
  2.40278 573.518 0.383423 0.291748 0.726512 0.916713
  2.41667 573.827 0.384551 0.297314 0.722547 0.906447
  2.43056 576.16 0.385897 0.302949 0.722143 0.898076
  2.44444 578.144 0.385 0.30956 0.716875 0.905765
  End: S 2.45833 13116 13115
Bub 9981 0.00430127
  Start: N 2.25944
  2.26389 774.962 0.373519 0.321343 0.724722 0.842901
  2.27778 768.472 0.373947 0.32307 0.719737 0.922548
  2.29167 768.873 0.376356 0.323757 0.713249 0.886772
  2.30556 771.93 0.374961 0.322451 0.706255 0.84417
  2.31944 770.405 0.373667 0.321667 0.699667 0.928165
  2.33333 772.595 0.37119 0.320714 0.694048 0.932944
  2.34722 769.765 0.366882 0.321774 0.689301 0.902726
  2.36111 771.199 0.36531 0.321589 0.683488 0.877565
  2.36639 771.199 0.363529 0.32049 0.681863 0.946644
  2.375 769.354 0.362619 0.320714 0.678333 0.908685
  2.38889 776.182 0.358274 0.31869 0.673512 0.923828
  2.40278 772.871 0.355047 0.320211 0.666878 0.898219
  2.41667 778.003 0.350263 0.318684 0.661667 0.978419
  2.43056 775.553 0.346594 0.318237 0.656643 0.886652
  2.44444 771.349 0.343406 0.316884 0.651377 0.935211
  2.45833 769.199 0.340614 0.316404 0.64693 0.937681
  2.47222 779.325 0.338333 0.31693 0.644649 0.933092
  End: C 2.47278
Bub 9994 0.00591245
  Start: N 2.26
  2.26389 618.817 0.373948 0.0564439 0.72475 0.921166
  2.27778 559.345 0.376267 0.0570273 0.727183 0.8774
  2.29167 562.027 0.376342 0.0538528 0.720974 0.904984
  2.30556 573.044 0.372849 0.0519086 0.717903 0.95285
  2.31944 569.195 0.373303 0.0509681 0.713543 0.906667
  2.33333 568.92 0.373794 0.0505276 0.709104 0.917138
  2.34722 571.864 0.373416 0.0497514 0.705405 0.924808
  2.36111 568.628 0.373253 0.0496988 0.703193 0.924354
  2.36639 568.628 0.372792 0.0502814 0.701169 0.924902
  2.375 567.249 0.374185 0.049037 0.699278 0.930188
  2.38889 573.678 0.372904 0.050231 0.696254 0.915998
  End: M 2.39083 11743
Bub 10004 0.00341392
  Start: N 2.26083
  2.26389 974.802 0.376667 0.0483333 0.758333 0.916456
  2.27778 974.015 0.373667 0.045 0.753667 0.864697
  2.29167 967.64 0.368333 0.045 0.748333 0.912817
  2.30556 972.75 0.365 0.0437879 0.746288 0.910784
  2.31944 969.317 0.362673 0.0438679 0.742736 0.878466
  2.33333 972.877 0.36 0.045 0.738333 0.917084
  2.34722 972.99 0.356333 0.0463333 0.731667 0.932658
  2.36111 973.884 0.355 0.0466667 0.728333 0.933122
  2.36639 973.884 0.352596 0.0462022 0.726858 0.906769
  End: C 2.37444
Bub 10025 0.00393194
  Start: N 2.2625
  2.26389 840.763 0.326394 0.240455 0.693909 0.65998
  2.27778 845.138 0.326667 0.241667 0.698333 0.904857
  2.29167 845.746 0.327576 0.242576 0.702879 0.884158
  2.30556 845.469 0.330072 0.241594 0.706884 0.918136
  2.31944 844.847 0.33 0.243333 0.711667 0.888186
  2.33333 840.039 0.331667 0.241667 0.715 0.948068
  2.34722 844.742 0.333333 0.243333 0.718333 0.935125
  2.36111 845.04 0.333333 0.243333 0.721667 0.894477
  2.36639 845.04 0.333667 0.243 0.721667 0.918746
  2.375 844.517 0.335 0.243 0.723667 0.904031
  2.38889 844.269 0.336667 0.241667 0.725 0.923467
  2.40278 842.61 0.337222 0.242778 0.726667 0.920903
  End: C 2.41278
Bub 10085 0.00514185
  Start: S 2.26722 6890 10035
  2.27778 650.038 0.375759 0.109309 0.681802 0.905052
  2.29167 647.241 0.379109 0.10181 0.682241 0.936231
  2.30556 650.174 0.378618 0.0951292 0.683088 0.919492
  2.31944 660.513 0.378813 0.0887292 0.681604 0.923683
  2.33333 668.365 0.379989 0.0850447 0.678468 0.948104
  2.34722 695.083 0.377934 0.078615 0.676197 0.972598
  2.36111 678.296 0.374044 0.0730886 0.677075 0.93858
  2.36639 678.296 0.372461 0.0719978 0.676236 0.92405
  2.375 714.874 0.371917 0.0693333 0.67375 1.07224
  End: M 2.38278 11557
Bub 10283 0.0044735
  Start: S 2.285 9942 10190
  2.29167 740.93 0.194753 0.193272 0.424753 0.882752
  2.30556 740.104 0.19609 0.192756 0.430769 0.920419
  2.31944 742.452 0.195 0.193333 0.438333 0.997972
  2.33333 744.572 0.195 0.194937 0.446761 0.992055
  2.34722 738.508 0.195 0.195 0.455 1.08271
  2.36111 741.149 0.19471 0.197174 0.463551 0.933967
  2.36639 741.149 0.194506 0.196728 0.465864 0.988127
  2.375 741.786 0.194487 0.196923 0.471923 0.919593
  End: C 2.37639
Bub 10747 0.0067479
  Start: M 2.33056 10597
  2.33333 534.569 0.0307554 0.13283 0.688561 0.930373
  2.34722 531.266 0.0330328 0.132227 0.687213 0.86467
  2.36111 516.79 0.035881 0.133536 0.686405 0.934851
  2.36639 516.79 0.0368041 0.133363 0.68641 0.919647
  2.375 508.421 0.039 0.13317 0.686673 0.932117
  2.38889 498.702 0.0416942 0.13522 0.686364 0.926816
  2.40278 492.372 0.0434748 0.133679 0.686651 0.987041
  2.41667 495.618 0.0463244 0.133482 0.68878 0.925223
  End: M 2.42556 12908
Bub 10806 0.0044735
  Start: S 2.33306 7329 9172
  2.33333 756.286 0.272407 0.0157407 0.686481 1.02696
  2.34722 758.562 0.278444 0.0162222 0.684333 0.901464
  2.36111 749.293 0.282098 0.0162157 0.682608 0.909837
  2.36639 749.293 0.284596 0.0173232 0.680051 0.946658
  2.375 749.046 0.287418 0.0187729 0.678919 0.939314
  2.38889 746.375 0.292791 0.0209036 0.675402 0.93728
  2.40278 741.628 0.299881 0.025 0.66881 0.939179
  2.41667 742.548 0.303765 0.0288272 0.665 0.936656
  2.43056 754.852 0.308333 0.0324359 0.660769 0.919567
  2.44444 758.905 0.313052 0.037397 0.654288 0.915882
  2.45833 752.075 0.318333 0.0396667 0.651533 0.84129
  End: M 2.46583 12838
Bub 10807 0.00490848
  Start: S 2.33306 7329 9172
  2.33333 677.827 0.284502 0.0344081 0.680358 0.91749
  2.34722 675.938 0.290352 0.0335446 0.685047 0.896634
  2.36111 679.142 0.296835 0.0352622 0.687135 0.922838
  2.36639 679.142 0.29981 0.0369831 0.683734 1.08491
  2.375 687.299 0.303447 0.0385985 0.684697 0.954632
  2.38889 696.296 0.307451 0.0427451 0.686961 0.954784
  2.40278 683.806 0.310212 0.048303 0.68903 0.850216
  2.41667 675.07 0.311353 0.0562549 0.689118 0.903524
  End: M 2.42361 12158
Bub 10852 0.00473416
  Start: S 2.335 10816 10817
  2.34722 713.03 0.0447917 0.185313 0.703854 0.906782
  2.36111 708.561 0.0440909 0.185 0.705758 0.969436
  2.36639 708.561 0.0429167 0.184583 0.7075 0.936466
  2.375 712.076 0.0440877 0.185211 0.706614 0.904079
  2.38889 707.93 0.043481 0.187278 0.705928 0.967375
  2.40278 703.759 0.0414815 0.186296 0.711667 0.925853
  2.41667 710.481 0.0416026 0.185962 0.714519 0.921051
  2.43056 717.696 0.0380556 0.185556 0.712222 0.906171
  2.44444 698.585 0.0356393 0.186461 0.716461 0.919831
  End: C 2.45361
Bub 10854 0.0064519
  Start: S 2.335 7334 10564 10572 10606
  2.34722 530.876 0.254273 0.219102 0.714218 0.915572
  2.36111 517.363 0.255298 0.220678 0.723686 0.956683
  2.36639 517.363 0.25703 0.221466 0.725739 0.913417
  2.375 514.995 0.258347 0.223271 0.730718 0.946474
  2.38889 517.354 0.260527 0.22619 0.736338 0.922287
  2.40278 526.692 0.262687 0.228396 0.741555 0.921352
  2.41667 532.527 0.26784 0.230642 0.744901 0.912453
  End: M 2.42889 12128
Bub 10915 0.0066577
  Start: S 2.33833 10651
  2.34722 507.448 0.171367 0.018608 0.690356 0.955383
  2.36111 509.901 0.171896 0.0181763 0.68808 0.914771
  2.36639 509.901 0.172574 0.0179682 0.687415 0.930798
  2.375 513.744 0.17372 0.0175602 0.68642 0.940157
  2.38889 524.081 0.173317 0.0158138 0.684175 0.934774
  2.40278 522.844 0.174356 0.0144943 0.683782 0.907707
  2.41667 536.96 0.175 0.0137956 0.680547 0.947786
  End: S 2.42056 12151 12150
Bub 10950 0.00791125
  Start: S 2.34028 10618 10816 10817
  2.34722 452.073 0.115766 0.269137 0.695796 0.931729
  2.36111 442.365 0.113948 0.269343 0.700904 0.912926
  2.36639 442.365 0.112753 0.269811 0.702821 0.934556
  2.375 426.005 0.112069 0.269319 0.707266 0.927412
  2.38889 425.365 0.109627 0.272232 0.70865 0.933231
  End: M 2.39917 11739
Bub 10980 0.00998605
  Start: M 2.34167 10554 10556
  2.34722 371.007 0.330401 0.0853774 0.727434 0.921475
  2.36111 373.047 0.329934 0.0853267 0.728805 0.929735
  2.36639 373.047 0.329325 0.0834654 0.729041 0.91956
  2.375 369.345 0.32883 0.0835453 0.72905 0.910356
  End: M 2.38167 11530
Bub 10995 0.00505685
  Start: S 2.34278 10804 10805
  2.34722 656.525 0.238533 0.168476 0.633661 0.918007
  2.36111 660.358 0.239799 0.165489 0.643908 0.940565
  2.36639 660.358 0.24035 0.163796 0.646765 0.923429
  2.375 656.964 0.243077 0.160795 0.651949 0.9278
  2.38889 691.681 0.242306 0.159949 0.660253 0.905454
  2.40278 662.563 0.237874 0.157845 0.670201 0.915523
  2.41667 656.716 0.23677 0.154351 0.67795 0.915814
  2.43056 660.994 0.235732 0.149715 0.683171 0.950503
  2.44444 656.137 0.235619 0.144966 0.685275 0.939376
  2.45833 659.188 0.235686 0.141373 0.68598 0.92571
  2.47222 661.218 0.236835 0.141098 0.688566 0.910583
  End: M 2.47361 13161
Bub 11004 0.00341392
  Start: N 2.34278
  2.34722 973.102 0.141667 0.103333 0.741667 0.898819
  2.36111 979.209 0.134825 0.1 0.73614 0.894839
  2.36639 979.209 0.133333 0.0966667 0.735 0.927
  End: C 2.36972
Bub 11135 0.00522415
  Start: S 2.35361 11035
  2.36111 647.471 0.102984 0.182183 0.708721 0.898623
  2.36639 647.471 0.102456 0.181579 0.710175 0.91825
  2.375 654.117 0.102707 0.180947 0.712387 0.915314
  2.38889 650.585 0.0989116 0.182347 0.72017 0.885133
  2.40278 647.835 0.0979921 0.185157 0.723556 0.899257
  End: M 2.41083 11913
Bub 11201 0.00856255
  Start: M 2.35972 10912
  2.36111 422.57 0.305675 0.347717 0.728058 0.926007
  2.36639 422.57 0.305772 0.347911 0.727519 0.927927
  End: M 2.36861 11363
Bub 11212 0.0066825
  Start: N 2.36056
  2.36111 507.273 0.0603457 0.115062 0.743383 0.9212
  2.36639 507.273 0.0586645 0.114434 0.743237 0.910447
  2.375 507.993 0.055979 0.114312 0.744009 0.931728
  2.38889 516.205 0.0521082 0.112263 0.742792 0.88903
  End: M 2.39083 11736
Bub 11223 0.00310175
  Start: N 2.36111
  2.36111 1065.52 0.355 0.348333 0.708333 3.67905
  2.36639 1065.52 0.355 0.348333 0.708333 0.929537
  2.375 1071.8 0.353227 0.348333 0.70656 0.924312
  2.38889 1071.78 0.349667 0.348333 0.703 0.917592
  2.40278 1068.75 0.346667 0.347037 0.700185 0.913383
  End: C 2.40694
Bub 11230 0.00656495
  Start: M 2.36194 10953
  2.36639 556.274 0.0452995 0.068099 0.723151 0.926057
  2.375 556.274 0.0463713 0.0672679 0.720939 0.93902
  End: S 2.37889 11647 11527
Bub 11253 0.00359392
  Start: S 2.36417 11030 11045 11222
  2.36639 913.554 0.238333 0.206667 0.503333 0.970602
  End: M 2.36833 11374
Bub 11262 0.0120397
  Start: M 2.36472 11218
  2.36639 272.703 0.299294 0.192169 0.684981 0.918364
  End: S 2.36694 11371 11372
Bub 11269 0.0067881
  Start: M 2.36528 10585 10783
  2.36639 483.676 0.146001 0.126861 0.66043 0.894722
  End: M 2.3675 11581
Bub 11278 0.0126164
  Start: M 2.36583 11214
  2.36639 260.235 0.217814 0.265719 0.701171 0.928922
  End: S 2.36917 11707 11457
Bub 11283 0.0192031
  Start: M 2.36611 11030 11045 11222
  2.36639 170.975 0.216335 0.249592 0.518538 0.960654
  End: M 2.36833 11374
Bub 11284 0.0158884
  Start: M 2.36611 11196
  2.36639 206.643 0.0429554 0.172493 0.734307 0.922046
  End: M 2.36722 11368
Bub 11285 0.00725845
  Start: S 2.36639 11156
  2.36639 452.334 0.0318786 0.249518 0.683738 0.972863
  End: M 2.36667 11330
Bub 11286 0.00341392
  Start: S 2.36639 11156
  2.36639 961.722 0.0316667 0.22 0.695 0.972863
  End: M 2.36667 11330
Bub 11288 0.00637125
  Start: N 2.36639
  2.36639 515.322 0.028661 0.0702707 0.759658 0.919369
  End: M 2.36667 11301
Bub 11289 0.0057721
  Start: M 2.36639 6910 9687
  2.36639 568.813 0.341877 0.0260728 0.693218 0.931078
  End: S 2.36694 11603 11602
Bub 11301 0.0044735
  Start: N 2.3675
  2.375 751.745 0.114877 0.260432 0.749938 0.918841
  2.38889 747.055 0.1095 0.258667 0.746 0.92141
  2.40278 740.866 0.105 0.256667 0.742879 0.946714
  End: M 2.40778 11934
Bub 11323 0.00359392
  Start: S 2.36944 11253 11283
  2.375 924.498 0.238333 0.206667 0.506667 1.15726
  End: C 2.385
Bub 11330 0.00729325
  Start: S 2.37 11285 11286
  2.375 474.256 0.0325309 0.248476 0.682284 0.915529
  End: M 2.385 11553
Bub 11335 0.0037575
  Start: S 2.37056 11278
  2.375 884.691 0.153333 0.263333 0.695 0.846724
  2.38889 884.781 0.155 0.266667 0.705 0.900646
  2.40278 885.333 0.158333 0.27 0.711667 0.938855
  2.41667 880.542 0.159737 0.277281 0.71693 0.866332
  End: M 2.42278 12030
Bub 11342 0.0076934
  Start: S 2.37111 11253 11283
  2.375 455.45 0.262136 0.230275 0.487743 0.939307
  End: M 2.37528 11562
Bub 11351 0.00430127
  Start: N 2.37194
  2.375 771.831 0.0333333 0.221667 0.697917 0.85406
  End: M 2.385 11553
Bub 11363 0.0085069
  Start: M 2.37333 11201
  2.375 430.611 0.306849 0.346574 0.728411 0.902262
  End: S 2.37556 11422 11421
Bub 11368 0.0155971
  Start: M 2.37389 11284
  2.375 260.168 0.0433474 0.169936 0.736551 0.926383
  End: S 2.37639 11491 11543
Bub 11371 0.0116673
  Start: S 2.37417 11262
  2.375 317.159 0.299338 0.196271 0.690644 0.934896
  End: S 2.37667 11550 11549
Bub 11372 0.00390797
  Start: S 2.37417 11262
  2.375 853.752 0.285 0.171667 0.689444 0.882174
  2.38889 845.129 0.285 0.168333 0.698333 1.39372
  End: C 2.39111
Bub 11374 0.0187834
  Start: S 2.375 11253 11283
  2.375 190.979 0.213005 0.25239 0.524915 0.963264
  End: M 2.37528 11562
Bub 11375 0.00338201
  Start: S 2.375 11253 11283
  2.375 979.953 0.251667 0.248333 0.540143 0.963264
  End: M 2.37528 11562
Bub 11377 0.00310175
  Start: N 2.375
  2.375 1065.21 0.351667 0.0516667 0.725 2.71455
  2.38889 1071.3 0.351667 0.0533333 0.721667 0.998005
  End: C 2.39417
Bub 11399 0.00367754
  Start: N 2.37694
  2.38889 901.87 0.193667 0.196333 0.481667 0.99899
  2.40278 908.038 0.193596 0.194649 0.488333 0.905374
  2.41667 902.65 0.193 0.193667 0.495 0.958193
  2.43056 902.488 0.189815 0.193086 0.500741 0.959778
  2.44444 915.127 0.188333 0.191667 0.505 0.986611
  2.45833 901.707 0.185556 0.189861 0.509722 0.898555
  2.47222 909.294 0.183148 0.190556 0.513148 1.0005
  2.48611 901.066 0.178286 0.191573 0.520023 0.93968
  2.5 899.891 0.176845 0.190179 0.529464 0.938876
  2.51389 900.637 0.177201 0.189403 0.536761 0.954379
  End: C 2.52361
Bub 11421 0.0053039
  Start: S 2.37917 11363
  2.38889 638.082 0.302877 0.357617 0.708432 0.894453
  End: M 2.38972 11621
Bub 11422 0.00790535
  Start: S 2.37917 11363
  2.38889 446.245 0.311242 0.343277 0.732286 0.914296
  End: M 2.38972 11621
Bub 11457 0.0041571
  Start: S 2.38139 11278
  2.38889 797.95 0.173821 0.27259 0.698128 0.929274
  End: M 2.39306 11707
Bub 11491 0.0146141
  Start: S 2.38472 11368
  2.38889 276.827 0.0288669 0.154974 0.742149 0.923589
  End: M 2.39083 11736
Bub 11492 0.00310175
  Start: S 2.38472 11368
  2.38889 1065.19 0.065 0.195 0.731667 1.26386
  End: C 2.4025
Bub 11499 0.00564785
  Start: N 2.385
  2.38889 611.042 0.0302556 0.0644479 0.755368 0.914385
  End: M 2.39083 11721
Bub 11527 0.00385911
  Start: S 2.38667 11230
  2.38889 875.673 0.0471795 0.0489103 0.704679 0.87656
  End: M 2.39278 11647
Bub 11530 0.00998605
  Start: M 2.38667 10980
  2.38889 374.342 0.329007 0.0853108 0.729007 0.925874
  End: M 2.40278 12120
Bub 11537 0.00341392
  Start: N 2.38694
  2.38889 974.006 0.101667 0.185 0.783333 0.923425
  End: C 2.39
Bub 11543 0.0084865
  Start: M 2.38722 11368
  2.38889 437.86 0.102601 0.220763 0.724693 0.930036
  End: M 2.39306 11739
Bub 11549 0.00493887
  Start: S 2.38806 11371
  2.38889 675.902 0.303471 0.147569 0.66604 0.997044
  End: M 2.39639 11685
Bub 11550 0.0114831
  Start: S 2.38806 11371
  2.38889 314.617 0.300657 0.206401 0.698769 0.927813
  2.40278 314.21 0.300889 0.211596 0.704769 0.919883
  2.41667 318.419 0.300975 0.216037 0.708729 0.918831
  End: M 2.42889 12128
Bub 11553 0.00700495
  Start: S 2.38833 11330 11351
  2.38889 492.796 0.0337567 0.245579 0.679995 0.950062
  End: M 2.38972 11725
Bub 11554 0.00388369
  Start: S 2.38833 11330 11351
  2.38889 852.581 0.033805 0.219465 0.700031 0.925891
  End: M 2.38972 11725
Bub 11557 0.00591245
  Start: M 2.38833 10085
  2.38889 609.913 0.368476 0.0662121 0.672861 0.886106
  End: S 2.39056 11743 11600
Bub 11562 0.0193783
  Start: M 2.38861 11342 11374 11375
  2.38889 189.09 0.216854 0.251928 0.529943 0.954889
  End: M 2.38944 11744
Bub 11581 0.00638935
  Start: M 2.39028 11269
  2.40278 563.773 0.151059 0.131723 0.674887 0.910288
  2.41667 526.867 0.15368 0.133788 0.683983 1.09107
  2.43056 528.412 0.157139 0.130455 0.688458 0.937581
  2.44444 530.226 0.158448 0.127496 0.693818 0.914008
  2.45833 534.996 0.159985 0.124012 0.696914 0.915988
  2.47222 538.999 0.160164 0.12061 0.702143 0.900841
  2.48611 559.82 0.161298 0.118501 0.703409 0.928358
  2.5 577.232 0.160603 0.115013 0.707827 0.908994
  2.51389 594.925 0.160631 0.111509 0.710766 0.907903
  End: S 2.51528 13923 13847
Bub 11597 0.00397903
  Start: N 2.39167
  2.40278 831.208 0.290263 0.16307 0.706053 0.917832
  2.41667 834.678 0.295 0.157 0.710333 0.923399
  End: C 2.41972
Bub 11602 0.00404765
  Start: S 2.39194 11289
  2.40278 824.193 0.356667 0.0333333 0.681667 0.929754
  2.41667 825.32 0.358708 0.0357083 0.681083 0.916726
  End: M 2.43028 12451
Bub 11603 0.00461618
  Start: S 2.39194 11289
  2.40278 719.195 0.338558 0.0254869 0.69088 1.01066
  2.41667 722.549 0.337667 0.0285238 0.684524 0.93814
  2.43056 722.104 0.336685 0.0283333 0.679542 0.929686
  2.44444 721.971 0.336844 0.0282624 0.673014 0.900439
  2.45833 724.346 0.336982 0.0295946 0.666982 0.932524
  End: M 2.46583 12838
Bub 11621 0.00791125
  Start: S 2.39361 11421 11422
  2.40278 455.982 0.312173 0.345089 0.731801 0.931779
  End: M 2.41444 11921
Bub 11645 0.00390797
  Start: N 2.39472
  2.40278 847.068 0.347222 0.0538889 0.716667 0.947367
  2.41667 849.331 0.347 0.0583333 0.713 0.957598
  2.43056 848.958 0.345 0.06 0.708333 0.868194
  End: M 2.43944 12420
Bub 11647 0.006699
  Start: S 2.395 11230 11527
  2.40278 522.034 0.0507721 0.0715931 0.71663 0.933677
  2.41667 509.564 0.0560145 0.0752053 0.713804 0.913651
  2.43056 512.406 0.0589928 0.0776259 0.709376 0.920886
  2.44444 499.3 0.0617906 0.0807125 0.708048 0.923574
  End: M 2.45194 12706
Bub 11685 0.00557765
  Start: M 2.39806 7773 11549
  2.40278 621.264 0.310138 0.150138 0.6619 0.927176
  2.41667 599.589 0.308483 0.15203 0.662094 0.921641
  2.43056 611.031 0.307842 0.154274 0.661111 0.955673
  2.44444 632.251 0.308761 0.160271 0.664202 1.10439
  2.45833 626.678 0.308276 0.162155 0.666753 0.902621
  2.47222 607.998 0.309054 0.172117 0.678874 1.38781
  2.48611 597.634 0.310257 0.175763 0.684602 0.849317
  2.5 598.876 0.312008 0.183233 0.691647 0.891879
  2.51389 594.273 0.309547 0.189901 0.697561 0.89001
  2.52778 597.91 0.306829 0.193841 0.705894 0.897384
  End: M 2.53139 14019
Bub 11697 0.00310175
  Start: S 2.39917 11212 11491
  2.40278 1064.85 0.0683333 0.148333 0.728333 0.927933
  End: M 2.405 11930
Bub 11707 0.0126855
  Start: S 2.40028 11278 11457
  2.40278 303.226 0.241201 0.271466 0.728505 0.912188
  End: M 2.40611 11902
Bub 11708 0.0041571
  Start: S 2.40028 11278 11457
  2.40278 798.654 0.176436 0.274487 0.706436 0.964279
  2.41667 798.696 0.176667 0.276667 0.711667 0.895212
  End: M 2.41694 12062
Bub 11721 0.00548125
  Start: N 2.40139
  2.40278 621.281 0.0306823 0.0607271 0.75283 0.923191
  End: M 2.40306 11930
Bub 11725 0.00734825
  Start: S 2.40167 11553 11554
  2.40278 469.472 0.0339136 0.239912 0.67942 0.934021
  2.41667 478.263 0.0332189 0.235348 0.677607 0.920678
  2.43056 488.814 0.0307771 0.231045 0.675589 0.943598
  End: M 2.4375 12453
Bub 11726 0.00432109
  Start: S 2.40167 11553 11554
  2.40278 768.42 0.0297945 0.213539 0.70153 0.90322
  2.41667 776.093 0.025 0.208286 0.703873 0.84156
  2.43056 767.984 0.0184146 0.209024 0.705285 0.849582
  2.44444 774.631 0.0133333 0.212333 0.704 0.899433
  2.45833 774.631 0.0102862 0.210589 0.701195 0.805987
  End: C 2.46111
Bub 11728 0.0048308
  Start: N 2.40167
  2.40278 690.604 0.125621 0.22585 0.761307 0.929333
  2.41667 719.132 0.123333 0.228333 0.761667 0.92613
  2.43056 704.645 0.12191 0.229931 0.760417 0.912138
  End: M 2.43694 12577
Bub 11736 0.0150691
  Start: M 2.40222 11212 11491
  2.40278 253.681 0.0294821 0.144613 0.742654 0.915215
  End: S 2.40333 11930 11884
Bub 11739 0.0103975
  Start: M 2.4025 10950 11543
  2.40278 339.605 0.104259 0.24385 0.719208 0.913653
  End: S 2.40306 11934 11913
Bub 11742 0.0044735
  Start: S 2.40278 9994 11557
  2.40278 744.809 0.358086 0.0704321 0.68072 1.10494
  End: M 2.40389 11901
Bub 11743 0.00489314
  Start: S 2.40278 9994 11557
  2.40278 738.121 0.375346 0.0485535 0.689906 1.10494
  End: M 2.40417 11904
Bub 11744 0.0195388
  Start: M 2.40278 11562
  2.40278 188.169 0.216354 0.252879 0.537225 0.951889
  End: S 2.40306 12082 11897
Bub 11775 0.0052908
  Start: N 2.40444
  2.41667 650.297 0.0308706 0.0561692 0.750821 0.926567
  End: M 2.42083 12005
Bub 11884 0.00548125
  Start: M 2.4125 11697 11736
  2.41667 654.071 0.0236801 0.152136 0.677774 0.925054
  End: S 2.42194 12908 12912
Bub 11901 0.00644305
  Start: M 2.41361 8192 11742
  2.41667 572.283 0.345317 0.0723278 0.682906 0.89495
  End: M 2.42361 12158
Bub 11902 0.0127312
  Start: M 2.41361 11707
  2.41667 308.504 0.247542 0.275621 0.736282 0.918214
  End: M 2.41694 12062
Bub 11904 0.00478297
  Start: M 2.41389 11743
  2.41667 747.68 0.374697 0.0475253 0.681667 1.1989
  End: S 2.42806 12451 12387
Bub 11913 0.0077429
  Start: S 2.41444 11135 11739
  2.41667 455.508 0.103556 0.219341 0.728603 0.957665
  2.43056 455.355 0.103352 0.221828 0.732172 0.90039
  End: S 2.43472 12577 12706
Bub 11914 0.0053429
  Start: S 2.41444 11135 11739
  2.41667 634.778 0.0981884 0.186932 0.726063 0.966823
  2.43056 631.183 0.098619 0.188143 0.733381 0.917749
  2.44444 622.166 0.0952141 0.189618 0.739862 0.91089
  2.45833 623.002 0.0941333 0.193133 0.743033 0.898156
  End: C 2.47194
Bub 11915 0.0170986
  Start: M 2.41444 9965
  2.41667 230.792 0.205452 0.223645 0.45417 0.953656
  End: S 2.41806 12323 12145
Bub 11921 0.0080444
  Start: M 2.41472 11621
  2.41667 458.141 0.313089 0.345524 0.730265 0.908285
  End: M 2.42306 12098
Bub 11930 0.014564
  Start: N 2.41556
  2.41667 252.329 0.0287531 0.137056 0.745587 0.911707
  End: M 2.41694 12157
Bub 11934 0.0085776
  Start: S 2.41611 11301 11739
  2.41667 416.582 0.107113 0.270733 0.711976 0.909896
  End: M 2.41806 12116
Bub 11935 0.00424068
  Start: S 2.41611 11301 11739
  2.41667 782.609 0.0871739 0.247174 0.72558 0.915805
  End: M 2.41806 12116
Bub 11938 0.00395562
  Start: N 2.41639
  2.41667 837.775 0.1 0.116667 0.766667 0.915213
  2.43056 847.159 0.0994444 0.111111 0.761667 0.974482
  2.44444 839.25 0.0963725 0.10951 0.756961 0.99913
  2.45833 846.303 0.0928333 0.1075 0.753833 0.916597
  End: C 2.46722
Bub 11940 0.00451002
  Start: S 2.41667 11744
  2.41667 738.475 0.254478 0.245281 0.564116 0.946681
  End: M 2.41694 12082
Bub 11951 0.0063803
  Start: M 2.41722 7391 9662
  2.43056 542.809 0.0714681 0.352518 0.728617 0.902037
  End: M 2.43806 12577
Bub 12005 0.00548125
  Start: N 2.42167
  2.43056 629.681 0.0320694 0.0528076 0.746857 0.924658
  End: M 2.43139 12577
Bub 12030 0.0041571
  Start: S 2.42333 11335 11708 11902
  2.43056 799.998 0.179769 0.277821 0.716436 0.910921
  End: M 2.43917 12425
Bub 12031 0.0037575
  Start: S 2.42333 11335 11708 11902
  2.43056 884.949 0.163333 0.285 0.72 0.910331
  End: M 2.43917 12425
Bub 12061 0.00755395
  Start: S 2.425 11708 11902
  2.43056 488.004 0.200436 0.278786 0.708111 0.961667
  End: S 2.43194 12210 12209
Bub 12062 0.01167
  Start: S 2.425 11708 11902
  2.43056 316.168 0.260909 0.278632 0.748609 0.916299
  End: C 2.44083
Bub 12082 0.0196778
  Start: M 2.42639 11744 11940
  2.43056 189.145 0.213871 0.252907 0.553421 0.946467
  End: M 2.43806 12452
Bub 12098 0.0080158
  Start: M 2.42722 11921
  2.43056 441.845 0.313984 0.347396 0.73015 0.905928
  End: S 2.43083 12191 12438
Bub 12100 0.00341392
  Start: N 2.42722
  2.43056 975.191 0.345 0.375 0.67 1.12218
  2.44444 969.017 0.347222 0.376667 0.667222 0.931954
  End: C 2.44917
Bub 12116 0.00833015
  Start: S 2.42861 11934 11935
  2.43056 423.345 0.10609 0.272368 0.714178 0.905821
  End: M 2.43278 12377
Bub 12117 0.00417831
  Start: S 2.42861 11934 11935
  2.43056 806.429 0.0804545 0.250758 0.719848 0.939306
  End: M 2.43278 12377
Bub 12120 0.00977085
  Start: S 2.42861 11530
  2.43056 383.91 0.332445 0.0905727 0.736272 0.893425
  End: S 2.43167 12420 12388
Bub 12128 0.012502
  Start: M 2.42889 10854 11550
  2.43056 304.386 0.295309 0.221957 0.718495 0.922062
  End: M 2.43333 12395
Bub 12145 0.00417831
  Start: S 2.43028 11915
  2.43056 792.624 0.244394 0.256919 0.519646 0.942129
  End: M 2.43139 12323
Bub 12148 0.00441757
  Start: S 2.43056 10747 11884
  2.43056 752.673 0.025 0.161667 0.67 0.97664
  2.44444 760.99 0.0275 0.160833 0.665417 0.909877
  End: M 2.445 12705
Bub 12150 0.00468432
  Start: S 2.43056 10915
  2.43056 712.293 0.170054 0.0153943 0.6631 0.912748
  End: M 2.43111 12373
Bub 12151 0.00610625
  Start: S 2.43056 10915
  2.43056 537.686 0.180728 0.0122816 0.688091 0.912748
  End: M 2.43111 12373
Bub 12152 0.00341392
  Start: S 2.43056 5972
  2.43056 971.883 0.0333333 0.328333 0.711667 0.987632
  End: M 2.43083 12439
Bub 12153 0.00479902
  Start: S 2.43056 5972
  2.43056 708.155 0.0431667 0.3344 0.733267 0.987632
  End: M 2.43083 12439
Bub 12155 0.00411402
  Start: S 2.43056 11602 11904
  2.43056 811.597 0.360714 0.0364286 0.679286 0.977088
  End: M 2.43111 12451
Bub 12157 0.00310175
  Start: N 2.43056
  2.43056 1065.24 0.025 0.211667 0.785 0.911959
  End: M 2.4325 12577
Bub 12158 0.0072092
  Start: M 2.43056 10807 11901
  2.43056 525.584 0.327802 0.0702704 0.68439 0.914673
  End: M 2.43333 12213
Bub 12172 0.00541925
  Start: N 2.43167
  2.44444 633.957 0.0315972 0.0485417 0.743495 0.917294
  2.45833 635.699 0.0297396 0.0445052 0.741771 0.908625
  End: M 2.46333 12908
Bub 12191 0.0069214
  Start: S 2.43278 12098
  2.44444 494.497 0.317189 0.359589 0.738078 0.918484
  2.45833 505.052 0.319378 0.361821 0.736925 0.917132
  2.47222 498.722 0.320401 0.36183 0.739211 0.906929
  2.48611 503.621 0.322127 0.36349 0.739745 0.898261
  2.5 515.442 0.325195 0.366138 0.740828 0.923019
  End: S 2.51361 13672 13671
Bub 12209 0.0050279
  Start: S 2.43361 12061
  2.44444 669.351 0.194333 0.265667 0.70242 0.912708
  End: M 2.45111 12698
Bub 12210 0.0055539
  Start: S 2.43361 12061
  2.44444 599.957 0.200677 0.286656 0.719 0.978764
  End: S 2.44694 12698 12656
Bub 12213 0.0069214
  Start: M 2.43361 12158
  2.44444 541.792 0.321022 0.0713667 0.682978 0.910601
  End: M 2.445 12529
Bub 12233 0.00409214
  Start: N 2.43472
  2.44444 814.005 0.0169892 0.246183 0.581452 0.901875
  2.45833 811.921 0.015 0.249894 0.580106 0.80604
  End: C 2.46722
Bub 12269 0.00459882
  Start: S 2.43694 10747 11884
  2.44444 723.844 0.0307955 0.141477 0.668447 0.913655
  End: M 2.445 12705
Bub 12323 0.0171576
  Start: M 2.43944 11915 12145
  2.44444 232.078 0.210398 0.229318 0.468747 0.960191
  2.45833 233.193 0.210381 0.230863 0.47656 0.956992
  2.47222 236.238 0.210664 0.23127 0.48526 0.953368
  End: C 2.48611
Bub 12353 0.00367754
  Start: N 2.44056
  2.44444 916.004 0.0283333 0.265 0.751667 0.952015
  2.45833 904.972 0.0207576 0.267121 0.745758 0.919263
  End: C 2.46
Bub 12377 0.00887275
  Start: M 2.44139 12116 12117
  2.44444 409.973 0.101282 0.274251 0.711957 0.925826
  End: M 2.44611 12484
Bub 12387 0.00452806
  Start: S 2.44167 11602 11904 12155
  2.44444 731.573 0.366548 0.0578175 0.671706 0.915046
  2.45833 736.894 0.365436 0.0601402 0.666776 0.909774
  2.47222 739.15 0.365969 0.0610465 0.661977 0.915833
  End: M 2.47778 13077
Bub 12388 0.00576105
  Start: S 2.44167 11645 12120
  2.44444 665.395 0.335366 0.071262 0.711686 0.913748
  2.45833 631.666 0.332718 0.073555 0.70968 0.980744
  2.47222 618.578 0.331069 0.0746558 0.706232 0.898684
  2.48611 579.342 0.328963 0.0790793 0.705047 0.891077
  2.5 585.939 0.328706 0.0796154 0.702902 0.901747
  2.51389 583.762 0.325276 0.0803503 0.702813 0.911794
  End: M 2.52528 13927
Bub 12389 0.00458134
  Start: S 2.44167 11645 12120
  2.44444 742.066 0.315575 0.0983333 0.727874 0.899803
  2.45833 736.782 0.313939 0.0983333 0.729545 0.971631
  2.47222 756.487 0.311157 0.0962941 0.730647 0.897255
  End: M 2.47667 13102
Bub 12395 0.0124595
  Start: M 2.44194 12128
  2.44444 307.64 0.295958 0.225076 0.722371 0.91956
  End: M 2.44972 12695
Bub 12420 0.0084916
  Start: M 2.44278 11645 12120
  2.44444 402.544 0.34154 0.0941937 0.74728 0.907124
  2.45833 393.217 0.343983 0.0908945 0.749801 0.911828
  End: M 2.46278 12908
Bub 12425 0.00495393
  Start: M 2.44306 12030 12031
  2.44444 734.919 0.174606 0.285 0.722455 0.913126
  End: M 2.45111 12698
Bub 12432 0.0069596
  Start: N 2.44333
  2.44444 484.522 0.101219 0.216956 0.741754 0.898798
  End: M 2.44528 12577
Bub 12438 0.00586995
  Start: M 2.44361 12098
  2.44444 592.348 0.312778 0.324235 0.708206 0.916771
  End: M 2.44889 12572
Bub 12439 0.0060058
  Start: M 2.44361 12152 12153
  2.44444 581.451 0.0373639 0.33381 0.719218 0.901599
  End: M 2.45139 12623
Bub 12450 0.00367754
  Start: N 2.44417
  2.44444 904.046 0.0216667 0.213 0.783667 0.909174
  End: M 2.45667 12704
Bub 12451 0.0049689
  Start: M 2.44417 11602 11904 12155
  2.44444 672.921 0.371036 0.036982 0.67509 0.931033
  End: M 2.44472 12602
Bub 12452 0.0196368
  Start: M 2.44444 12082
  2.44444 191.165 0.213148 0.252411 0.561667 0.945232
  End: M 2.44556 12601
Bub 12453 0.00721625
  Start: M 2.44444 11725
  2.44444 505.132 0.0287451 0.227892 0.673431 0.931505
  End: S 2.45 12701 12702
Bub 12484 0.00397903
  Start: S 2.44611 12377
  2.45833 842.744 0.0753509 0.253596 0.708333 0.942206
  2.47222 847.961 0.0778947 0.253289 0.704912 0.906942
  End: C 2.4725
Bub 12529 0.0061939
  Start: S 2.44861 12213
  2.45833 557.446 0.308194 0.0698992 0.685713 0.930785
  2.47222 551.98 0.30512 0.0721151 0.684821 0.940863
  2.48611 542.855 0.304112 0.0730235 0.685251 0.931444
  2.5 541.593 0.303441 0.0740054 0.686129 0.894223
  2.51389 547.237 0.302548 0.0754215 0.685485 0.908061
  End: M 2.52528 13927
Bub 12601 0.0196061
  Start: M 2.45222 12452
  2.45833 190.736 0.211911 0.251413 0.57258 0.942864
  End: S 2.45861 12874 12852
Bub 12602 0.00495393
  Start: M 2.45222 12451
  2.45833 733.158 0.370667 0.0368182 0.673121 0.930484
  2.47222 673.942 0.365874 0.0422168 0.673091 0.895623
  End: M 2.47778 13077
Bub 12623 0.0055419
  Start: M 2.45306 12439
  2.45833 629.746 0.0365584 0.332987 0.712597 0.910425
  End: M 2.47194 12913
Bub 12642 0.0037575
  Start: N 2.45389
  2.45833 884.569 0.0966667 0.0516667 0.736667 0.897181
  End: C 2.45944
Bub 12656 0.0051279
  Start: S 2.455 12209 12210 12425
  2.45833 656.962 0.193115 0.262896 0.705984 0.895472
  End: M 2.46417 12819
Bub 12662 0.00310175
  Start: N 2.45528
  2.45833 1065.32 0.238333 0.301667 0.741667 0.805347
  2.47222 1070.01 0.240455 0.305 0.74303 0.877197
  2.48611 1071.65 0.243 0.309667 0.741667 0.902843
  End: C 2.49667
Bub 12672 0.00306297
  Start: S 2.45611 12209 12210 12425
  2.45833 1079.09 0.168462 0.298462 0.724872 0.908473
  End: C 2.45861
Bub 12687 0.00402503
  Start: S 2.4575 12209 12210 12425
  2.45833 829.879 0.205565 0.29935 0.699972 0.823051
  2.47222 822.42 0.207222 0.300556 0.699444 1.03867
  End: C 2.48556
Bub 12695 0.0127832
  Start: M 2.45778 12395
  2.45833 296.644 0.295861 0.230369 0.728409 0.905885
  End: M 2.46028 12836
Bub 12698 0.0067235
  Start: M 2.45806 12209 12210 12425
  2.45833 509.597 0.19637 0.28523 0.724624 0.899712
  End: M 2.45889 12889
Bub 12701 0.00663265
  Start: S 2.45833 12453
  2.45833 519.016 0.0235101 0.218775 0.671364 0.934709
  End: M 2.45861 12776
Bub 12702 0.00426107
  Start: S 2.45833 12453
  2.45833 779.401 0.0365238 0.247905 0.669571 0.934709
  End: M 2.45861 12776
Bub 12704 0.00468432
  Start: N 2.45833
  2.45833 714.07 0.0366129 0.0880108 0.747796 0.9032
  End: C 2.45861
Bub 12705 0.0060363
  Start: M 2.45833 12148 12269
  2.45833 583.383 0.0296901 0.151884 0.662203 0.935111
  End: S 2.46056 12792 12793
Bub 12706 0.0076243
  Start: N 2.45833
  2.45833 507.331 0.0652909 0.0766542 0.714568 0.915412
  End: C 2.45889
Bub 12746 0.00367754
  Start: N 2.46056
  2.47222 915.42 0.015 0.271667 0.741667 0.887014
  End: C 2.47556
Bub 12776 0.0070423
  Start: S 2.4625 12701 12702
  2.47222 510.633 0.0201793 0.21692 0.670802 0.870099
  2.48611 510.633 0.0164567 0.215381 0.669081 0.923678
  End: M 2.48806 13444
Bub 12777 0.00441757
  Start: S 2.4625 12701 12702
  2.47222 762.872 0.0344444 0.243675 0.663376 0.888765
  2.48611 753.802 0.0366667 0.238333 0.656667 0.901396
  End: M 2.48806 13444
Bub 12787 0.0065046
  Start: N 2.46306
  2.47222 524.791 0.0701539 0.3499 0.725254 0.903224
  End: C 2.47528
Bub 12793 0.00463341
  Start: S 2.46333 12705
  2.47222 740.425 0.0317778 0.161667 0.660111 0.919046
  2.48611 746.228 0.0367708 0.161667 0.659792 0.914728
  2.5 745.23 0.0403333 0.161667 0.659952 0.93105
  End: M 2.51 13624
Bub 12818 0.0048308
  Start: S 2.46472 4221 12656
  2.47222 686.231 0.204608 0.275588 0.688725 0.91719
  End: M 2.47472 13126
Bub 12819 0.00518335
  Start: S 2.46472 4221 12656
  2.47222 643.712 0.191005 0.26373 0.709206 0.900548
  End: M 2.47472 13126
Bub 12836 0.0126695
  Start: S 2.46583 12695
  2.47222 296.226 0.295502 0.234808 0.735587 0.911171
  End: S 2.48028 13179 13052
Bub 12838 0.00573875
  Start: M 2.46583 10806 11603
  2.47222 636.748 0.330673 0.0344737 0.655643 0.944728
  2.48611 608.295 0.333378 0.0318018 0.653694 1.07181
  End: M 2.49889 13476
Bub 12852 0.00463341
  Start: S 2.4675 12601
  2.47222 729.257 0.280778 0.222333 0.529889 0.905075
  2.48611 726.412 0.280545 0.218201 0.532096 0.935767
  End: C 2.49361
Bub 12874 0.0194438
  Start: M 2.46917 12601
  2.47222 192.962 0.211241 0.250004 0.58759 0.93279
  End: S 2.4725 13450 13458
Bub 12877 0.00602615
  Start: N 2.46944
  2.47222 567.327 0.0496801 0.132845 0.699899 0.889686
  End: M 2.47306 13071
Bub 12879 0.00441757
  Start: N 2.46944
  2.47222 767.293 0.0326923 0.0819231 0.744615 0.884694
  End: M 2.47333 13146
Bub 12889 0.00663265
  Start: M 2.47 12698
  2.47222 524.888 0.19673 0.288611 0.728093 0.901507
  2.48611 524.671 0.19376 0.290882 0.731488 0.881029
  End: M 2.49194 13467
Bub 12892 0.0042201
  Start: N 2.47028
  2.47222 785.927 0.0368627 0.102059 0.716765 0.722639
  End: C 2.47528
Bub 12902 0.00390797
  Start: N 2.47139
  2.47222 853.627 0.0283333 0.181667 0.713889 0.9222
  End: C 2.47667
Bub 12908 0.007749
  Start: N 2.47194
  2.47222 487.718 0.0657997 0.0750792 0.716576 0.900477
  2.48611 485.446 0.06144 0.0708522 0.719055 0.878126
  2.5 480.465 0.0578502 0.0636473 0.721369 0.881374
  End: S 2.50222 13667 13666
Bub 12911 0.0052908
  Start: N 2.47222
  2.47222 642.274 0.0278607 0.0401493 0.741766 0.899541
  End: C 2.47417
Bub 12912 0.00669075
  Start: N 2.47222
  2.47222 559.506 0.0956396 0.207189 0.749059 0.899541
  End: M 2.47278 13146
Bub 12974 0.00367754
  Start: N 2.47611
  2.48611 902.186 0.0116667 0.280333 0.733667 0.938391
  End: C 2.48972
Bub 12987 0.00395562
  Start: S 2.47694 12874
  2.48611 846.052 0.253155 0.23869 0.598393 1.01103
  2.5 848.58 0.252179 0.232564 0.608462 0.901883
  2.51389 836.319 0.246587 0.226746 0.613254 0.850394
  End: M 2.52278 13920
Bub 13052 0.00501325
  Start: S 2.48028 12836
  2.48611 671.606 0.307164 0.207018 0.707924 0.909859
  End: C 2.48667
Bub 13093 0.00383421
  Start: N 2.48194
  2.48611 865.766 0.0371569 0.103039 0.716373 0.753134
  End: C 2.49611
Bub 13102 0.00475054
  Start: M 2.48222 12389
  2.48611 734.4 0.310395 0.0959278 0.728918 0.880688
  End: M 2.49417 13477
Bub 13112 0.00388369
  Start: S 2.48278 12874
  2.48611 853.374 0.173931 0.269969 0.546069 0.905214
  End: C 2.48639
Bub 13115 0.00424068
  Start: S 2.48306 9980
  2.48611 783.875 0.379493 0.321087 0.693261 0.885823
  End: M 2.48694 13353
Bub 13116 0.0050997
  Start: S 2.48306 9980
  2.48611 676.103 0.385 0.321917 0.715583 0.942937
  End: M 2.48694 13353
Bub 13136 0.00367754
  Start: N 2.48417
  2.48611 904.537 0.015 0.103 0.703667 0.960978
  End: M 2.48806 13481
Bub 13146 0.00732085
  Start: N 2.48472
  2.48611 463.337 0.347085 0.0870376 0.752465 0.93015
  End: C 2.48639
Bub 13161 0.00608645
  Start: M 2.48528 8081 10995
  2.48611 551.232 0.230556 0.143873 0.684199 0.849514
  End: M 2.48639 13357
Bub 13162 0.00643415
  Start: N 2.48528
  2.48611 562.372 0.09287 0.209578 0.75186 0.903665
  End: M 2.48722 13278
Bub 13168 0.00692905
  Start: N 2.48556
  2.48611 580.176 0.0141473 0.146406 0.721323 0.870405
  End: S 2.48694 13289 13290
Bub 13174 0.00397903
  Start: S 2.48611 12874
  2.48611 839.961 0.210263 0.271316 0.585 0.929949
  End: M 2.48806 13458
Bub 13176 0.00722335
  Start: N 2.48611
  2.48611 454.532 0.0204936 0.103299 0.730406 0.896737
  End: S 2.48639 13481 13414
Bub 13177 0.0055057
  Start: N 2.48611
  2.48611 615.063 0.126214 0.0418212 0.743896 0.896737
  End: C 2.48639
Bub 13178 0.00310175
  Start: N 2.48611
  2.48611 1066.11 0.0616667 0.385 0.751667 0.896737
  End: C 2.48639
Bub 13179 0.0121604
  Start: M 2.48611 12836
  2.48611 305.232 0.295369 0.241775 0.745656 0.918489
  End: C 2.48667
Bub 13180 0.00310175
  Start: N 2.48611
  2.48611 1065.17 0.208333 0.305 0.701667 2.50313
  2.5 1071.37 0.208333 0.306667 0.701667 0.907659
  End: C 2.50111
Bub 13278 0.00661585
  Start: M 2.48972 13162
  2.5 537.253 0.0896438 0.212125 0.752723 0.901488
  End: M 2.50139 13507
Bub 13357 0.00592295
  Start: M 2.49333 13161
  2.5 627.572 0.233191 0.143067 0.690727 0.890149
  2.51389 608.177 0.236122 0.144043 0.69637 0.90884
  2.52778 623.817 0.239057 0.143047 0.703081 0.922657
  End: S 2.52972 14319 14020
Bub 13378 0.00341392
  Start: N 2.49417
  2.5 975.136 0.065 0.325 0.736667 0.848236
  End: C 2.50833
Bub 13414 0.00605645
  Start: N 2.49611
  2.5 564.988 0.0656799 0.351302 0.727123 0.882801
  End: C 2.5125
Bub 13429 0.00434074
  Start: S 2.49667 12874
  2.5 762.81 0.206532 0.272252 0.591622 0.943497
  End: M 2.50111 13685
Bub 13444 0.00736185
  Start: M 2.49722 12776 12777
  2.5 461.229 0.0225162 0.223089 0.664187 0.910871
  End: M 2.51083 13642
Bub 13450 0.0187194
  Start: S 2.49778 12874
  2.5 187.004 0.205296 0.248559 0.625643 0.924307
  End: M 2.50083 13685
Bub 13458 0.0175372
  Start: M 2.49806 12874 13174
  2.5 244.437 0.219666 0.245693 0.518716 0.944205
  End: S 2.50111 13682 13684
Bub 13462 0.00470105
  Start: S 2.49833 12874
  2.5 708.151 0.27805 0.213333 0.536454 0.906209
  End: M 2.5025 13657
Bub 13463 0.00367754
  Start: S 2.49833 12874
  2.5 903.996 0.260333 0.213 0.551667 1.01589
  End: C 2.50111
Bub 13464 0.00417831
  Start: S 2.49833 12874
  2.5 796.028 0.247576 0.217121 0.565909 0.895992
  End: M 2.50528 13657
Bub 13468 0.0125653
  Start: N 2.49861
  2.5 293.259 0.297806 0.241253 0.746474 0.890687
  End: S 2.50028 13636 13678
Bub 13476 0.00586995
  Start: M 2.49944 12838
  2.5 609.225 0.333525 0.0344536 0.648607 0.90554
  End: S 2.50194 13580 13579
Bub 13477 0.0053558
  Start: M 2.49944 13102
  2.5 685.555 0.309964 0.093801 0.727974 0.872279
  End: S 2.50167 13505 13506
Bub 13481 0.006952
  Start: N 2.5
  2.5 523.303 0.0202412 0.100757 0.72398 0.880504
  End: S 2.51222 13654 13653
Bub 13506 0.0037575
  Start: S 2.50167 13477
  2.51389 885.629 0.32 0.0866667 0.731667 0.89591
  End: C 2.52056
Bub 13507 0.00660745
  Start: M 2.50167 13278
  2.51389 539.978 0.0872605 0.217746 0.754515 0.876371
  End: M 2.5175 13898
Bub 13516 0.0052376
  Start: N 2.50194
  2.51389 639.891 0.160923 0.238359 0.772744 0.897516
  End: M 2.51778 13898
Bub 13603 0.00341392
  Start: N 2.50889
  2.51389 974.025 0.0616667 0.326667 0.738333 0.899853
  End: C 2.51667
Bub 13624 0.00459882
  Start: M 2.51028 12793
  2.51389 778.723 0.0427273 0.161667 0.660265 0.933274
  End: M 2.51444 13698
Bub 13636 0.00660745
  Start: N 2.51083
  2.51389 542.48 0.310888 0.225473 0.718436 0.90901
  End: M 2.52278 13830
Bub 13642 0.0069137
  Start: M 2.51111 13444
  2.51389 489.929 0.020262 0.220128 0.664376 0.908198
  End: M 2.51417 13921
Bub 13653 0.0044735
  Start: S 2.51222 13481
  2.51389 748.916 0.016358 0.0845062 0.705988 0.910409
  End: M 2.515 13869
Bub 13654 0.00578315
  Start: S 2.51222 13481
  2.51389 586.12 0.0240286 0.0998571 0.7278 0.889397
  End: M 2.515 13869
Bub 13678 0.0042201
  Start: N 2.51361
  2.51389 787.457 0.143775 0.0745098 0.753333 0.733966
  End: C 2.51472
Bub 13681 0.00310175
  Start: N 2.51389
  2.51389 1065.29 0.0116667 0.128333 0.745 0.895336
  End: C 2.51833
Bub 13682 0.0140753
  Start: S 2.51389 13458
  2.51389 256.318 0.242515 0.273865 0.569826 0.940778
  End: M 2.51556 13920
Bub 13683 0.00404765
  Start: S 2.51389 13458
  2.51389 817.21 0.233 0.277 0.543333 0.940778
  End: C 2.52194
Bub 13684 0.013522
  Start: M 2.51389 13458
  2.51389 321.365 0.201112 0.220193 0.492625 0.951649
  End: S 2.51417 13925 13883
Bub 13685 0.0188136
  Start: M 2.51389 13429 13450
  2.51389 179.474 0.20328 0.246329 0.638526 0.919137
  End: M 2.51556 13920
Bub 13788 0.00507125
  Start: N 2.52083
  2.52778 663.477 0.0625424 0.351525 0.726667 0.90359
  End: C 2.53056
Bub 13830 0.00661585
  Start: M 2.52306 13636
  2.52778 541.599 0.313601 0.22383 0.722023 0.900091
  End: M 2.53139 14019
Bub 13847 0.00539405
  Start: M 2.52361 11581
  2.52778 668.265 0.174202 0.115047 0.705 0.908907
  End: M 2.52944 13975
Bub 13863 0.00310175
  Start: N 2.52444
  2.52778 1065.09 0.0316667 0.325 0.728333 0.877354
  End: C 2.52917
Bub 13868 0.00441757
  Start: S 2.525 13653 13654
  2.52778 760.461 0.0162821 0.077735 0.699231 0.921785
  End: M 2.53139 14007
Bub 13869 0.00613575
  Start: S 2.525 13653 13654
  2.52778 563.921 0.0223684 0.0940909 0.723565 0.897447
  End: M 2.53139 14007
Bub 13883 0.010308
  Start: S 2.52583 13684
  2.52778 376.879 0.217957 0.179312 0.487314 0.942837
  End: M 2.52861 13954
Bub 13897 0.00341392
  Start: N 2.52667
  2.52778 975.068 0.07 0.208333 0.745 0.906743
  End: C 2.52972
Bub 13898 0.0059019
  Start: N 2.52667
  2.52778 583.831 0.0886738 0.224534 0.757151 0.936665
  End: M 2.5325 14023
Bub 13915 0.00356517
  Start: N 2.52722
  2.52778 931.621 0.221667 0.239959 0.526789 0.704556
  End: C 2.52833
Bub 13920 0.0211483
  Start: M 2.5275 12987 13682 13685
  2.52778 160.436 0.210434 0.248349 0.636416 0.924298
  End: M 2.52833 14017
Bub 13921 0.00763065
  Start: M 2.5275 13642
  2.52778 453.817 0.0206799 0.219677 0.662488 0.87548
  End: S 2.52861 13986 13985
Bub 13923 0.0058051
  Start: N 2.52778
  2.52778 620.331 0.141497 0.0973164 0.734718 0.895999
  End: C 2.52806
Bub 13925 0.0106599
  Start: S 2.52778 13684
  2.52778 369.004 0.180639 0.252591 0.503002 0.939057
  End: M 2.52806 13994
Bub 13926 0.0041571
  Start: S 2.52778 13684
  2.52778 814 0.199513 0.248333 0.529615 0.939057
  End: M 2.52806 13994
Bub 13927 0.0080953
  Start: M 2.52778 12388 12529
  2.52778 423.31 0.31109 0.0793194 0.694375 0.87753
  End: M 2.52861 14024
Bub 9269 0.00397903
  Start: S 2.22194 8916
  2.22222 840.414 0.0146491 0.309737 0.725 0.903952
  2.23611 832.205 0.0138889 0.310556 0.72 0.91002
  2.25 834.311 0.0136667 0.311933 0.716733 0.886988
  2.26389 831.097 0.0133333 0.313333 0.713333 0.901032
  2.27778 835.21 0.0128788 0.315303 0.709697 0.917216
  2.29167 835.358 0.0132609 0.317754 0.706159 0.916199
  2.30556 835.302 0.0128788 0.318636 0.70303 0.923624
  2.31944 842.409 0.0116667 0.318667 0.701833 0.922491
  2.33333 839.034 0.0116667 0.321667 0.696667 0.998772
  2.34722 842.739 0.0116667 0.324444 0.692778 0.931474
  2.36111 839.247 0.0116667 0.325 0.69 0.957646
  2.36639 839.247 0.0116667 0.324848 0.68803 0.934094
  2.375 840.791 0.0116667 0.324804 0.686373 0.918799
  2.38889 834.342 0.0116667 0.326667 0.68 0.947438
  2.40278 960.403 0.0107576 0.32803 0.676667 0.931765
  2.41667 960.403 0.0123958 0.328229 0.67026 0.86718
  2.43056 838.792 0.0116667 0.327857 0.666369 0.939352
  2.44444 837.542 0.0116667 0.328333 0.66 0.964545
  2.45833 840.242 0.0116667 0.32693 0.655351 0.924903
  2.47222 840.618 0.0116667 0.32693 0.652018 0.926633
  2.48611 841.361 0.0116667 0.32693 0.648684 0.924737
  2.5 848.565 0.0116667 0.326667 0.646667 0.926087
  2.51389 836.073 0.0125758 0.327121 0.645758 0.934707
  2.52778 842.728 0.0132051 0.329359 0.644359 0.888223
  2.53306 842.728 0.0130952 0.329286 0.642619 0.934075
  2.54167 838.8 0.0130952 0.329286 0.642619 0.925727
  2.55556 836.292 0.0129487 0.330231 0.642026 1.0292
  2.56944 831.048 0.016746 0.333254 0.643413 0.919226
  2.58333 832.328 0.0183333 0.336667 0.643788 0.905625
  2.59722 835.383 0.0185021 0.338966 0.643987 0.84705
  2.61111 836.132 0.0170635 0.341508 0.643889 0.950109
  2.625 834.324 0.0183333 0.345 0.643333 0.977036
  2.63889 841.04 0.0194444 0.348333 0.642222 0.888118
  End: M 2.65278 15946
Bub 9270 0.00395562
  Start: S 2.22194 8916
  2.22222 847.133 0.00666667 0.30119 0.743333 0.906371
  2.23611 847.133 0.00766667 0.303333 0.739 0.917727
  2.25 847.133 0.00806667 0.304467 0.736333 0.896389
  2.26389 836.919 0.00818182 0.306515 0.735909 0.89143
  2.27778 836.919 0.00816384 0.308785 0.731836 0.904407
  2.29167 838.51 0.00978261 0.309928 0.728043 0.885303
  2.30556 838.51 0.00924242 0.312879 0.724848 0.948742
  2.31944 841.967 0.010671 0.316948 0.723918 0.909231
  2.33333 842.481 0.0113922 0.319941 0.719941 0.912013
  2.34722 845.176 0.0107971 0.322971 0.716739 0.923679
  2.36111 834.079 0.00956621 0.325822 0.713995 0.916222
  2.36639 834.079 0.00838542 0.32901 0.71401 0.9255
  2.375 852.193 0.00871981 0.329734 0.710845 0.928437
  2.38889 852.193 0.00812821 0.332538 0.707821 0.909334
  2.40278 847.613 0.00833333 0.336609 0.70477 0.927891
  2.41667 847.613 0.0095679 0.33784 0.697716 0.912963
  2.43056 843.841 0.00941176 0.340245 0.694118 0.921002
  2.44444 843.841 0.00971429 0.343048 0.688333 0.936208
  2.45833 843.248 0.00972222 0.343611 0.684306 0.915657
  2.47222 843.248 0.0097032 0.346735 0.681256 0.918641
  2.48611 1017.18 0.00966667 0.347 0.676667 0.969844
  2.5 841.05 0.0080303 0.347121 0.673333 0.947239
  2.51389 1022.7 0.00981061 0.348902 0.671326 0.915712
  2.52778 843.924 0.0102564 0.349615 0.669359 0.91746
  2.53306 843.924 0.00995098 0.350098 0.668137 0.916985
  2.54167 837.557 0.00979798 0.350152 0.667828 0.919263
  2.55556 841.426 0.0113374 0.351996 0.665658 0.921514
  2.56944 841.426 0.0112667 0.3522 0.6638 0.915422
  2.58333 841.005 0.0104545 0.352792 0.664048 0.903901
  2.59722 841.005 0.00742938 0.352175 0.665508 0.938134
  2.61111 841.005 0.00816017 0.352619 0.664784 0.933686
  2.625 842.331 0.00822917 0.351823 0.664427 0.904917
  2.63889 842.331 0.00934524 0.353155 0.662976 0.93153
  End: M 2.65278 15946
Bub 9478 0.0051696
  Start: N 2.23167
  2.23611 646.505 0.11108 0.34796 0.733053 0.921617
  2.25 656.998 0.112133 0.348933 0.731533 0.898559
  2.26389 648.092 0.109874 0.350378 0.732031 0.935452
  2.27778 642.985 0.110783 0.34988 0.730161 0.875936
  2.29167 649.481 0.113095 0.353065 0.729464 0.934481
  2.30556 641.355 0.114835 0.35368 0.729257 0.963179
  2.31944 641.787 0.114249 0.354601 0.72892 0.906092
  2.33333 641.961 0.113829 0.355338 0.729527 0.911961
  2.34722 642.479 0.114396 0.355542 0.728958 0.905547
  2.36111 647.54 0.11515 0.356203 0.72916 0.941401
  2.36639 647.54 0.11461 0.356051 0.729384 0.952797
  2.375 648.244 0.115571 0.356643 0.729095 0.906149
  2.38889 652.305 0.115 0.358333 0.729889 0.922146
  2.40278 656.848 0.112752 0.360504 0.72823 0.931703
  2.41667 665.228 0.110641 0.361838 0.726026 0.918432
  2.43056 651.731 0.107108 0.362819 0.723799 0.891752
  2.44444 653.033 0.105522 0.363957 0.722942 0.916268
  2.45833 657.842 0.10406 0.364487 0.722521 0.912277
  2.47222 649.653 0.10077 0.366793 0.719622 0.897838
  2.48611 648.46 0.0976087 0.368333 0.717536 0.938203
  2.5 649.156 0.0958718 0.368436 0.715538 0.901486
  2.51389 654.051 0.093776 0.368151 0.713203 0.922368
  2.52778 666.272 0.0931535 0.368573 0.711331 0.913357
  2.53306 666.272 0.0933792 0.369771 0.709801 0.900982
  2.54167 677.749 0.0923156 0.370192 0.709159 0.921882
  End: M 2.55333 14378
Bub 9525 0.00471767
  Start: S 2.23417 7676
  2.23611 713.733 0.339982 0.219667 0.69707 0.807665
  2.25 721.798 0.341369 0.217083 0.700565 0.875793
  2.26389 720.436 0.343333 0.214735 0.703254 0.888569
  2.27778 709.381 0.344667 0.213222 0.706778 0.915624
  2.29167 708.953 0.347138 0.212453 0.711038 0.927862
  2.30556 705.445 0.348524 0.209571 0.71481 0.931586
  2.31944 706.257 0.349804 0.209118 0.719314 0.918298
  2.33333 705.481 0.351405 0.20719 0.723203 0.918472
  2.34722 705.665 0.352623 0.20642 0.727841 0.923581
  2.36111 706.044 0.354136 0.205864 0.731543 0.920089
  2.36639 706.044 0.355341 0.204423 0.731089 0.879424
  2.375 705.98 0.356045 0.206751 0.733588 0.92915
  2.38889 707.622 0.355303 0.207576 0.738333 0.930931
  2.40278 708.122 0.357754 0.208333 0.741667 0.923578
  2.41667 705.551 0.358333 0.209074 0.74321 0.83232
  2.43056 709.306 0.358654 0.210929 0.746058 0.931947
  2.44444 705.817 0.361741 0.211222 0.748111 0.904195
  2.45833 710.665 0.365686 0.212222 0.749706 0.907382
  2.47222 711.496 0.369085 0.212484 0.75 0.911978
  2.48611 706.727 0.371355 0.211355 0.751791 0.923894
  2.5 708.186 0.373844 0.212857 0.752211 0.905022
  2.51389 717.689 0.376836 0.214492 0.753672 0.916331
  2.52778 714.656 0.377525 0.214192 0.755808 0.901974
  2.53306 714.656 0.37874 0.21378 0.756707 0.883587
  2.54167 711.766 0.37988 0.2138 0.757187 0.938784
  2.55556 709.512 0.38 0.216667 0.76 0.90673
  End: M 2.55611 14621
Bub 9657 0.00456372
  Start: M 2.23972 7158
  2.25 733.142 0.200271 0.149457 0.311473 0.958866
  2.26389 729.318 0.201349 0.152381 0.312937 0.985645
  2.27778 730.303 0.202172 0.156313 0.316364 1.06157
  2.29167 730.822 0.203273 0.158061 0.318697 0.991538
  2.30556 732.189 0.20504 0.159683 0.321944 0.998319
  2.31944 734.749 0.205 0.161667 0.328333 1.01117
  2.33333 729.656 0.206968 0.163153 0.332791 1.04841
  2.34722 731.057 0.207597 0.163178 0.335078 0.925719
  2.36111 734.624 0.2075 0.160833 0.3375 0.98426
  2.36639 734.624 0.208737 0.161566 0.338333 0.987007
  2.375 734.738 0.21119 0.162749 0.340325 1.00153
  2.38889 728.772 0.21216 0.162654 0.34142 1.0159
  2.40278 729.971 0.213009 0.162222 0.343565 0.971005
  2.41667 724.688 0.212984 0.161938 0.345388 0.996371
  2.43056 722.871 0.215 0.162111 0.345444 0.994195
  2.44444 724.986 0.214733 0.161667 0.346467 1.02845
  2.45833 727.679 0.215882 0.162353 0.347549 0.994941
  2.47222 733.675 0.216875 0.161979 0.349271 0.967097
  2.48611 729.54 0.218646 0.161875 0.351667 0.999579
  2.5 733.456 0.219875 0.160042 0.353708 0.990666
  2.51389 732.222 0.221771 0.16 0.356458 0.972733
  2.52778 727.129 0.223333 0.158684 0.359737 1.03335
  2.53306 727.129 0.225281 0.158534 0.360542 0.976198
  2.54167 726.86 0.226667 0.158077 0.362308 0.991282
  2.55556 730.124 0.228197 0.156395 0.364864 0.99151
  2.56944 728.487 0.230088 0.154912 0.366798 0.989293
  2.58333 730.944 0.231308 0.153674 0.370161 0.986848
  2.59722 732.413 0.232333 0.153333 0.372556 0.97649
  2.61111 732.477 0.233333 0.153571 0.375952 0.973404
  2.625 734.714 0.234722 0.151944 0.378333 0.991464
  2.63889 730.826 0.238446 0.150431 0.378933 0.953572
  2.65278 726.957 0.240067 0.147933 0.377 0.974819
  2.66667 726.879 0.24145 0.146342 0.375823 0.979399
  End: M 2.67194 16349
Bub 10176 0.00492373
  Start: M 2.27611 9993
  2.27778 708.747 0.227778 0.152407 0.668333 0.864785
  2.29167 672.634 0.231667 0.144762 0.674762 0.958565
  2.30556 676.207 0.2342 0.141222 0.679267 0.931893
  2.31944 677.991 0.235 0.138333 0.686667 1.04234
  2.33333 678.583 0.237161 0.137271 0.691923 0.900231
  2.34722 682.702 0.240407 0.132889 0.696074 0.898914
  2.36111 678.59 0.243581 0.129851 0.698861 0.927581
  2.36639 678.59 0.246454 0.128404 0.699326 0.920481
  2.375 679.238 0.248333 0.12693 0.701316 0.98559
  2.38889 676.441 0.252754 0.12493 0.703105 0.869295
  2.40278 675.821 0.254649 0.122088 0.707 0.897711
  2.41667 674.692 0.25697 0.119545 0.70803 0.912511
  2.43056 676.571 0.258929 0.117619 0.708095 0.923882
  2.44444 679.155 0.260802 0.115247 0.708086 0.916322
  2.45833 677.767 0.261506 0.111747 0.708614 0.936154
  2.47222 677.274 0.261071 0.108452 0.708452 0.917675
  2.48611 675.75 0.261222 0.108111 0.707778 0.88684
  2.5 674.097 0.259928 0.10442 0.709493 0.917919
  2.51389 680.441 0.26 0.1025 0.709167 0.892771
  2.52778 676.882 0.258545 0.10045 0.707169 1.05964
  2.53306 676.882 0.26 0.0983333 0.708333 1.0282
  2.54167 677.314 0.258958 0.0973333 0.707208 0.906684
  2.55556 682.074 0.260429 0.0958571 0.707857 0.967096
  2.56944 677.204 0.258684 0.0897368 0.708333 0.939142
  2.58333 674.601 0.25864 0.0877586 0.707107 0.917496
  2.59722 674.625 0.258889 0.0833333 0.707222 0.877999
  2.61111 680.929 0.258768 0.0822464 0.708333 0.932217
  2.625 683.097 0.256733 0.0803333 0.7074 0.930517
  2.63889 685.492 0.257118 0.0791176 0.707078 0.921104
  End: M 2.64472 15935
Bub 10329 0.00507125
  Start: M 2.28972 10195
  2.29167 665.696 0.0818644 0.0169209 0.697994 1.06819
  2.30556 675.138 0.0803459 0.0176205 0.694581 0.910136
  2.31944 683.682 0.0793704 0.0183333 0.691741 0.958705
  2.33333 697.262 0.0792667 0.0197619 0.687133 0.906134
  2.34722 660.347 0.0755631 0.0176126 0.68955 0.843298
  2.36111 668.704 0.0747024 0.0183333 0.685635 0.916638
  2.36639 668.704 0.0738889 0.0174786 0.684808 0.959483
  2.375 680.981 0.0736875 0.0188542 0.682167 0.935638
  2.38889 663.864 0.0701163 0.0176873 0.680943 0.959151
  2.40278 668.586 0.0705639 0.0184336 0.677581 0.981401
  2.41667 670.851 0.0694 0.0194 0.673067 0.928158
  2.43056 681.47 0.0672388 0.0193284 0.671493 0.910528
  2.44444 682.323 0.0664205 0.0200568 0.667557 0.920565
  2.45833 660.732 0.0659843 0.0210626 0.666074 0.933376
  2.47222 655.317 0.0666773 0.0233864 0.661603 0.916368
  2.48611 655.722 0.0670048 0.0240338 0.658913 0.911686
  2.5 655.561 0.0671233 0.0260046 0.656438 0.924647
  2.51389 656.172 0.0672807 0.0277412 0.654123 0.920598
  2.52778 669.811 0.0693151 0.0313699 0.651347 0.921034
  2.53306 669.811 0.0702247 0.0311423 0.650225 0.925352
  2.54167 678.539 0.0704777 0.0318153 0.650308 0.926582
  2.55556 683.831 0.0720101 0.0325152 0.64803 0.950888
  2.56944 685.867 0.0741099 0.0342496 0.647216 0.924011
  2.58333 687.039 0.0757721 0.0346798 0.646092 0.925338
  2.59722 662.974 0.0761022 0.0371774 0.648387 0.954077
  2.61111 672.612 0.0781273 0.0377715 0.646086 0.921716
  2.625 680.256 0.0802717 0.0399275 0.644982 0.909221
  2.63889 692.805 0.0824035 0.041614 0.640965 0.923124
  2.65278 725.775 0.0846569 0.0435131 0.637516 0.944019
  End: S 2.66111 16128 16121
Bub 10555 0.0037575
  Start: N 2.31472
  2.31944 884.493 0.371667 0.326667 0.733333 0.9085
  2.33333 889.366 0.371667 0.325 0.726667 0.940229
  2.34722 879.68 0.37 0.323495 0.72 0.908615
  2.36111 882.531 0.369286 0.325 0.714048 0.94206
  2.36639 882.531 0.368333 0.326667 0.711667 0.973855
  2.375 885.65 0.368333 0.326667 0.708333 0.941696
  2.38889 884.21 0.368333 0.33 0.703333 1.06573
  2.40278 881.207 0.369444 0.333333 0.699444 0.924452
  2.41667 881.895 0.367121 0.331667 0.696288 0.902373
  2.43056 885.144 0.37 0.333333 0.691667 0.953811
  2.44444 884.955 0.368175 0.330397 0.686111 0.937438
  2.45833 883.037 0.369667 0.330333 0.681667 1.0131
  2.47222 883.986 0.368333 0.33 0.675 1.04315
  2.48611 881.116 0.369444 0.33 0.670556 0.9059
  2.5 883.681 0.367157 0.329706 0.666373 0.926839
  2.51389 883.557 0.368333 0.328333 0.663333 0.939887
  2.52778 883.142 0.366396 0.326667 0.658649 0.872534
  2.53306 883.142 0.367189 0.326493 0.657537 0.878694
  2.54167 882.216 0.366741 0.32694 0.655398 0.825628
  2.55556 883.832 0.367 0.328333 0.653 0.931956
  End: C 2.55889
Bub 10996 0.00505685
  Start: S 2.34278 10804 10805
  2.34722 657.964 0.261439 0.185171 0.629615 0.816033
  2.36111 655.626 0.265267 0.1894 0.638733 0.960011
  2.36639 655.626 0.267262 0.190833 0.640238 1.00352
  2.375 653.756 0.27 0.193495 0.646667 0.940687
  2.38889 680.145 0.271026 0.198333 0.651667 0.917632
  2.40278 662.328 0.26838 0.203732 0.658427 0.939005
  2.41667 664.168 0.268333 0.2102 0.665267 0.906998
  2.43056 657.443 0.270224 0.215647 0.674154 0.84829
  2.44444 657.663 0.270017 0.221733 0.678861 1.08508
  2.45833 658.623 0.271756 0.22378 0.680655 0.842017
  2.47222 663.899 0.269713 0.225 0.683851 0.933021
  2.48611 658.666 0.266212 0.225909 0.688485 0.944354
  2.5 657.631 0.267667 0.225 0.695222 1.24529
  2.51389 661.518 0.2674 0.227933 0.699 0.902702
  2.52778 656.237 0.267804 0.227056 0.705374 0.85501
  2.53306 656.237 0.266786 0.228333 0.707857 0.899402
  2.54167 657.756 0.266847 0.228735 0.711386 0.959129
  2.55556 656.981 0.267193 0.229079 0.715658 0.918686
  2.56944 662.962 0.267189 0.228284 0.721617 0.978509
  2.58333 659.768 0.266667 0.229333 0.725667 0.927186
  2.59722 658.503 0.266282 0.229256 0.72859 0.935354
  2.61111 656.784 0.265494 0.229938 0.732037 0.893276
  2.625 657.061 0.263333 0.227108 0.735637 0.94946
  2.63889 653.232 0.26 0.227 0.740333 0.940458
  2.65278 657.276 0.258333 0.225833 0.74375 0.933355
  End: C 2.65917
Bub 11124 0.00321262
  Start: N 2.35222
  2.36111 1021.98 0.393333 0.249667 0.759667 0.900872
  2.36639 1021.98 0.393333 0.251667 0.756667 0.929636
  2.375 1021.98 0.393333 0.253333 0.755 0.93024
  2.38889 1021.98 0.391905 0.256429 0.752619 0.920382
  2.40278 1021.98 0.391667 0.258333 0.75 0.888213
  2.41667 1021.98 0.39197 0.260455 0.748333 0.89961
  2.43056 1021.98 0.391667 0.263333 0.745 0.940788
  2.44444 1021.98 0.393333 0.265 0.741667 1.00632
  2.45833 1021.98 0.39197 0.268333 0.739545 0.929148
  2.47222 1021.98 0.39197 0.271667 0.736212 0.890833
  2.48611 1021.98 0.391667 0.275 0.733333 0.93764
  2.5 1021.98 0.391905 0.276905 0.732143 0.826214
  2.51389 1021.98 0.393333 0.279667 0.730333 0.909447
  2.52778 1021.98 0.393333 0.281667 0.73 0.906107
  2.53306 1021.98 0.391788 0.283242 0.728515 0.864184
  2.54167 1021.98 0.393333 0.285 0.726667 0.922395
  2.55556 1021.98 0.393333 0.288333 0.726667 0.894417
  2.56944 1021.98 0.392048 0.291667 0.72481 0.889138
  End: C 2.58139
Bub 11216 0.0043602
  Start: N 2.36083
  2.36111 774.911 0.384067 0.0444667 0.7498 0.921507
  2.36639 774.911 0.382381 0.0430952 0.749167 0.922804
  2.375 770.689 0.381927 0.0395313 0.744792 0.925312
  2.38889 769.532 0.381927 0.0361979 0.741458 0.90611
  2.40278 758.903 0.38 0.0296667 0.737 0.958129
  2.41667 769.05 0.378188 0.0255797 0.730797 0.922569
  2.43056 773.846 0.37529 0.0213768 0.727995 0.912251
  2.44444 773.678 0.373851 0.0179885 0.724195 0.903684
  2.45833 759.953 0.370978 0.0144928 0.721304 0.833172
  2.47222 760.87 0.366449 0.0138406 0.719203 0.909339
  2.48611 768.257 0.362738 0.0159524 0.717024 0.943511
  2.5 769.263 0.358333 0.0180556 0.715278 0.904644
  2.51389 760.773 0.355 0.0166667 0.716667 0.930161
  2.52778 773.758 0.355 0.0197619 0.713095 0.916109
  2.53306 773.758 0.35428 0.0179167 0.713864 0.924098
  End: M 2.54139 14164
Bub 11620 0.00476681
  Start: S 2.39361 11421 11422
  2.40278 696.033 0.305204 0.357959 0.702789 0.941655
  2.41667 696.478 0.307406 0.357377 0.699261 0.992903
  2.43056 712.609 0.309956 0.358923 0.694558 0.911376
  2.44444 719.619 0.313079 0.360367 0.69226 0.907875
  2.45833 737.83 0.316143 0.359952 0.691 0.930754
  2.47222 710.769 0.319862 0.36182 0.689587 0.885851
  2.48611 711.387 0.322538 0.362177 0.686261 0.896088
  2.5 709.3 0.32579 0.364003 0.685378 0.919706
  2.51389 704.354 0.330897 0.363718 0.686923 0.883143
  2.52778 706.578 0.334028 0.363889 0.686389 1.01583
  2.53306 706.578 0.333867 0.362379 0.683706 0.914417
  2.54167 712.446 0.335144 0.364544 0.685935 0.893262
  2.55556 722.817 0.33756 0.363839 0.683958 0.932
  2.56944 743.365 0.338388 0.361143 0.679298 0.923377
  2.58333 763.869 0.338544 0.359912 0.679211 0.922192
  2.59722 749.739 0.336974 0.357 0.676 0.900576
  2.61111 759.147 0.336667 0.354444 0.674167 0.940565
  End: M 2.61389 15460
Bub 11810 0.00451002
  Start: S 2.40639 11697 11736
  2.41667 735.915 0.0398193 0.182349 0.765402 0.902977
  2.43056 739.419 0.0364444 0.182407 0.766593 0.925109
  2.44444 739.49 0.0317296 0.180346 0.767579 0.91426
  2.45833 742.088 0.0278369 0.180355 0.766348 0.918234
  2.47222 747.618 0.025132 0.178399 0.764868 0.896568
  2.48611 743.547 0.0234034 0.176933 0.763039 0.914121
  2.5 751.988 0.0218519 0.171058 0.758439 0.85627
  2.51389 764.971 0.0200806 0.17 0.756801 0.902235
  2.52778 773.167 0.0183333 0.164375 0.751979 0.901564
  2.53306 773.167 0.0176667 0.158333 0.747381 1.44995
  2.54167 741.775 0.0174269 0.158947 0.746754 0.90186
  2.55556 737.372 0.0170599 0.15515 0.742491 0.901064
  2.56944 747.713 0.0155263 0.151579 0.738684 0.907285
  2.58333 740.554 0.0156897 0.149713 0.735345 0.92199
  2.59722 755.209 0.015 0.148011 0.732097 0.909318
  2.61111 750.565 0.0139103 0.144135 0.728686 0.903135
  End: M 2.61472 15318
Bub 11984 0.0041571
  Start: N 2.42028
  2.43056 806.038 0.301718 0.154641 0.711513 0.874437
  2.44444 794.436 0.305 0.148333 0.715 0.890489
  2.45833 796.171 0.309737 0.146404 0.716053 0.90065
  2.47222 794.294 0.315 0.145 0.715 1.18036
  2.48611 798.793 0.316884 0.143333 0.715 0.859642
  2.5 799.447 0.321667 0.143333 0.715 0.916278
  2.51389 799.967 0.325076 0.143712 0.716212 0.897558
  2.52778 799.189 0.328333 0.143333 0.716667 0.871185
  2.53306 799.189 0.329795 0.144361 0.716461 0.837059
  2.54167 798.511 0.333 0.145 0.719667 0.912327
  2.55556 798.312 0.336739 0.143551 0.721377 0.891442
  2.56944 796.441 0.339655 0.143333 0.723391 0.919543
  2.58333 798.796 0.340294 0.143824 0.726373 0.921314
  2.59722 806.439 0.342018 0.143596 0.728333 0.915777
  End: C 2.60389
Bub 12212 0.0052106
  Start: N 2.43361
  2.44444 635.442 0.0825781 0.299844 0.729714 0.844906
  2.45833 636.635 0.0771212 0.301136 0.728864 0.886844
  2.47222 640.522 0.071 0.300111 0.732222 0.908725
  2.48611 640.498 0.0643548 0.300161 0.735 0.862606
  2.5 646.941 0.0601887 0.302296 0.738302 0.875766
  2.51389 640.448 0.0535761 0.306845 0.741926 0.911282
  2.52778 635.497 0.0480218 0.313224 0.744875 0.905741
  2.53306 635.497 0.0459091 0.315758 0.746667 0.947473
  2.54167 638.338 0.0416667 0.319713 0.746494 0.865761
  End: C 2.55194
Bub 12372 0.00461618
  Start: S 2.44139 12150 12151
  2.44444 718.952 0.171067 0.0169476 0.658633 0.904554
  2.45833 731.775 0.172183 0.0183333 0.656268 0.919391
  2.47222 735.1 0.174063 0.0177083 0.653125 0.915898
  2.48611 724.559 0.174855 0.0164493 0.651667 0.884554
  2.5 721.922 0.17693 0.015 0.651316 0.980496
  2.51389 733.855 0.178333 0.015 0.65 0.912101
  2.52778 742.78 0.178208 0.015 0.647833 0.919133
  2.53306 742.78 0.179815 0.0142593 0.649444 0.891364
  2.54167 731.726 0.178846 0.0142308 0.650256 1.07727
  2.55556 785.76 0.183168 0.0121795 0.653168 0.931324
  2.56944 724.104 0.181812 0.0131449 0.653348 0.826407
  2.58333 721.231 0.180797 0.0135507 0.651232 0.92445
  2.59722 718.578 0.180287 0.0148084 0.651437 0.841198
  2.61111 717.864 0.182576 0.0128788 0.651364 0.926822
  2.625 722.39 0.183112 0.0131526 0.650261 0.886908
  End: C 2.62611
Bub 12374 0.00487771
  Start: S 2.44139 11913
  2.44444 678.364 0.108556 0.23881 0.728651 0.948466
  2.45833 681.564 0.10441 0.24382 0.730457 0.939364
  2.47222 686.469 0.100344 0.24729 0.728181 0.89763
  2.48611 686.213 0.0940196 0.249902 0.730882 0.915867
  2.5 695.102 0.0922588 0.2525 0.728509 0.885963
  2.51389 688.265 0.0879577 0.254577 0.729765 0.856759
  2.52778 697.13 0.084774 0.255593 0.732373 0.819237
  2.53306 697.13 0.0833065 0.255269 0.733199 0.927334
  2.54167 713.828 0.0817532 0.256905 0.734177 0.863708
  End: S 2.54583 14259 14260
Bub 12573 0.00397903
  Start: N 2.45028
  2.45833 831.237 0.34307 0.0827193 0.676404 0.855936
  2.47222 835.646 0.339667 0.0863333 0.675 0.923423
  2.48611 833.684 0.333 0.0903333 0.675 1.0284
  2.5 835.42 0.326667 0.0933333 0.671667 0.896739
  2.51389 830.375 0.321667 0.101667 0.671667 1.55509
  2.52778 829.971 0.315 0.105 0.671667 1.25678
  2.53306 829.971 0.315 0.106667 0.671667 0.898005
  2.54167 834.523 0.311667 0.110333 0.673 1.01332
  2.55556 830.631 0.307281 0.116404 0.67307 0.954042
  2.56944 832.35 0.303333 0.12 0.671667 0.938026
  2.58333 836.795 0.300198 0.125282 0.672797 0.916229
  2.59722 831.015 0.296921 0.129746 0.673249 0.971516
  2.61111 836.41 0.295547 0.133955 0.673159 0.880929
  2.625 831.816 0.293333 0.137 0.673 0.984439
  2.63889 838.376 0.29201 0.140735 0.673186 0.961053
  2.65278 831.28 0.289746 0.143418 0.673588 0.9407
  2.66667 834.484 0.287754 0.146159 0.673841 0.944754
  End: C 2.67278
Bub 12577 0.00848135
  Start: N 2.45111
  2.45833 408.608 0.100429 0.277379 0.712597 0.90428
  2.47222 403.728 0.0984168 0.280474 0.713706 0.905622
  2.48611 407.333 0.0960692 0.284509 0.714862 0.925652
  2.5 411.609 0.092614 0.287771 0.715882 0.907919
  2.51389 412.519 0.0871938 0.28963 0.719152 0.903574
  2.52778 424.164 0.0848431 0.292068 0.719702 0.884181
  2.53306 424.164 0.0848301 0.292739 0.719774 0.901269
  End: M 2.53583 14150
Bub 12758 0.00367754
  Start: N 2.46139
  2.47222 903.183 0.0936667 0.0483333 0.733667 1.01146
  2.48611 899.739 0.0905556 0.0494444 0.73 0.902228
  2.5 905.13 0.0897692 0.0488462 0.726897 0.951243
  2.51389 903.479 0.0866667 0.0466667 0.725 0.895944
  2.52778 903.915 0.0815957 0.0500355 0.723227 0.90284
  2.53306 903.915 0.0816667 0.0518627 0.723039 0.88517
  2.54167 898.193 0.0783333 0.0483333 0.721667 1.39652
  End: C 2.555
Bub 12862 0.0043602
  Start: N 2.46778
  2.47222 762.575 0.0149111 0.252422 0.579578 0.876727
  2.48611 757.714 0.0165873 0.253413 0.580079 0.973829
  2.5 761.365 0.0166667 0.253333 0.581667 0.942767
  2.51389 767.115 0.0180093 0.255648 0.580694 0.940343
  2.52778 757.986 0.0201366 0.256694 0.583087 0.870583
  2.53306 757.986 0.02 0.256667 0.581667 0.987189
  2.54167 766.406 0.0230702 0.257982 0.581667 0.933569
  2.55556 771.297 0.025 0.258333 0.581667 1.03227
  2.56944 760.797 0.0267333 0.258733 0.580333 0.92909
  2.58333 758.858 0.0296667 0.259667 0.58 0.934942
  2.59722 762.117 0.0316667 0.26 0.58 0.953735
  2.61111 762.747 0.0338333 0.258167 0.579833 0.915562
  End: C 2.62472
Bub 12890 0.00471767
  Start: N 2.47028
  2.47222 768.027 0.0112105 0.125175 0.691351 0.832808
  2.48611 768.027 0.00924242 0.121742 0.68428 0.869582
  2.5 768.027 0.00806667 0.117 0.678067 0.938528
  2.51389 714.61 0.00725108 0.113874 0.673918 0.919427
  2.52778 714.61 0.00722222 0.109741 0.670963 0.928747
  2.53306 714.61 0.00765233 0.110842 0.670125 0.881135
  End: M 2.53694 14145
Bub 12913 0.00564785
  Start: M 2.47222 12623
  2.47222 619.514 0.0378221 0.334509 0.709274 0.907166
  2.48611 586.926 0.0409553 0.335488 0.710224 0.807121
  2.5 586.548 0.0419144 0.335045 0.709099 0.906859
  2.51389 589.313 0.0421429 0.335476 0.706791 0.915174
  2.52778 592.177 0.0439024 0.336098 0.703435 0.910654
  2.53306 592.177 0.0436492 0.334826 0.70341 0.904973
  2.54167 592.507 0.0435465 0.333566 0.701609 0.935734
  2.55556 605.304 0.0418468 0.332185 0.7025 0.956885
  2.56944 603.429 0.0403558 0.332603 0.702865 0.965796
  2.58333 593.577 0.0347701 0.33208 0.705621 0.920946
  End: M 2.59611 15000
Bub 12972 0.0229941
  Start: M 2.47611 7003
  2.48611 157.586 0.190329 0.193294 0.282557 1.00702
  2.5 157.801 0.187305 0.19134 0.291512 1.00371
  2.51389 159.76 0.186668 0.19088 0.301777 1.00437
  2.52778 160.315 0.185485 0.190438 0.312854 0.996856
  2.53306 160.315 0.186289 0.189766 0.316959 0.999408
  2.54167 161.818 0.186643 0.190105 0.323728 0.992
  End: M 2.55111 14408
Bub 13071 0.00607645
  Start: M 2.48083 12877
  2.48611 580.865 0.0507964 0.133834 0.704918 0.920966
  2.5 552.759 0.0511859 0.135385 0.711538 0.873384
  2.51389 573.651 0.0505502 0.134378 0.71441 0.915763
  2.52778 597.858 0.0504395 0.133889 0.714436 0.904989
  2.53306 597.858 0.0499735 0.132077 0.715278 0.896818
  End: S 2.53667 14102 14103
Bub 13077 0.00541925
  Start: M 2.48111 12387 12602
  2.48611 610.702 0.369699 0.0435648 0.67169 0.942236
  2.5 616.091 0.369248 0.0436667 0.67201 0.88273
  2.51389 625.811 0.368274 0.0450992 0.670972 0.906356
  2.52778 635.693 0.367781 0.0465074 0.671879 0.911995
  2.53306 635.693 0.367465 0.0479078 0.672216 0.898688
  2.54167 637.004 0.36756 0.0477679 0.672009 0.878057
  2.55556 644.926 0.367091 0.0528882 0.670528 0.940447
  2.56944 640.287 0.369707 0.0576577 0.671374 1.07659
  2.58333 641.082 0.369316 0.0570726 0.669509 0.926728
  2.59722 651.707 0.371513 0.0553419 0.666966 0.976647
  End: M 2.60333 15171
Bub 13126 0.0062035
  Start: M 2.48333 12818 12819
  2.48611 584.774 0.192716 0.266651 0.707731 0.920944
  2.5 549.317 0.187487 0.263083 0.71842 0.942685
  2.51389 567.731 0.186916 0.263688 0.723688 0.89432
  2.52778 584.184 0.184884 0.26558 0.730304 0.914083
  2.53306 584.184 0.184816 0.267028 0.732849 0.880907
  End: M 2.53667 14165
Bub 13252 0.00383421
  Start: S 2.48917 13136 13176
  2.5 866.162 0.0138235 0.0969608 0.693627 0.85388
  2.51389 864.195 0.0135965 0.0897368 0.683947 0.938218
  2.52778 877.277 0.015 0.085 0.675 0.931658
  2.53306 877.277 0.0163333 0.083 0.671667 0.947341
  2.54167 863.778 0.0163333 0.08 0.666333 0.913014
  End: C 2.55472
Bub 13289 0.00518335
  Start: S 2.49028 13168
  2.5 648.05 0.0170635 0.125714 0.707063 0.897371
  2.51389 651.581 0.0189167 0.118167 0.700583 0.940008
  2.52778 651.306 0.0190453 0.111343 0.696262 0.933932
  2.53306 651.306 0.0194729 0.109131 0.693974 0.931955
  2.54167 644.982 0.0198148 0.105285 0.689872 0.904984
  2.55556 649.225 0.019902 0.0995378 0.686569 0.92585
  2.56944 644.617 0.020226 0.094548 0.683136 0.922321
  End: M 2.57917 15011
Bub 13290 0.00473416
  Start: S 2.49028 13168
  2.5 705.379 0.0125 0.151701 0.719514 0.810699
  2.51389 787.738 0.0114853 0.146633 0.714819 0.888111
  2.52778 700.806 0.0149435 0.142034 0.706299 0.884284
  2.53306 700.806 0.0153736 0.139914 0.705316 0.940012
  2.54167 713.015 0.0160929 0.137869 0.70235 0.914514
  2.55556 725.609 0.0172997 0.13115 0.698127 0.917932
  2.56944 742.992 0.0182552 0.124974 0.693594 0.929371
  End: M 2.58278 14815
Bub 13294 0.0037575
  Start: N 2.49028
  2.5 886.982 0.00833333 0.29 0.726667 0.911876
  2.51389 886.982 0.00825758 0.300379 0.719545 0.882155
  2.52778 883.788 0.0080303 0.311667 0.712879 0.957751
  2.53306 883.788 0.00833333 0.313455 0.709959 0.892501
  2.54167 878.241 0.00789474 0.318421 0.707632 0.906608
  End: C 2.54222
Bub 13351 0.0037575
  Start: N 2.49306
  2.5 885.174 0.0283333 0.0333333 0.74 0.922448
  2.51389 892.33 0.0283333 0.0330702 0.738684 0.852474
  2.52778 882.896 0.0283333 0.0302381 0.735952 0.902827
  2.53306 882.896 0.0272222 0.03 0.736111 0.935862
  2.54167 883.108 0.0263333 0.0283333 0.733667 0.916021
  2.55556 892.872 0.0279825 0.0283333 0.73307 0.93154
  End: C 2.55889
Bub 13353 0.0055057
  Start: S 2.49333 13115 13116
  2.5 617.644 0.384956 0.324581 0.712373 0.863874
  2.51389 623.836 0.384815 0.328333 0.710926 0.902887
  2.52778 631.694 0.385 0.332672 0.711593 0.907922
  2.53306 631.694 0.385 0.33119 0.711476 0.927741
  2.54167 634.468 0.385155 0.333643 0.709496 0.863799
  End: M 2.54333 14215
Bub 13424 0.00544425
  Start: N 2.49667
  2.5 613.071 0.124749 0.0360731 0.743447 0.840058
  2.51389 608.654 0.120203 0.0331532 0.746667 0.896208
  2.52778 610.918 0.116925 0.0325776 0.74972 0.880896
  2.53306 610.918 0.116919 0.0325758 0.749268 0.907124
  2.54167 616.23 0.115241 0.0311847 0.749438 0.886037
  2.55556 619.736 0.112835 0.0303285 0.751813 0.900844
  2.56944 626.718 0.110673 0.0294099 0.753095 0.909217
  2.58333 621.631 0.108013 0.03076 0.756573 0.944629
  2.59722 613.83 0.104772 0.0301282 0.759843 0.894599
  End: M 2.59889 15190
Bub 13467 0.00632555
  Start: M 2.49833 12889
  2.5 554.445 0.192948 0.294447 0.734418 0.906457
  2.51389 551.204 0.193201 0.297802 0.736799 0.929438
  2.52778 548.274 0.194061 0.301282 0.738321 0.913449
  2.53306 548.274 0.193672 0.301839 0.738346 0.895656
  2.54167 546.125 0.194241 0.304229 0.740535 0.905626
  2.55556 545.23 0.196429 0.307116 0.743545 0.906859
  2.56944 537.985 0.196873 0.310055 0.746791 0.910781
  2.58333 538.99 0.198199 0.313407 0.749244 0.90672
  2.59722 538.472 0.198059 0.316544 0.750671 0.916197
  2.61111 534.687 0.198273 0.31982 0.752117 0.942288
  2.625 535.669 0.198057 0.322031 0.75254 0.92105
  2.63889 537.211 0.197135 0.325 0.752665 0.922966
  2.65278 539.245 0.196703 0.325907 0.751495 0.903044
  2.66667 543.005 0.196323 0.328783 0.751904 0.914995
  End: C 2.67083
Bub 13485 0.00334949
  Start: N 2.50028
  2.51389 993.797 0.025 0.0582353 0.739706 0.898015
  2.52778 992.545 0.0233333 0.0516667 0.736667 0.915005
  2.53306 992.545 0.0216667 0.0516667 0.735 1.0807
  End: C 2.54056
Bub 13505 0.00397903
  Start: S 2.50167 13477
  2.51389 831.434 0.30307 0.0972807 0.719737 0.896047
  2.52778 832.62 0.304657 0.0966667 0.716961 0.923494
  2.53306 832.62 0.304953 0.0967371 0.716737 0.89889
  2.54167 833.943 0.305 0.0966667 0.713476 0.914973
  End: M 2.54194 14365
Bub 13579 0.00413567
  Start: S 2.50694 13476
  2.51389 800.019 0.33 0.05 0.64 0.835471
  2.52778 803.194 0.33 0.055 0.635 0.898119
  2.53306 803.194 0.329808 0.0575641 0.633462 0.912368
  2.54167 803.202 0.328333 0.06 0.631667 0.945438
  2.55556 804.294 0.330254 0.064209 0.627994 0.894257
  End: C 2.56083
Bub 13582 0.00458134
  Start: N 2.50694
  2.51389 746.497 0.0202874 0.282241 0.749253 0.888111
  2.52778 721.993 0.013 0.279667 0.75 0.849614
  2.53306 721.993 0.0128261 0.281087 0.750507 0.821304
  2.54167 723.446 0.0133333 0.281316 0.75307 0.931895
  2.55556 722.769 0.0144872 0.280128 0.756667 1.04047
  End: M 2.56722 14621
Bub 13666 0.00466747
  Start: S 2.51306 12908
  2.51389 728.036 0.0427536 0.0827899 0.705109 0.899354
  2.52778 714.422 0.0400476 0.0779841 0.698873 0.890602
  2.53306 714.422 0.0397791 0.0764859 0.696124 0.871383
  2.54167 713.649 0.0395318 0.0747378 0.693165 0.949152
  2.55556 710.83 0.0380864 0.070679 0.688827 0.933686
  2.56944 716.079 0.0378986 0.0664493 0.68558 1.09487
  2.58333 729.046 0.0381287 0.0661988 0.68693 0.933406
  2.59722 766.875 0.0373188 0.0654348 0.687754 1.12724
  End: M 2.6075 15224
Bub 13667 0.0067961
  Start: S 2.51306 12908
  2.51389 496.013 0.0570775 0.0516197 0.727559 0.90057
  2.52778 506.25 0.0521463 0.0498561 0.72723 0.942413
  2.53306 506.25 0.0486568 0.0513432 0.727011 0.975006
  2.54167 504.176 0.0466667 0.0498227 0.725674 0.913794
  2.55556 517.731 0.0428487 0.0477778 0.726111 0.91535
  End: C 2.56056
Bub 13672 0.006641
  Start: S 2.51361 12191
  2.51389 513.629 0.323277 0.363314 0.746031 0.962928
  2.52778 513.965 0.325055 0.364519 0.749328 0.900389
  2.53306 513.965 0.326361 0.364946 0.750434 0.888406
  End: M 2.53889 14147
Bub 13698 0.00489314
  Start: M 2.51472 13624
  2.52778 690.35 0.0492767 0.161541 0.668176 0.903209
  2.53306 690.35 0.0529288 0.161052 0.669919 0.883336
  2.54167 678.408 0.0553226 0.158477 0.673065 0.917666
  2.55556 679.018 0.0582601 0.158626 0.676941 0.887979
  2.56944 686.022 0.0596914 0.15858 0.681667 0.891589
  2.58333 678.356 0.0617949 0.156709 0.686667 0.953617
  2.59722 678.132 0.0643333 0.155784 0.692922 0.950104
  2.61111 683.753 0.0661828 0.155753 0.697151 0.923234
  2.625 700.565 0.0682157 0.154961 0.700765 0.947023
  2.63889 703.821 0.0676724 0.153563 0.704339 0.922917
  End: S 2.64278 15942 15943
Bub 13820 0.00341392
  Start: N 2.5225
  2.52778 973.053 0.241667 0.283333 0.551667 1.06268
  2.53306 973.053 0.241667 0.285 0.556667 0.923517
  2.54167 970.227 0.243701 0.286695 0.563757 1.00514
  End: C 2.55028
Bub 13834 0.0065392
  Start: S 2.52333 13684
  2.52778 506.666 0.238505 0.237292 0.512036 0.981855
  2.53306 506.666 0.240677 0.238425 0.514269 0.953712
  2.54167 508.99 0.242085 0.238647 0.518244 0.96631
  2.55556 529.385 0.242367 0.236855 0.520616 0.941676
  2.56944 538.922 0.241642 0.234257 0.524356 0.937469
  2.58333 557.781 0.242057 0.232317 0.528972 0.902456
  End: M 2.58778 15008
Bub 13858 0.00390797
  Start: N 2.52417
  2.52778 846.282 0.173889 0.183889 0.540556 0.999106
  2.53306 846.282 0.173333 0.183333 0.541667 0.961279
  2.54167 850.24 0.170333 0.183667 0.545 1.07403
  2.55556 849.867 0.166667 0.181667 0.553333 0.904932
  2.56944 850.511 0.162246 0.179928 0.560507 0.904169
  2.58333 850.752 0.15828 0.177312 0.566828 0.95372
  2.59722 847.648 0.155 0.173333 0.57 1.04825
  2.61111 848.465 0.150597 0.176006 0.573302 0.919339
  End: C 2.6175
Bub 13954 0.0102348
  Start: M 2.52889 13883
  2.53306 320.794 0.217186 0.179495 0.489924 0.934582
  End: M 2.54139 14162
Bub 13975 0.00541925
  Start: M 2.52972 13847
  2.53306 664.864 0.176389 0.114444 0.705556 0.909068
  2.54167 664.864 0.180251 0.111849 0.704977 0.886148
  End: M 2.54917 14338
Bub 13978 0.00404765
  Start: N 2.53
  2.53306 831.485 0.281667 0.283333 0.751667 0.87949
  2.54167 831.485 0.283333 0.285729 0.752396 1.01237
  2.55556 820.732 0.286333 0.284733 0.753267 0.892017
  2.56944 825.37 0.291667 0.286404 0.752018 0.853375
  2.58333 819.81 0.296389 0.286528 0.752222 0.906912
  2.59722 820.804 0.302778 0.286944 0.751944 0.941294
  End: C 2.60556
Bub 13985 0.00518335
  Start: S 2.53056 13921
  2.53306 633.421 0.032381 0.230238 0.66119 1.02111
  End: M 2.535 14158
Bub 13986 0.0062321
  Start: S 2.53056 13921
  2.53306 526.828 0.0129756 0.20777 0.666142 0.897267
  End: M 2.535 14158
Bub 13994 0.0106144
  Start: M 2.53111 13925 13926
  2.53306 309.32 0.177508 0.249954 0.506932 0.925876
  End: M 2.53611 14163
Bub 13997 0.005317
  Start: N 2.53139
  2.53306 617.499 0.139779 0.0945343 0.738701 0.936861
  End: C 2.53722
Bub 14007 0.00610625
  Start: S 2.53167 13868 13869
  2.53306 554.891 0.0212621 0.0923301 0.723074 0.892501
  2.54167 554.891 0.0226136 0.0924811 0.723807 0.965557
  2.55556 570.213 0.0207216 0.0881787 0.721787 0.909647
  2.56944 554.758 0.0212847 0.0861632 0.71974 0.88652
  2.58333 551.465 0.0189427 0.0813262 0.71672 0.9117
  2.59722 559.844 0.0200175 0.0785439 0.713719 0.927624
  2.61111 557.242 0.0193464 0.0765523 0.710948 0.920361
  End: M 2.62139 15453
Bub 14017 0.0211664
  Start: M 2.5325 13920
  2.53306 155.115 0.208143 0.24538 0.644267 0.921811
  End: S 2.53333 14148 14074
Bub 14019 0.0077674
  Start: M 2.53278 11685 13830
  2.53306 422.695 0.311313 0.215102 0.71908 0.920009
  End: M 2.53444 14149
Bub 14020 0.00310175
  Start: S 2.53306 13357
  2.53306 1058.51 0.221667 0.145 0.695 0.989399
  End: C 2.54139
Bub 14023 0.00526435
  Start: N 2.53306
  2.53306 637.515 0.0609848 0.35053 0.725909 0.896723
  2.54167 637.515 0.058871 0.351102 0.725968 0.859865
  2.55556 635.534 0.0555833 0.352028 0.726167 0.913604
  2.56944 637.129 0.0535321 0.351453 0.724969 0.904517
  2.58333 634.117 0.0511635 0.349434 0.720126 0.926597
  End: M 2.58972 15000
Bub 14024 0.0076747
  Start: M 2.53306 13927
  2.53306 427.801 0.31108 0.0796781 0.695139 0.9065
  End: M 2.53611 14081
Bub 14038 0.00607645
  Start: N 2.53417
  2.54167 581.24 0.282718 0.252389 0.732094 0.907139
  2.55556 570.575 0.284252 0.252585 0.73335 0.904717
  2.56944 554.8 0.282673 0.254167 0.736116 0.906134
  2.58333 556.77 0.283148 0.256347 0.737256 0.923148
  2.59722 556.068 0.284678 0.258671 0.739348 0.914749
  2.61111 565.631 0.285508 0.259557 0.7408 0.921527
  2.625 582.083 0.284966 0.261616 0.743883 0.90244
  End: S 2.62778 15693 15692
Bub 14065 0.00437949
  Start: N 2.53583
  2.54167 769.261 0.0624123 0.359035 0.749254 0.900342
  2.55556 772.259 0.0591844 0.361596 0.748369 0.834489
  2.56944 764.733 0.055 0.361364 0.744848 0.914513
  End: C 2.57111
Bub 14074 0.00795225
  Start: S 2.53639 14017
  2.54167 452.855 0.221154 0.301066 0.572267 0.948909
  2.55556 450.159 0.2189 0.303317 0.579508 0.931076
  2.56944 446.58 0.216335 0.302901 0.588619 0.951797
  2.58333 447.609 0.212587 0.301337 0.597752 0.945715
  2.59722 448.589 0.21122 0.29675 0.608071 0.927691
  2.61111 454.559 0.211311 0.291585 0.620984 0.918888
  2.625 457.358 0.21329 0.29116 0.631008 0.946544
  2.63889 442.09 0.213042 0.290117 0.638083 0.935832
  2.65278 452.079 0.21411 0.288199 0.646667 0.96864
  2.66667 438.121 0.213892 0.285777 0.654374 0.912422
  End: M 2.67889 16368
Bub 14081 0.00747565
  Start: M 2.53639 14024
  2.54167 495.298 0.311534 0.0791358 0.698836 0.923162
  End: M 2.54194 14365
Bub 14093 0.00390797
  Start: N 2.53722
  2.54167 847.642 0.303889 0.273889 0.736667 0.886575
  2.55556 850.537 0.306702 0.278333 0.733227 0.824237
  2.56944 850.568 0.311667 0.285 0.73 1.17538
  2.58333 851.882 0.315 0.288333 0.726667 0.91455
  End: C 2.58639
Bub 14102 0.0054318
  Start: S 2.53806 13071
  2.54167 631.097 0.0592299 0.125736 0.718057 0.87924
  2.55556 631.937 0.0597028 0.122984 0.719961 0.931015
  2.56944 644.87 0.0601938 0.119341 0.722054 0.933582
  2.58333 660.661 0.0602778 0.115278 0.723889 0.900289
  End: S 2.59694 14994 14993
Bub 14103 0.00459882
  Start: S 2.53806 13071
  2.54167 720.253 0.0413636 0.141591 0.713561 0.768397
  2.55556 731.483 0.0412295 0.14194 0.716585 0.85263
  2.56944 736.443 0.0394681 0.13922 0.72 0.961792
  2.58333 726.602 0.0367241 0.139368 0.723046 0.89447
  2.59722 732.397 0.0335333 0.1381 0.723733 0.928128
  2.61111 736.125 0.0304167 0.134792 0.726042 0.92392
  End: M 2.61472 15318
Bub 14145 0.0044735
  Start: M 2.54083 12890
  2.54167 755.002 0.00783951 0.106235 0.666893 0.90734
  End: S 2.54194 14380 14379
Bub 14147 0.00413567
  Start: N 2.54111
  2.54167 800.045 0.13 0.26 0.76 0.81454
  2.55556 800.211 0.126111 0.262778 0.757222 0.90312
  2.56944 800.869 0.123249 0.266412 0.756921 0.852472
  End: C 2.58167
Bub 14148 0.0208111
  Start: M 2.54111 14017
  2.54167 168.076 0.204302 0.238244 0.659746 0.915545
  End: S 2.54278 14413 14386
Bub 14149 0.00791715
  Start: M 2.54111 14019
  2.54167 468.025 0.312847 0.21526 0.723077 0.888027
  End: M 2.5425 14180
Bub 14150 0.00824975
  Start: M 2.54111 12577
  2.54167 457.418 0.0850066 0.294705 0.720919 0.918669
  End: S 2.54306 14411 14412
Bub 14151 0.00310175
  Start: N 2.54111
  2.54167 1064.7 0.0216667 0.0483333 0.731667 1.19079
  2.55556 1067.43 0.0205556 0.0438889 0.73 0.881378
  End: C 2.56056
Bub 14158 0.00638935
  Start: S 2.54139 13985 13986
  2.54167 513.862 0.0121045 0.20596 0.663983 0.909597
  End: M 2.54722 14346
Bub 14159 0.0054318
  Start: S 2.54139 13985 13986
  2.54167 639.347 0.0305172 0.230517 0.662287 0.915824
  End: M 2.54722 14346
Bub 14162 0.0103666
  Start: M 2.54167 13954
  2.54167 373.825 0.218472 0.179673 0.494388 0.956909
  End: M 2.55222 14351
Bub 14163 0.0106632
  Start: M 2.54167 13994
  2.54167 364.965 0.176389 0.247996 0.512636 0.93669
  End: M 2.5425 14243
Bub 14164 0.00441757
  Start: M 2.54167 11216
  2.54167 812.33 0.353846 0.0202564 0.712692 0.911453
  End: M 2.54361 14191
Bub 14165 0.00630705
  Start: M 2.54167 13126
  2.54167 592.786 0.18362 0.268421 0.737379 0.930118
  End: S 2.54417 14304 14305
Bub 14180 0.00770585
  Start: M 2.54278 14149
  2.55556 467.11 0.318011 0.219895 0.730217 0.90024
  End: M 2.56583 14627
Bub 14181 0.00390797
  Start: N 2.54278
  2.55556 848.287 0.0138889 0.323889 0.7 0.897923
  2.56944 850.409 0.0183333 0.329667 0.693667 0.898467
  2.58333 857.61 0.0216667 0.333333 0.688333 0.967051
  2.59722 856.893 0.0250595 0.336429 0.685357 0.879745
  2.61111 846.568 0.0297368 0.336053 0.686404 0.935738
  2.625 846.616 0.0298214 0.336012 0.683036 0.940258
  End: M 2.63306 15714
Bub 14191 0.0037575
  Start: S 2.54361 14164
  2.55556 884.697 0.355 0.03 0.706667 0.94501
  2.56944 884.791 0.358333 0.0333333 0.703333 0.89305
  2.58333 896.154 0.361667 0.0383333 0.701667 0.910807
  2.59722 898.535 0.365 0.0416667 0.698333 0.930471
  2.61111 880.08 0.369737 0.0435965 0.697281 1.02061
  2.625 885.388 0.372451 0.0471078 0.690147 0.86289
  2.63889 882.964 0.375 0.0496667 0.686333 1.01563
  End: M 2.63917 15938
Bub 14243 0.0106339
  Start: M 2.54639 14163
  2.55556 371.505 0.173817 0.243787 0.520273 0.947023
  End: S 2.56056 14608 14598
Bub 14259 0.00434074
  Start: S 2.54778 12374
  2.55556 766.848 0.0895045 0.253108 0.729054 0.847762
  2.56944 766.189 0.0905376 0.25629 0.731935 0.807528
  2.58333 770.926 0.0916667 0.26 0.738333 0.920603
  End: M 2.59 15005
Bub 14260 0.00404765
  Start: S 2.54778 12374
  2.55556 816.345 0.0763333 0.266667 0.740333 0.851649
  2.56944 817.949 0.0733333 0.269444 0.742778 0.923257
  2.58333 823.904 0.073252 0.273659 0.74122 0.828919
  End: C 2.58694
Bub 14296 0.00310175
  Start: S 2.54972 14150
  2.55556 1064.97 0.125 0.298333 0.708333 1.08688
  End: C 2.55917
Bub 14304 0.0052776
  Start: S 2.55028 14165
  2.55556 637.701 0.201792 0.264975 0.740614 0.930782
  2.56944 637.57 0.202009 0.267393 0.749786 0.915128
  2.58333 631.094 0.204466 0.270725 0.756018 0.870733
  2.59722 633.227 0.208389 0.275252 0.762059 0.930403
  End: M 2.60056 15238
Bub 14305 0.00463341
  Start: S 2.55028 14165
  2.55556 743.785 0.171889 0.281111 0.744 1.06782
  2.56944 741.375 0.172139 0.285341 0.749304 0.849573
  2.58333 724.944 0.170714 0.292619 0.75 0.928459
  2.59722 734.394 0.165463 0.298889 0.757037 0.916113
  2.61111 718.496 0.160283 0.30544 0.760566 0.968027
  2.625 718.586 0.156354 0.312604 0.761875 0.920237
  2.63889 716.88 0.154619 0.318143 0.762048 0.962427
  End: C 2.65083
Bub 14319 0.0060464
  Start: M 2.55083 13357
  2.55556 605.748 0.251067 0.144567 0.717233 0.902376
  End: S 2.55667 14580 14581
Bub 14345 0.0055658
  Start: S 2.5525 14158 14159
  2.55556 671.677 0.0132051 0.202372 0.663077 0.908546
  2.56944 671.677 0.0139333 0.198711 0.661533 0.93017
  2.58333 671.677 0.0153289 0.195592 0.660307 1.01021
  2.59722 620.587 0.0177273 0.194798 0.660976 0.915547
  2.61111 620.587 0.0186752 0.190085 0.659509 0.922997
  End: M 2.62389 15451
Bub 14346 0.0059853
  Start: S 2.5525 14158 14159
  2.55556 563.767 0.0243127 0.227646 0.667646 0.989027
  2.56944 571.955 0.0214747 0.229258 0.666134 0.914123
  2.58333 567.164 0.0209231 0.227308 0.668346 0.896283
  2.59722 594.259 0.0181023 0.226436 0.668086 1.03698
  End: M 2.59972 15090
Bub 14351 0.0101461
  Start: M 2.5525 14162
  2.55556 381.494 0.218658 0.178492 0.501533 0.938864
  End: M 2.5625 14608
Bub 14352 0.00341392
  Start: N 2.5525
  2.55556 973.696 0.225 0.141667 0.703333 0.884981
  End: C 2.56111
Bub 14365 0.0077244
  Start: M 2.55306 13505 14081
  2.55556 495.685 0.312354 0.0823541 0.703153 0.902659
  End: M 2.55806 14551
Bub 14373 0.00341392
  Start: N 2.55333
  2.55556 974.432 0.235 0.316667 0.595 0.780089
  End: C 2.56083
Bub 14378 0.00470105
  Start: M 2.55361 9478
  2.55556 716.604 0.0929078 0.36266 0.709433 1.20077
  2.56944 721.515 0.0918672 0.363972 0.70708 0.891721
  2.58333 706.476 0.0936854 0.360423 0.706033 0.904835
  2.59722 712.948 0.0947917 0.359815 0.705046 0.905868
  2.61111 717.17 0.0960667 0.358387 0.704413 0.927626
  2.625 720.543 0.0991667 0.35875 0.706 0.910733
  2.63889 720.199 0.0996552 0.360029 0.705661 0.954927
  2.65278 732.99 0.0989286 0.361637 0.706399 0.939695
  End: M 2.66194 16091
Bub 14379 0.00310175
  Start: S 2.55389 14145
  2.55556 1116.89 0.00833333 0.115 0.661667 0.946839
  End: M 2.56389 14610
Bub 14380 0.00417831
  Start: S 2.55389 14145
  2.55556 808.072 0.00818182 0.0961111 0.666313 0.888256
  End: M 2.56389 14610
Bub 14386 0.00486217
  Start: M 2.55389 14148
  2.55556 692.986 0.201891 0.266474 0.636506 1.09546
  2.56944 692.951 0.197977 0.263964 0.645971 0.918407
  2.58333 702.469 0.191807 0.26063 0.655756 0.947067
  End: M 2.58778 14998
Bub 14395 0.00463341
  Start: N 2.55444
  2.55556 718.253 0.0366667 0.327333 0.747333 0.885864
  End: M 2.55611 14621
Bub 14398 0.00486217
  Start: N 2.55444
  2.55556 681.712 0.328558 0.270128 0.756667 0.84051
  End: S 2.55583 14416 14415
Bub 14408 0.0225849
  Start: M 2.55528 12972
  2.55556 166.621 0.187668 0.188327 0.334979 0.988904
  End: S 2.55944 15010 14625
Bub 14411 0.0081177
  Start: S 2.55556 14150
  2.55556 441.834 0.072989 0.296887 0.725751 0.964723
  End: M 2.55583 14487
Bub 14412 0.00313958
  Start: S 2.55556 14150
  2.55556 1058.62 0.104762 0.301667 0.721667 0.964723
  End: M 2.55583 14487
Bub 14413 0.0205212
  Start: S 2.55556 14148
  2.55556 169.034 0.200664 0.232452 0.677558 0.916994
  End: M 2.55583 14626
Bub 14414 0.00341392
  Start: S 2.55556 14148
  2.55556 975.537 0.235 0.25 0.635 0.91726
  End: M 2.55583 14626
Bub 14415 0.0037575
  Start: S 2.55583 14398
  2.56944 885.065 0.336667 0.286667 0.751667 0.909695
  2.58333 886.294 0.34 0.291667 0.751667 0.932594
  2.59722 897.925 0.345 0.295 0.751667 0.922191
  2.61111 881.306 0.349737 0.299737 0.752719 0.864936
  2.625 883.989 0.355 0.303333 0.751667 0.922509
  2.63889 884.006 0.359889 0.307444 0.751722 0.856429
  2.65278 885.409 0.365 0.313333 0.75 0.906973
  End: C 2.65917
Bub 14416 0.00424068
  Start: S 2.55583 14398
  2.56944 781.347 0.331957 0.269493 0.756884 0.893566
  2.58333 783.045 0.336333 0.273 0.758333 0.919093
  2.59722 786.161 0.339167 0.2775 0.757292 0.925626
  2.61111 789.781 0.342222 0.281667 0.757222 0.858082
  2.625 801.213 0.344048 0.285 0.757381 0.908759
  2.63889 786.651 0.345 0.289444 0.758333 0.919419
  End: C 2.64444
Bub 14487 0.0083724
  Start: S 2.56139 14411 14412
  2.56944 433.782 0.0692561 0.299614 0.728497 0.924638
  End: M 2.57167 14774
Bub 14516 0.00463341
  Start: N 2.56333
  2.56944 720.365 0.382556 0.216444 0.762111 0.906311
  End: M 2.57028 14821
Bub 14551 0.00816775
  Start: M 2.56556 14365
  2.56944 462.625 0.312086 0.0820521 0.705467 0.898671
  End: M 2.58083 14787
Bub 14579 0.00310175
  Start: N 2.56694
  2.56944 1064.45 0.231667 0.318333 0.601667 0.821238
  End: C 2.57139
Bub 14581 0.00400217
  Start: S 2.56722 14319
  2.56944 827.833 0.266782 0.15977 0.723448 0.843714
  2.58333 829.194 0.273039 0.15951 0.730294 0.916794
  2.59722 829.35 0.276859 0.157051 0.736795 0.901944
  2.61111 830.558 0.280035 0.156773 0.741738 0.893033
  End: C 2.6175
Bub 14598 0.006582
  Start: S 2.56833 14243 14351
  2.56944 563.165 0.204845 0.261512 0.542287 0.921633
  End: M 2.57028 14798
Bub 14604 0.00451002
  Start: N 2.56833
  2.56944 741.377 0.0168072 0.284036 0.756566 0.912061
  End: C 2.57083
Bub 14608 0.012502
  Start: M 2.56861 14243 14351
  2.56944 336.456 0.194029 0.205266 0.516312 0.946398
  End: M 2.57167 14798
Bub 14610 0.00501325
  Start: M 2.56861 14379 14380
  2.56944 713.202 0.00830409 0.100439 0.661579 0.919575
  End: S 2.57139 15011 14816
Bub 14621 0.0069748
  Start: N 2.56944
  2.56944 503.75 0.0347394 0.0386699 0.727291 0.911987
  End: S 2.56972 14821 14818
Bub 14623 0.0057163
  Start: N 2.56944
  2.56944 678.407 0.338294 0.366578 0.759043 0.905251
  End: C 2.56972
Bub 14625 0.0052908
  Start: S 2.56944 14408
  2.56944 634.051 0.137786 0.228333 0.338507 0.985164
  2.58333 657.653 0.134333 0.229 0.341333 1.00534
  2.59722 661.603 0.132935 0.230723 0.341785 0.99522
  2.61111 651.115 0.132385 0.230692 0.341821 0.974218
  End: M 2.625 22345
Bub 14626 0.0205431
  Start: M 2.56944 14413 14414
  2.56944 168.454 0.198736 0.229253 0.692441 0.918229
  End: S 2.57 14763 14727
Bub 14627 0.00784
  Start: M 2.56944 14180
  2.56944 462.383 0.321613 0.22065 0.735466 0.908607
  End: C 2.57056
Bub 14664 0.00456372
  Start: N 2.57167
  2.58333 726.702 0.0533333 0.358062 0.741357 0.877199
  End: C 2.58806
Bub 14717 0.005251
  Start: N 2.575
  2.58333 683.799 0.330852 0.370293 0.762405 0.923107
  End: S 2.58389 14855 14856
Bub 14727 0.00565935
  Start: S 2.57583 14626
  2.58333 635.51 0.219695 0.243963 0.65628 0.912567
  End: M 2.59056 14958
Bub 14739 0.00370457
  Start: S 2.57667 14408
  2.58333 898.346 0.17 0.126667 0.316667 0.984728
  2.59722 897.219 0.17 0.126667 0.316667 1.04007
  2.61111 893.623 0.17 0.127222 0.317222 0.957366
  End: C 2.615
Bub 14762 0.00486217
  Start: S 2.57861 14626
  2.58333 692.009 0.164263 0.243942 0.668077 0.976473
  End: M 2.58778 14998
Bub 14763 0.020267
  Start: S 2.57861 14626
  2.58333 169.213 0.196742 0.225704 0.708644 0.916664
  End: M 2.59389 14998
Bub 14774 0.0083619
  Start: M 2.57972 14487
  2.58333 438.43 0.0626307 0.303897 0.73379 0.88518
  End: C 2.58417
Bub 14775 0.00479902
  Start: N 2.58
  2.58333 693.095 0.0411 0.0478667 0.705733 0.910344
  2.59722 688.844 0.0393023 0.048062 0.701279 0.918271
  2.61111 696.435 0.0385985 0.047803 0.697917 0.910519
  End: M 2.62361 15453
Bub 14787 0.00825515
  Start: M 2.58111 14551
  2.58333 461.691 0.313225 0.0830026 0.706231 0.923486
  End: S 2.58556 14935 15007
Bub 14795 0.00459882
  Start: N 2.58194
  2.58333 722.99 0.315 0.204924 0.73322 0.929856
  End: C 2.58556
Bub 14798 0.0131874
  Start: M 2.58194 14598 14608
  2.58333 322.466 0.192465 0.211561 0.527112 0.937462
  End: M 2.58778 15008
Bub 14804 0.00397903
  Start: N 2.58222
  2.58333 830.82 0.120614 0.269737 0.75307 0.678397
  2.59722 833.498 0.117 0.273 0.751667 0.92653
  End: C 2.60306
Bub 14812 0.00441757
  Start: N 2.58278
  2.58333 776.513 0.0841026 0.242051 0.754231 0.914185
  End: M 2.58361 14987
Bub 14815 0.00578315
  Start: M 2.58306 13290
  2.58333 615.8 0.019419 0.119895 0.68999 0.871236
  End: M 2.59111 14963
Bub 14816 0.00424068
  Start: S 2.58333 13289 14610
  2.58333 774.226 0.00818841 0.0913768 0.662246 0.917286
  End: M 2.58361 15011
Bub 14818 0.00680405
  Start: N 2.58333
  2.58333 507.783 0.329058 0.230462 0.742333 0.908709
  End: M 2.58389 14987
Bub 14820 0.00452806
  Start: N 2.58333
  2.58333 754.879 0.382381 0.217619 0.762976 0.908709
  End: M 2.58361 14987
Bub 14821 0.0068593
  Start: N 2.58333
  2.58333 542.947 0.0322146 0.0350114 0.735365 0.950379
  End: C 2.58417
Bub 14855 0.00470105
  Start: S 2.58611 14717
  2.59722 707.193 0.325603 0.37 0.766454 0.886452
  End: C 2.60694
Bub 14856 0.00397903
  Start: S 2.58611 14717
  2.59722 831.039 0.343947 0.376404 0.76307 0.930272
  End: M 2.59778 15190
Bub 14873 0.00383421
  Start: N 2.58722
  2.59722 865.608 0.0697059 0.277157 0.743627 0.930447
  End: M 2.61056 15242
Bub 14886 0.00489314
  Start: S 2.58833 14386 14762
  2.59722 693.508 0.184811 0.254277 0.664654 0.951781
  End: M 2.60556 15236
Bub 14935 0.00548125
  Start: S 2.5925 14787
  2.59722 637.624 0.331555 0.0828747 0.703367 0.918084
  End: M 2.60361 15228
Bub 14958 0.0058269
  Start: M 2.59472 14727
  2.59722 623.01 0.220642 0.243119 0.665242 0.932261
  End: M 2.59944 15193
Bub 14963 0.00545665
  Start: M 2.595 14815
  2.59722 678.231 0.020034 0.112506 0.683844 0.92565
  End: S 2.59861 15067 15068
Bub 14987 0.00576105
  Start: N 2.59639
  2.59722 634.595 0.0716089 0.299277 0.720491 0.937666
  End: S 2.59972 15187 15188
Bub 14993 0.00341392
  Start: S 2.59694 14102
  2.59722 972.259 0.055 0.101667 0.72 1.06849
  End: M 2.5975 15040
Bub 14994 0.00426107
  Start: S 2.59694 14102
  2.59722 783.871 0.0636667 0.120905 0.726619 1.08373
  End: M 2.5975 15040
Bub 14997 0.005469
  Start: S 2.59694 14386 14762 14763
  2.59722 611.477 0.159685 0.237252 0.678694 0.897178
  End: M 2.5975 15238
Bub 14998 0.0202545
  Start: S 2.59694 14386 14762 14763
  2.59722 170.128 0.195533 0.224213 0.72261 0.921313
  End: M 2.5975 15238
Bub 14999 0.00541925
  Start: S 2.59694 12913 14023
  2.59722 618.42 0.0314583 0.332593 0.706481 0.880703
  2.61111 616.159 0.0290204 0.33528 0.705153 0.903739
  2.625 617.841 0.0276515 0.339167 0.702955 0.918543
  End: M 2.62556 15714
Bub 15000 0.0055057
  Start: S 2.59694 12913 14023
  2.59722 628.569 0.0503863 0.353389 0.732616 0.876032
  End: M 2.59889 15043
Bub 15004 0.00341392
  Start: N 2.59722
  2.59722 973.297 0.0866667 0.265 0.741667 0.933025
  End: M 2.5975 15242
Bub 15005 0.00452806
  Start: N 2.59722
  2.59722 742.211 0.0828571 0.247619 0.755 0.933025
  End: M 2.5975 15242
Bub 15006 0.005197
  Start: S 2.59722 14787
  2.59722 686.118 0.300459 0.0701181 0.709331 1.01555
  2.61111 685.611 0.302495 0.0678758 0.709161 0.910113
  End: M 2.62111 15400
Bub 15007 0.005469
  Start: S 2.59722 14787
  2.59722 609.453 0.307027 0.0988514 0.70545 1.01555
  2.61111 612.183 0.307137 0.098902 0.703627 0.926581
  2.625 615.389 0.308045 0.100261 0.702279 0.92142
  2.63889 624.573 0.307222 0.10179 0.70037 0.946236
  End: M 2.6475 15880
Bub 15008 0.0136478
  Start: S 2.59722 13834 14798
  2.59722 313.411 0.197101 0.212965 0.534751 0.939512
  End: M 2.5975 15246
Bub 15009 0.00313958
  Start: S 2.59722 13834 14798
  2.59722 1063.66 0.211786 0.264762 0.561548 0.939512
  End: M 2.5975 15246
Bub 15010 0.0225298
  Start: M 2.59722 14408
  2.59722 168.61 0.185039 0.187491 0.366494 0.980661
  End: M 2.59778 15232
Bub 15011 0.0061843
  Start: M 2.59722 13289 14610 14816
  2.59722 648.597 0.0187539 0.083785 0.668894 0.954197
  End: M 2.60306 15224
Bub 15040 0.00443638
  Start: S 2.59917 14993 14994
  2.61111 751.059 0.0620464 0.117363 0.729557 0.930357
  2.625 746.484 0.0612338 0.114697 0.732749 0.911344
  2.63889 747.204 0.0583333 0.111923 0.736026 0.905726
  2.65278 764.416 0.0560606 0.109545 0.738333 0.9673
  2.66667 748.105 0.0482843 0.106471 0.737549 0.87377
  2.68056 747.457 0.0443897 0.102981 0.736878 0.893813
  End: M 2.69139 16522
Bub 15043 0.005469
  Start: M 2.59917 15000
  2.61111 606.786 0.0490315 0.354414 0.73045 0.927082
  2.625 610.131 0.0475362 0.352246 0.724928 0.936858
  End: M 2.62556 15714
Bub 15062 0.00473416
  Start: S 2.6 15008 15009
  2.61111 701.925 0.239167 0.256979 0.549375 0.809363
  2.625 720.356 0.237778 0.25702 0.553485 0.9249
  2.63889 711.927 0.234792 0.251726 0.558542 0.918059
  End: M 2.64361 15824
Bub 15067 0.00424068
  Start: S 2.60028 14963
  2.61111 783.53 0.0144203 0.100507 0.666594 0.90894
  End: M 2.6175 15453
Bub 15068 0.00390797
  Start: S 2.60028 14963
  2.61111 858.336 0.0227778 0.111667 0.691111 0.915206
  2.625 849.804 0.0211364 0.107121 0.687803 0.903378
  2.63889 857.515 0.0215766 0.10491 0.689775 0.910979
  2.65278 849.607 0.0203165 0.101456 0.68884 0.872212
  2.66667 849.35 0.02025 0.0981667 0.689 0.923099
  2.68056 851.867 0.0201341 0.0948084 0.688295 0.913595
  End: M 2.68639 16495
Bub 15090 0.00522415
  Start: S 2.60278 14346
  2.61111 640.669 0.0114599 0.219212 0.664638 1.00258
  End: M 2.62389 15451
Bub 15115 0.00341392
  Start: N 2.60361
  2.61111 974.172 0.111667 0.276667 0.748333 1.08038
  2.625 973.954 0.11 0.28 0.745 0.910631
  End: C 2.63333
Bub 15171 0.0057163
  Start: M 2.60694 13077
  2.61111 616.761 0.374112 0.0549803 0.66575 1.0135
  2.625 597.989 0.376935 0.0541183 0.665366 0.931083
  2.63889 613.569 0.377091 0.0542505 0.663047 0.933248
  End: M 2.63917 15938
Bub 15187 0.0053039
  Start: S 2.60778 14987
  2.61111 651.815 0.0627037 0.305593 0.720037 0.972754
  End: M 2.61667 15338
Bub 15188 0.00341392
  Start: S 2.60778 14987
  2.61111 973.806 0.0816667 0.295 0.72 1.02161
  2.625 975.317 0.0866667 0.298333 0.723333 0.909355
  End: C 2.635
Bub 15190 0.00484654
  Start: N 2.60778
  2.61111 687.592 0.104482 0.0298544 0.763026 0.930595
  End: C 2.61611
Bub 15193 0.00616495
  Start: M 2.60778 14958
  2.61111 596.625 0.220487 0.243569 0.67434 0.908536
  End: M 2.61611 15440
Bub 15224 0.00680405
  Start: M 2.60972 13666 15011
  2.61111 542.979 0.0298889 0.0730585 0.677655 0.896033
  End: S 2.61444 15453 15448
Bub 15228 0.0058051
  Start: M 2.61 14935
  2.61111 615.677 0.33242 0.0829661 0.702137 0.914966
  End: M 2.61278 15358
Bub 15232 0.0227276
  Start: M 2.61028 15010
  2.61111 167.963 0.183391 0.186132 0.375833 0.97277
  End: M 2.61167 15441
Bub 15236 0.0051279
  Start: M 2.61056 14886
  2.61111 648.039 0.186667 0.253907 0.672568 0.89872
  End: M 2.61139 15247
Bub 15238 0.00452806
  Start: N 2.61083
  2.61111 733.682 0.158333 0.228095 0.684881 0.579267
  End: C 2.61194
Bub 15242 0.00591245
  Start: S 2.61083 14873 15004 15005
  2.61111 619.871 0.0816667 0.2568 0.751275 0.866712
  End: M 2.61167 15388
Bub 15243 0.00341392
  Start: S 2.61083 14873 15004 15005
  2.61111 971.418 0.0666667 0.278333 0.745 0.894107
  End: M 2.61167 15388
Bub 15245 0.0042201
  Start: N 2.61111
  2.61111 792.427 0.327745 0.372206 0.768382 0.914455
  End: C 2.61139
Bub 15246 0.0136022
  Start: M 2.61111 15008 15009
  2.61111 311.614 0.194325 0.209743 0.543214 0.934726
  End: S 2.61167 15398 15308
Bub 15247 0.00478297
  Start: S 2.61139 15236
  2.625 703.787 0.193384 0.258333 0.67399 0.920394
  2.63889 708.321 0.191028 0.259787 0.67805 0.909031
  2.65278 700.167 0.191771 0.258958 0.679896 0.826877
  2.66667 698.055 0.196748 0.260534 0.682605 0.936779
  End: M 2.67889 16368
Bub 15262 0.00411402
  Start: S 2.61194 15242 15243
  2.625 813.707 0.065 0.281508 0.745159 0.997806
  End: M 2.63583 15722
Bub 15308 0.00310175
  Start: S 2.61528 15246
  2.625 1065.29 0.218333 0.268333 0.568333 1.23747
  End: C 2.63444
Bub 15318 0.0058913
  Start: M 2.61583 11810 14103
  2.625 609.139 0.0210721 0.135 0.726153 0.931677
  2.63889 598.95 0.0214223 0.132155 0.724529 0.896364
  2.65278 598.395 0.0215062 0.127175 0.724234 0.905605
  End: C 2.65417
Bub 15338 0.0053558
  Start: M 2.61694 15187
  2.625 653.834 0.0582854 0.306319 0.719197 0.913243
  2.63889 654.997 0.0553308 0.30841 0.717723 0.93187
  End: M 2.64306 15781
Bub 15348 0.00463341
  Start: N 2.61778
  2.625 716.678 0.329889 0.212778 0.741889 0.906684
  End: C 2.63278
Bub 15358 0.00538135
  Start: M 2.61806 15228
  2.625 661.532 0.335071 0.0858511 0.697766 0.903742
  End: M 2.63194 15699
Bub 15387 0.00390797
  Start: S 2.62111 15242 15243
  2.625 846.412 0.0827778 0.273889 0.746111 0.9336
  End: M 2.63583 15722
Bub 15388 0.00473416
  Start: S 2.62111 15242 15243
  2.625 704.372 0.0747569 0.255174 0.754201 0.920975
  2.63889 721.747 0.0712295 0.257077 0.754126 0.90811
  2.65278 723.458 0.0735897 0.262949 0.750128 1.03258
  End: M 2.66139 16156
Bub 15398 0.0129501
  Start: M 2.62139 15246
  2.625 312.706 0.19055 0.206583 0.549253 0.943648
  End: M 2.62528 15698
Bub 15400 0.00576105
  Start: M 2.62139 15006
  2.625 629.01 0.3029 0.0706262 0.712091 0.927813
  End: M 2.62583 15616
Bub 15409 0.0037575
  Start: N 2.62222
  2.625 884.385 0.166667 0.123333 0.348333 1.00313
  End: M 2.62861 15706
Bub 15440 0.00621305
  Start: M 2.62417 15193
  2.625 593.646 0.218379 0.24222 0.681605 0.886591
  End: S 2.62611 15539 15538
Bub 15441 0.0227625
  Start: M 2.62444 15232
  2.625 167.911 0.182991 0.1871 0.384394 0.969202
  End: M 2.62556 15706
Bub 15447 0.00365009
  Start: N 2.62472
  2.625 909.832 0.182879 0.230303 0.721742 0.724167
  End: C 2.62583
Bub 15448 0.0058485
  Start: M 2.62472 14007 14775 15067 15224
  2.625 574.338 0.0215746 0.080175 0.662698 0.960553
  End: S 2.62639 15719 15694
Bub 15451 0.0054935
  Start: S 2.625 14345 15090
  2.625 606.406 0.0198889 0.189222 0.661533 0.915819
  End: M 2.63361 15710
Bub 15452 0.0050997
  Start: S 2.625 14345 15090
  2.625 643.811 0.0128333 0.2145 0.664833 0.915819
  End: M 2.63361 15710
Bub 15453 0.0060464
  Start: S 2.625 14007 14775 15067 15224
  2.625 589.502 0.0357833 0.0592167 0.690183 0.930839
  End: M 2.62528 15719
Bub 15454 0.00578315
  Start: S 2.625 14007 14775 15067 15224
  2.625 586.934 0.0187524 0.074619 0.707838 0.930839
  End: M 2.62528 15719
Bub 15456 0.00478297
  Start: N 2.625
  2.625 737.503 0.0525758 0.309848 0.742879 0.916219
  End: C 2.63167
Bub 15457 0.00310175
  Start: N 2.625
  2.625 1064.91 0.0683333 0.161667 0.748333 0.916219
  End: C 2.62528
Bub 15458 0.00390797
  Start: N 2.625
  2.625 859.663 0.311667 0.290556 0.751111 0.916219
  End: C 2.62528
Bub 15459 0.00439861
  Start: N 2.625
  2.625 763.076 0.102879 0.0306277 0.764524 0.916219
  End: C 2.62528
Bub 15460 0.005469
  Start: M 2.625 11620
  2.625 608.576 0.336059 0.351374 0.672365 0.858876
  End: M 2.62528 15466
Bub 15616 0.00468432
  Start: M 2.63278 15400
  2.63889 726.401 0.304821 0.0735305 0.713853 1.31412
  End: M 2.6475 15880
Bub 15658 0.00310175
  Start: N 2.635
  2.63889 1065.22 0.221667 0.268333 0.568333 0.957611
  End: M 2.64361 15824
Bub 15694 0.00490848
  Start: S 2.63694 15448 15453 15454
  2.63889 686.752 0.0263707 0.0683022 0.658863 0.950968
  2.65278 682.119 0.0297059 0.0628711 0.652031 0.976732
  End: M 2.65583 16160
Bub 15695 0.0042201
  Start: S 2.63694 15448 15453 15454
  2.63889 786.582 0.0154902 0.0894608 0.653775 0.946475
  2.65278 789.221 0.0178571 0.082619 0.646905 0.965215
  End: M 2.65583 16160
Bub 15698 0.0131363
  Start: M 2.63694 15398
  2.63889 318.31 0.189269 0.208179 0.556572 0.945925
  End: M 2.64 15872
Bub 15699 0.0055057
  Start: M 2.63722 15358
  2.63889 648.253 0.335044 0.085596 0.698245 0.922367
  End: S 2.63944 15725 15724
Bub 15706 0.0228856
  Start: M 2.6375 15409 15441
  2.63889 167.918 0.182896 0.187024 0.393015 0.970362
  End: S 2.64444 16179 15792
Bub 15708 0.00606645
  Start: N 2.63778
  2.63889 586.401 0.3433 0.218383 0.744488 0.858286
  End: M 2.64 16264
Bub 15709 0.005469
  Start: S 2.63806 15451 15452
  2.63889 607.236 0.0211261 0.18482 0.663243 0.926647
  End: M 2.64361 15927
Bub 15710 0.0057163
  Start: S 2.63806 15451 15452
  2.63889 581.001 0.0147239 0.211095 0.664921 0.917137
  End: M 2.64361 15927
Bub 15713 0.0037575
  Start: S 2.63806 14181 14999 15043
  2.63889 884.826 0.03 0.336667 0.681667 0.936707
  End: M 2.64194 15915
Bub 15714 0.00709395
  Start: S 2.63806 14181 14999 15043
  2.63889 517.097 0.0360114 0.348416 0.709809 0.938279
  End: M 2.64194 15915
Bub 15719 0.0080101
  Start: M 2.63833 15448 15453 15454
  2.63889 467.196 0.0272581 0.0649211 0.696348 0.942042
  End: S 2.64056 15918 15919
Bub 15722 0.00471767
  Start: M 2.63861 15262 15387
  2.63889 762.717 0.0693509 0.280754 0.745947 0.881068
  End: M 2.63944 15939
Bub 15781 0.00560125
  Start: M 2.64333 15338
  2.65278 622.356 0.0519392 0.309423 0.715755 0.918927
  End: M 2.66333 16184
Bub 15789 0.00341392
  Start: N 2.64417
  2.65278 975.506 0.0116667 0.115 0.74 0.925685
  End: C 2.65417
Bub 15792 0.00341392
  Start: S 2.64444 15706
  2.65278 972.766 0.188333 0.113333 0.358333 0.976236
  2.66667 986.025 0.188333 0.111667 0.355 0.934959
  2.68056 981.359 0.188333 0.111723 0.353249 0.865602
  End: C 2.69167
Bub 15860 0.00445501
  Start: N 2.64806
  2.65278 749.397 0.161792 0.211667 0.73875 0.90267
  End: C 2.66667
Bub 15872 0.013087
  Start: M 2.64861 15698
  2.65278 318.322 0.18461 0.209799 0.564326 0.941289
  2.66667 314.999 0.183006 0.20924 0.570198 0.940084
  2.68056 312.686 0.178724 0.212159 0.575591 0.942826
  End: M 2.69111 16511
Bub 15880 0.00596465
  Start: S 2.64917 15007 15616
  2.65278 574.805 0.30684 0.105122 0.697708 0.931723
  End: M 2.65667 16010
Bub 15881 0.00499856
  Start: S 2.64917 15007 15616
  2.65278 672.058 0.302316 0.0770649 0.717124 0.918145
  End: M 2.65667 16010
Bub 15889 0.00310175
  Start: N 2.64944
  2.65278 1065.19 0.225 0.268333 0.568333 0.892302
  End: C 2.66278
Bub 15915 0.0073822
  Start: M 2.65111 15713 15714
  2.65278 513.496 0.0356502 0.347875 0.703333 0.899732
  End: M 2.65611 16168
Bub 15918 0.00646075
  Start: S 2.65139 15719
  2.65278 548.641 0.0348497 0.0573497 0.685178 0.935635
  End: S 2.65472 16182 16183
Bub 15919 0.0060464
  Start: S 2.65139 15719
  2.65278 575.588 0.0183 0.0729833 0.70135 0.933921
  End: M 2.65556 16182
Bub 15922 0.00367754
  Start: N 2.65139
  2.65278 915.611 0.158333 0.188333 0.738333 0.877289
  End: C 2.65444
Bub 15927 0.0072021
  Start: M 2.65167 15709 15710
  2.65278 523.726 0.018146 0.194517 0.664527 0.923505
  End: M 2.65306 16171
Bub 15935 0.00468432
  Start: M 2.65222 10176
  2.65278 738.496 0.255753 0.078871 0.704032 0.949587
  End: M 2.65417 15957
Bub 15938 0.006666
  Start: M 2.6525 14191 15171
  2.65278 557.961 0.377351 0.0527363 0.665162 0.937629
  End: S 2.65389 16175 16082
Bub 15939 0.0053429
  Start: M 2.6525 15722
  2.65278 641.056 0.0671739 0.283551 0.744855 0.915542
  End: M 2.655 16156
Bub 15942 0.0043602
  Start: S 2.65278 13698
  2.65278 761.167 0.0616667 0.151533 0.7094 1.0395
  End: M 2.65306 16004
Bub 15943 0.00310175
  Start: S 2.65278 13698
  2.65278 1064.78 0.0783333 0.158333 0.708333 1.0395
  End: M 2.65306 16004
Bub 15944 0.00341392
  Start: N 2.65278
  2.65278 971.77 0.175 0.248333 0.736667 0.916449
  End: M 2.65306 16177
Bub 15946 0.0052376
  Start: M 2.65278 9269 9270
  2.65278 695.462 0.0153333 0.351872 0.649821 0.929774
  End: M 2.65583 16148
Bub 16003 0.00367754
  Start: S 2.65694 15942 15943
  2.66667 903.196 0.077 0.158333 0.709667 0.913398
  End: M 2.66694 16200
Bub 16004 0.00463341
  Start: S 2.65694 15942 15943
  2.66667 721.756 0.06 0.153519 0.713111 0.829605
  End: M 2.66694 16200
Bub 16044 0.00545665
  Start: N 2.65972
  2.66667 610.336 0.0245465 0.1211 0.730261 0.90665
  2.68056 612.267 0.0243035 0.11893 0.731791 0.920522
  End: M 2.69139 16522
Bub 16057 0.00445501
  Start: N 2.66056
  2.66667 748.252 0.257542 0.222458 0.746917 0.962707
  End: C 2.66722
Bub 16091 0.0054067
  Start: M 2.66222 14378
  2.66667 653.791 0.0988695 0.362855 0.704324 0.911762
  End: M 2.66778 16248
Bub 16114 0.00310175
  Start: N 2.66333
  2.66667 1065.15 0.228333 0.265 0.568333 0.888047
  End: C 2.67528
Bub 16148 0.0055178
  Start: M 2.665 15946
  2.66667 640.254 0.0188596 0.354211 0.646469 0.815528
  End: M 2.66722 16212
Bub 16156 0.00617465
  Start: M 2.66556 15388 15939
  2.66667 561.257 0.0737011 0.275689 0.746831 0.866865
  End: C 2.66778
Bub 16159 0.00432109
  Start: S 2.66583 15694 15695
  2.66667 767.412 0.0189726 0.0768721 0.640205 0.901124
  End: M 2.67167 16380
Bub 16160 0.0048308
  Start: S 2.66583 15694 15695
  2.66667 696.089 0.0311765 0.0586275 0.644216 0.898236
  End: M 2.67167 16380
Bub 16164 0.00367754
  Start: N 2.66583
  2.66667 902.916 0.173667 0.248333 0.747 0.898215
  End: C 2.67222
Bub 16168 0.0072724
  Start: M 2.66583 15915
  2.66667 502.423 0.0359291 0.34886 0.701312 0.899899
  End: S 2.66778 16320 16319
Bub 16171 0.00718785
  Start: M 2.66611 15927
  2.66667 500.727 0.0194147 0.188512 0.664464 0.947112
  End: M 2.66722 16346
Bub 16175 0.00437949
  Start: S 2.66639 15938
  2.66667 761.702 0.373596 0.0626316 0.657939 0.923757
  End: M 2.66722 16228
Bub 16176 0.00413567
  Start: S 2.66639 15938
  2.66667 812.57 0.381406 0.0514583 0.672865 1.02784
  End: M 2.66722 16228
Bub 16177 0.00637125
  Start: N 2.66639
  2.66667 570.99 0.158462 0.19084 0.771595 0.914965
  End: S 2.66694 16376 16372
Bub 16178 0.00359392
  Start: N 2.66639
  2.66667 922.974 0.17 0.216667 0.781667 1.17535
  End: M 2.6675 16205
Bub 16179 0.0227881
  Start: M 2.66639 15706
  2.66667 169.313 0.181072 0.188894 0.411371 0.966565
  End: S 2.66889 16349 16290
Bub 16181 0.0052776
  Start: N 2.66667
  2.66667 630.512 0.0958521 0.030188 0.76896 0.914848
  End: M 2.66694 16376
Bub 16182 0.00593345
  Start: S 2.66667 15918 15919
  2.66667 593.002 0.0288448 0.062672 0.680062 0.925618
  End: M 2.66694 16381
Bub 16183 0.0051696
  Start: S 2.66667 15918 15919
  2.66667 651.419 0.01868 0.0756133 0.70148 0.925618
  End: M 2.66694 16381
Bub 16184 0.0055057
  Start: M 2.66667 15781
  2.66667 637.127 0.0474283 0.307318 0.714779 0.940484
  End: M 2.67 16293
Bub 16200 0.00341392
  Start: S 2.6675 16003 16004
  2.68056 974.202 0.0783333 0.158333 0.713333 0.881702
  End: C 2.69361
Bub 16205 0.00432109
  Start: M 2.6675 16178
  2.68056 769.49 0.168288 0.21742 0.78911 1.05516
  End: C 2.68333
Bub 16212 0.0054067
  Start: M 2.66778 16148
  2.68056 639.968 0.0221562 0.355303 0.643019 0.941097
  2.69444 645.532 0.0245588 0.358456 0.639681 0.931515
  End: M 2.69861 16612
Bub 16228 0.0055299
  Start: M 2.66861 16175 16176
  2.68056 652.493 0.378725 0.0570261 0.663366 0.930874
  End: M 2.68611 16482
Bub 16264 0.0055895
  Start: M 2.67056 15708
  2.68056 645.314 0.355907 0.222257 0.745169 0.910806
  End: C 2.68972
Bub 16290 0.00417831
  Start: S 2.6725 9657 16179
  2.68056 798.574 0.24197 0.145 0.371515 0.97484
  End: M 2.68222 16617
Bub 16293 0.0055419
  Start: M 2.6725 16184
  2.68056 642.799 0.0435931 0.306753 0.712771 0.891585
  End: M 2.68139 16493
Bub 16346 0.0073414
  Start: M 2.67694 16171
  2.68056 479.324 0.019851 0.184115 0.662356 0.923183
  End: M 2.6825 16548
Bub 16349 0.0228744
  Start: M 2.67722 9657 16179
  2.68056 169.286 0.179684 0.188833 0.420577 0.967974
  End: S 2.68167 16617 16573
Bub 16354 0.00424068
  Start: N 2.67778
  2.68056 795.392 0.140217 0.193696 0.771667 0.888438
  End: C 2.68472
Bub 16368 0.00790535
  Start: M 2.67889 14074 15247
  2.68056 477.976 0.210108 0.278497 0.665552 0.941751
  2.69444 463.04 0.209185 0.274611 0.67318 1.00232
  End: M 2.69944 16629
Bub 16372 0.005197
  Start: N 2.67944
  2.68056 643.236 0.0719816 0.274475 0.749882 0.91501
  End: C 2.68611
Bub 16374 0.0044735
  Start: N 2.67972
  2.68056 762.617 0.161708 0.208169 0.761049 0.885627
  End: C 2.68222
Bub 16376 0.00565935
  Start: N 2.67972
  2.68056 638.879 0.248577 0.217866 0.760244 0.92509
  End: C 2.69
Bub 16381 0.00752805
  Start: M 2.68056 16182 16183
  2.68056 492.133 0.0242746 0.0671157 0.683592 0.919065
  End: S 2.68306 16495 16533
Bub 16482 0.00578315
  Start: M 2.68917 16228
  2.69444 624.959 0.381324 0.0558 0.659876 0.948535
  End: M 2.69694 16999
Bub 16493 0.0053039
  Start: M 2.69 16293
  2.69444 678.294 0.0409259 0.307667 0.711593 0.98369
  End: S 2.69778 16625 16624
Bub 16495 0.00652195
  Start: S 2.69028 15068 16381
  2.69444 556.505 0.0187981 0.0794356 0.691348 0.918923
  End: M 2.69611 16630
Bub 16523 0.0043602
  Start: S 2.69222 15040 16044
  2.69444 772.323 0.043 0.0983333 0.738467 0.938592
  End: M 2.69917 16628
Bub 16533 0.00596465
  Start: M 2.69278 15068 16381
  2.69444 588.407 0.0293924 0.0600521 0.669757 0.913619
  End: M 2.695 16630
Bub 16548 0.0073822
  Start: M 2.69389 16346
  2.69444 480.199 0.0199267 0.180403 0.660659 0.909412
  End: M 2.695 16623
Bub 16552 0.00439861
  Start: S 2.69444 16290 16349
  2.69444 764.408 0.18487 0.130714 0.400238 0.964228
  End: M 2.69472 16617
Bub 7705 0.00437949
  Start: S 2.13667 6743 7241
  2.13889 759.05 0.12364 0.328596 0.718465 0.863382
  2.15278 754.929 0.126667 0.326667 0.716667 0.957151
  2.16667 763.716 0.130556 0.328333 0.714444 1.00629
  2.18056 757.598 0.136333 0.328333 0.713667 0.979279
  2.19444 758.991 0.140106 0.325071 0.713227 0.918375
  2.19972 758.991 0.140556 0.325 0.714444 0.915291
  2.20833 758.674 0.141667 0.321667 0.713333 1.09979
  2.22222 758.126 0.14348 0.323186 0.714755 0.924799
  2.23611 754.955 0.147 0.323333 0.716333 0.929973
  2.25 764.471 0.151087 0.325 0.718333 0.870779
  2.26389 759.413 0.156667 0.327576 0.722576 0.950489
  2.27778 756.831 0.161667 0.327 0.727 0.957472
  2.29167 757.702 0.166333 0.328333 0.729667 0.882693
  2.30556 757.352 0.169706 0.327157 0.733627 0.955896
  2.31944 756.9 0.173333 0.326667 0.736667 0.927243
  2.33333 756.828 0.176667 0.326667 0.74 0.979292
  2.34722 758.228 0.179667 0.328333 0.743 0.973413
  2.36111 759.541 0.183667 0.328333 0.743667 1.00689
  2.36639 759.541 0.183 0.328333 0.746333 0.90513
  2.375 759.952 0.185188 0.329789 0.74716 0.940582
  2.38889 758.457 0.189853 0.329853 0.748088 1.00894
  2.40278 760.786 0.190217 0.329203 0.748768 0.94959
  2.41667 757.977 0.192179 0.329769 0.750231 0.911219
  2.43056 762.999 0.193974 0.330128 0.75 0.934584
  2.44444 757.753 0.191667 0.331667 0.75 0.968755
  2.45833 760.486 0.192662 0.333905 0.751716 0.902894
  2.47222 759.755 0.192536 0.336884 0.752101 0.957542
  2.48611 758.974 0.191667 0.338333 0.75 1.06307
  2.5 758.932 0.193333 0.341667 0.753333 0.907127
  2.51389 758.093 0.19197 0.343333 0.754091 0.930077
  2.52778 763.364 0.190263 0.345 0.754649 0.883316
  2.53306 763.364 0.190758 0.346667 0.755303 0.897585
  2.54167 758.532 0.191667 0.349667 0.757 0.898458
  2.55556 759.03 0.192879 0.350758 0.757576 0.923505
  2.56944 760.604 0.192937 0.353889 0.758492 0.916726
  2.58333 756.224 0.193061 0.357242 0.759788 0.918309
  2.59722 755.667 0.193333 0.360333 0.763 0.953298
  2.61111 755.553 0.193333 0.360333 0.763 0.913908
  2.625 757.317 0.193667 0.363 0.761667 0.918807
  2.63889 762.703 0.195 0.364524 0.761667 0.921295
  2.65278 758.511 0.196667 0.366667 0.761667 0.923754
  2.66667 755.795 0.19693 0.369737 0.760614 0.913728
  2.68056 763.161 0.198333 0.371667 0.76 1.01987
  2.69444 757.511 0.198889 0.373056 0.760139 0.886613
  2.69972 757.511 0.200254 0.373588 0.759915 0.920128
  2.70833 759.723 0.200455 0.374091 0.759091 0.901052
  2.72222 755.775 0.200088 0.376053 0.760263 0.852809
  End: C 2.73528
Bub 11599 0.00478297
  Start: N 2.39194
  2.40278 696.346 0.327626 0.0265152 0.758333 0.928365
  2.41667 691.931 0.33212 0.0256472 0.754256 0.928333
  2.43056 693.082 0.33565 0.0266667 0.750763 0.901309
  2.44444 694.378 0.339337 0.0271147 0.746326 0.917176
  2.45833 693.74 0.342048 0.0292857 0.741286 0.923215
  2.47222 701.493 0.345825 0.0304455 0.738069 0.929193
  2.48611 711.05 0.346667 0.0326724 0.734828 0.878746
  2.5 714.754 0.348634 0.0357207 0.732778 0.905812
  2.51389 723.747 0.349476 0.0384286 0.730048 0.901339
  2.52778 742.467 0.349605 0.0410481 0.728093 0.947756
  2.53306 742.467 0.348951 0.0424074 0.725895 0.897715
  2.54167 748.79 0.349545 0.0434848 0.725303 0.960912
  2.55556 758.929 0.350741 0.0437037 0.724074 0.889356
  2.56944 699.405 0.354796 0.0435034 0.725612 0.898385
  2.58333 696.027 0.350281 0.047397 0.724288 0.892357
  2.59722 698.702 0.347397 0.0474719 0.721629 0.996414
  2.61111 696.287 0.347646 0.0444845 0.72311 0.762528
  2.625 696.895 0.349375 0.0427976 0.719464 0.964145
  2.63889 704.582 0.349286 0.0416964 0.717054 0.913058
  2.65278 702.02 0.350408 0.040102 0.711735 0.918002
  2.66667 695.1 0.35107 0.0405789 0.706158 0.901829
  2.68056 698.176 0.352727 0.0403409 0.700833 0.914815
  2.69444 695.161 0.354451 0.0407143 0.697161 0.934173
  2.69972 695.161 0.355099 0.0405776 0.695165 0.933741
  2.70833 691.733 0.354691 0.0409794 0.691667 0.965401
  2.72222 694.689 0.357202 0.0409633 0.686682 0.922712
  2.73611 703.289 0.356889 0.0427778 0.682667 0.918866
  2.75 711.087 0.35803 0.0429798 0.678838 0.916885
  2.76389 707.251 0.362778 0.0416667 0.670926 0.966962
  2.77778 712.828 0.363778 0.0416667 0.667444 0.910712
  2.79167 699.95 0.366183 0.0407348 0.664749 0.925841
  2.80556 700.082 0.366075 0.0423118 0.661559 0.926499
  End: M 2.81944 18467
Bub 11897 0.00452806
  Start: S 2.41361 11744
  2.41667 743.572 0.278333 0.251667 0.492738 0.938084
  2.43056 733.927 0.279194 0.255 0.499946 0.882403
  2.44444 739.941 0.280321 0.258272 0.503257 0.935238
  2.45833 731.515 0.281667 0.26451 0.50451 0.986244
  2.47222 735.1 0.282708 0.271125 0.502583 0.945181
  2.48611 738.141 0.28144 0.276877 0.503382 0.942749
  2.5 733.329 0.278973 0.281532 0.505606 0.934226
  2.51389 736.878 0.275291 0.286812 0.510825 0.944843
  2.52778 745.363 0.270766 0.293649 0.516141 0.913371
  2.53306 745.363 0.268423 0.29473 0.517613 0.931648
  2.54167 750.343 0.266818 0.296553 0.519924 0.955108
  2.55556 741.139 0.259364 0.301182 0.52697 0.936671
  2.56944 749.387 0.253417 0.303667 0.536583 0.942686
  2.58333 745.213 0.247096 0.306409 0.547715 0.935226
  2.59722 735.526 0.242083 0.309375 0.556979 0.938889
  2.61111 732.93 0.236571 0.308494 0.567628 0.913841
  2.625 733.387 0.23327 0.308333 0.57597 0.905773
  2.63889 731.626 0.230488 0.307439 0.585447 0.960129
  2.65278 732.765 0.228667 0.308333 0.593111 0.874777
  2.66667 732.587 0.228478 0.308297 0.601377 0.897103
  2.68056 738.204 0.225889 0.309 0.605778 0.944521
  2.69444 735.832 0.222972 0.308028 0.607056 0.909428
  2.69972 735.832 0.222111 0.306778 0.608222 0.940948
  2.70833 732.45 0.222471 0.308678 0.611207 0.91717
  2.72222 733.982 0.222576 0.309747 0.61601 0.923687
  2.73611 736.939 0.222273 0.309545 0.620758 0.98147
  2.75 735.229 0.217622 0.310022 0.6258 0.878206
  2.76389 735.144 0.218404 0.307589 0.63195 0.923094
  2.77778 743.147 0.221667 0.307024 0.64 0.974408
  2.79167 753.243 0.222778 0.305 0.64803 0.896825
  End: S 2.80556 18285 18286
Bub 12373 0.0063163
  Start: S 2.44139 12150 12151
  2.44444 527.284 0.180205 0.0115058 0.685643 0.926872
  2.45833 527.284 0.18326 0.0117949 0.686227 0.911197
  2.47222 527.284 0.186017 0.0118398 0.685303 0.934482
  2.48611 527.284 0.18757 0.011932 0.682977 0.910866
  2.5 527.284 0.186733 0.0114851 0.683267 0.906141
  2.51389 527.284 0.189121 0.0111474 0.682655 0.916014
  2.52778 551.308 0.188741 0.0115816 0.683282 0.909236
  2.53306 551.308 0.187778 0.0115123 0.683519 0.918025
  2.54167 551.308 0.18909 0.012649 0.685032 0.868841
  2.55556 551.308 0.190311 0.014322 0.685734 0.939682
  2.56944 551.308 0.19086 0.0141404 0.685982 0.90923
  2.58333 551.308 0.189703 0.0162376 0.685446 0.92535
  2.59722 551.308 0.187893 0.0157489 0.685103 0.943423
  2.61111 560.748 0.189117 0.0182719 0.684785 0.918664
  2.625 560.748 0.190805 0.0200718 0.68533 0.930051
  2.63889 540.054 0.19559 0.0214593 0.685223 0.945008
  2.65278 535.802 0.195637 0.0243954 0.683382 0.936812
  2.66667 534.931 0.196462 0.0258805 0.682233 0.937951
  2.68056 535.239 0.197673 0.0273994 0.681522 0.927971
  2.69444 533.415 0.19656 0.0295107 0.679755 0.940727
  2.69972 533.415 0.195175 0.0292105 0.680667 0.949257
  2.70833 539.375 0.195058 0.03 0.679532 0.921239
  End: M 2.71611 16972
Bub 12572 0.0052376
  Start: M 2.45028 12438
  2.45833 669.123 0.311333 0.320692 0.703179 0.899956
  2.47222 638.07 0.309921 0.317302 0.699921 0.927658
  2.48611 641.624 0.312667 0.316148 0.697222 0.903732
  2.5 645.566 0.312267 0.313973 0.693876 0.949048
  2.51389 638.17 0.311816 0.311238 0.691667 0.846724
  2.52778 638.922 0.30982 0.306937 0.688311 0.942642
  2.53306 638.922 0.309586 0.3067 0.687953 0.903425
  2.54167 638.752 0.310823 0.306392 0.68789 0.913903
  2.55556 639.379 0.31194 0.303582 0.686841 0.911543
  2.56944 637.018 0.312129 0.299818 0.687555 0.894094
  2.58333 635.167 0.310983 0.297607 0.687714 0.893392
  2.59722 632.54 0.309752 0.295827 0.689019 0.910274
  2.61111 635.666 0.30973 0.29536 0.689662 0.927374
  2.625 640.679 0.309535 0.295329 0.687791 0.923425
  2.63889 633.307 0.307338 0.293781 0.690846 0.945584
  2.65278 638.21 0.308264 0.293966 0.689253 0.927787
  2.66667 637.709 0.308964 0.293018 0.686171 0.913417
  2.68056 642.488 0.310751 0.295141 0.682981 0.93914
  2.69444 641.553 0.312007 0.294184 0.681054 0.920517
  2.69972 641.553 0.312535 0.294531 0.681385 0.911044
  2.70833 646.486 0.313824 0.294824 0.67949 0.915973
  2.72222 656.259 0.315466 0.292794 0.673652 0.93921
  End: S 2.73611 17207 17208
Bub 12792 0.0046505
  Start: S 2.46333 12705
  2.47222 719.751 0.0358791 0.143535 0.657125 0.889097
  2.48611 720.872 0.0411176 0.142765 0.654216 0.9512
  2.5 715.212 0.0433333 0.141667 0.65 0.909507
  2.51389 715.635 0.0466667 0.141667 0.646667 0.939571
  2.52778 714.654 0.0512353 0.140765 0.645667 0.945751
  2.53306 714.654 0.0532667 0.139133 0.647933 0.917666
  2.54167 713.822 0.0566667 0.138971 0.649559 1.04416
  2.55556 715.285 0.0591026 0.138462 0.649359 0.904843
  2.56944 719.061 0.0616667 0.138333 0.65 0.954363
  2.58333 718.518 0.0625333 0.138733 0.652333 0.925634
  2.59722 714.097 0.062037 0.134259 0.653519 0.975473
  2.61111 716.454 0.058375 0.132708 0.652458 0.938583
  2.625 724.203 0.0562681 0.132681 0.653659 0.930408
  2.63889 722.373 0.0553788 0.132992 0.655682 0.97072
  2.65278 711.341 0.055 0.132527 0.658333 0.89055
  2.66667 725.457 0.055 0.133529 0.65951 0.90324
  2.68056 718.976 0.0540476 0.133333 0.660238 0.92062
  2.69444 722.07 0.055 0.13442 0.658768 0.915956
  2.69972 722.07 0.055 0.13442 0.658768 0.941432
  2.70833 718.833 0.055 0.133333 0.658333 0.921933
  2.72222 721.984 0.0540774 0.133125 0.661518 0.896108
  2.73611 719.735 0.0516667 0.134804 0.663627 1.112
  2.75 718.108 0.0483333 0.134649 0.66307 0.960273
  2.76389 713.489 0.0462785 0.136689 0.662169 0.735071
  End: M 2.76639 17824
Bub 13334 0.00367754
  Start: N 2.49222
  2.5 902.782 0.275 0.313667 0.749667 0.8384
  2.51389 899.727 0.276667 0.320556 0.749444 0.902272
  2.52778 903.501 0.278333 0.326667 0.748333 0.918199
  2.53306 903.501 0.279444 0.327222 0.747222 0.946099
  2.54167 899.521 0.279762 0.330714 0.746905 0.859606
  2.55556 902.751 0.285 0.336667 0.748333 0.870225
  2.56944 904.198 0.288333 0.34 0.748333 0.911689
  2.58333 900.497 0.293039 0.346176 0.749706 0.938611
  2.59722 899.222 0.293667 0.35 0.749667 0.89614
  2.61111 904.111 0.296667 0.355 0.75 0.932228
  2.625 905.017 0.296667 0.358333 0.748333 0.930497
  2.63889 902.716 0.300333 0.361667 0.749667 0.885384
  2.65278 915.634 0.301818 0.365076 0.748333 0.917614
  2.66667 903.158 0.303333 0.368333 0.748333 0.904015
  2.68056 903.021 0.306667 0.37 0.748333 0.903447
  2.69444 902.117 0.307 0.373 0.748333 0.912604
  2.69972 902.117 0.30697 0.373106 0.748409 0.914817
  2.70833 904.086 0.31 0.375 0.748333 0.906496
  2.72222 904.104 0.31 0.378333 0.748333 0.926317
  End: C 2.73556
Bub 13658 0.0050997
  Start: S 2.5125 13462 13464
  2.51389 676.505 0.255 0.2205 0.567083 0.834123
  2.52778 652.452 0.254487 0.223333 0.577179 0.929177
  2.53306 652.452 0.255065 0.224869 0.581111 0.916235
  2.54167 654.535 0.256378 0.225128 0.587596 0.894243
  2.55556 651.236 0.255292 0.227792 0.596667 0.941904
  2.56944 660.446 0.254896 0.228333 0.608646 0.927215
  2.58333 657.375 0.254268 0.228211 0.619675 0.901539
  2.59722 657.892 0.252292 0.227667 0.631958 1.0734
  2.61111 653.883 0.24543 0.225565 0.641156 0.881812
  2.625 652.739 0.238517 0.22974 0.652278 0.908523
  2.63889 657.768 0.236667 0.23463 0.661481 0.902051
  2.65278 671.698 0.238364 0.237545 0.669121 0.90037
  2.66667 661.78 0.241832 0.240785 0.677507 0.911318
  2.68056 671.557 0.245439 0.24307 0.68614 0.96909
  2.69444 648.524 0.247901 0.242407 0.695247 0.899767
  2.69972 648.524 0.248651 0.242175 0.698492 0.943395
  2.70833 656.074 0.249706 0.243137 0.699804 0.910103
  End: M 2.71194 16823
Bub 13671 0.00310175
  Start: S 2.51361 12191
  2.51389 1064.74 0.341667 0.385 0.728333 0.964314
  2.52778 1071.95 0.346667 0.385 0.726667 0.926807
  2.53306 1071.95 0.346921 0.386921 0.726582 1.0653
  2.54167 1072.36 0.348333 0.388333 0.726667 0.936253
  2.55556 1072.36 0.351995 0.390082 0.726585 0.956513
  2.56944 1065.56 0.353415 0.389918 0.726749 0.890123
  2.58333 1065.56 0.355 0.388333 0.728333 0.91641
  2.59722 1072.11 0.358333 0.388333 0.726667 0.970174
  2.61111 1071.1 0.361667 0.388333 0.726667 0.976594
  2.625 1070.2 0.363039 0.387157 0.726961 0.92383
  2.63889 1081.71 0.365 0.386961 0.724804 0.924941
  2.65278 1067.13 0.366111 0.387222 0.726111 0.924196
  2.66667 1071.44 0.368333 0.388333 0.723333 0.915728
  2.68056 1072.37 0.368333 0.388333 0.723333 0.923968
  2.69444 1071.98 0.371667 0.388333 0.72 0.921902
  2.69972 1071.98 0.371667 0.387 0.719667 0.91911
  End: C 2.70611
Bub 14215 0.0052776
  Start: M 2.54472 13353
  2.55556 639.888 0.385877 0.331817 0.711466 0.891594
  2.56944 678.196 0.384477 0.331928 0.711242 1.08998
  2.58333 632.642 0.384099 0.335991 0.712928 0.983585
  2.59722 645.672 0.385 0.338417 0.71175 0.92851
  2.61111 643.588 0.385023 0.341621 0.710374 0.898344
  2.625 649.45 0.384512 0.343862 0.70687 0.920468
  2.63889 648.823 0.384444 0.346389 0.705903 0.934445
  2.65278 656.603 0.383773 0.347053 0.70316 0.907444
  2.66667 640.275 0.38549 0.348039 0.703358 0.92638
  2.68056 641.733 0.383448 0.350852 0.700165 0.963187
  2.69444 652.529 0.383713 0.351368 0.698448 0.921961
  2.69972 652.529 0.384 0.352944 0.698611 0.92778
  2.70833 659.593 0.384429 0.352619 0.694619 0.953813
  2.72222 657.581 0.384284 0.354669 0.692245 0.922096
  2.73611 649.62 0.383376 0.357137 0.687735 0.950105
  End: M 2.7425 17431
Bub 14338 0.00484654
  Start: M 2.55194 13975
  2.55556 684.663 0.188625 0.111764 0.705777 0.976042
  2.56944 685.354 0.192316 0.111893 0.714209 0.897623
  2.58333 689.038 0.196507 0.110536 0.721696 0.920809
  2.59722 693.314 0.198929 0.106786 0.728601 0.926782
  2.61111 697.804 0.201573 0.103193 0.733474 1.01554
  2.625 701.372 0.204259 0.0994444 0.735185 0.907121
  2.63889 693.89 0.204431 0.0963279 0.738821 0.940696
  2.65278 695.12 0.203137 0.0934314 0.741471 0.913616
  2.66667 687.535 0.20325 0.09025 0.744583 0.915204
  2.68056 686.68 0.20456 0.0850629 0.746289 0.92102
  2.69444 687.543 0.205 0.0821429 0.748619 0.910817
  2.69972 687.543 0.206373 0.08 0.749118 0.905282
  2.70833 692.166 0.206667 0.0766667 0.74908 0.898095
  2.72222 687.169 0.20828 0.0695968 0.749382 0.856699
  2.73611 685.202 0.211218 0.0641667 0.749519 0.952844
  2.75 686.16 0.211824 0.0568553 0.750283 0.932614
  2.76389 684.614 0.21379 0.0501075 0.748629 0.899727
  2.77778 685.545 0.215535 0.0450943 0.747767 0.903972
  2.79167 687.773 0.217319 0.0387101 0.745754 0.902937
  End: M 2.79472 18184
Bub 14491 0.00402503
  Start: N 2.56139
  2.56944 822.915 0.329746 0.0700847 0.626412 0.987062
  2.58333 825.925 0.331667 0.075 0.623333 0.950503
  2.59722 821.03 0.331795 0.0784615 0.621795 0.933074
  2.61111 820.519 0.335 0.0816667 0.618333 0.929035
  2.625 825.98 0.336667 0.085 0.615 0.940657
  2.63889 826.105 0.336333 0.0916667 0.609667 0.87874
  2.65278 825.204 0.337 0.095 0.606333 0.955466
  2.66667 822.654 0.336667 0.0994444 0.602778 0.895275
  2.68056 824.446 0.339706 0.103627 0.597157 0.916558
  2.69444 823 0.340254 0.106921 0.593249 0.911678
  2.69972 823 0.341667 0.108333 0.591667 0.929844
  2.70833 826.361 0.343 0.111667 0.589667 0.954384
  2.72222 826.45 0.346667 0.115 0.585 0.950232
  2.73611 823.529 0.348333 0.116667 0.583333 0.941072
  2.75 826.79 0.35 0.121667 0.58 0.934296
  2.76389 826.298 0.353 0.125 0.579667 0.957324
  End: C 2.76722
Bub 14580 0.0052106
  Start: S 2.56722 14319
  2.56944 659.364 0.24901 0.136432 0.724505 0.902591
  2.58333 686.19 0.25199 0.135796 0.729701 0.905546
  2.59722 684.321 0.255654 0.136394 0.735741 0.906155
  2.61111 643.781 0.255551 0.13114 0.73708 0.94257
  2.625 648.126 0.258417 0.128053 0.740882 0.926913
  2.63889 660.345 0.262707 0.12532 0.744227 0.898159
  2.65278 654.977 0.268265 0.123503 0.747109 0.967367
  2.66667 646.907 0.277069 0.126408 0.750431 0.916026
  2.68056 639.439 0.284096 0.124209 0.751893 0.915249
  2.69444 639.244 0.289198 0.121361 0.752481 0.918456
  2.69972 639.244 0.292476 0.121095 0.752262 0.915586
  2.70833 641.508 0.295503 0.119471 0.75246 0.888193
  End: C 2.72194
Bub 14718 0.00441757
  Start: N 2.57528
  2.58333 790.823 0.143077 0.0775641 0.739744 0.941985
  2.59722 753.942 0.138896 0.0707143 0.739805 0.938715
  2.61111 751.563 0.136961 0.0648039 0.74 0.904201
  2.625 750.146 0.136532 0.0631982 0.738559 0.942637
  2.63889 754.609 0.136899 0.059557 0.738882 0.900241
  2.65278 751.016 0.135343 0.0566667 0.740147 0.928453
  2.66667 752.526 0.133667 0.0536667 0.738333 0.870313
  2.68056 748.271 0.129921 0.053254 0.736587 0.999581
  2.69444 754.489 0.128333 0.0513636 0.735303 0.917505
  2.69972 754.489 0.127121 0.0515152 0.735909 0.929562
  2.70833 756.845 0.125 0.0516667 0.733333 0.951187
  2.72222 757.268 0.121667 0.0516667 0.733333 0.939377
  2.73611 759.558 0.118333 0.0511905 0.732143 0.927113
  2.75 749.711 0.116111 0.0533333 0.733889 0.969538
  2.76389 752.093 0.11463 0.0531481 0.735741 0.910713
  2.77778 748.21 0.113588 0.0497458 0.739915 0.93368
  End: M 2.78444 18090
Bub 15039 0.00367754
  Start: S 2.59917 14993 14994
  2.61111 914.575 0.055 0.0983333 0.718333 0.944394
  2.625 904.095 0.0559524 0.0940476 0.717857 0.930412
  2.63889 902.52 0.0566 0.0902 0.715267 0.997004
  2.65278 903.485 0.0566667 0.0863725 0.714804 0.869015
  2.66667 910.305 0.0586842 0.0816667 0.713596 0.886961
  2.68056 910.502 0.0586842 0.0802632 0.711667 0.932827
  2.69444 898.913 0.06 0.077 0.710333 0.908434
  2.69972 898.913 0.0600847 0.0764124 0.709746 0.928964
  2.70833 910.485 0.0613158 0.0769298 0.708333 0.920378
  2.72222 902.425 0.0617532 0.0733983 0.706732 0.971772
  2.73611 899.028 0.0633333 0.07 0.706667 0.929776
  2.75 903.567 0.065 0.0636667 0.703 0.895918
  2.76389 903.713 0.0668615 0.0621429 0.702273 0.900464
  2.77778 905.29 0.0674242 0.0595455 0.699091 0.93754
  End: C 2.78583
Bub 15393 0.0037575
  Start: N 2.62111
  2.625 884.472 0.21 0.238333 0.58 1.04737
  2.63889 887.144 0.21505 0.239627 0.584502 0.917504
  2.65278 880.848 0.216333 0.239667 0.59 0.900588
  2.66667 884.084 0.216429 0.238333 0.593095 0.84933
  2.68056 881.571 0.214032 0.239194 0.598387 0.918122
  2.69444 880.159 0.216111 0.240556 0.603889 0.965904
  2.69972 880.159 0.216282 0.239 0.604026 0.95871
  2.70833 879.233 0.216694 0.236585 0.606749 0.875942
  End: C 2.70944
Bub 15538 0.00451002
  Start: S 2.62861 15440
  2.63889 741.825 0.204237 0.239257 0.691386 0.934686
  2.65278 739.983 0.202109 0.239388 0.70017 0.939351
  2.66667 739.159 0.198767 0.238367 0.7095 0.916208
  2.68056 749.917 0.198365 0.237917 0.718462 0.926583
  2.69444 739.397 0.19609 0.236371 0.727835 0.935666
  2.69972 739.397 0.196014 0.236449 0.730478 0.936585
  2.70833 739.291 0.195952 0.235336 0.736008 0.956236
  2.72222 741.012 0.195714 0.233122 0.741958 0.889342
  2.73611 748.209 0.193879 0.233201 0.746563 0.898114
  2.75 744.975 0.190932 0.235424 0.752458 0.895233
  2.76389 759.682 0.188857 0.236129 0.756983 0.898237
  2.77778 745.021 0.184703 0.239653 0.763185 0.895997
  2.79167 748.114 0.184314 0.240882 0.766569 0.902817
  2.80556 747.714 0.181282 0.241731 0.77 0.897363
  2.81944 740.794 0.181986 0.243014 0.772092 0.943209
  2.83333 747.131 0.179273 0.246091 0.773333 0.854142
  2.84722 756.306 0.180455 0.247152 0.774424 0.909151
  2.86111 737.735 0.177281 0.256193 0.774193 0.892906
  End: M 2.8625 18957
Bub 15539 0.00489314
  Start: S 2.62861 15440
  2.63889 685.095 0.227956 0.247704 0.691572 0.940962
  2.65278 694.003 0.226429 0.249286 0.695952 0.918641
  2.66667 684.304 0.223467 0.245345 0.697146 0.896778
  2.68056 690.423 0.223299 0.245 0.701463 1.05396
  2.69444 695.899 0.222605 0.244417 0.703738 0.878759
  2.69972 695.899 0.222209 0.244241 0.705921 0.809511
  End: M 2.70222 16684
Bub 15692 0.00383421
  Start: S 2.63694 14038
  2.63889 864.735 0.299706 0.266961 0.733824 0.923586
  2.65278 871.778 0.30069 0.268506 0.733506 0.908775
  2.66667 862.667 0.306437 0.266839 0.730172 0.91647
  2.68056 862.85 0.312778 0.269444 0.730556 0.960178
  2.69444 863.209 0.31693 0.26693 0.726053 0.953915
  2.69972 863.209 0.32 0.268333 0.726667 0.926134
  2.70833 863.087 0.323596 0.26693 0.726053 0.881683
  2.72222 865.546 0.329722 0.266528 0.725556 0.86228
  2.73611 869.014 0.335 0.266667 0.726667 0.898676
  End: M 2.74611 17432
Bub 15693 0.0055895
  Start: S 2.63694 14038
  2.63889 595.77 0.279367 0.261266 0.748776 0.907716
  2.65278 592.739 0.2803 0.263613 0.749389 0.91325
  2.66667 593.884 0.280717 0.265738 0.750211 0.923645
  2.68056 598.512 0.281853 0.270487 0.750197 0.910985
  2.69444 603.958 0.284747 0.273333 0.750823 0.920895
  2.69972 603.958 0.28485 0.274274 0.75047 0.903976
  End: C 2.7075
Bub 15724 0.00310175
  Start: S 2.63944 15699
  2.65278 1064.94 0.331667 0.095 0.681667 0.927671
  2.66667 1065.38 0.328333 0.0983333 0.678333 0.922307
  2.68056 1065.27 0.325 0.101667 0.675 0.936337
  2.69444 1072.95 0.323333 0.103333 0.671667 0.927063
  2.69972 1072.95 0.321667 0.105 0.67 0.969985
  2.70833 1065.02 0.321667 0.105 0.668333 0.918147
  2.72222 1064.91 0.318333 0.108333 0.665 0.985996
  End: C 2.72389
Bub 15751 0.00466747
  Start: N 2.64083
  2.65278 710.324 0.345 0.257754 0.746667 0.873517
  2.66667 711.132 0.34803 0.26 0.744091 0.928322
  2.68056 713.521 0.35068 0.263231 0.742041 0.861426
  2.69444 712.303 0.351338 0.267207 0.740211 0.913261
  2.69972 712.303 0.351709 0.266983 0.73846 0.883809
  2.70833 723.258 0.351933 0.268333 0.736867 0.875637
  End: M 2.71833 16996
Bub 15824 0.00486217
  Start: S 2.64583 15062 15658
  2.65278 701.097 0.231667 0.244808 0.561667 0.926494
  2.66667 716.38 0.230575 0.237155 0.565144 0.958946
  2.68056 681.771 0.229086 0.221559 0.569409 1.0926
  2.69444 682.032 0.228121 0.212636 0.578788 0.904853
  2.69972 682.032 0.225748 0.207687 0.581939 0.950151
  2.70833 680.069 0.224748 0.201792 0.588774 0.911397
  2.72222 682.163 0.225147 0.193059 0.602179 0.907846
  2.73611 684.972 0.224414 0.186136 0.616062 0.956257
  2.75 692.038 0.224142 0.179488 0.627508 0.932627
  2.76389 686.625 0.224009 0.174009 0.637477 0.945779
  End: M 2.76444 17776
Bub 16010 0.00586995
  Start: S 2.65722 15880 15881
  2.66667 598.101 0.305346 0.107532 0.695492 0.928602
  2.68056 589.764 0.306611 0.108987 0.694426 0.884089
  2.69444 582.087 0.30625 0.110033 0.692583 0.920767
  2.69972 582.087 0.306692 0.109523 0.692102 0.878299
  2.70833 578.482 0.307959 0.110935 0.69131 0.869115
  2.72222 584.708 0.307626 0.112505 0.689264 0.917817
  2.73611 606.81 0.30625 0.11744 0.687381 0.920002
  2.75 620.467 0.303369 0.119734 0.688883 0.901303
  End: M 2.75472 17732
Bub 16053 0.00390797
  Start: S 2.66056 15918 15919
  2.66667 855.624 0.0355556 0.0427778 0.681667 0.906899
  2.68056 856.998 0.0377778 0.0416667 0.676111 0.944565
  2.69444 860.54 0.038 0.0416667 0.6715 0.933334
  2.69972 860.54 0.0397619 0.0416667 0.669762 0.92666
  End: M 2.70639 16733
Bub 16233 0.00411402
  Start: S 2.66889 16179
  2.68056 808.702 0.156164 0.143042 0.411508 0.969512
  2.69444 805.206 0.151667 0.143584 0.411438 0.963162
  2.69972 805.206 0.150217 0.14413 0.411232 0.947922
  2.70833 803.242 0.147 0.146333 0.41 0.988073
  2.72222 807.146 0.145952 0.149286 0.40881 0.967876
  2.73611 806.262 0.143519 0.151914 0.407963 0.965923
  2.75 807.648 0.141484 0.155685 0.410205 0.950358
  2.76389 808.993 0.140799 0.160845 0.412306 0.941695
  2.77778 803.856 0.139405 0.163631 0.417024 0.997388
  2.79167 810.203 0.138667 0.166 0.423833 0.959648
  2.80556 807.988 0.138431 0.166961 0.430196 0.922791
  End: M 2.80722 18408
Bub 16248 0.00501325
  Start: S 2.67 16091
  2.68056 672.193 0.0962281 0.368333 0.704298 0.983913
  2.69444 701.914 0.0973443 0.369505 0.702509 0.9973
  2.69972 701.914 0.0955919 0.368676 0.700639 0.911507
  2.70833 702.668 0.093869 0.37003 0.698125 0.904233
  2.72222 722.333 0.0940476 0.369952 0.694524 0.934825
  End: M 2.73028 17201
Bub 16319 0.00452806
  Start: S 2.67472 16168
  2.68056 737.869 0.0207143 0.354167 0.67869 0.926346
  2.69444 738.561 0.0215677 0.356947 0.673746 0.924445
  2.69972 738.561 0.0209551 0.358596 0.671629 0.93176
  2.70833 745.683 0.0226898 0.359059 0.667805 0.925384
  End: M 2.71583 16946
Bub 16320 0.0062604
  Start: S 2.67472 16168
  2.68056 539.433 0.0408709 0.347868 0.704414 0.924087
  2.69444 547.959 0.0404184 0.345525 0.69856 0.940839
  2.69972 547.959 0.0395293 0.345242 0.697112 0.915445
  2.70833 554.625 0.0388714 0.34343 0.693939 0.919977
  End: M 2.71583 16946
Bub 16362 0.00341392
  Start: N 2.67861
  2.68056 975.034 0.105 0.35 0.691667 0.7132
  2.69444 975.28 0.105 0.348333 0.69 0.923622
  2.69972 975.28 0.105 0.348333 0.689857 0.9169
  2.70833 974.097 0.108333 0.346667 0.685 0.928834
  2.72222 968.316 0.108205 0.348462 0.681538 0.908311
  End: C 2.7225
Bub 16380 0.005816
  Start: M 2.68056 16159 16160
  2.68056 619.019 0.0286891 0.0627341 0.636199 0.920314
  2.69444 614.593 0.0324854 0.0582749 0.629327 0.951046
  2.69972 614.593 0.0327848 0.0571941 0.625992 0.931192
  2.70833 609.021 0.036976 0.0525449 0.622725 0.942121
  2.72222 611.646 0.0386478 0.0506604 0.615692 0.908573
  2.73611 574.817 0.0446377 0.0460145 0.612536 0.970927
  2.75 579.309 0.0467419 0.0459247 0.608849 0.944256
  2.76389 587.423 0.0475641 0.0450699 0.605047 0.931799
  2.77778 595.713 0.0490994 0.0454348 0.601108 0.939392
  2.79167 610.302 0.049549 0.0454118 0.599902 0.962225
  End: S 2.79611 18249 18248
Bub 16511 0.0133361
  Start: M 2.69139 15872
  2.69444 309.529 0.179612 0.213198 0.580225 0.940362
  2.69972 309.529 0.179632 0.211132 0.582411 0.946503
  2.70833 310.66 0.180072 0.210699 0.58561 0.939772
  End: M 2.70917 16998
Bub 16522 0.00557765
  Start: S 2.69222 15040 16044
  2.69444 597.877 0.0235987 0.117633 0.733747 0.919734
  2.69972 597.877 0.0237277 0.117087 0.734618 0.968377
  2.70833 599.189 0.0228059 0.115316 0.73462 0.929129
  End: M 2.71917 16996
Bub 16526 0.00341392
  Start: N 2.69222
  2.69444 972.775 0.188333 0.11 0.348333 0.815963
  2.69972 972.775 0.188333 0.11 0.346667 1.01427
  2.70833 973.691 0.188333 0.11 0.345 1.05578
  2.72222 969.771 0.187051 0.110577 0.343718 0.987565
  2.73611 971.155 0.186111 0.112778 0.343333 0.956906
  2.75 971.56 0.186111 0.112778 0.343333 0.972319
  End: C 2.75139
Bub 16573 0.0169858
  Start: S 2.69611 16290 16349 16552
  2.69972 193.294 0.188745 0.187882 0.391479 0.966605
  End: M 2.7 16755
Bub 16612 0.0052376
  Start: M 2.69889 16212
  2.69972 632.416 0.0244615 0.359769 0.638333 0.918809
  2.70833 632.416 0.032197 0.359773 0.630909 1.05499
  2.72222 634.82 0.0351401 0.361162 0.625728 0.946585
  2.73611 642.31 0.039812 0.364198 0.623697 0.950301
  2.75 654.528 0.0438624 0.366746 0.619735 0.961693
  2.76389 676.053 0.0481959 0.368883 0.617543 0.921275
  2.77778 638.752 0.0538988 0.369643 0.619821 0.922426
  2.79167 645.718 0.0572637 0.371343 0.618085 0.91554
  2.80556 661.6 0.0614063 0.372708 0.619323 0.916051
  End: M 2.81528 18444
Bub 16617 0.0194477
  Start: M 2.69917 16290 16349 16552
  2.69972 168.824 0.171737 0.191064 0.462234 0.967733
  End: M 2.7 16755
Bub 16623 0.00725145
  Start: M 2.69944 16548
  2.69972 452.771 0.0199855 0.180507 0.659957 0.964946
  End: M 2.70167 16652
Bub 16624 0.00365009
  Start: S 2.69972 16493
  2.69972 908.264 0.0383333 0.317121 0.702955 0.944329
  2.70833 908.264 0.037 0.318333 0.703 0.92992
  End: M 2.71917 16946
Bub 16625 0.00439861
  Start: S 2.69972 16493
  2.69972 752.262 0.0381602 0.301494 0.713788 0.944329
  2.70833 752.262 0.0379032 0.301882 0.712742 0.916362
  2.72222 755.308 0.0352536 0.30087 0.709457 0.95932
  End: M 2.73389 17497
Bub 16627 0.00310175
  Start: N 2.69972
  2.69972 1058.51 0.365 0.238333 0.741667 0.908414
  End: M 2.70028 16735
Bub 16628 0.00404765
  Start: N 2.69972
  2.69972 820.423 0.1525 0.343833 0.753833 0.908414
  2.70833 820.423 0.15197 0.345909 0.753333 0.919369
  End: M 2.71861 16996
Bub 16629 0.008033
  Start: M 2.69972 16368
  2.69972 408.719 0.209542 0.273635 0.673557 0.932294
  End: M 2.7075 16747
Bub 16630 0.00778565
  Start: M 2.69972 16495 16533
  2.69972 421.704 0.0233685 0.0701835 0.680535 0.938855
  End: S 2.70222 16757 16733
Bub 16652 0.00745585
  Start: M 2.70194 16623
  2.70833 470.274 0.0194533 0.179062 0.659596 0.906921
  2.72222 470.255 0.0193014 0.175828 0.656747 0.901155
  2.73611 472.241 0.0196032 0.17261 0.656261 0.933181
  2.75 480.503 0.0189807 0.169686 0.655377 0.919555
  2.76389 480.503 0.0187004 0.167361 0.65371 0.905049
  End: M 2.76639 17824
Bub 16671 0.0043602
  Start: N 2.70278
  2.70833 759.285 0.194733 0.2298 0.798333 0.86587
  End: C 2.71167
Bub 16684 0.00461618
  Start: M 2.70361 15539
  2.70833 717.337 0.230843 0.246498 0.705 1.02654
  End: M 2.71194 16823
Bub 16733 0.005816
  Start: S 2.7075 16053 16630
  2.70833 599.511 0.0302996 0.0601311 0.664794 0.941803
  End: M 2.70889 16989
Bub 16734 0.00390797
  Start: S 2.7075 16053 16630
  2.70833 856.591 0.0388889 0.0416667 0.667222 0.932597
  End: M 2.70889 16989
Bub 16735 0.0044735
  Start: N 2.7075
  2.70833 743.317 0.0380864 0.0942593 0.73858 0.921734
  End: M 2.70917 16975
Bub 16747 0.00819525
  Start: M 2.70778 16629
  2.70833 441.326 0.210689 0.273186 0.674699 0.941411
  End: M 2.70944 16799
Bub 16755 0.022659
  Start: S 2.70833 16573 16617
  2.70833 172.474 0.180092 0.189668 0.439979 0.965625
  End: M 2.70861 16987
Bub 16756 0.00707925
  Start: S 2.70833 16573 16617
  2.70833 550.467 0.126641 0.182466 0.447025 0.966006
  End: M 2.70861 16987
Bub 16781 0.00411402
  Start: N 2.71
  2.72222 814.305 0.221825 0.235159 0.608333 0.925354
  End: C 2.72583
Bub 16799 0.00815665
  Start: M 2.71083 16747
  2.72222 442.285 0.211836 0.271857 0.679311 0.897673
  2.73611 432.26 0.215376 0.271605 0.682575 0.91001
  2.75 425.534 0.216856 0.270391 0.686453 0.876325
  2.76389 433.33 0.221226 0.271471 0.690173 0.915523
  End: M 2.77056 17880
Bub 16823 0.00533
  Start: S 2.7125 13658 16684
  2.72222 635.876 0.252908 0.241253 0.705584 0.89884
  End: M 2.72444 17044
Bub 16824 0.00439861
  Start: S 2.7125 13658 16684
  2.72222 757.532 0.233268 0.248896 0.707641 0.954861
  2.73611 770.201 0.237222 0.250741 0.711296 0.940294
  End: M 2.74056 17481
Bub 16922 0.0050279
  Start: N 2.7175
  2.72222 667.099 0.203522 0.238565 0.399754 0.97403
  2.73611 673.679 0.204295 0.237724 0.405064 0.95814
  2.75 667.619 0.20492 0.233027 0.411027 0.919906
  2.76389 672.49 0.204667 0.231667 0.422333 0.962582
  End: M 2.76611 17978
Bub 16925 0.00514185
  Start: S 2.71806 16319 16320
  2.72222 661.849 0.0235366 0.36042 0.663022 0.887884
  2.73611 672.167 0.0243939 0.36197 0.65803 0.928937
  End: M 2.74361 17497
Bub 16946 0.0071376
  Start: M 2.71917 16319 16320 16624
  2.72222 510.766 0.036773 0.336631 0.693075 0.928372
  End: S 2.72444 17497 17369
Bub 16951 0.00424068
  Start: N 2.71944
  2.72222 782.887 0.353551 0.269493 0.73587 0.936731
  2.73611 792.52 0.35442 0.268659 0.733804 0.909095
  End: M 2.74611 17432
Bub 16958 0.00707925
  Start: M 2.71972 16755 16756
  2.72222 536.565 0.121511 0.180597 0.447243 0.965151
  End: M 2.72389 17205
Bub 16972 0.00624155
  Start: M 2.72056 12373
  2.72222 565.052 0.19403 0.0301061 0.679818 0.988519
  2.73611 536.938 0.187022 0.0290586 0.680523 0.911897
  2.75 544.106 0.184682 0.0287121 0.679894 0.945344
  2.76389 546.139 0.183402 0.0288843 0.677741 0.90307
  2.77778 547.783 0.178392 0.0264181 0.67652 0.913228
  2.79167 537.499 0.174372 0.024716 0.675523 0.8837
  2.80556 539.295 0.173531 0.0232886 0.674655 0.926648
  2.81944 546.504 0.172976 0.0229101 0.674206 0.902769
  2.83333 560.085 0.17259 0.0235399 0.672865 0.91539
  2.84722 576.361 0.172039 0.0236501 0.671433 0.913486
  End: M 2.85667 18904
Bub 16974 0.00484654
  Start: N 2.72083
  2.72222 689.694 0.142152 0.210761 0.771278 0.883773
  2.73611 686.192 0.137444 0.207952 0.770397 0.949612
  End: M 2.73972 17434
Bub 16975 0.00498378
  Start: N 2.72083
  2.72222 664.59 0.166845 0.201429 0.78 0.885259
  End: C 2.73361
Bub 16977 0.0164151
  Start: S 2.72111 16755 16756
  2.72222 235.009 0.186592 0.187874 0.406812 0.972359
  End: M 2.72556 17185
Bub 16987 0.0193024
  Start: M 2.72167 16755 16756
  2.72222 194.68 0.176676 0.188618 0.47881 0.95794
  End: S 2.72278 17185 17204
Bub 16988 0.00407001
  Start: S 2.72194 16733 16734
  2.72222 830.53 0.0399727 0.0417213 0.663525 0.917721
  End: M 2.7275 17157
Bub 16989 0.0055178
  Start: S 2.72194 16733 16734
  2.72222 604.026 0.0328947 0.06375 0.660768 0.908881
  End: M 2.7275 17157
Bub 16995 0.00388369
  Start: N 2.72194
  2.72222 852.163 0.152862 0.349528 0.750472 0.914459
  End: M 2.7225 17034
Bub 16996 0.00459882
  Start: N 2.72194
  2.72222 727.104 0.135379 0.189091 0.770568 0.893236
  End: M 2.7225 17034
Bub 16998 0.0133733
  Start: M 2.72222 16511
  2.72222 308.706 0.178159 0.210813 0.591579 0.948795
  End: S 2.72306 17759 17619
Bub 16999 0.00573875
  Start: M 2.72222 16482
  2.72222 572.118 0.382057 0.0567154 0.651296 0.910016
  End: S 2.72306 17128 17127
Bub 17011 0.00341392
  Start: N 2.72306
  2.73611 974 0.111667 0.345 0.676667 0.95616
  End: C 2.7425
Bub 17034 0.00417831
  Start: N 2.72444
  2.73611 795.325 0.135909 0.185758 0.773788 1.01825
  End: M 2.74222 17434
Bub 17044 0.0054318
  Start: M 2.72472 16823
  2.73611 642.732 0.256034 0.240011 0.709736 0.916922
  End: S 2.73778 17481 17480
Bub 17087 0.00367754
  Start: N 2.72833
  2.73611 904.596 0.116333 0.151667 0.423 0.980706
  End: C 2.74222
Bub 17127 0.00367754
  Start: S 2.73083 16999
  2.73611 902.469 0.369667 0.0683333 0.637 0.930564
  End: M 2.7425 17341
Bub 17128 0.0053039
  Start: S 2.73083 16999
  2.73611 619.024 0.386284 0.0546049 0.653148 0.896898
  End: M 2.7425 17341
Bub 17156 0.0049689
  Start: S 2.73333 16988 16989
  2.73611 675.139 0.0424474 0.0431982 0.658514 0.950477
  End: M 2.74722 17510
Bub 17157 0.00518335
  Start: S 2.73333 16988 16989
  2.73611 642.656 0.0337302 0.0647619 0.656905 0.938258
  End: M 2.74722 17510
Bub 17185 0.019231
  Start: M 2.73472 16977 16987
  2.73611 189.922 0.178603 0.186328 0.49165 0.954599
  End: S 2.73667 17758 17738
Bub 17189 0.0046505
  Start: S 2.735 16625 16946
  2.73611 717.438 0.0334249 0.298956 0.706282 0.942884
  End: M 2.73639 17497
Bub 17201 0.0052776
  Start: M 2.73528 16248
  2.73611 681.022 0.0942231 0.371767 0.694098 0.874632
  End: S 2.73917 17357 17356
Bub 17204 0.0161073
  Start: M 2.73556 16977 16987
  2.73611 240.675 0.18647 0.186438 0.415322 0.968822
  2.75 241.278 0.185729 0.184358 0.423687 0.963605
  End: M 2.7625 17758
Bub 17205 0.00713035
  Start: M 2.73556 16958
  2.73611 509.327 0.119217 0.179004 0.447185 0.943273
  End: S 2.73639 17455 17452
Bub 17207 0.00495393
  Start: S 2.73611 12572
  2.73611 671.052 0.316061 0.288485 0.670636 0.997928
  End: M 2.73639 17505
Bub 17208 0.00341392
  Start: S 2.73611 12572
  2.73611 975.701 0.318333 0.306667 0.671667 0.997928
  End: M 2.73639 17505
Bub 17212 0.00383421
  Start: N 2.73611
  2.73611 872.33 0.201863 0.376961 0.761667 0.900217
  End: M 2.73639 17434
Bub 17340 0.00378342
  Start: S 2.74278 17127 17128
  2.75 876.902 0.367041 0.0671088 0.633639 0.918831
  2.76389 873.636 0.366412 0.0669209 0.629915 0.928468
  2.77778 874.051 0.366333 0.067 0.626667 0.834306
  End: C 2.78444
Bub 17341 0.00428127
  Start: S 2.74278 17127 17128
  2.75 773.944 0.383592 0.0568779 0.650822 0.906405
  2.76389 775.298 0.383601 0.0557738 0.647738 0.934914
  2.77778 774.291 0.384167 0.0553125 0.644479 0.935769
  2.79167 779.083 0.383061 0.0557576 0.643697 0.928925
  2.80556 781.809 0.382018 0.054883 0.642193 0.93448
  End: M 2.81944 18467
Bub 17356 0.00359392
  Start: S 2.74333 17201
  2.75 925.551 0.0883333 0.366667 0.68 0.912172
  End: M 2.75194 17576
Bub 17357 0.00426107
  Start: S 2.74333 17201
  2.75 786.421 0.0975238 0.374857 0.697952 0.902846
  End: M 2.75194 17576
Bub 17379 0.00341392
  Start: N 2.74417
  2.75 974.361 0.05 0.358333 0.765 0.900328
  End: C 2.75361
Bub 17388 0.00341392
  Start: N 2.74444
  2.75 972.969 0.185 0.263333 0.461667 0.953634
  End: C 2.75917
Bub 17431 0.00514185
  Start: M 2.74611 14215
  2.75 647.639 0.38248 0.358767 0.687249 0.946022
  2.76389 649.205 0.380897 0.361923 0.686795 0.91576
  2.77778 653.645 0.380413 0.363933 0.683533 0.925126
  2.79167 661.51 0.378876 0.365155 0.68239 0.91076
  2.80556 671.735 0.377621 0.367034 0.680723 0.892451
  2.81944 695.335 0.376078 0.368608 0.679275 0.919596
  End: M 2.82028 18562
Bub 17434 0.00402503
  Start: N 2.74639
  2.75 832.749 0.150085 0.356695 0.744435 0.890426
  2.76389 823.748 0.148623 0.356159 0.740217 0.95097
  2.77778 826.492 0.146212 0.359242 0.739091 0.88675
  2.79167 825.22 0.144697 0.36 0.737424 1.01331
  2.80556 822.032 0.143333 0.359667 0.737 0.930834
  End: M 2.80861 18417
Bub 17451 0.00341392
  Start: S 2.74694 17205
  2.75 974.273 0.121667 0.191667 0.443333 0.969336
  End: C 2.75556
Bub 17452 0.00441757
  Start: S 2.74694 17205
  2.75 750.154 0.120641 0.184872 0.461923 0.981074
  2.76389 755.894 0.118301 0.183173 0.460256 0.954101
  2.77778 757.084 0.116815 0.180941 0.461898 0.957292
  End: M 2.77861 18087
Bub 17455 0.005975
  Start: M 2.74694 17205
  2.75 589.521 0.113238 0.166883 0.437556 0.979922
  End: S 2.75028 18087 18088
Bub 17480 0.00424068
  Start: S 2.74861 16824 17044
  2.75 796.48 0.243696 0.253551 0.715 1.02789
  2.76389 785.548 0.251508 0.253889 0.719603 1.20007
  2.77778 787.65 0.256304 0.252681 0.72558 0.885892
  2.79167 796.277 0.261667 0.25 0.731667 0.881484
  2.80556 830.033 0.265433 0.247294 0.737727 0.904765
  End: S 2.80611 18430 18431
Bub 17483 0.00397903
  Start: N 2.74861
  2.75 830.58 0.176053 0.343596 0.740263 0.898182
  End: M 2.7625 17745
Bub 17497 0.0080387
  Start: M 2.74944 16625 16925 16946 17189
  2.75 484.677 0.0325887 0.341433 0.678688 0.901502
  End: M 2.75056 17741
Bub 17503 0.0048308
  Start: S 2.74972 17185
  2.75 684.558 0.181895 0.13915 0.451307 0.931659
  End: M 2.75278 17758
Bub 17505 0.0053429
  Start: S 2.75 17207 17208
  2.75 626.506 0.316957 0.28756 0.667705 0.906285
  End: M 2.75028 17524
Bub 17506 0.00310175
  Start: S 2.75 17207 17208
  2.75 1064.95 0.318333 0.308333 0.665 0.906285
  End: M 2.75028 17524
Bub 17508 0.00302319
  Start: N 2.75
  2.75 1092.55 0.0515333 0.2986 0.7486 0.896986
  End: M 2.75028 17745
Bub 17510 0.00616495
  Start: M 2.75 17156 17157
  2.75 601.677 0.0402201 0.0559906 0.653239 0.940392
  End: M 2.75361 17725
Bub 17587 0.00341392
  Start: S 2.75389 17455
  2.76389 974.271 0.115 0.146667 0.428333 0.969644
  End: C 2.77667
Bub 17619 0.0092754
  Start: S 2.755 16998
  2.76389 372.192 0.21132 0.153698 0.622936 0.933108
  End: M 2.76444 17776
Bub 17725 0.00675595
  Start: M 2.76167 17510
  2.76389 548.22 0.0393489 0.0586798 0.649122 0.922675
  End: S 2.76444 18196 18234
Bub 17732 0.0061161
  Start: M 2.76222 16010
  2.76389 595.762 0.302826 0.123229 0.689573 0.881246
  End: S 2.76556 17921 17920
Bub 17738 0.0057163
  Start: S 2.76278 17185
  2.76389 612.436 0.139773 0.239773 0.459477 0.968103
  End: M 2.77361 17964
Bub 17739 0.0042201
  Start: S 2.76278 17185
  2.76389 789.609 0.161912 0.223529 0.474069 0.897219
  End: C 2.76722
Bub 17741 0.0075475
  Start: M 2.76278 17497
  2.76389 490.323 0.0326607 0.334195 0.682875 0.911401
  End: S 2.76694 17944 17943
Bub 17745 0.00441757
  Start: N 2.76333
  2.76389 751.883 0.174615 0.345 0.740897 0.87683
  End: M 2.76444 17874
Bub 17754 0.00313958
  Start: N 2.76389
  2.76389 1060.81 0.318452 0.105238 0.751548 0.895958
  End: C 2.76417
Bub 17755 0.00310175
  Start: N 2.76389
  2.76389 1064.69 0.205 0.378333 0.761667 0.895958
  End: C 2.76417
Bub 17756 0.0088821
  Start: S 2.76389 16998
  2.76389 404.032 0.171162 0.182114 0.606204 0.976476
  End: M 2.76417 17948
Bub 17757 0.00353595
  Start: S 2.76389 16998
  2.76389 949.007 0.141083 0.219917 0.598333 0.976476
  End: M 2.76417 17948
Bub 17758 0.0223159
  Start: M 2.76389 17185 17204 17503
  2.76389 158.29 0.179511 0.184718 0.48239 0.955009
  End: S 2.76444 17821 17978
Bub 17759 0.00943945
  Start: M 2.76389 16998
  2.76389 416.339 0.173537 0.259244 0.605329 0.930626
  End: M 2.76417 17948
Bub 17776 0.009456
  Start: S 2.765 15824 17619
  2.77778 375.704 0.210582 0.151893 0.63056 0.914553
  End: M 2.78333 18027
Bub 17777 0.00479902
  Start: S 2.765 15824 17619
  2.77778 701.022 0.222667 0.169833 0.646867 0.929003
  2.79167 690.903 0.220938 0.168021 0.655521 0.881007
  End: M 2.79861 18246
Bub 17821 0.0190287
  Start: S 2.76722 17758
  2.77778 183.67 0.176345 0.187616 0.524952 0.947523
  2.79167 183.735 0.176163 0.190055 0.536623 0.947241
  End: S 2.7975 18943 18276
Bub 17824 0.00707925
  Start: S 2.7675 12792 16652
  2.77778 510.04 0.0199221 0.162113 0.652321 0.899508
  End: M 2.78722 18057
Bub 17825 0.00432109
  Start: S 2.7675 12792 16652
  2.77778 774.543 0.0431279 0.138973 0.662078 0.90313
  End: M 2.78722 18057
Bub 17827 0.00481497
  Start: S 2.7675 16922 17758
  2.77778 703.806 0.205396 0.233581 0.433581 1.00309
  End: M 2.78139 18042
Bub 17874 0.00441757
  Start: N 2.77083
  2.77778 762.265 0.0225641 0.0951282 0.740769 0.884791
  2.79167 758.431 0.0172785 0.0898101 0.736477 0.891872
  2.80556 748.569 0.0166129 0.086828 0.736667 0.889627
  2.81944 764.807 0.0165152 0.0858225 0.734394 0.862794
  End: C 2.82472
Bub 17880 0.0082062
  Start: M 2.77083 16799
  2.77778 455.537 0.226307 0.27502 0.69382 0.97235
  End: S 2.78222 18009 18010
Bub 17928 0.00417831
  Start: N 2.77361
  2.77778 800.376 0.171364 0.345152 0.741667 0.913176
  2.79167 791.379 0.164556 0.344889 0.744556 0.980917
  End: C 2.79806
Bub 17942 0.00341392
  Start: N 2.77444
  2.77778 973.972 0.205 0.378333 0.763333 0.897796
  End: M 2.78167 18029
Bub 17943 0.00367754
  Start: S 2.77472 17741
  2.77778 901.73 0.0396667 0.350333 0.648333 0.891365
  2.79167 898.848 0.040614 0.35307 0.64307 0.838196
  2.80556 900.091 0.0433333 0.353667 0.636333 0.882922
  2.81944 902.056 0.046697 0.356697 0.633242 0.917599
  End: C 2.82
Bub 17944 0.00719495
  Start: S 2.77472 17741
  2.77778 487.77 0.0299654 0.331409 0.685099 0.900414
  2.79167 485.582 0.0289077 0.331754 0.685757 0.888718
  End: M 2.79417 18274
Bub 17948 0.00892855
  Start: M 2.77472 17756 17757 17759
  2.77778 399.76 0.171046 0.180171 0.613799 0.907954
  2.79167 400.069 0.17647 0.176763 0.62147 0.936849
  End: M 2.79833 18246
Bub 17956 0.00454596
  Start: S 2.77556 17756 17757 17759
  2.77778 733.073 0.134333 0.262137 0.595275 1.04674
  End: M 2.78139 18054
Bub 17964 0.00579415
  Start: M 2.77611 17738
  2.77778 618.23 0.136742 0.239223 0.462746 0.937533
  End: S 2.78 18034 18033
Bub 17974 0.00341392
  Start: N 2.77722
  2.77778 974.3 0.115 0.146667 0.431667 1.02172
  End: C 2.78444
Bub 17977 0.00872525
  Start: S 2.7775 16922 17758
  2.77778 403.061 0.244495 0.188527 0.417091 0.961924
  2.79167 400.049 0.246579 0.18701 0.425057 0.961151
  2.80556 399.62 0.246958 0.186245 0.432656 0.954599
  2.81944 401.44 0.247184 0.185787 0.440848 0.945045
  End: M 2.82972 18647
Bub 17978 0.0153493
  Start: S 2.7775 16922 17758
  2.77778 246.584 0.166267 0.182932 0.450001 0.955631
  End: S 2.78833 18943 18276
Bub 17979 0.0037575
  Start: S 2.7775 16922 17758
  2.77778 883.702 0.226667 0.223333 0.428333 0.930899
  End: M 2.78139 18042
Bub 17980 0.00341392
  Start: S 2.7775 17756 17757 17759
  2.77778 974.341 0.151667 0.268333 0.596667 0.943895
  End: M 2.78139 18054
Bub 17981 0.00846085
  Start: S 2.7775 17756 17757 17759
  2.77778 416.272 0.190815 0.260949 0.618437 0.914454
  2.79167 418.923 0.194481 0.260673 0.626212 0.919467
  2.80556 420.453 0.196766 0.260976 0.630802 0.917677
  2.81944 424.637 0.197015 0.261039 0.636071 0.917292
  2.83333 433.578 0.199016 0.261092 0.643803 0.926098
  2.84722 440.397 0.199979 0.263178 0.650661 0.947626
  End: S 2.84917 18889 18890
Bub 17983 0.00341392
  Start: N 2.7775
  2.77778 973.434 0.311667 0.3 0.755 0.881499
  End: C 2.78333
Bub 17985 0.00380898
  Start: N 2.77778
  2.77778 875.305 0.0423333 0.0694 0.75 0.895643
  End: M 2.77806 18029
Bub 18009 0.0080101
  Start: S 2.78222 17880
  2.79167 446.013 0.23447 0.278125 0.699839 0.907402
  End: M 2.795 18226
Bub 18027 0.00944775
  Start: S 2.78333 17776
  2.79167 376.619 0.209002 0.148067 0.64095 0.915788
  End: S 2.7925 18246 18239
Bub 18029 0.00424068
  Start: N 2.78333
  2.79167 783.603 0.0400725 0.0677536 0.750507 0.838347
  2.80556 783.48 0.0414198 0.0631481 0.74821 0.897205
  2.81944 782.284 0.0416667 0.06 0.751667 1.12884
  End: C 2.82083
Bub 18033 0.00383421
  Start: S 2.78389 17964
  2.79167 865.613 0.126373 0.233824 0.453627 0.950528
  2.80556 864.259 0.123869 0.230179 0.453512 1.18645
  2.81944 863.147 0.122719 0.230263 0.45307 0.962792
  End: C 2.82
Bub 18034 0.00486217
  Start: S 2.78389 17964
  2.79167 684.54 0.138013 0.242468 0.471731 0.96205
  2.80556 687.322 0.136563 0.242493 0.474086 0.983237
  End: M 2.80778 18943
Bub 18041 0.00390797
  Start: S 2.785 17827 17979
  2.79167 857.402 0.228889 0.223889 0.438333 0.92635
  2.80556 849.554 0.23 0.226667 0.448333 0.845006
  2.81944 856.758 0.231863 0.228333 0.453627 1.00747
  End: M 2.83083 18647
Bub 18042 0.00490848
  Start: S 2.785 17827 17979
  2.79167 680.292 0.206807 0.235935 0.440919 0.960103
  2.80556 679.925 0.207436 0.237724 0.449551 0.934005
  End: M 2.81917 18943
Bub 18046 0.00310175
  Start: N 2.785
  2.79167 1065.37 0.118333 0.145 0.431667 0.964065
  End: C 2.79361
Bub 18047 0.00359392
  Start: N 2.785
  2.79167 930.422 0.366429 0.0664286 0.623175 0.916456
  2.80556 924.441 0.363667 0.063 0.621667 0.932477
  2.81944 925.387 0.361667 0.0603333 0.619667 0.929752
  End: C 2.82056
Bub 18054 0.00452806
  Start: S 2.78611 17956 17980
  2.79167 732.851 0.134881 0.267143 0.599048 0.874412
  2.80556 735.29 0.136392 0.269799 0.602179 0.886297
  End: C 2.80889
Bub 18057 0.00717355
  Start: S 2.78778 17824 17825
  2.79167 553.702 0.018014 0.161547 0.651068 0.913677
  End: M 2.79556 18272
Bub 18058 0.0037575
  Start: S 2.78778 17824 17825
  2.79167 910.853 0.0417361 0.144583 0.664653 1.25483
  End: M 2.79556 18272
Bub 18078 0.00417831
  Start: S 2.79028 17978
  2.79167 808.974 0.167273 0.137121 0.465 0.978018
  End: M 2.79333 18943
Bub 18087 0.00501325
  Start: S 2.79167 17452 17455
  2.79167 719.306 0.114474 0.171667 0.442193 0.954244
  End: M 2.79306 18264
Bub 18088 0.00501325
  Start: S 2.79167 17452 17455
  2.79167 668.134 0.114474 0.17886 0.462632 0.954244
  End: M 2.79306 18264
Bub 18090 0.00310175
  Start: N 2.79167
  2.79167 1064.86 0.208333 0.378333 0.765 0.895447
  End: M 2.79194 18184
Bub 18184 0.00458134
  Start: N 2.79944
  2.80556 726.507 0.160517 0.345115 0.745575 0.914432
  End: M 2.8075 18417
Bub 18188 0.00404765
  Start: N 2.79972
  2.80556 826.418 0.0128333 0.2795 0.754167 0.901657
  End: C 2.81111
Bub 18196 0.005469
  Start: S 2.8 17725
  2.80556 615.054 0.0543919 0.0515991 0.643423 0.949385
  End: M 2.80694 18375
Bub 18226 0.0076747
  Start: M 2.80167 18009
  2.80556 463.958 0.240444 0.280786 0.707209 0.904036
  2.81944 464.271 0.244474 0.284115 0.712452 0.908963
  End: S 2.82528 18642 18625
Bub 18233 0.00367754
  Start: S 2.80222 17725
  2.80556 904.814 0.033 0.0563333 0.635 0.914261
  End: M 2.80694 18375
Bub 18234 0.00492373
  Start: S 2.80222 17725
  2.80556 682.407 0.0332407 0.0752469 0.637685 0.925814
  2.81944 675.176 0.0342308 0.0742308 0.635513 0.929299
  2.83333 675.371 0.0336594 0.0742391 0.632029 0.917723
  End: M 2.84278 18755
Bub 18239 0.0087301
  Start: S 2.8025 17777 17948 18027
  2.80556 412.227 0.176534 0.17392 0.628776 0.933978
  2.81944 407.991 0.180057 0.171263 0.636522 0.931613
  2.83333 406.571 0.181944 0.168276 0.64467 0.926343
  End: M 2.84083 18746
Bub 18241 0.00452806
  Start: S 2.8025 17777 17948 18027
  2.80556 741.015 0.22 0.163333 0.663333 0.90885
  End: M 2.80722 18450
Bub 18246 0.00880675
  Start: S 2.80278 17777 17948 18027
  2.80556 384.572 0.200734 0.142837 0.654455 0.917427
  End: M 2.80722 18450
Bub 18264 0.00633475
  Start: M 2.80389 18087 18088
  2.80556 563.258 0.114145 0.17758 0.458203 0.928071
  End: M 2.80722 18408
Bub 18272 0.00693675
  Start: S 2.80444 18057 18058
  2.80556 523.855 0.0181236 0.157009 0.651501 0.922426
  2.81944 540.211 0.0187356 0.153805 0.650805 0.915293
  End: M 2.82917 18594
Bub 18274 0.0072021
  Start: M 2.80444 17944
  2.80556 489.713 0.0280671 0.332584 0.687968 0.910684
  End: M 2.80611 18347
Bub 18276 0.0153023
  Start: S 2.80472 17821 17978 18078
  2.80556 252.326 0.163019 0.187313 0.471389 0.958465
  End: S 2.80611 18943 18606
Bub 18282 0.00341392
  Start: N 2.805
  2.80556 975.052 0.0716667 0.261667 0.746667 0.898549
  End: C 2.80889
Bub 18285 0.0037575
  Start: S 2.80556 11897
  2.80556 883.665 0.225 0.31 0.643333 0.988521
  End: M 2.80583 18438
Bub 18286 0.00341392
  Start: S 2.80556 11897
  2.80556 974.204 0.226667 0.298333 0.658333 0.988521
  End: M 2.80583 18438
Bub 18374 0.00341392
  Start: S 2.81167 18196 18233
  2.81944 974.224 0.0316667 0.0566667 0.631667 0.929919
  End: M 2.83083 18620
Bub 18375 0.00518335
  Start: S 2.81167 18196 18233
  2.81944 650.151 0.0532011 0.0536772 0.643598 0.922876
  End: M 2.83083 18620
Bub 18376 0.00732775
  Start: S 2.81167 17821 17978 18034 18078 18276
  2.81944 476.793 0.203446 0.14971 0.449766 0.961743
  End: M 2.82972 18647
Bub 18408 0.00545665
  Start: S 2.81389 16233 18264
  2.81944 674.599 0.128673 0.172959 0.442211 0.969191
  2.83333 661.311 0.1275 0.173182 0.447121 0.981552
  End: M 2.83528 18677
Bub 18417 0.00341392
  Start: N 2.81417
  2.81944 974.833 0.065 0.265 0.746667 0.971873
  End: C 2.82583
Bub 18430 0.00390797
  Start: S 2.81611 17480
  2.81944 847.15 0.257222 0.243889 0.746667 0.906147
  2.83333 854.86 0.257267 0.244822 0.749444 0.857237
  End: M 2.84306 18799
Bub 18431 0.00341392
  Start: S 2.81611 17480
  2.81944 974.614 0.276667 0.248333 0.741667 0.893179
  End: C 2.82222
Bub 18450 0.008759
  Start: S 2.81722 18241 18246
  2.81944 384.638 0.197582 0.139792 0.66625 0.914822
  End: M 2.82 18645
Bub 18451 0.0041571
  Start: S 2.81722 18241 18246
  2.81944 799.746 0.219769 0.159769 0.668846 0.952674
  End: M 2.82 18645
Bub 18455 0.00359392
  Start: S 2.81778 17821 17978 18034 18078 18276
  2.81944 926.254 0.14 0.15 0.535 0.982567
  End: C 2.82
Bub 18457 0.00373123
  Start: S 2.81806 17821 17978 18034 18078 18276
  2.81944 891.136 0.149965 0.140106 0.475071 0.96082
  End: C 2.82139
Bub 18466 0.00471767
  Start: S 2.81944 17821 17978 18034 18042 18078 18276
  2.81944 706.758 0.134368 0.24107 0.477526 0.945733
  End: C 2.81972
Bub 18467 0.00627915
  Start: M 2.81944 11599 17341
  2.81944 584.8 0.375982 0.0477827 0.650908 0.937575
  End: M 2.82 18540
Bub 18521 0.00341392
  Start: N 2.82333
  2.83333 975.365 0.32 0.0916667 0.695 0.921464
  2.84722 974.19 0.320333 0.0916667 0.693667 0.922224
  End: C 2.85194
Bub 18540 0.00638935
  Start: M 2.825 18467
  2.83333 569.029 0.374463 0.0468785 0.651003 0.926349
  End: M 2.83778 18733
Bub 18560 0.00402503
  Start: N 2.82694
  2.83333 828.44 0.0426271 0.0600847 0.752345 0.902404
  End: C 2.83389
Bub 18594 0.00681995
  Start: M 2.82944 18272
  2.83333 563.587 0.0186237 0.150273 0.649971 0.927912
  End: S 2.83389 18800 18801
Bub 18598 0.00341392
  Start: N 2.82972
  2.83333 973.4 0.05 0.358333 0.631667 1.15846
  End: C 2.84444
Bub 18606 0.0139572
  Start: S 2.83056 17821 17978 18034 18042 18078 18276
  2.83333 286.438 0.158804 0.19778 0.494133 0.943449
  End: M 2.83444 18943
Bub 18619 0.00367754
  Start: S 2.83139 18374 18375
  2.83333 904.473 0.0303333 0.057 0.628333 0.933775
  End: C 2.83722
Bub 18620 0.0055057
  Start: S 2.83139 18374 18375
  2.83333 610.062 0.0539183 0.0573179 0.641623 0.951298
  End: M 2.84278 18755
Bub 18625 0.00443638
  Start: S 2.83167 18226
  2.83333 752.101 0.23462 0.273608 0.714705 0.9216
  End: M 2.83556 18750
Bub 18631 0.00310175
  Start: S 2.83194 17821 17978 18034 18042 18078 18276
  2.83333 1065.15 0.178333 0.141667 0.545 1.09794
  End: C 2.83694
Bub 18642 0.0072374
  Start: M 2.8325 18226
  2.83333 475.066 0.251492 0.29328 0.717041 0.904156
  End: M 2.83444 18750
Bub 18645 0.0092625
  Start: M 2.83278 18450 18451
  2.83333 382.738 0.19742 0.140331 0.675389 0.915493
  End: S 2.83389 18770 18761
Bub 18647 0.0107212
  Start: M 2.83306 17977 18041 18376
  2.83333 369.351 0.231335 0.174094 0.45262 0.950661
  End: S 2.83389 18923 18803
Bub 18665 0.00385911
  Start: N 2.83444
  2.84722 896.941 0.0416667 0.06 0.751667 0.898555
  End: M 2.85444 18936
Bub 18733 0.00643415
  Start: M 2.84 18540
  2.84722 551.053 0.373479 0.0436584 0.651584 0.94993
  End: M 2.85222 18874
Bub 18746 0.00899735
  Start: M 2.84111 18239
  2.84722 396.102 0.184428 0.165744 0.652152 0.928582
  End: M 2.85 18881
Bub 18755 0.00663265
  Start: M 2.84278 18234 18620
  2.84722 551.458 0.0430682 0.0671843 0.636162 0.938158
  End: M 2.85722 18916
Bub 18761 0.00445501
  Start: S 2.84306 18645
  2.84722 749.177 0.218458 0.153208 0.682042 0.931757
  End: M 2.84778 18891
Bub 18770 0.008854
  Start: M 2.84389 18645
  2.84722 380.057 0.189682 0.135886 0.684082 0.904131
  End: M 2.84778 18891
Bub 18776 0.00341392
  Start: N 2.845
  2.84722 973.238 0.055 0.358333 0.63 0.749879
  End: C 2.85639
Bub 18797 0.00417831
  Start: S 2.84694 17821 17978 18034 18042 18078 18276 18606
  2.84722 796.718 0.134091 0.231818 0.486212 0.975153
  End: C 2.8475
Bub 18799 0.00353595
  Start: N 2.84694
  2.84722 939.268 0.0143333 0.128167 0.78 1.08451
  End: C 2.8475
Bub 18800 0.0059019
  Start: S 2.84722 18594
  2.84722 607.119 0.0133154 0.153208 0.649373 0.918628
  End: M 2.85611 19631
Bub 18801 0.00404765
  Start: S 2.84722 18594
  2.84722 825.334 0.0205 0.137167 0.660833 0.918628
  End: M 2.85611 19631
Bub 18803 0.00490848
  Start: S 2.84722 17821 17978 18034 18042 18078 18276 18606 18647
  2.84722 686.329 0.21528 0.23338 0.475343 0.953548
  End: M 2.8475 18923
Bub 18889 0.00795805
  Start: S 2.85611 17981
  2.86111 458.913 0.19269 0.261674 0.654927 0.91793
  End: M 2.86306 18966
Bub 18904 0.0065564
  Start: M 2.85694 16972
  2.86111 560.717 0.17215 0.024098 0.670059 0.907365
  End: M 2.86194 18975
Bub 18923 0.0110447
  Start: M 2.85833 17821 17978 18034 18042 18078 18276 18606 18647 18803
  2.86111 373.967 0.231185 0.181106 0.469821 0.957494
  End: S 2.86306 18976 18977
Bub 18937 0.00367754
  Start: N 2.86028
  2.86111 902.122 0.013 0.128333 0.780333 0.988615
  End: C 2.86278
Bub 18944 0.0121104
  Start: M 2.86111 17821 17978 18034 18042 18078 18276 18606
  2.86111 312.868 0.157979 0.208717 0.507248 0.939104
  End: S 2.8625 18989 18981
Bub 10501 0.00424068
  Start: M 2.30889 10479
  2.31944 781.797 0.0505072 0.0235507 0.66413 1.11129
  2.33333 784.075 0.0508228 0.0247046 0.659473 0.904286
  2.34722 780.605 0.0483333 0.0231481 0.654259 0.934411
  2.36111 785.273 0.0480952 0.0221429 0.649286 0.921465
  2.36639 785.273 0.0465054 0.023172 0.647796 0.93565
  2.375 783.896 0.045 0.0233333 0.645 0.934954
  2.38889 782.094 0.0435965 0.0233333 0.642018 0.928789
  2.40278 783.457 0.0424906 0.0231648 0.63867 0.942399
  2.41667 790.685 0.041 0.024 0.633667 0.932473
  2.43056 784.07 0.0404118 0.0242157 0.628373 0.976703
  2.44444 782.053 0.0401685 0.0248502 0.625037 0.94307
  2.45833 782.405 0.0401852 0.025 0.62142 0.938109
  2.47222 784.265 0.0400538 0.0252151 0.616935 0.939177
  2.48611 785.626 0.0417284 0.0273457 0.613704 0.921702
  2.5 784.806 0.0417368 0.0282982 0.609351 0.960662
  2.51389 786.529 0.0432143 0.0295238 0.606429 0.938163
  2.52778 783.967 0.045 0.03 0.605 0.939435
  2.53306 783.967 0.0468519 0.0309259 0.602778 0.939896
  2.54167 785.687 0.0475253 0.0328788 0.603788 0.93615
  2.55556 787.555 0.049875 0.036 0.603167 0.959109
  2.56944 783.04 0.0534058 0.0371739 0.602246 1.06343
  2.58333 788.367 0.0534722 0.0388889 0.600938 0.933476
  2.59722 787.177 0.0559091 0.0416667 0.601061 0.942106
  2.61111 785.069 0.056875 0.0425 0.600208 0.915198
  2.625 790.006 0.0589394 0.0462121 0.597828 0.922405
  2.63889 792.336 0.0596429 0.047619 0.598214 0.93227
  2.65278 784.753 0.0621228 0.0500526 0.597246 0.937716
  2.66667 788.036 0.0633819 0.0527023 0.594773 0.91703
  2.68056 783.677 0.0652222 0.0563333 0.592333 0.944354
  2.69444 784.979 0.0669355 0.0591935 0.591452 0.94967
  2.69972 784.979 0.067381 0.0607143 0.59 0.921248
  2.70833 785.848 0.0690404 0.0628788 0.588737 0.960004
  2.72222 788.714 0.0696667 0.0663333 0.586667 0.926965
  2.73611 798.573 0.0710145 0.0695652 0.586449 0.955227
  2.75 798.681 0.0724775 0.0723874 0.58536 0.930476
  2.76389 792.04 0.0693333 0.0747778 0.585778 1.02732
  2.77778 788.704 0.0701648 0.0767216 0.586722 0.915244
  2.79167 784.9 0.0683062 0.0786043 0.588062 0.91279
  2.80556 797.956 0.0685556 0.0814444 0.588333 0.939298
  2.81944 786.603 0.0635185 0.0832716 0.589321 0.962864
  2.83333 798.264 0.0620068 0.0820748 0.589388 0.940488
  2.84722 797.128 0.0598889 0.0826667 0.589444 0.937027
  2.86111 819.98 0.0571505 0.0795161 0.588333 0.931855
  2.86639 819.98 0.0572549 0.0802941 0.587745 0.941371
  2.875 808.638 0.0558333 0.074375 0.587813 1.05893
  2.88889 797.513 0.0548077 0.0683654 0.584487 0.932524
  2.90278 804.699 0.0543333 0.0646667 0.583 0.934549
  2.91667 804.391 0.0542157 0.0605882 0.582059 0.980724
  2.93056 804.674 0.055 0.0559195 0.581092 0.950918
  End: M 2.93444 19720
Bub 11646 0.00367754
  Start: S 2.395 11230 11527
  2.40278 901.988 0.047 0.0496667 0.698333 0.988474
  2.41667 906.497 0.0472222 0.0483333 0.691667 0.933324
  2.43056 898.743 0.0484272 0.0483333 0.684108 0.888203
  2.44444 902.928 0.0483333 0.05 0.676667 0.931294
  2.45833 900.674 0.049386 0.0497368 0.669737 0.949283
  2.47222 900.401 0.0497458 0.0500847 0.663079 0.952458
  2.48611 899.83 0.0496667 0.0533333 0.656333 0.92839
  2.5 899.852 0.0497368 0.0530702 0.652719 0.914841
  2.51389 899.208 0.0500794 0.0565873 0.646746 0.874332
  2.52778 899.28 0.0500794 0.056746 0.643413 0.889688
  2.53306 899.28 0.0497826 0.0583333 0.642536 0.909334
  2.54167 899.271 0.0498387 0.0601075 0.639892 0.924584
  2.55556 899.961 0.0500847 0.0635876 0.636412 1.00476
  2.56944 903.075 0.0516667 0.0654167 0.63375 0.969235
  2.58333 909.462 0.0530702 0.0686842 0.631667 0.917331
  2.59722 901.696 0.0569048 0.0716667 0.629286 0.9362
  2.61111 898.416 0.0594444 0.0738889 0.627222 0.925618
  2.625 902.956 0.06 0.0766667 0.625 0.943201
  2.63889 904.565 0.0633333 0.0790909 0.622576 0.939712
  2.65278 902.501 0.065 0.083 0.620333 0.927939
  2.66667 908.243 0.0664035 0.0853509 0.618333 0.911808
  2.68056 904.56 0.0668333 0.0885 0.616167 0.972043
  2.69444 900.761 0.0683333 0.09 0.613333 0.940229
  2.69972 900.761 0.0694444 0.0916667 0.611667 0.92732
  2.70833 900.201 0.07 0.093 0.610333 0.94705
  2.72222 901.832 0.07 0.0946569 0.606814 0.945375
  2.73611 900.003 0.0701667 0.0966667 0.603167 0.923202
  2.75 906.418 0.0727778 0.0983333 0.601667 0.947879
  2.76389 900.665 0.0730392 0.10049 0.599706 0.92381
  2.77778 902.289 0.0728261 0.102246 0.597174 0.914196
  2.79167 901.531 0.073 0.103667 0.595 0.94545
  2.80556 904.612 0.0707576 0.105758 0.593333 0.933456
  2.81944 903.442 0.0705072 0.108913 0.592826 0.911355
  2.83333 911.368 0.0702632 0.112018 0.591667 0.93854
  2.84722 913.437 0.0688889 0.113889 0.591667 0.982321
  2.86111 899.534 0.0661111 0.117222 0.592778 1.00555
  2.86639 899.534 0.065 0.117016 0.592752 0.919158
  2.875 901.401 0.0637692 0.118026 0.590846 0.899303
  2.88889 903.586 0.0616667 0.12 0.593333 0.984821
  2.90278 901.517 0.0601471 0.118578 0.59348 0.944463
  2.91667 910.353 0.0583333 0.116404 0.594649 0.948628
  2.93056 902.197 0.0583333 0.113333 0.596667 0.860033
  2.94444 899.553 0.059386 0.11307 0.59693 0.936806
  2.95833 903.904 0.06 0.111667 0.596667 0.949851
  2.97222 903.469 0.06 0.108333 0.596667 0.938425
  2.98611 903.57 0.06 0.105 0.593333 0.976168
  3 903.892 0.0618831 0.103268 0.593398 0.959698
  3.01389 901.216 0.0638889 0.1 0.593889 0.922417
  3.02778 904.524 0.0667021 0.0982624 0.59344 0.947754
  End: C 3.03139
Bub 12927 0.00492373
  Start: N 2.47306
  2.48611 680.169 0.214537 0.0785802 0.634475 0.940021
  2.5 674.614 0.21174 0.0819597 0.640275 0.90378
  2.51389 678.462 0.213133 0.0835333 0.642467 0.913609
  2.52778 678.197 0.212649 0.0866491 0.64686 0.814748
  2.53306 678.197 0.213112 0.087008 0.649578 0.915163
  2.54167 677.208 0.212853 0.0886218 0.652949 0.881323
  2.55556 679.152 0.214444 0.0893333 0.660778 0.914804
  2.56944 679.679 0.218056 0.0919444 0.668333 0.909237
  2.58333 675.478 0.221 0.0952667 0.6738 0.975647
  2.59722 674.067 0.223972 0.0983688 0.677518 0.93315
  2.61111 673.916 0.225267 0.103667 0.683267 0.880942
  2.625 676.042 0.226212 0.108485 0.689242 0.919369
  2.63889 674.067 0.2285 0.112208 0.693958 0.939079
  2.65278 674.29 0.230679 0.115 0.700062 0.942375
  2.66667 672.633 0.234755 0.116814 0.703922 0.933067
  2.68056 673.436 0.238333 0.117381 0.709762 0.934309
  2.69444 676.572 0.242179 0.116897 0.713564 0.914932
  2.69972 676.572 0.243148 0.115741 0.71463 0.939272
  2.70833 676.042 0.245077 0.115498 0.718218 0.912125
  2.72222 674.601 0.248333 0.11212 0.721537 0.856927
  2.73611 674.166 0.252284 0.109198 0.726728 0.915575
  2.75 674.559 0.255667 0.105833 0.730125 0.893187
  2.76389 673.292 0.26153 0.0999315 0.73363 0.884236
  2.77778 674.879 0.265693 0.0943074 0.736732 0.914209
  2.79167 675.185 0.270867 0.0868222 0.738822 0.930588
  2.80556 674.002 0.275161 0.0810241 0.740301 0.923974
  2.81944 674.527 0.278686 0.0735098 0.742373 0.865752
  2.83333 683.019 0.283333 0.0671212 0.741667 0.928309
  2.84722 679.15 0.287179 0.060641 0.740641 0.919153
  2.86111 679.632 0.290309 0.0540123 0.740432 0.922728
  2.86639 679.632 0.292971 0.0516667 0.739783 0.872561
  2.875 677.392 0.295617 0.0490741 0.73821 0.888
  2.88889 677.091 0.299103 0.0428205 0.735513 0.891552
  2.90278 674.974 0.301389 0.0372222 0.733611 0.922401
  2.91667 678.498 0.303228 0.0330169 0.730232 0.91446
  2.93056 682.243 0.306389 0.0293056 0.727222 0.922208
  2.94444 677.655 0.307197 0.0242803 0.723598 0.939282
  2.95833 674.271 0.308411 0.0213953 0.721163 0.89206
  2.97222 673.487 0.31 0.0192424 0.718636 0.900874
  End: M 2.97944 20314
Bub 13142 0.00417831
  Start: N 2.48472
  2.48611 794.144 0.0240909 0.176667 0.71197 0.866158
  2.5 800.343 0.0216667 0.173596 0.708684 0.925714
  2.51389 800.61 0.0183333 0.170263 0.705351 0.929549
  2.52778 793.919 0.015 0.166667 0.703333 0.852426
  2.53306 793.919 0.0134932 0.16637 0.701895 0.891649
  2.54167 791.159 0.013 0.163667 0.7 0.88746
  2.55556 790.998 0.013 0.160333 0.696667 0.917229
  2.56944 790.998 0.0111749 0.156475 0.69429 0.847235
  2.58333 795.439 0.0116667 0.151667 0.693333 1.16936
  2.59722 793.75 0.0116667 0.146667 0.69 0.990624
  2.61111 793.064 0.0133333 0.143333 0.685 0.90329
  2.625 791.789 0.0127193 0.140263 0.679737 0.962096
  2.63889 798.17 0.0116667 0.13693 0.675351 0.99669
  2.65278 938.978 0.0123333 0.135 0.6698 0.941694
  2.66667 800.755 0.0142424 0.13197 0.661667 0.928686
  2.68056 795.913 0.0154695 0.12993 0.656174 0.915231
  2.69444 802.253 0.0158642 0.126605 0.650679 0.886862
  2.69972 802.253 0.0176087 0.12587 0.649783 0.947712
  2.70833 794.443 0.0183803 0.123685 0.646878 0.956859
  2.72222 796.801 0.0233333 0.121667 0.645 1.01708
  2.73611 793.852 0.0243897 0.119789 0.643545 0.89616
  2.75 798.449 0.02673 0.11808 0.641793 0.927307
  2.76389 801.87 0.0280303 0.118182 0.641667 1.00959
  2.77778 799.077 0.0286842 0.11693 0.641667 0.932326
  2.79167 798.234 0.0307471 0.118448 0.642644 0.929219
  2.80556 800.218 0.0297368 0.117982 0.641667 0.920949
  2.81944 800.121 0.0312667 0.119 0.6426 0.924077
  2.83333 795.258 0.0335388 0.11847 0.643037 0.913151
  2.84722 801.23 0.0339308 0.122358 0.641667 0.918408
  2.86111 798.319 0.0354938 0.124342 0.641008 0.892594
  2.86639 798.319 0.0368841 0.123406 0.641377 0.940187
  2.875 794.69 0.0366667 0.124359 0.641026 0.955073
  2.88889 794.731 0.0366667 0.121667 0.643333 0.949257
  End: M 2.9025 19335
Bub 13488 0.0199379
  Start: N 2.50028
  2.51389 176.249 0.20043 0.20775 0.141245 1
  2.52778 176.249 0.20043 0.20775 0.141245 1
  2.53306 176.249 0.20043 0.20775 0.141245 1
  2.54167 176.249 0.20043 0.20775 0.141245 1
  2.55556 176.249 0.20043 0.20775 0.141245 1
  2.56944 176.249 0.20043 0.20775 0.141245 1
  2.58333 176.249 0.20043 0.20775 0.141245 1
  2.59722 176.249 0.20043 0.20775 0.141245 1
  2.61111 176.249 0.20043 0.20775 0.141245 1
  2.625 176.249 0.20043 0.20775 0.141245 1
  2.63889 176.159 0.200429 0.20777 0.141253 1
  2.65278 170.589 0.200472 0.207455 0.146476 1.01654
  2.66667 168.742 0.200556 0.206523 0.152108 1.02251
  2.68056 169.18 0.200825 0.205979 0.158902 1.01829
  2.69444 168.999 0.200622 0.20537 0.166013 1.01526
  2.69972 168.999 0.200612 0.205049 0.168933 1.01805
  2.70833 169.068 0.200539 0.204402 0.173911 1.02251
  2.72222 169.592 0.200378 0.20376 0.181935 1.02431
  2.73611 169.123 0.20038 0.202975 0.189885 1.02569
  2.75 169.483 0.200434 0.202041 0.198533 1.02835
  2.76389 167.229 0.200655 0.20132 0.207788 1.02364
  2.77778 170.794 0.200653 0.200903 0.21723 1.02021
  2.79167 169.558 0.200716 0.201324 0.226661 1.0187
  2.80556 173.476 0.200464 0.201409 0.236274 1.01568
  2.81944 175.796 0.200066 0.201144 0.245895 1.0114
  2.83333 176.945 0.199341 0.201434 0.25578 1.00193
  2.84722 178 0.1983 0.202036 0.265078 0.998059
  2.86111 177.902 0.197321 0.202362 0.27376 0.991684
  2.86639 177.902 0.196751 0.202707 0.277144 0.983612
  2.875 178.008 0.196555 0.203002 0.282392 0.984896
  2.88889 177.728 0.195486 0.203848 0.290618 0.985679
  End: M 2.89167 19329
Bub 13657 0.00514185
  Start: S 2.5125 13462 13464
  2.51389 649.641 0.273455 0.211558 0.542371 0.834799
  2.52778 664.501 0.267396 0.212188 0.550833 0.90105
  2.53306 664.501 0.264813 0.213941 0.553567 0.926168
  2.54167 675.052 0.262823 0.216801 0.558038 0.912278
  2.55556 646.459 0.256362 0.22672 0.571344 0.869901
  2.56944 644.594 0.257955 0.232273 0.580303 0.929382
  2.58333 645.756 0.261237 0.237652 0.588728 0.950572
  2.59722 649.589 0.26747 0.24125 0.594732 0.946986
  2.61111 644.775 0.272978 0.238071 0.605562 0.909358
  2.625 645.911 0.275128 0.232083 0.612788 0.963872
  2.63889 657.165 0.272815 0.226625 0.618669 0.880353
  2.65278 651.03 0.264848 0.225 0.631364 0.926349
  2.66667 647.52 0.25962 0.226749 0.640149 0.903979
  2.68056 649.689 0.256051 0.230797 0.650725 0.912779
  2.69444 647.145 0.255192 0.233084 0.663659 0.872561
  2.69972 647.145 0.256156 0.233267 0.666822 0.912313
  2.70833 647.942 0.255519 0.232778 0.673519 0.974269
  2.72222 653.157 0.25719 0.232778 0.678968 0.889872
  2.73611 658.622 0.257857 0.232563 0.682143 0.940882
  2.75 655.524 0.260139 0.2325 0.681111 0.881117
  2.76389 657.864 0.261667 0.236333 0.683778 0.938362
  2.77778 652.02 0.262905 0.236905 0.68719 0.955242
  2.79167 650.649 0.259742 0.23445 0.691151 0.881849
  2.80556 650.035 0.262312 0.239086 0.696828 0.91943
  2.81944 656.917 0.264556 0.243111 0.698667 0.903411
  2.83333 655.088 0.267167 0.245 0.701583 0.92984
  2.84722 649.146 0.269141 0.245202 0.705168 0.910532
  2.86111 648.74 0.270565 0.250081 0.707634 0.849564
  2.86639 648.74 0.271667 0.252255 0.708725 0.960283
  2.875 650.905 0.273184 0.25519 0.708984 0.870174
  2.88889 656.378 0.274579 0.25841 0.712778 0.926214
  2.90278 648.233 0.275404 0.263283 0.709646 0.936776
  2.91667 652.643 0.27878 0.266423 0.709959 0.974909
  2.93056 674.172 0.281634 0.265777 0.709045 0.929943
  2.94444 683.678 0.282732 0.267245 0.708673 0.959002
  2.95833 646.907 0.291515 0.261629 0.714773 0.898239
  2.97222 652.539 0.292232 0.259524 0.717619 0.86701
  2.98611 674.795 0.293282 0.260052 0.719158 0.897646
  End: M 2.99583 20528
Bub 14006 0.00452806
  Start: S 2.53167 13868 13869
  2.53306 751.928 0.0164286 0.0747619 0.695714 0.908885
  2.54167 751.928 0.0162613 0.0709459 0.692072 0.920944
  2.55556 734.294 0.0157692 0.0621795 0.691282 0.95107
  2.56944 743.106 0.0162987 0.0556926 0.686861 0.845069
  2.58333 739.298 0.019026 0.0495887 0.680152 0.911778
  2.59722 732.695 0.0214286 0.0446429 0.674405 0.963584
  2.61111 732.563 0.0236364 0.0386364 0.669545 0.949518
  2.625 733.757 0.0267949 0.0351282 0.664487 0.937282
  2.63889 733.247 0.03 0.032 0.66125 0.935354
  2.65278 739.568 0.032619 0.0295238 0.657976 0.901579
  2.66667 733.015 0.0336854 0.0256103 0.653122 0.97129
  2.68056 733.316 0.0366667 0.025 0.65 0.931124
  2.69444 734.986 0.0403165 0.0224262 0.644494 0.919098
  2.69972 734.986 0.0412667 0.0220667 0.6434 0.93226
  2.70833 735.179 0.0437281 0.0219737 0.640877 0.917825
  2.72222 738.757 0.0459859 0.0226526 0.637676 0.950771
  2.73611 737.828 0.0483333 0.0216667 0.633333 0.909741
  2.75 734.711 0.0484921 0.0205556 0.629603 0.900771
  2.76389 743.901 0.0536473 0.0208454 0.626401 0.933397
  2.77778 733.464 0.0558527 0.0217054 0.624922 0.917609
  2.79167 734.701 0.059 0.0224667 0.622333 0.888921
  2.80556 733.631 0.0633333 0.0233333 0.621667 0.933642
  2.81944 741.293 0.0670833 0.02375 0.62 0.928777
  2.83333 736.3 0.07 0.0259091 0.619091 0.928836
  2.84722 747.452 0.0731159 0.0258696 0.617319 0.942769
  2.86111 733.528 0.0747333 0.0291333 0.6182 0.937545
  2.86639 733.528 0.0745062 0.0295679 0.618457 0.926517
  2.875 732.909 0.0765278 0.0301389 0.617778 0.938284
  2.88889 733.496 0.0787037 0.0329012 0.615494 0.946898
  2.90278 732.309 0.082277 0.0363146 0.613545 0.920889
  End: M 2.90806 19465
Bub 14788 0.0042201
  Start: N 2.58139
  2.58333 786.566 0.0266667 0.340441 0.742157 0.939555
  2.59722 792.022 0.025307 0.347588 0.738026 0.897994
  2.61111 788.889 0.0221795 0.353564 0.733564 0.935943
  2.625 783.734 0.0199206 0.363254 0.729921 0.940402
  2.63889 792.889 0.02 0.371667 0.725 0.892962
  2.65278 790.975 0.0226389 0.377361 0.721528 0.901649
  2.66667 787.072 0.0274242 0.382424 0.716667 0.917986
  2.68056 788.838 0.0331385 0.385563 0.71132 0.944777
  2.69444 783.008 0.0396667 0.387 0.706667 0.904238
  2.69972 783.008 0.0433333 0.387424 0.705303 0.898003
  2.70833 800.131 0.0469892 0.388387 0.703441 0.91844
  2.72222 794.785 0.0533544 0.384916 0.698376 0.902719
  2.73611 786.566 0.0571739 0.380797 0.689783 0.970776
  2.75 791.724 0.0583333 0.374444 0.682778 1.06587
  2.76389 789.68 0.0595333 0.369133 0.675533 0.89938
  2.77778 821.367 0.0576554 0.365339 0.671158 0.902899
  2.79167 783.2 0.0538889 0.36 0.670556 0.915178
  2.80556 787.42 0.0529487 0.355 0.668333 0.852596
  2.81944 785.455 0.0503333 0.349667 0.668333 0.960114
  2.83333 795.056 0.0483333 0.346667 0.668333 0.926035
  2.84722 791.844 0.0405556 0.345 0.668333 1.05247
  2.86111 800.482 0.0368841 0.342971 0.668333 0.950796
  2.86639 800.482 0.0362121 0.339394 0.668333 0.910465
  End: M 2.86861 19063
Bub 15278 0.00397903
  Start: N 2.61306
  2.625 831.008 0.029386 0.0235965 0.720263 0.930258
  2.63889 832.744 0.0295062 0.0237037 0.715926 0.854646
  2.65278 830.367 0.0283333 0.025 0.711667 0.933689
  2.66667 835.856 0.0269697 0.0237879 0.704924 0.918427
  2.68056 834.623 0.0266667 0.025 0.698333 0.93047
  2.69444 834.856 0.0263333 0.025 0.689667 0.925851
  2.69972 834.856 0.0268939 0.025 0.686894 0.930279
  2.70833 835.141 0.0266667 0.025 0.681667 0.942604
  2.72222 834.288 0.027 0.025 0.673667 0.906347
  2.73611 836.226 0.0297059 0.0230392 0.665654 0.907748
  2.75 831.799 0.0304717 0.023805 0.657138 0.875435
  2.76389 834.822 0.0297727 0.025 0.649545 0.936172
  2.77778 844.039 0.0311006 0.0249371 0.642673 0.891417
  2.79167 840.883 0.0351961 0.025 0.636373 0.910296
  2.80556 829.88 0.0383333 0.025 0.631667 0.937644
  2.81944 834.243 0.0416667 0.0236667 0.630333 0.942276
  2.83333 834.721 0.045 0.0233333 0.626667 0.875899
  2.84722 835.353 0.0483333 0.0216667 0.623333 0.94544
  2.86111 830.204 0.055 0.0216667 0.618333 0.944998
  2.86639 830.204 0.055 0.02 0.616667 0.910619
  2.875 834.936 0.0566667 0.0233333 0.615 0.908248
  2.88889 832.727 0.0602632 0.0230702 0.610614 0.952583
  2.90278 835.583 0.0633333 0.0266667 0.605 0.959451
  End: M 2.90806 19465
Bub 15352 0.00417831
  Start: N 2.61778
  2.625 795.468 0.142879 0.170758 0.579091 0.979319
  2.63889 791.828 0.137222 0.167222 0.583889 1.13334
  2.65278 804.765 0.133472 0.162639 0.586389 1.02937
  2.66667 795.34 0.127784 0.156843 0.588294 0.825851
  2.68056 794.392 0.120294 0.153039 0.59049 0.931267
  2.69444 796.76 0.115995 0.150224 0.590771 0.893521
  2.69972 796.76 0.113333 0.15 0.593172 0.934053
  2.70833 794.383 0.11 0.148333 0.595 1.11814
  2.72222 792.976 0.106111 0.146667 0.596111 0.956548
  2.73611 795.015 0.1 0.148333 0.598333 0.933691
  2.75 792.594 0.0964035 0.149386 0.600263 0.955532
  2.76389 791.456 0.0927193 0.150263 0.603596 0.95676
  2.77778 790.704 0.0869209 0.150085 0.606412 0.98187
  2.79167 797.018 0.0835641 0.152179 0.610231 0.937985
  2.80556 795.363 0.0797297 0.15491 0.613604 0.866572
  2.81944 797.918 0.0772222 0.158333 0.618333 0.915351
  2.83333 791.491 0.0766667 0.16 0.623333 0.944691
  2.84722 795.458 0.077 0.163667 0.628333 0.905366
  2.86111 796.721 0.0774242 0.165152 0.632879 0.936412
  2.86639 796.721 0.0794444 0.165 0.635 0.951713
  2.875 794.565 0.0789827 0.165996 0.636818 0.865028
  2.88889 800.759 0.0797368 0.167982 0.641667 0.993771
  2.90278 795.392 0.08 0.17 0.645 0.948743
  2.91667 800.218 0.0797368 0.171316 0.648333 0.907735
  2.93056 790.304 0.0783333 0.171667 0.651667 1.17607
  2.94444 794.937 0.078641 0.173359 0.654179 0.885609
  2.95833 795.574 0.0766667 0.171667 0.658333 0.987853
  2.97222 795.486 0.0766667 0.173333 0.661667 0.912236
  2.98611 799.333 0.0759524 0.174048 0.666905 0.90453
  End: C 2.99222
Bub 15725 0.0050997
  Start: S 2.63944 15699
  2.65278 659.162 0.337 0.0821667 0.701917 0.922419
  2.66667 668.578 0.337419 0.0831711 0.699749 0.934349
  2.68056 656.16 0.33877 0.0816667 0.697541 0.915191
  2.69444 656.434 0.339211 0.0808772 0.696579 0.92441
  2.69972 656.434 0.339602 0.0811947 0.694971 0.9293
  2.70833 657.938 0.339583 0.0811111 0.693917 0.923764
  2.72222 661.502 0.338967 0.0829063 0.691694 0.919323
  2.73611 663.557 0.337976 0.0834226 0.689821 0.93571
  2.75 657.634 0.338517 0.0828621 0.687529 0.882507
  2.76389 652.178 0.33859 0.0809829 0.685427 0.888643
  2.77778 657.774 0.337593 0.0827778 0.683148 0.922641
  2.79167 657.149 0.336892 0.082027 0.682297 0.918105
  2.80556 661.559 0.336743 0.0813609 0.681911 0.916031
  2.81944 668.662 0.336639 0.0816393 0.682404 0.913766
  2.83333 674.536 0.335828 0.0832529 0.681759 0.923199
  2.84722 675.918 0.335573 0.0841002 0.681789 0.897387
  2.86111 682.664 0.335106 0.0870106 0.681561 0.917659
  2.86639 682.664 0.335068 0.0887443 0.6821 0.919782
  2.875 648.526 0.334817 0.0922161 0.684194 0.912773
  End: S 2.87528 19216 19215
Bub 16011 0.005317
  Start: S 2.65722 15880 15881
  2.66667 629.427 0.302941 0.0783333 0.716373 0.954199
  2.68056 637.397 0.301768 0.0774427 0.716196 0.929889
  2.69444 635.44 0.302343 0.0797826 0.715556 0.896262
  2.69972 635.44 0.302694 0.0806111 0.714806 0.97661
  2.70833 627.684 0.30252 0.0819333 0.7122 0.912041
  2.72222 628.891 0.305301 0.0858743 0.710301 0.911344
  2.73611 636.129 0.307629 0.0862911 0.709319 0.941692
  2.75 631.368 0.309925 0.0872388 0.708109 0.882167
  2.76389 636.595 0.31134 0.0897319 0.706282 0.911838
  2.77778 635.401 0.312143 0.0908466 0.705159 0.903162
  2.79167 651.607 0.314069 0.0910539 0.70375 0.909398
  2.80556 684.2 0.313826 0.0931925 0.703498 0.913142
  2.81944 704.82 0.313873 0.0945588 0.703554 0.900531
  2.83333 626.355 0.30837 0.0986957 0.712899 0.937051
  2.84722 633.763 0.308451 0.100162 0.717065 0.923717
  2.86111 628.884 0.307083 0.102083 0.7225 0.920556
  2.86639 628.884 0.306701 0.101837 0.725068 0.940349
  2.875 627.203 0.306149 0.101667 0.727644 0.93976
  2.88889 628.959 0.306638 0.101695 0.733333 0.828499
  2.90278 632.448 0.305942 0.0986232 0.737319 0.916058
  2.91667 630.246 0.306071 0.0934524 0.738452 0.94747
  2.93056 628.28 0.306911 0.0899187 0.739878 0.916011
  2.94444 638.534 0.31058 0.0859058 0.740109 0.935014
  2.95833 644.941 0.314333 0.0823333 0.74 0.919732
  End: M 2.96056 20212
Bub 16337 0.00437949
  Start: N 2.67611
  2.68056 757.412 0.06 0.148684 0.716404 0.804031
  2.69444 761.903 0.0605556 0.147444 0.717111 0.882459
  2.69972 761.903 0.0605682 0.147424 0.717008 0.878897
  2.70833 762.601 0.0601477 0.14635 0.717236 0.91169
  2.72222 755.65 0.0566667 0.143 0.717 0.933881
  2.73611 762.796 0.0566667 0.138333 0.718333 0.901767
  2.75 759.511 0.0565504 0.131822 0.720039 0.939425
  2.76389 755.472 0.0569298 0.127281 0.72307 0.826446
  2.77778 761.332 0.0556667 0.123667 0.726333 0.892091
  2.79167 758.807 0.0537879 0.120303 0.73197 0.903752
  2.80556 762.348 0.0516667 0.11803 0.73803 0.914321
  2.81944 762.637 0.0483333 0.115303 0.74197 0.857066
  2.83333 768.691 0.045 0.113333 0.747949 0.889169
  2.84722 758.332 0.04025 0.108292 0.752458 0.889948
  2.86111 758.104 0.0363636 0.104697 0.757121 0.88692
  2.86639 758.104 0.0335897 0.101923 0.757821 0.914828
  2.875 760.128 0.0325362 0.100217 0.758768 0.917641
  2.88889 754.444 0.0277652 0.094697 0.761098 0.89671
  2.90278 759.56 0.024887 0.0899153 0.763362 0.943164
  End: M 2.90333 19457
Bub 16757 0.0063163
  Start: M 2.70833 16630
  2.70833 564.367 0.0179094 0.0732602 0.687588 0.96228
  2.72222 531.888 0.0182973 0.0707297 0.690802 0.910267
  2.73611 524.136 0.0183333 0.0675926 0.69 0.922364
  2.75 526.576 0.0189114 0.0654046 0.687987 0.913445
  2.76389 525.943 0.0192424 0.0660152 0.686606 0.878481
  2.77778 530 0.0199676 0.0639968 0.68479 0.917559
  2.79167 531.136 0.0204167 0.065 0.683698 0.934134
  2.80556 527.196 0.0216667 0.0635833 0.682417 0.919395
  2.81944 527.309 0.0227451 0.0618791 0.681111 0.950029
  2.83333 530.475 0.0241587 0.0609524 0.681254 0.921662
  2.84722 527.871 0.0258531 0.0599447 0.680403 0.922548
  2.86111 530.982 0.0271106 0.0590029 0.678828 0.920859
  2.86639 530.982 0.0292963 0.0587037 0.678185 0.940669
  2.875 528.097 0.030252 0.0577967 0.677618 0.934329
  2.88889 532.247 0.031753 0.0562953 0.676105 0.927195
  2.90278 534.204 0.0326124 0.0540698 0.675434 0.924304
  2.91667 530.611 0.0330419 0.0519208 0.673191 0.926433
  2.93056 526.417 0.0326321 0.0496812 0.673798 0.915934
  2.94444 534.298 0.0339731 0.0479068 0.671098 0.922296
  2.95833 536.569 0.0353236 0.0464725 0.669595 0.924869
  End: M 2.96139 20120
Bub 16929 0.00417831
  Start: N 2.71806
  2.72222 856.694 0.0208081 0.335657 0.764646 1.14181
  2.73611 806.057 0.018038 0.337363 0.760105 0.852757
  2.75 801.757 0.0176531 0.33949 0.755476 0.850887
  2.76389 799.252 0.0181761 0.340283 0.752296 0.875179
  2.77778 799.604 0.0185897 0.339615 0.750348 0.910995
  2.79167 809.899 0.0201004 0.338373 0.750422 0.893618
  2.80556 808.671 0.0216667 0.339333 0.750333 0.887256
  2.81944 802.453 0.0246117 0.340534 0.751311 0.894116
  2.83333 799.846 0.0252778 0.341389 0.751667 0.912581
  2.84722 799.16 0.0273221 0.344513 0.750993 0.904819
  2.86111 800.597 0.0264859 0.346647 0.750663 0.871416
  2.86639 800.597 0.0268391 0.349713 0.748678 0.928071
  2.875 802.33 0.026954 0.352931 0.748793 0.924623
  End: C 2.88722
Bub 17065 0.00341392
  Start: N 2.72639
  2.73611 972.837 0.226667 0.228333 0.615 1.10936
  2.75 986.29 0.228333 0.223333 0.621667 0.924044
  2.76389 973.156 0.235 0.218333 0.626667 0.999025
  2.77778 972.246 0.235 0.218333 0.63 1.04633
  2.79167 971.583 0.238333 0.218333 0.636667 0.950927
  2.80556 971.981 0.24 0.218333 0.641667 1.07408
  2.81944 974.1 0.243056 0.218667 0.646889 0.897486
  2.83333 972.799 0.243795 0.21753 0.650984 0.765331
  2.84722 969.987 0.246667 0.216111 0.656111 0.939206
  2.86111 970.879 0.25 0.212778 0.660556 0.915881
  2.86639 970.879 0.249828 0.213103 0.663506 0.902749
  2.875 972.249 0.251354 0.210365 0.66599 0.92602
  2.88889 973.323 0.253333 0.206667 0.67 0.923584
  2.90278 968.541 0.256667 0.206667 0.673333 0.802103
  2.91667 980.751 0.257982 0.20693 0.678333 0.956957
  End: C 2.91833
Bub 17432 0.00445501
  Start: M 2.74611 15692 16951
  2.75 744.814 0.356667 0.263333 0.728333 0.91218
  2.76389 754.368 0.358913 0.262101 0.729565 0.870138
  2.77778 761.15 0.362468 0.259806 0.727171 0.889683
  2.79167 765.696 0.363699 0.259228 0.728984 0.906174
  2.80556 744.145 0.365395 0.258644 0.733503 0.938835
  2.81944 744.122 0.366289 0.259245 0.736006 0.916782
  2.83333 748.877 0.367703 0.259987 0.739803 0.889778
  2.84722 747.805 0.36929 0.260301 0.741475 0.911643
  2.86111 754.572 0.367692 0.260667 0.743179 0.904998
  2.86639 754.572 0.368189 0.260132 0.744448 0.938228
  2.875 757.666 0.366701 0.259552 0.74569 0.918121
  2.88889 755.617 0.363898 0.258441 0.747097 0.904991
  2.90278 750.237 0.360879 0.259636 0.747697 0.888422
  2.91667 745.848 0.358496 0.261016 0.747195 0.929035
  2.93056 754.771 0.359226 0.261339 0.749137 0.973139
  2.94444 785.529 0.357762 0.259286 0.748429 0.913659
  2.95833 772.132 0.359141 0.259545 0.751768 0.902866
  2.97222 747.993 0.360791 0.261243 0.753955 0.900771
  2.98611 754.099 0.362236 0.261724 0.754231 0.905675
  3 744.49 0.365912 0.261541 0.756761 0.898315
  3.01389 744.33 0.368725 0.262059 0.756275 0.874999
  End: C 3.02472
Bub 17550 0.00367754
  Start: N 2.75194
  2.76389 903.166 0.187 0.111667 0.340333 0.999747
  2.77778 902.406 0.186132 0.112673 0.343365 0.993108
  2.79167 903.741 0.186667 0.111667 0.343333 0.998286
  2.80556 907.83 0.185 0.111667 0.347222 0.98088
  2.81944 899.942 0.18307 0.110263 0.352719 0.908658
  2.83333 903.383 0.182083 0.110521 0.356042 0.968436
  2.84722 902.494 0.182843 0.109706 0.359706 0.944255
  2.86111 903.263 0.183557 0.111368 0.363259 1.06174
  2.86639 903.263 0.183 0.110333 0.365 1.00142
  2.875 902.957 0.183667 0.111571 0.366524 0.920641
  2.88889 906.516 0.183259 0.111517 0.370224 0.944229
  2.90278 907.233 0.185 0.113772 0.373772 1.04406
  2.91667 900.505 0.186667 0.113889 0.373889 0.977339
  2.93056 904.372 0.188333 0.116333 0.373667 0.976396
  End: C 2.94111
Bub 17576 0.00476681
  Start: S 2.75333 17356 17357
  2.76389 706.336 0.0967687 0.374116 0.697007 0.889625
  2.77778 713.389 0.0960196 0.373078 0.695627 0.904014
  2.79167 697.849 0.0941304 0.366449 0.697899 0.92675
  2.80556 698.291 0.0941304 0.366449 0.697899 0.912493
  2.81944 695.645 0.093 0.363 0.695 0.894158
  2.83333 697.268 0.0918254 0.359603 0.693889 0.899282
  2.84722 699.724 0.0917692 0.356179 0.693564 0.897857
  2.86111 695.117 0.0934722 0.354444 0.693611 0.910539
  2.86639 695.117 0.0935965 0.354649 0.695 0.903497
  2.875 699.333 0.0907143 0.350714 0.693571 1.00472
  2.88889 698.72 0.0904545 0.350606 0.693788 0.931896
  2.90278 694.287 0.0866667 0.346333 0.693667 1.00657
  2.91667 696.597 0.0833333 0.343333 0.691667 0.894978
  2.93056 714.095 0.0816667 0.341667 0.690507 0.924103
  2.94444 712.305 0.0807576 0.339545 0.689394 0.91555
  End: M 2.95778 19994
Bub 17832 0.00310175
  Start: S 2.76778 17756 17757 17759
  2.77778 1064.45 0.138333 0.221667 0.605 0.908748
  2.79167 1065.38 0.133079 0.219915 0.606921 0.920258
  2.80556 1080.42 0.131667 0.214804 0.610294 0.960465
  2.81944 1070.85 0.133397 0.215633 0.615084 0.950796
  2.83333 1071.43 0.132857 0.218333 0.622738 0.868306
  2.84722 1072.82 0.130641 0.214359 0.632564 0.986053
  2.86111 1072.94 0.131554 0.209972 0.640028 0.907761
  2.86639 1072.94 0.129894 0.209894 0.641667 0.89009
  2.875 1070.39 0.130333 0.208333 0.647 1.06518
  2.88889 1065.42 0.13 0.203889 0.652778 0.918913
  2.90278 1075.44 0.133439 0.200105 0.659684 0.912823
  2.91667 1080.93 0.132246 0.195 0.665 0.979625
  2.93056 1080.86 0.135458 0.192417 0.669125 0.945363
  2.94444 1066.71 0.14003 0.18997 0.676758 0.934314
  2.95833 1080.56 0.143039 0.188137 0.685 0.887296
  2.97222 1074.49 0.150245 0.180882 0.688775 0.851352
  End: C 2.97333
Bub 17921 0.0050997
  Start: S 2.77333 17732
  2.77778 650.492 0.293444 0.124444 0.702 0.935992
  2.79167 650.942 0.292809 0.127685 0.705309 0.932363
  2.80556 649.291 0.292352 0.131199 0.711729 0.901432
  2.81944 649.269 0.292262 0.133423 0.717649 0.917725
  2.83333 650.635 0.292742 0.135995 0.723952 0.892491
  2.84722 655.279 0.293711 0.13695 0.73 0.941908
  2.86111 652.888 0.29452 0.137187 0.735667 0.876767
  2.86639 652.888 0.293838 0.139098 0.737263 0.959616
  2.875 653.096 0.294599 0.139414 0.739815 0.921582
  2.88889 659.426 0.293838 0.140015 0.744511 0.915047
  2.90278 653.736 0.295198 0.13896 0.749653 0.931696
  2.91667 656.675 0.298173 0.137987 0.753293 0.887077
  2.93056 654.127 0.299944 0.136111 0.756583 0.941056
  2.94444 651.916 0.304081 0.13647 0.758832 0.910406
  End: M 2.94833 19857
Bub 18010 0.00428127
  Start: S 2.78222 17880
  2.79167 775.436 0.200211 0.26561 0.706455 0.931884
  2.80556 776.365 0.202879 0.26303 0.715076 1.01001
  2.81944 775.52 0.203039 0.264216 0.722892 0.909462
  2.83333 776.696 0.202244 0.2618 0.730156 0.879346
  2.84722 780.52 0.201667 0.261667 0.740556 0.909575
  2.86111 780.86 0.199091 0.261667 0.74803 0.871065
  2.86639 780.86 0.198446 0.261667 0.750085 0.900993
  End: C 2.86889
Bub 18245 0.00548125
  Start: S 2.80278 17777 17948 18027
  2.80556 616.951 0.231644 0.155671 0.633098 0.923091
  2.81944 627.324 0.234882 0.156677 0.636085 0.912345
  2.83333 623.162 0.238136 0.158465 0.639956 0.896271
  2.84722 615.813 0.241667 0.161154 0.646111 0.966316
  2.86111 624.903 0.244559 0.162598 0.651961 0.923264
  2.86639 624.903 0.242615 0.161667 0.654725 0.99957
  2.875 624.964 0.244048 0.161871 0.65915 0.897031
  2.88889 617.103 0.243409 0.161387 0.663882 0.911139
  2.90278 620.155 0.243734 0.16019 0.670865 0.920311
  2.91667 612.26 0.242361 0.159167 0.676361 1.09815
  2.93056 613.563 0.243109 0.159204 0.679801 0.933235
  2.94444 632.874 0.241626 0.158657 0.685141 0.913328
  End: S 2.95194 19989 19990
Bub 18249 0.00478297
  Start: S 2.80306 16380
  2.80556 704.49 0.0435859 0.0437879 0.60298 1.00239
  2.81944 704.129 0.0435792 0.0421038 0.602541 0.942143
  2.83333 693.915 0.0402292 0.03925 0.599729 0.783856
  2.84722 701.268 0.0422894 0.0390659 0.597637 1.01576
  2.86111 707.864 0.0422182 0.0378537 0.596871 0.940053
  2.86639 707.864 0.0421681 0.0350885 0.595796 0.951172
  2.875 730.876 0.0425926 0.0350926 0.595185 0.958286
  2.88889 715.73 0.0426491 0.0354211 0.59314 1.14192
  2.90278 716.896 0.0428249 0.0340678 0.590678 0.951192
  2.91667 707.493 0.04428 0.0312667 0.585507 0.938735
  2.93056 713.367 0.0449138 0.0306322 0.582902 0.993407
  End: M 2.93444 19720
Bub 18347 0.00664935
  Start: M 2.80944 18274
  2.81944 506.741 0.0281078 0.334762 0.692556 0.996106
  2.83333 502.954 0.0286154 0.337256 0.693692 0.914132
  2.84722 501.989 0.0263356 0.337317 0.693733 0.907216
  2.86111 505.977 0.0254127 0.338926 0.693053 0.928091
  2.86639 505.977 0.0246 0.338767 0.692967 0.926864
  End: M 2.86861 19063
Bub 18380 0.00341392
  Start: N 2.81167
  2.81944 972.587 0.0116667 0.281667 0.75 0.955064
  2.83333 973.168 0.013227 0.285 0.750035 0.872016
  2.84722 972.078 0.0131019 0.286389 0.748519 0.826079
  2.86111 969.799 0.0139474 0.28693 0.746404 0.948835
  2.86639 969.799 0.015 0.286667 0.746667 0.910891
  2.875 972.082 0.0149111 0.289889 0.743311 0.740287
  2.88889 986.899 0.015 0.295 0.738333 0.955773
  2.90278 973.043 0.015 0.297 0.733 0.940386
  2.91667 982.435 0.015 0.300556 0.727778 0.917725
  2.93056 982.492 0.015 0.303889 0.721111 0.937605
  2.94444 980.708 0.015 0.30693 0.714649 0.900957
  2.95833 973.483 0.0159524 0.30881 0.707381 0.931463
  End: C 2.96917
Bub 18444 0.0052106
  Start: M 2.81694 16612
  2.81944 657.809 0.0639844 0.373073 0.621589 0.886684
  2.83333 637.236 0.0682174 0.37442 0.623406 0.971472
  2.84722 638.091 0.0723156 0.374882 0.62385 0.960194
  2.86111 645.251 0.07625 0.375333 0.622583 0.930043
  2.86639 645.251 0.0785088 0.376228 0.622368 0.968414
  2.875 657.033 0.0814035 0.376404 0.620877 0.94379
  2.88889 656.62 0.0868043 0.375979 0.617966 0.957827
  2.90278 663.143 0.0906693 0.375341 0.615787 0.937524
  2.91667 656.132 0.0958908 0.37523 0.614253 0.925354
  2.93056 659.822 0.09964 0.373533 0.611453 0.94673
  2.94444 667.295 0.104415 0.372455 0.608486 0.95908
  End: M 2.95389 19935
Bub 18480 0.00367754
  Start: N 2.82056
  2.83333 903.779 0.126333 0.231667 0.453 1.0248
  2.84722 901.279 0.126964 0.226964 0.457381 0.894818
  2.86111 904.653 0.123369 0.223227 0.461738 0.968279
  2.86639 904.653 0.123121 0.222697 0.463545 0.929339
  2.875 903.209 0.122246 0.220507 0.466159 0.819139
  2.88889 902.939 0.119691 0.218086 0.46784 0.945826
  2.90278 915.539 0.118333 0.215 0.471667 1.04219
  End: C 2.90556
Bub 18553 0.00341392
  Start: N 2.82639
  2.83333 973.895 0.0616667 0.268333 0.746667 0.869912
  2.84722 967.562 0.0583333 0.271667 0.745 0.918736
  2.86111 973.878 0.055 0.275 0.743333 0.938768
  2.86639 973.878 0.0516667 0.278333 0.743333 0.964633
  2.875 970.199 0.0497458 0.279746 0.743418 0.868363
  2.88889 974.92 0.0466667 0.285 0.741667 0.926505
  2.90278 972.647 0.043 0.288333 0.740333 0.913799
  End: C 2.90361
Bub 18607 0.00417831
  Start: S 2.83056 17821 17978 18034 18042 18078 18276
  2.83333 794.595 0.141515 0.140758 0.479545 0.953412
  2.84722 799.331 0.139638 0.139058 0.488188 0.94362
  2.86111 794.966 0.138939 0.139892 0.498247 0.893867
  2.86639 794.966 0.139722 0.140278 0.501667 0.973773
  End: M 2.87 19078
Bub 18677 0.00514185
  Start: M 2.83556 18408
  2.84722 674.4 0.135325 0.171504 0.452886 1.0096
  2.86111 674.858 0.13659 0.170308 0.459538 1.04621
  2.86639 674.858 0.137077 0.172536 0.462005 0.972382
  End: M 2.86917 19015
Bub 18749 0.00434074
  Start: S 2.84167 18625 18642
  2.84722 783.159 0.234099 0.273604 0.718108 0.89062
  2.86111 769.842 0.238063 0.270676 0.722207 0.918356
  2.86639 769.842 0.24 0.270435 0.721848 0.893795
  2.875 781.335 0.241267 0.271667 0.726733 0.924411
  2.88889 764.958 0.241702 0.275351 0.734614 0.89906
  2.90278 763.232 0.245639 0.283128 0.739795 1.00763
  2.91667 765.511 0.248614 0.289699 0.741988 0.924906
  End: M 2.91889 19590
Bub 18750 0.00709395
  Start: S 2.84167 18625 18642
  2.84722 472.798 0.255877 0.296558 0.723927 0.904549
  2.86111 475.653 0.26041 0.298396 0.729361 0.915702
  2.86639 475.653 0.261742 0.298465 0.730474 0.907697
  End: M 2.87083 19067
Bub 18838 0.00402503
  Start: S 2.85167 17821 17978 18034 18042 18078 18276 18606
  2.86111 822.34 0.186751 0.153588 0.536412 0.844939
  2.86639 822.34 0.185333 0.156167 0.537333 0.921095
  2.875 826.425 0.181806 0.156806 0.543611 0.861745
  End: M 2.88056 19196
Bub 18866 0.00853735
  Start: S 2.85444 17821 17978 18034 18042 18078 18276 18606
  2.86111 405.915 0.152922 0.153526 0.537108 0.93888
  2.86639 405.915 0.152264 0.152941 0.540108 0.936092
  End: M 2.87 19078
Bub 18874 0.0064519
  Start: M 2.85472 18733
  2.86111 533.689 0.373052 0.0402538 0.651461 0.916553
  2.86639 533.689 0.373563 0.0397259 0.649815 0.942146
  End: M 2.87417 19077
Bub 18881 0.008701
  Start: M 2.855 18746
  2.86111 393.451 0.183138 0.16448 0.660218 0.930963
  2.86639 393.451 0.183864 0.163707 0.663056 0.926296
  2.875 394.622 0.184817 0.161766 0.66814 0.921335
  2.88889 396.253 0.186566 0.158888 0.676017 0.922165
  End: M 2.89972 19317
Bub 18890 0.00526435
  Start: S 2.85611 17981
  2.86111 655.356 0.225152 0.273561 0.66553 0.969981
  2.86639 655.356 0.229242 0.273667 0.668848 0.971242
  2.875 646.119 0.23164 0.274816 0.672743 0.915912
  2.88889 656.852 0.234021 0.274541 0.6787 0.905686
  2.90278 641.168 0.241187 0.276393 0.679566 0.871535
  2.91667 646.979 0.245863 0.27771 0.680779 0.924594
  2.93056 663.285 0.251415 0.278899 0.680818 0.957745
  2.94444 669.026 0.256349 0.281508 0.682063 0.937793
  2.95833 683.897 0.26114 0.282456 0.682719 0.988343
  End: S 2.96111 20036 20035
Bub 18891 0.0089928
  Start: S 2.85611 18761 18770
  2.86111 378.857 0.185066 0.134225 0.690719 0.926325
  2.86639 378.857 0.183621 0.132869 0.692273 0.922288
  2.875 381.758 0.181043 0.131428 0.694711 0.91939
  2.88889 383.823 0.178185 0.129311 0.697966 0.922453
  End: M 2.89972 19317
Bub 18892 0.00411402
  Start: S 2.85611 18761 18770
  2.86111 830.289 0.219286 0.149762 0.685952 0.923396
  2.86639 830.289 0.217167 0.147167 0.6875 1.05573
  2.875 818.54 0.219872 0.146282 0.690256 0.936302
  2.88889 815.966 0.219762 0.142976 0.69381 1.00686
  2.90278 826.141 0.218333 0.139286 0.697381 0.924603
  2.91667 806.505 0.218333 0.133333 0.696667 0.863454
  2.93056 808.266 0.218258 0.129869 0.696685 0.913467
  2.94444 815.942 0.217533 0.127267 0.697267 0.922305
  2.95833 806.779 0.216733 0.123622 0.698022 0.838506
  2.97222 815.239 0.216917 0.122958 0.701083 0.911088
  2.98611 806.23 0.215741 0.120679 0.70537 0.869441
  3 807.399 0.214437 0.120634 0.70669 0.914925
  End: M 3.00778 20840
Bub 18905 0.00310175
  Start: N 2.85694
  2.86111 1064.75 0.0583333 0.358333 0.628333 0.894305
  2.86639 1064.75 0.06 0.358333 0.626667 0.931421
  End: C 2.87083
Bub 18936 0.00367754
  Start: N 2.86028
  2.86111 901.379 0.013 0.111667 0.770333 0.958901
  2.86639 901.379 0.0116667 0.111667 0.77 0.914062
  End: M 2.87083 19040
Bub 18943 0.0200741
  Start: M 2.86083 17821 17978 18034 18042 18078 18276 18606
  2.86111 176.358 0.183613 0.207925 0.604162 0.93108
  2.86639 176.358 0.184074 0.209295 0.611287 0.928933
  End: S 2.87028 19075 19074
Bub 18957 0.0053039
  Start: N 2.86278
  2.86639 619.024 0.177198 0.261025 0.773741 0.724173
  End: C 2.86972
Bub 18966 0.00802155
  Start: M 2.86333 18889
  2.86639 448.64 0.193737 0.262102 0.657891 0.945109
  2.875 448.64 0.194449 0.262972 0.662874 0.892389
  End: M 2.87556 19221
Bub 18971 0.00341392
  Start: N 2.86389
  2.86639 969.772 0.151667 0.373333 0.755 0.900898
  2.875 969.772 0.153571 0.377024 0.753571 0.841309
  2.88889 974.439 0.153333 0.381667 0.753333 1.00869
  End: C 2.9025
Bub 18975 0.0063803
  Start: M 2.86444 18904
  2.86639 514.591 0.171823 0.025 0.670518 0.937639
  End: S 2.8675 18995 18994
Bub 18976 0.00959805
  Start: S 2.86472 18923
  2.86639 342.074 0.241913 0.199383 0.471521 0.931621
  End: M 2.86667 19080
Bub 18977 0.00766215
  Start: S 2.86472 18923
  2.86639 428.502 0.210987 0.145655 0.473141 0.945082
  End: M 2.86667 19080
Bub 18981 0.00310175
  Start: S 2.865 18944
  2.86639 1058.51 0.135 0.228333 0.491667 1.15189
  End: M 2.86667 19080
Bub 18986 0.00424068
  Start: N 2.86556
  2.86639 774.226 0.0145652 0.126884 0.780797 0.909898
  End: M 2.87083 19040
Bub 18989 0.0117185
  Start: M 2.86639 18944
  2.86639 280.175 0.15997 0.206646 0.511239 0.948035
  End: M 2.86667 19080
Bub 19015 0.00492373
  Start: M 2.86944 18677
  2.875 736.672 0.138889 0.169167 0.467222 1.04529
  2.88889 694.449 0.142095 0.164664 0.477446 0.974966
  2.90278 680.538 0.139688 0.163125 0.494375 0.987426
  2.91667 676.821 0.137328 0.163042 0.506799 0.971261
  2.93056 683.838 0.132766 0.162695 0.516489 0.961962
  2.94444 736.153 0.130057 0.163879 0.523621 0.898255
  End: S 2.945 19860 19859
Bub 19017 0.00413567
  Start: N 2.86944
  2.875 799.726 0.196667 0.266667 0.753333 0.947737
  2.88889 808.128 0.193018 0.272748 0.757162 0.885981
  2.90278 807.426 0.191667 0.278333 0.76 0.948568
  End: C 2.91167
Bub 19036 0.00390797
  Start: N 2.87111
  2.875 853.553 0.137222 0.225 0.495 1.04966
  2.88889 855.774 0.141429 0.221667 0.500238 0.928969
  2.90278 857.78 0.143333 0.218333 0.505 0.970303
  End: C 2.905
Bub 19040 0.00411402
  Start: S 2.87139 18936 18986
  2.875 807.931 0.012619 0.127381 0.782143 0.91559
  End: C 2.88278
Bub 19043 0.00310175
  Start: N 2.87139
  2.875 1064.54 0.0616667 0.358333 0.625 0.887535
  2.88889 1069.7 0.067 0.359667 0.621667 1.12075
  2.90278 1065.43 0.070082 0.359918 0.620027 0.903933
  2.91667 1070.27 0.0737121 0.359545 0.618258 0.924782
  2.93056 1068.35 0.0797059 0.358676 0.616667 0.937892
  2.94444 1064.79 0.0816667 0.355 0.615 0.933725
  2.95833 1072.01 0.0866667 0.355 0.613333 0.922387
  2.97222 1071.91 0.0907143 0.353095 0.612143 0.95218
  End: C 2.98361
Bub 19053 0.00434074
  Start: N 2.87222
  2.875 868.295 0.00959459 0.11 0.768649 0.918294
  End: C 2.87694
Bub 19062 0.00468432
  Start: S 2.87333 14788 18347
  2.875 704.66 0.0347849 0.33543 0.668011 0.894777
  End: M 2.87694 19116
Bub 19063 0.0067961
  Start: S 2.87333 14788 18347
  2.875 499.162 0.0237089 0.33885 0.693063 0.903316
  End: M 2.87694 19116
Bub 19065 0.0041571
  Start: N 2.87361
  2.875 797.776 0.0195641 0.127513 0.658641 0.658927
  2.88889 804.174 0.0183333 0.125303 0.658636 0.888612
  End: M 2.9025 19335
Bub 19067 0.00404765
  Start: N 2.87389
  2.875 821.998 0.175 0.376167 0.757167 1.22761
  End: C 2.87583
Bub 19068 0.00383421
  Start: N 2.87389
  2.875 861.991 0.00813725 0.227157 0.782059 0.888079
  2.88889 867.898 0.0077381 0.230357 0.784048 0.916553
  2.90278 867.898 0.00666667 0.232619 0.784048 0.917453
  End: C 2.91056
Bub 19069 0.00719495
  Start: S 2.87389 18976 18977 18981 18989
  2.875 488.441 0.211983 0.145198 0.476068 0.931789
  End: C 2.87833
Bub 19074 0.00823345
  Start: S 2.87417 18943
  2.875 442.74 0.1923 0.178142 0.575878 0.936158
  2.88889 428.416 0.19127 0.178333 0.586649 0.924376
  2.90278 426.85 0.190966 0.178636 0.596016 0.930082
  2.91667 424.724 0.188526 0.177869 0.605518 0.951103
  2.93056 425.62 0.185217 0.1751 0.614496 0.921057
  2.94444 436.285 0.183147 0.172944 0.62364 0.935461
  End: M 2.95639 19997
Bub 19075 0.0194107
  Start: S 2.87417 18943
  2.875 179.704 0.183913 0.213796 0.626276 0.931964
  End: M 2.88472 19221
Bub 19077 0.0062698
  Start: M 2.87444 18874
  2.875 553.413 0.373685 0.0382885 0.648543 0.935755
  End: M 2.88417 19169
Bub 19078 0.00898365
  Start: M 2.87472 18607 18866
  2.875 410.809 0.149507 0.151961 0.541794 0.937082
  End: M 2.88056 19196
Bub 19079 0.0095336
  Start: S 2.875 18976 18977 18981 18989
  2.875 405.591 0.241012 0.203431 0.476828 0.943275
  End: M 2.87528 19220
Bub 19080 0.0116212
  Start: S 2.875 18976 18977 18981 18989
  2.875 327.241 0.161073 0.20734 0.516246 0.943275
  End: M 2.87528 19220
Bub 19115 0.0044735
  Start: S 2.87917 19062 19063
  2.88889 741.576 0.0340123 0.332284 0.667099 0.907523
  End: M 2.89222 19328
Bub 19116 0.0069444
  Start: S 2.87917 19062 19063
  2.88889 491.609 0.0227558 0.339851 0.691975 0.925606
  End: M 2.89222 19328
Bub 19127 0.00741585
  Start: S 2.88111 19079 19080
  2.88889 474.397 0.216319 0.145018 0.481134 0.9407
  End: M 2.89417 19310
Bub 19169 0.00599555
  Start: S 2.88417 19077
  2.88889 562.348 0.373803 0.0346239 0.648556 0.96951
  2.90278 566.742 0.374196 0.0334077 0.645372 0.925807
  2.91667 571.369 0.375635 0.0321429 0.640952 0.931501
  2.93056 575.051 0.375403 0.0330155 0.639419 0.925732
  2.94444 584.381 0.376026 0.031906 0.635496 0.935789
  2.95833 591.222 0.376619 0.0308962 0.632406 0.925155
  End: S 2.95972 20148 20147
Bub 19174 0.00397903
  Start: S 2.885 18838 19078
  2.88889 839.639 0.141316 0.141667 0.516404 0.897061
  End: M 2.88917 19231
Bub 19196 0.00866185
  Start: S 2.88722 18838 19078
  2.88889 406.657 0.148679 0.155023 0.559042 0.947961
  End: M 2.88917 19231
Bub 19197 0.00424068
  Start: S 2.88722 18838 19078
  2.88889 792.332 0.179831 0.159928 0.550749 0.943682
  End: C 2.88944
Bub 19220 0.0135941
  Start: M 2.88889 19079 19080
  2.88889 309.34 0.189963 0.208201 0.509553 0.938621
  End: M 2.89 19310
Bub 19221 0.0199924
  Start: M 2.88889 18966 19075
  2.88889 178.919 0.184746 0.219269 0.645756 0.928588
  End: S 2.89111 19257 19336
Bub 19230 0.0042201
  Start: S 2.89028 19174 19196
  2.90278 784.649 0.143235 0.144804 0.52652 0.907712
  End: M 2.90667 19449
Bub 19231 0.0087686
  Start: S 2.89028 19174 19196
  2.90278 403.737 0.14659 0.155842 0.56876 0.93564
  End: M 2.90667 19449
Bub 19233 0.00341392
  Start: N 2.89028
  2.90278 974.234 0.291667 0.301667 0.733333 0.924742
  2.91667 967.407 0.295 0.301667 0.735 0.919129
  2.93056 973.623 0.301667 0.303333 0.738333 0.840253
  2.94444 973.538 0.305095 0.301571 0.739857 0.908829
  End: C 2.95722
Bub 19257 0.019395
  Start: S 2.89361 19221
  2.90278 178.423 0.18885 0.223159 0.66768 0.925014
  End: M 2.91028 19488
Bub 19262 0.00417831
  Start: N 2.89361
  2.90278 792.997 0.179545 0.158636 0.554091 0.903546
  2.91667 794.048 0.173 0.158333 0.560333 0.977066
  End: M 2.92333 19616
Bub 19310 0.0143149
  Start: M 2.90028 19127 19220
  2.90278 298.821 0.195723 0.200956 0.511691 0.944456
  End: M 2.90639 19386
Bub 19317 0.0113331
  Start: M 2.90083 18881 18891
  2.90278 305.349 0.181834 0.141436 0.69211 0.928475
  End: M 2.90389 19429
Bub 19322 0.00353595
  Start: S 2.90111 19221
  2.90278 938.453 0.131583 0.196917 0.61675 1.10763
  End: M 2.91444 19487
Bub 19328 0.00771205
  Start: M 2.90139 19115 19116
  2.90278 465.375 0.0243092 0.338341 0.686028 0.910317
  End: S 2.90389 19480 19479
Bub 19329 0.0229529
  Start: M 2.90167 13488
  2.90278 155.501 0.194897 0.20401 0.29803 0.98062
  End: M 2.90361 19461
Bub 19335 0.0051696
  Start: M 2.9025 13142 19065
  2.90278 705.223 0.0295333 0.122013 0.647853 0.929644
  End: M 2.90361 19403
Bub 19336 0.0072724
  Start: S 2.90278 19221
  2.90278 474.226 0.164866 0.207136 0.60773 0.992637
  End: M 2.90306 19487
Bub 19337 0.00380898
  Start: S 2.90278 19221
  2.90278 870.343 0.138267 0.233733 0.6104 0.992637
  End: M 2.90306 19487
Bub 19338 0.00310175
  Start: S 2.90278 19221
  2.90278 1065.73 0.141667 0.228333 0.635 0.992637
  End: C 2.90361
Bub 19356 0.00454596
  Start: N 2.90417
  2.91667 743.47 0.270647 0.300412 0.733275 0.90739
  2.93056 733.746 0.270667 0.302833 0.735333 0.975788
  2.94444 728.568 0.273333 0.303889 0.732778 0.979122
  2.95833 735.834 0.273596 0.305351 0.731667 0.942274
  2.97222 735.061 0.275351 0.309737 0.731667 0.902276
  2.98611 734.188 0.275351 0.31307 0.731667 0.918253
  End: C 2.99806
Bub 19372 0.00341392
  Start: N 2.905
  2.91667 974.887 0.241667 0.0166667 0.755 0.918735
  End: M 2.92194 19590
Bub 19376 0.00419931
  Start: N 2.90556
  2.91667 788.867 0.151468 0.216393 0.506095 0.869453
  2.93056 789.535 0.156944 0.208889 0.506806 0.990231
  2.94444 801.21 0.161667 0.201667 0.515 0.890324
  2.95833 798.536 0.164649 0.198333 0.52307 0.931578
  2.97222 791.822 0.16656 0.196631 0.531738 0.933652
  2.98611 789.62 0.168333 0.203667 0.543667 1.01514
  End: M 2.99083 20590
Bub 19383 0.00390797
  Start: N 2.90611
  2.91667 853.263 0.121667 0.218333 0.477222 0.979896
  End: C 2.92083
Bub 19386 0.0142535
  Start: M 2.90667 19310
  2.91667 300.128 0.194467 0.203197 0.518738 0.939591
  2.93056 297.648 0.192625 0.205029 0.526625 0.933709
  End: S 2.94139 19782 19781
Bub 19403 0.00437949
  Start: M 2.90778 19335
  2.91667 755.945 0.0235965 0.114649 0.656667 0.94623
  End: M 2.92778 19631
Bub 19429 0.0112522
  Start: M 2.91028 19317
  2.91667 312.652 0.18236 0.139037 0.696911 0.918881
  2.93056 326.407 0.182421 0.1354 0.701404 0.925212
  2.94444 323.102 0.184365 0.132376 0.706165 0.914103
  2.95833 332.057 0.184858 0.127582 0.71231 0.906285
  2.97222 328.679 0.186911 0.124557 0.715774 0.905862
  End: M 2.98 20367
Bub 19443 0.00395562
  Start: N 2.91194
  2.91667 845.269 0.192143 0.28506 0.760238 0.946138
  End: M 2.91778 19590
Bub 19448 0.00397903
  Start: S 2.91278 19230 19231
  2.91667 839.653 0.14307 0.148684 0.535 0.963093
  End: M 2.92722 19616
Bub 19449 0.00877335
  Start: S 2.91278 19230 19231
  2.91667 403.276 0.145715 0.1571 0.580805 0.93623
  End: M 2.92333 19616
Bub 19457 0.00475054
  Start: N 2.91389
  2.91667 702.203 0.283282 0.023488 0.755378 0.810221
  End: C 2.92306
Bub 19461 0.0230345
  Start: M 2.91417 19329
  2.91667 155.562 0.194141 0.204437 0.30434 0.9828
  End: M 2.92222 19577
Bub 19465 0.00501325
  Start: M 2.91444 14006 15278
  2.91667 744.29 0.0755263 0.0342982 0.607193 0.933777
  End: M 2.91806 19608
Bub 19479 0.00310175
  Start: S 2.91611 19328
  2.91667 1065.07 0.035 0.328333 0.665 0.931356
  End: C 2.91861
Bub 19480 0.00729325
  Start: S 2.91611 19328
  2.91667 464.657 0.0218091 0.340043 0.688542 0.932248
  End: M 2.92306 19633
Bub 19487 0.00763695
  Start: M 2.91639 19322 19336 19337
  2.91667 463.392 0.156067 0.205141 0.620227 0.957249
  End: M 2.91694 19627
Bub 19488 0.0195225
  Start: M 2.91639 19257
  2.91667 178.683 0.189843 0.227007 0.682502 0.923005
  End: S 2.9175 20202 20180
Bub 19572 0.00367754
  Start: S 2.92444 19488
  2.93056 903.506 0.177 0.228333 0.653 0.889092
  2.94444 902.93 0.177917 0.229583 0.665 1.03269
  2.95833 899.168 0.176488 0.230536 0.676845 1.03231
  End: M 2.96806 20202
Bub 19577 0.0229885
  Start: M 2.92444 19461
  2.93056 156.504 0.19365 0.204513 0.310133 0.98306
  2.94444 156.749 0.193263 0.204818 0.317293 0.988493
  End: M 2.94667 19916
Bub 19588 0.00310175
  Start: N 2.92528
  2.93056 1065.25 0.065 0.245 0.761667 0.904451
  End: C 2.93167
Bub 19590 0.00463341
  Start: N 2.92556
  2.93056 715.376 0.251667 0.296778 0.744926 0.903758
  End: M 2.93194 19773
Bub 19594 0.00409214
  Start: S 2.92583 19262 19449
  2.93056 808.321 0.166667 0.16 0.566828 0.876651
  End: M 2.93111 19726
Bub 19608 0.0053429
  Start: M 2.92722 19465
  2.93056 620.698 0.0787681 0.0363043 0.603406 0.928551
  End: S 2.93194 19650 19649
Bub 19615 0.00452806
  Start: S 2.92833 19262 19448 19449
  2.93056 738.928 0.140119 0.153929 0.543452 0.981865
  2.94444 738.885 0.136581 0.160598 0.553974 0.915827
  2.95833 746.398 0.13495 0.163756 0.563706 0.967089
  End: M 2.96056 20374
Bub 19616 0.00880675
  Start: S 2.92833 19262 19448 19449
  2.93056 400.464 0.144035 0.156257 0.58733 0.932861
  End: M 2.93111 19726
Bub 19626 0.00395562
  Start: N 2.92889
  2.93056 836.119 0.196488 0.230536 0.640179 0.785056
  End: C 2.93333
Bub 19627 0.0079464
  Start: M 2.92917 19487
  2.93056 444.72 0.158355 0.205565 0.627959 0.905883
  End: S 2.93083 19680 19681
Bub 19633 0.0069596
  Start: M 2.92972 19480
  2.93056 483.432 0.0219836 0.339153 0.686705 0.92999
  End: M 2.93083 19644
Bub 19635 0.00397903
  Start: N 2.93028
  2.93056 840.455 0.0197368 0.0816667 0.764649 0.933393
  End: M 2.93333 19773
Bub 19649 0.00310175
  Start: S 2.93194 19608
  2.94444 1064.99 0.0683333 0.0316667 0.591667 0.960263
  2.95833 1066.38 0.07 0.0333333 0.586667 0.84411
  End: M 2.96111 20048
Bub 19680 0.00726545
  Start: S 2.935 19627
  2.94444 503.094 0.161484 0.205086 0.636441 0.924733
  End: M 2.94611 19993
Bub 19681 0.0037575
  Start: S 2.935 19627
  2.94444 884.483 0.133333 0.205 0.633333 0.8946
  2.95833 890.697 0.132778 0.205 0.642222 0.942511
  2.97222 907.923 0.128333 0.20693 0.646579 0.929407
  2.98611 887.727 0.126761 0.21173 0.655 0.915763
  End: C 2.99028
Bub 19720 0.00541925
  Start: S 2.93889 10501 18249
  2.94444 622.544 0.0466204 0.0268287 0.57581 0.834808
  2.95833 621.684 0.0482653 0.0261338 0.570782 0.944534
  End: M 2.96111 20048
Bub 19726 0.0088257
  Start: S 2.93917 19594 19616
  2.94444 402.657 0.142647 0.155986 0.595343 0.942041
  End: M 2.94528 19997
Bub 19727 0.00367754
  Start: S 2.93917 19594 19616
  2.94444 903.129 0.163 0.159667 0.575 0.94518
  End: M 2.94528 19997
Bub 19736 0.00341392
  Start: N 2.94
  2.94444 974.981 0.338333 0.0583333 0.75 0.905042
  End: C 2.94667
Bub 19781 0.0076934
  Start: S 2.94444 19386
  2.94444 471.197 0.234879 0.154159 0.500817 0.944179
  End: M 2.94472 19997
Bub 19782 0.013526
  Start: S 2.94444 19386
  2.94444 300.237 0.187345 0.215542 0.53765 0.944179
  End: M 2.94472 19997
Bub 19784 0.00341392
  Start: N 2.94444
  2.94444 974.708 0.055 0.04 0.748333 0.907844
  End: C 2.94472
Bub 19857 0.00390797
  Start: N 2.94917
  2.95833 855.33 0.055 0.24 0.755 0.885791
  2.97222 849.966 0.049697 0.237121 0.751364 0.903498
  2.98611 861.247 0.045 0.238333 0.748333 0.889769
  3 849.919 0.0405072 0.239493 0.74558 0.858454
  End: C 3.00722
Bub 19859 0.0041571
  Start: S 2.94917 19015
  2.95833 797.325 0.126897 0.163564 0.52141 0.935844
  2.97222 803.449 0.129011 0.166469 0.525565 0.921185
  2.98611 816.61 0.128278 0.167722 0.537389 0.88484
  End: C 2.98861
Bub 19860 0.00441757
  Start: S 2.94917 19015
  2.95833 766.614 0.130897 0.166923 0.541154 0.953908
  2.97222 753.783 0.130758 0.165152 0.552879 1.00499
  2.98611 757.649 0.131667 0.165 0.561667 0.937922
  End: M 2.99361 20568
Bub 19916 0.0227198
  Start: S 2.95278 19577
  2.95833 159.971 0.192369 0.204223 0.323625 0.988573
  2.97222 161.014 0.191635 0.205155 0.329887 0.985082
  2.98611 162.666 0.190229 0.206738 0.338062 0.986242
  End: M 2.98861 20410
Bub 19935 0.00545665
  Start: M 2.95417 18444
  2.95833 642.249 0.108129 0.370782 0.605952 0.922521
  End: M 2.96278 20137
Bub 19970 0.00750195
  Start: S 2.95694 19074 19726 19727 19781 19782
  2.95833 497.165 0.237234 0.156038 0.506143 0.951667
  2.97222 500.949 0.240415 0.157439 0.510846 0.949179
  End: M 2.98167 20590
Bub 19979 0.00341392
  Start: N 2.9575
  2.95833 974.311 0.0416667 0.12 0.775 0.900962
  End: C 2.96111
Bub 19989 0.0046505
  Start: S 2.95806 18245
  2.95833 721.171 0.239725 0.167125 0.686941 0.91709
  End: M 2.95861 20081
Bub 19990 0.00367754
  Start: S 2.95806 18245
  2.95833 903.176 0.239667 0.146333 0.695 0.918219
  End: M 2.95861 20081
Bub 19993 0.0073822
  Start: M 2.95806 19680
  2.95833 485.081 0.163407 0.204148 0.645293 0.927551
  End: S 2.95889 20374 20590
Bub 19994 0.00505685
  Start: M 2.95806 17576
  2.95833 674.079 0.0800427 0.33953 0.689359 0.916636
  End: M 2.95944 20085
Bub 19996 0.00310175
  Start: N 2.95833
  2.95833 1064.73 0.311667 0.301667 0.745 0.905537
  End: C 2.95861
Bub 19997 0.0157649
  Start: M 2.95833 19074 19726 19727 19781 19782
  2.95833 274.43 0.176453 0.196369 0.57147 0.936415
  End: M 2.96056 20374
Bub 20019 0.00393194
  Start: N 2.96
  2.97222 850.85 0.196394 0.0269394 0.74803 1.25604
  2.98611 852.843 0.195204 0.0237075 0.747483 0.874601
  3 858.145 0.195833 0.0191667 0.743333 0.899551
  3.01389 871.239 0.196282 0.015 0.742308 0.917048
  End: M 3.01917 20920
Bub 20048 0.00522415
  Start: S 2.96139 19649 19720
  2.97222 651.718 0.0532429 0.0236822 0.565362 0.936961
  2.98611 649.611 0.0550444 0.0227333 0.561622 0.87516
  End: M 2.99167 20469
Bub 20049 0.00367754
  Start: S 2.96139 19649 19720
  2.97222 903.894 0.0696667 0.035 0.583 0.908335
  2.98611 915.611 0.0683333 0.035 0.581667 0.947452
  End: M 2.99167 20469
Bub 20137 0.00507125
  Start: M 2.9675 19935
  2.97222 658.575 0.113305 0.368305 0.602825 0.924537
  End: S 2.9725 20363 20362
Bub 20147 0.00310175
  Start: S 2.96833 19169
  2.97222 1065.04 0.385 0.0183333 0.611667 0.922135
  End: M 2.97361 20252
Bub 20148 0.0053039
  Start: S 2.96833 19169
  2.97222 628.267 0.37463 0.0351481 0.63384 0.928099
  End: M 2.97361 20252
Bub 20180 0.00413567
  Start: S 2.97083 19488 19572
  2.97222 803.184 0.151667 0.23 0.696354 1.00002
  End: C 2.97361
Bub 20202 0.0201733
  Start: M 2.97167 19488 19572
  2.97222 180.616 0.196581 0.239787 0.720264 0.907416
  End: S 2.97278 20480 20271
Bub 20206 0.00458134
  Start: N 2.97194
  2.97222 732.991 0.052931 0.0284483 0.758908 0.817684
  End: C 2.9725
Bub 20207 0.0090651
  Start: M 2.97194 19615 19993 19997
  2.97222 425.488 0.218704 0.231691 0.529189 0.97623
  End: S 2.97611 20590 20372
Bub 20210 0.0043602
  Start: S 2.97222 19615 19993 19997
  2.97222 761.104 0.1534 0.160333 0.5814 0.921088
  2.98611 759.416 0.149286 0.159702 0.583095 0.973295
  End: M 2.99361 20568
Bub 20211 0.0058051
  Start: S 2.97222 19615 19993 19997
  2.97222 578.568 0.150819 0.205678 0.650141 0.921088
  End: M 2.9725 20374
Bub 20212 0.00489314
  Start: M 2.97222 16011
  2.97222 711.854 0.317327 0.078522 0.739057 0.986974
  End: M 2.97333 20371
Bub 20241 0.00437949
  Start: N 2.97389
  2.98611 759.368 0.153465 0.181623 0.695132 0.877315
  3 754.632 0.156667 0.180333 0.703667 0.88961
  End: C 3.01056
Bub 20307 0.00359392
  Start: N 2.98028
  2.98611 926.645 0.305 0.0266667 0.733333 0.958618
  End: C 2.98861
Bub 20313 0.0043602
  Start: N 2.98056
  2.98611 762.708 0.311533 0.0167333 0.715267 0.914296
  End: M 2.98778 20570
Bub 20314 0.00445501
  Start: N 2.98056
  2.98611 746.305 0.32 0.0327083 0.731625 0.918538
  End: M 2.98778 20570
Bub 20355 0.00341392
  Start: N 2.98417
  2.98611 971.184 0.0933333 0.355 0.611667 0.78503
  End: C 2.99861
Bub 20358 0.00341392
  Start: S 2.98472 19615 19993 19997 20211
  2.98611 972.68 0.125 0.17 0.581667 1.00093
  End: M 2.98639 20593
Bub 20361 0.00390797
  Start: N 2.98472
  2.98611 848.044 0.0766667 0.337222 0.753889 0.899763
  End: M 2.98778 20591
Bub 20362 0.00341392
  Start: S 2.985 20137
  2.98611 975.015 0.113333 0.361667 0.585 0.923797
  End: C 2.98833
Bub 20367 0.00489314
  Start: S 2.985 19429
  2.98611 701.329 0.182799 0.15173 0.697516 0.910723
  End: C 2.99139
Bub 20371 0.00514185
  Start: M 2.98583 20212
  2.98611 690.169 0.321667 0.0745122 0.736382 0.901897
  End: S 2.98722 20403 20404
Bub 20372 0.00738895
  Start: S 2.98611 19615 19970 19993 19997 20207 20211
  2.98611 518.937 0.244461 0.160699 0.515018 0.949309
  End: M 2.98639 20590
Bub 20374 0.0139382
  Start: M 2.98611 19615 19993 19997 20211
  2.98611 287.003 0.165136 0.172635 0.643137 0.917225
  End: M 2.98639 20593
Bub 20397 0.00341392
  Start: S 2.98833 20358 20374
  3 973.679 0.121667 0.166667 0.595 1.0087
  3.01389 975.536 0.115071 0.166702 0.60344 0.947089
  End: M 3.01833 21001
Bub 20410 0.0228736
  Start: M 2.98889 19916
  3 162.475 0.188782 0.208924 0.347506 0.98717
  3.01389 163.793 0.186828 0.209826 0.357499 0.981203
  End: S 3.02361 21074 20998
Bub 20412 0.00341392
  Start: N 2.98889
  3 974.783 0.116667 0.358333 0.581667 0.927549
  3.01389 974.738 0.12 0.355 0.578333 0.954453
  End: C 3.02278
Bub 20478 0.00397903
  Start: N 2.99278
  3 832.035 0.0735965 0.179386 0.670263 0.975103
  3.01389 840.856 0.0720175 0.18307 0.675 0.988472
  3.02778 842.646 0.0713158 0.186404 0.678333 0.920619
  End: C 3.03028
Bub 20480 0.006666
  Start: S 2.99306 20202
  3 540.496 0.220709 0.313072 0.71546 0.94146
  End: M 3.01111 20792
Bub 20484 0.00341392
  Start: N 2.99333
  3 975.47 0.0716667 0.035 0.58 1.00233
  End: C 3.005
Bub 20566 0.00310175
  Start: N 2.99833
  3 1064.96 0.235 0.355 0.761667 0.89196
  End: C 3.00444
Bub 20568 0.0055419
  Start: M 2.99861 19860 20210
  3 638.78 0.138918 0.163506 0.583442 0.911123
  End: M 3.00778 20839
Bub 20570 0.00585925
  Start: M 2.99861 20313 20314
  3 637.914 0.315879 0.0258974 0.722546 0.868794
  End: S 3.00056 20828 20827
Bub 20572 0.00456372
  Start: N 2.99889
  3 805.956 0.186822 0.149496 0.700659 0.901721
  End: S 3.00528 21026 20831
Bub 20580 0.00430127
  Start: N 2.99917
  3 782.831 0.0929167 0.355417 0.609167 0.77511
  3.01389 772.862 0.095 0.353333 0.608333 0.962849
  End: C 3.01472
Bub 20589 0.0061455
  Start: S 3 19376 19615 19970 19993 19997 20207 20211 20372
  3 573.161 0.242254 0.155032 0.515476 0.946441
  End: M 3.00028 20839
Bub 20590 0.0126003
  Start: S 3 19376 19615 19970 19993 19997 20207 20211 20372
  3 311.215 0.196536 0.219847 0.552621 0.946552
  End: M 3.00028 20839
Bub 20591 0.0198635
  Start: N 3
  3 185.338 0.197435 0.243023 0.73463 0.896833
  End: M 3.00056 20840
Bub 20593 0.0141309
  Start: M 3 20358 20374
  3 283.886 0.16898 0.177263 0.657606 0.904762
  End: S 3.00056 21026 20831
Bub 20792 0.0069672
  Start: M 3.01139 20480
  3.01389 534.326 0.221351 0.316634 0.718224 0.914158
  End: S 3.02056 20947 20946
Bub 20808 0.00338201
  Start: N 3.01222
  3.01389 985.002 0.056619 0.218429 0.744905 0.875641
  End: C 3.01417
Bub 20823 0.00402503
  Start: N 3.01333
  3.01389 823.015 0.129915 0.169746 0.723588 0.899174
  3.02778 824.964 0.125 0.167 0.723667 0.870446
  End: C 3.02944
Bub 20827 0.00367754
  Start: S 3.01361 20570
  3.01389 912.506 0.315 0.015 0.711667 0.905618
  End: M 3.01556 20921
Bub 20828 0.00538135
  Start: S 3.01361 20570
  3.01389 644.724 0.316135 0.0303191 0.72422 0.90368
  End: M 3.01556 20921
Bub 20831 0.0069444
  Start: S 3.01361 20572 20593
  3.01389 544.112 0.131095 0.148531 0.630842 0.911628
  End: M 3.01611 21008
Bub 20833 0.00367754
  Start: N 3.01389
  3.01389 902.303 0.0483333 0.176333 0.750333 1.06708
  End: M 3.01417 20865
Bub 20834 0.00310175
  Start: N 3.01389
  3.01389 1065.2 0.0483333 0.191667 0.751667 1.06708
  End: M 3.01417 20865
Bub 20836 0.00409214
  Start: N 3.01389
  3.01389 812.819 0.295484 0.336935 0.760806 0.895828
  End: C 3.01417
Bub 20838 0.0041571
  Start: S 3.01389 20572 20593
  3.01389 799.43 0.160692 0.180385 0.712333 0.921982
  End: M 3.01444 21026
Bub 20839 0.0133049
  Start: M 3.01389 20568 20589 20590
  3.01389 329.095 0.192086 0.209053 0.559924 0.925692
  End: S 3.01444 21001 21007
Bub 20840 0.0082389
  Start: N 3.01389
  3.01389 460.375 0.194802 0.117549 0.729368 0.867191
  End: C 3.01417
Bub 20920 0.00458134
  Start: M 3.01944 20019
  3.02778 767.109 0.198985 0.0115517 0.739406 0.900405
  End: M 3.02833 21108
Bub 20925 0.00370457
  Start: N 3.02
  3.02778 898.964 0.146667 0.236667 0.72 0.911579
  End: C 3.02833
Bub 20947 0.00609635
  Start: S 3.02222 20792
  3.02778 563.431 0.231699 0.314268 0.726431 0.897942
  End: C 3.02833
Bub 20998 0.0060464
  Start: S 3.02611 20410
  3.02778 614.195 0.224567 0.2275 0.385183 0.983797
  End: M 3.02889 21080
Bub 20999 0.00705715
  Start: M 3.02611 20397 20839
  3.02778 511.371 0.125157 0.171929 0.607516 0.928334
  End: M 3.02833 21037
Bub 21007 0.00979395
  Start: M 3.02694 20397 20839
  3.02778 419.417 0.235 0.211098 0.541349 0.933735
  End: M 3.03 21115
Bub 21008 0.00710125
  Start: M 3.02694 20831
  3.02778 521.485 0.131584 0.143354 0.637099 0.911549
  End: M 3.02944 21119
Bub 21019 0.00383421
  Start: S 3.02778 20410
  3.02778 864.552 0.196176 0.260294 0.366373 0.981706
  End: M 3.02806 21074
Bub 21020 0.00518335
  Start: N 3.02778
  3.02778 677.036 0.183254 0.104233 0.722937 0.895256
  End: M 3.02806 21044
Bub 21022 0.00484654
  Start: N 3.02778
  3.02778 724.973 0.201343 0.114417 0.748463 0.895256
  End: M 3.02806 21044
Bub 21023 0.00310175
  Start: N 3.02778
  3.02778 1064.63 0.0583333 0.195 0.751667 0.895256
  End: C 3.03278
Bub 21024 0.0054318
  Start: S 3.02778 20572 20593 20838
  3.02778 667.141 0.173529 0.146172 0.657345 0.938842
  End: M 3.02806 21117
Bub 21025 0.00310175
  Start: S 3.02778 20572 20593 20838
  3.02778 1064.81 0.191667 0.171667 0.665 0.938842
  End: M 3.02806 21117
Bub 21026 0.0135782
  Start: S 3.02778 20572 20593 20838
  3.02778 289.183 0.172741 0.187043 0.695483 0.938842
  End: M 3.02833 21117
Bub 5927 0.00424068
  Start: S 2.00583 5731
  2.01389 807.862 0.0692029 0.348333 0.747464 0.872093
  2.02778 788.661 0.0687917 0.352292 0.745458 0.883065
  2.03306 788.661 0.0696948 0.3527 0.745282 0.933348
  2.04167 784.481 0.0683333 0.352692 0.744359 0.934087
  2.05556 784.877 0.0686073 0.353493 0.745274 0.91483
  2.06944 785.904 0.0694444 0.351667 0.741667 0.937089
  2.08333 793.797 0.0674479 0.352344 0.73625 0.895644
  2.09722 782.845 0.067381 0.352619 0.730714 0.9547
  2.11111 779.581 0.067 0.35 0.723667 0.937795
  2.125 787.483 0.0676667 0.349333 0.72 0.95764
  2.13889 782.521 0.0685784 0.34652 0.716814 0.904733
  2.15278 783.164 0.0704412 0.34549 0.713775 0.964929
  2.16667 784.476 0.0741667 0.344881 0.710357 0.899536
  2.18056 779.698 0.0802632 0.343596 0.703947 1.00395
  2.19444 779.77 0.0834127 0.343413 0.700079 0.913339
  2.19972 779.77 0.0834375 0.343385 0.698281 0.905413
  2.20833 780.363 0.0871384 0.343805 0.693805 0.88581
  2.22222 781.156 0.0898214 0.343155 0.689464 1.01662
  2.23611 783.995 0.0915 0.343167 0.686167 0.944693
  2.25 787.469 0.0943464 0.344183 0.681569 0.845211
  2.26389 783.648 0.095824 0.341404 0.682266 0.897963
  2.27778 800.238 0.0963333 0.341667 0.6795 0.943665
  2.29167 783.135 0.0933333 0.341842 0.679825 0.788708
  2.30556 789.261 0.0955556 0.341667 0.680556 0.920721
  2.31944 803.184 0.0966667 0.341667 0.681667 0.930159
  2.33333 783.247 0.0966667 0.341667 0.683333 0.979998
  2.34722 788.845 0.0964035 0.341667 0.684649 0.925572
  2.36111 789.423 0.100476 0.340476 0.683929 0.938003
  2.36639 789.423 0.101667 0.341667 0.683333 0.965111
  2.375 785.862 0.103551 0.340797 0.684565 0.930149
  2.38889 802.266 0.105228 0.340616 0.683493 0.950877
  2.40278 802.233 0.106957 0.34163 0.685471 0.921761
  2.41667 793.957 0.107593 0.341296 0.684259 0.918605
  2.43056 786.341 0.110833 0.34125 0.685833 0.919067
  2.44444 788.196 0.11197 0.341667 0.685758 0.933229
  2.45833 781.841 0.114733 0.340467 0.685267 0.919453
  2.47222 782.861 0.115676 0.341757 0.686892 0.919104
  2.48611 784.019 0.118056 0.342778 0.686944 0.918435
  2.5 782.705 0.121667 0.343551 0.689203 0.926484
  2.51389 782.315 0.124398 0.343565 0.689861 0.907569
  2.52778 790.843 0.125647 0.344453 0.691667 0.888961
  2.53306 790.843 0.128333 0.345238 0.692619 0.861633
  2.54167 779.289 0.133333 0.346667 0.693333 0.960589
  2.55556 782.082 0.136733 0.3486 0.693667 0.905464
  2.56944 782.727 0.139875 0.348333 0.69575 0.916396
  2.58333 789 0.145 0.351667 0.698333 0.925701
  2.59722 799.022 0.148333 0.353333 0.7 0.927832
  2.61111 786.046 0.149074 0.358457 0.701049 0.895126
  2.625 788.02 0.149946 0.361452 0.699839 0.894171
  2.63889 788.056 0.148333 0.361667 0.703333 0.946506
  2.65278 783.372 0.146843 0.364843 0.701667 0.946114
  2.66667 782.672 0.146667 0.365 0.703333 0.877196
  2.68056 796.433 0.145952 0.368333 0.702619 0.929928
  2.69444 789.43 0.144529 0.370109 0.699457 0.958027
  2.69972 789.43 0.143025 0.370926 0.699198 0.92831
  2.70833 782.904 0.141667 0.372536 0.699783 0.950368
  2.72222 785.122 0.138492 0.373889 0.697063 0.924089
  2.73611 784.807 0.135417 0.374583 0.693333 0.938804
  2.75 781.087 0.135 0.376667 0.69 0.93424
  2.76389 785.569 0.132733 0.3782 0.6874 0.886867
  2.77778 783.344 0.130231 0.378692 0.683718 0.957616
  2.79167 783.491 0.127222 0.378056 0.683611 0.887573
  2.80556 779.685 0.126053 0.376404 0.680263 0.95802
  2.81944 779.568 0.123413 0.376746 0.679921 0.936436
  2.83333 782.126 0.122576 0.376667 0.67803 0.935376
  2.84722 783.065 0.120217 0.37587 0.675 0.931226
  2.86111 779.643 0.116746 0.373413 0.673413 0.919462
  2.86639 779.643 0.115 0.373333 0.673333 1.03222
  2.875 784.362 0.114231 0.372179 0.672051 0.923356
  2.88889 784.638 0.112451 0.369804 0.67201 0.926077
  2.90278 783.846 0.109559 0.367549 0.669706 0.941658
  2.91667 781.102 0.106867 0.361667 0.664733 0.934803
  2.93056 785.637 0.105 0.357222 0.661667 0.942857
  2.94444 785.566 0.102576 0.353333 0.657576 0.877045
  2.95833 781.134 0.101667 0.347222 0.65 0.881451
  2.97222 790.359 0.101944 0.341667 0.645278 0.957305
  2.98611 791.494 0.101087 0.335 0.641232 0.963463
  3 788.926 0.103333 0.328333 0.638333 0.944524
  3.01389 787.949 0.103333 0.321667 0.635 0.900654
  3.02778 783.617 0.105043 0.316602 0.633398 1.04218
  3.03306 783.617 0.105351 0.314123 0.632325 0.8986
  3.04167 783.044 0.105 0.308333 0.633333 0.898179
  End: C 3.04861
Bub 6771 0.00441757
  Start: S 2.05611 6753
  2.06944 752.69 0.135128 0.382393 0.743248 0.923303
  2.08333 755.595 0.133039 0.379824 0.740412 0.938751
  2.09722 751.589 0.131463 0.377764 0.737033 0.931095
  2.11111 750.408 0.132892 0.375343 0.733039 0.919162
  2.125 755.818 0.132921 0.375072 0.730054 0.936104
  2.13889 753.016 0.133263 0.375469 0.724859 0.918713
  2.15278 757.229 0.131996 0.376728 0.720844 0.883961
  2.16667 753.11 0.131523 0.378154 0.716505 0.855325
  2.18056 758.301 0.131667 0.378333 0.71 0.889091
  2.19444 753.512 0.128519 0.377741 0.704037 0.879457
  2.19972 753.512 0.127632 0.377719 0.702632 0.904543
  2.20833 755.199 0.127436 0.376923 0.700513 0.913028
  2.22222 768.424 0.126935 0.377473 0.69586 0.914191
  2.23611 752.247 0.127033 0.377764 0.69561 0.89179
  2.25 754.766 0.128452 0.378333 0.691548 0.914699
  2.26389 756.716 0.12477 0.378333 0.690632 0.901281
  2.27778 753.523 0.127121 0.377424 0.684848 0.982342
  2.29167 751.438 0.125803 0.37753 0.681707 0.907796
  2.30556 752.774 0.127941 0.376647 0.678137 0.892432
  2.31944 748.47 0.126333 0.376333 0.68 1.05343
  2.33333 749.389 0.126878 0.373685 0.67838 0.94786
  2.34722 751.266 0.127764 0.373577 0.674512 0.983205
  2.36111 752.831 0.13125 0.374167 0.67125 0.919597
  2.36639 752.831 0.131988 0.37504 0.668373 0.939742
  2.375 757.302 0.133902 0.374843 0.665902 0.92126
  2.38889 760.111 0.136067 0.3742 0.6602 0.984463
  2.40278 753.745 0.137381 0.374048 0.655952 0.949564
  2.41667 758.61 0.138827 0.373025 0.652901 0.8747
  2.43056 752.745 0.135513 0.372051 0.647564 0.91144
  2.44444 752.035 0.137754 0.370507 0.643261 0.942289
  2.45833 751.187 0.138022 0.3666 0.6402 0.907822
  2.47222 758.149 0.139419 0.364963 0.637285 0.92866
  2.48611 754.824 0.1414 0.364333 0.637533 0.895865
  2.5 751.612 0.141708 0.362083 0.636292 0.978049
  2.51389 748.246 0.14307 0.36307 0.639386 0.889136
  2.52778 752.158 0.145063 0.363825 0.63846 0.989642
  2.53306 752.158 0.146008 0.364767 0.63876 0.893783
  2.54167 755.031 0.144649 0.361667 0.64307 0.939154
  2.55556 759.076 0.146144 0.362512 0.642512 0.92131
  2.56944 752.906 0.144487 0.360231 0.649769 1.04642
  2.58333 750.985 0.145388 0.357829 0.652868 0.920262
  2.59722 751.903 0.147667 0.357549 0.656725 1.00124
  2.61111 753.364 0.152727 0.356212 0.660455 0.925344
  2.625 752.34 0.158768 0.356449 0.662536 0.954629
  2.63889 753.792 0.162727 0.357121 0.662879 0.96116
  2.65278 755.579 0.167299 0.357989 0.663506 0.912127
  2.66667 752.647 0.170072 0.360507 0.66442 0.937169
  2.68056 752.206 0.173103 0.362026 0.662949 0.980253
  2.69444 751.999 0.17327 0.366603 0.661582 0.920594
  2.69972 751.999 0.17307 0.368333 0.661316 0.942691
  2.70833 752.137 0.172333 0.370412 0.659118 0.910589
  2.72222 751.425 0.1714 0.373133 0.6566 0.933326
  2.73611 759.924 0.169286 0.375 0.654048 0.903424
  2.75 754.027 0.168867 0.377533 0.6514 0.923656
  2.76389 750.579 0.165047 0.37993 0.646596 0.975215
  2.77778 755.355 0.162778 0.379815 0.643519 0.93798
  2.79167 754.816 0.159741 0.380111 0.642037 0.92398
  2.80556 760.205 0.159444 0.380926 0.641296 0.920069
  2.81944 757.229 0.155586 0.380385 0.638883 0.940932
  2.83333 751.689 0.153519 0.381667 0.638086 0.936803
  2.84722 756.252 0.152828 0.382715 0.636835 0.931748
  2.86111 757.619 0.149607 0.382378 0.636273 0.901991
  2.86639 757.619 0.149691 0.383025 0.635864 0.937687
  2.875 770.767 0.148333 0.381812 0.633116 0.93595
  2.88889 752.411 0.146975 0.384506 0.634753 1.01314
  2.90278 754.135 0.146566 0.384091 0.635303 0.95252
  2.91667 752.902 0.145098 0.383431 0.629412 0.889488
  2.93056 748.48 0.14307 0.383947 0.626404 0.922723
  2.94444 754.023 0.140641 0.382821 0.624103 0.926312
  2.95833 752.314 0.1386 0.383933 0.620733 0.918599
  2.97222 757.412 0.137807 0.383333 0.617982 0.910403
  2.98611 760.196 0.137784 0.383278 0.616099 0.912695
  3 754.576 0.135482 0.38307 0.615263 0.924948
  3.01389 753.923 0.135211 0.383017 0.615127 0.936253
  3.02778 759.789 0.134881 0.382619 0.614048 0.925941
  3.03306 759.789 0.134881 0.382619 0.614048 0.929652
  3.04167 758.879 0.13457 0.381882 0.614462 0.931906
  3.05556 754.976 0.133596 0.381316 0.618333 0.888285
  3.06944 757.677 0.131944 0.378056 0.621667 0.924318
  End: C 3.07806
Bub 7256 0.00459882
  Start: N 2.10278
  2.11111 722.623 0.0255682 0.0781061 0.758447 0.937026
  2.125 720.93 0.0269476 0.0785206 0.755375 0.897083
  2.13889 720.316 0.0283333 0.0807576 0.751667 0.957041
  2.15278 723.456 0.0249621 0.0828788 0.746591 0.908917
  2.16667 725.314 0.0229675 0.081626 0.739024 0.917174
  2.18056 723.573 0.0212821 0.0808974 0.730769 0.926397
  2.19444 721.416 0.0212667 0.0803333 0.723267 0.924451
  2.19972 721.416 0.0216667 0.08 0.719857 0.917635
  2.20833 721.219 0.0216667 0.08 0.716524 0.942746
  2.22222 720.735 0.025 0.0802 0.711 0.907109
  2.23611 719.868 0.0249645 0.0788298 0.705284 0.905264
  2.25 722.499 0.0274691 0.0795679 0.702654 0.925088
  2.26389 722.272 0.0282906 0.0798718 0.699017 0.913358
  2.27778 725.685 0.0312366 0.0816667 0.69871 0.90219
  2.29167 729.547 0.0331221 0.0839671 0.696596 0.958875
  2.30556 721.772 0.0292241 0.0815805 0.692615 0.85825
  2.31944 722.038 0.031087 0.0805072 0.689928 0.928393
  2.33333 724.378 0.030977 0.0805172 0.687069 0.860986
  2.34722 726.679 0.0313636 0.0816667 0.681818 0.940927
  2.36111 725.846 0.0338449 0.0830858 0.677079 0.951893
  2.36639 725.846 0.0327333 0.0824667 0.674733 0.940525
  2.375 725.344 0.035049 0.0816667 0.671569 0.946623
  2.38889 722.288 0.0388202 0.0832772 0.667734 0.953566
  2.40278 722.958 0.0398958 0.0833333 0.662292 0.913514
  2.41667 722.614 0.0424031 0.0828682 0.658178 0.924056
  2.43056 722.785 0.0452381 0.0835714 0.654524 0.932592
  2.44444 724.385 0.0458333 0.0829167 0.647917 0.862117
  2.45833 721.895 0.0486471 0.0832745 0.644647 0.967349
  2.47222 727.117 0.0500549 0.0832784 0.639835 0.938933
  2.48611 738.632 0.0535185 0.0842593 0.639074 1.09208
  2.5 722.503 0.0550709 0.0863475 0.638227 0.891178
  2.51389 722.308 0.0553371 0.0868352 0.639157 0.845877
  2.52778 726.793 0.0592718 0.0872654 0.643188 0.836233
  2.53306 726.793 0.062284 0.0870988 0.644383 0.968136
  2.54167 719.359 0.0654255 0.089078 0.644539 0.88364
  2.55556 729.165 0.0683333 0.0915079 0.644841 0.971559
  2.56944 731.05 0.0703922 0.0931046 0.645817 0.970216
  2.58333 722.711 0.0726061 0.0951212 0.646758 0.889426
  2.59722 743.022 0.0757407 0.0968519 0.650802 0.952594
  2.61111 731.866 0.0774242 0.0974242 0.651515 0.955321
  2.625 742.061 0.0785693 0.0991003 0.651726 0.931783
  2.63889 743.449 0.0824621 0.0987879 0.653333 0.936393
  2.65278 742.366 0.085 0.100185 0.654877 0.907366
  2.66667 737.609 0.0863258 0.0995833 0.653826 0.936019
  2.68056 755.206 0.0886232 0.098913 0.651957 0.950662
  2.69444 718.91 0.0928133 0.107853 0.657027 0.795139
  2.69972 718.91 0.0944203 0.109493 0.656159 0.979596
  2.70833 727.657 0.095 0.111667 0.656667 0.929464
  2.72222 722.745 0.0977778 0.113889 0.656667 0.930906
  2.73611 725.988 0.0998299 0.116871 0.658299 0.910991
  2.75 722.803 0.10202 0.120059 0.661353 0.932037
  2.76389 724.932 0.105042 0.122833 0.665042 0.90318
  2.77778 738.213 0.106667 0.124333 0.667667 0.914305
  2.79167 733.734 0.107111 0.127111 0.672556 0.916481
  2.80556 745.141 0.108855 0.127986 0.67671 0.952662
  2.81944 732.406 0.108021 0.130625 0.682708 0.876233
  2.83333 729.533 0.108674 0.131061 0.687348 0.877414
  2.84722 729.263 0.108561 0.13072 0.693333 0.905783
  2.86111 730.142 0.109074 0.130185 0.698333 0.921944
  2.86639 730.142 0.109233 0.130033 0.700167 0.901112
  2.875 731.321 0.109189 0.129279 0.703153 0.944717
  2.88889 739.701 0.108333 0.128333 0.709167 0.898538
  2.90278 734.216 0.107414 0.12546 0.713046 0.92325
  2.91667 729.432 0.106783 0.123798 0.716318 0.95103
  2.93056 733.37 0.106073 0.121356 0.718588 0.914404
  2.94444 731.902 0.104961 0.11998 0.721275 0.912487
  2.95833 726.313 0.103506 0.118103 0.723276 0.923868
  2.97222 744.44 0.102804 0.116137 0.725784 0.911794
  2.98611 727.568 0.0996667 0.111737 0.724965 0.990814
  3 739.92 0.100318 0.110318 0.727846 0.899039
  3.01389 725.328 0.101875 0.109063 0.729688 0.861866
  3.02778 720.227 0.101758 0.10818 0.731575 0.875108
  3.03306 720.227 0.101667 0.105745 0.733014 0.899562
  3.04167 722.555 0.101279 0.104341 0.733217 0.887114
  End: M 3.04806 21369
Bub 7570 0.00486217
  Start: M 2.12556 7515 7566
  2.13889 681.095 0.181603 0.351026 0.70141 0.910192
  2.15278 682.816 0.186667 0.353333 0.701667 1.07502
  2.16667 681.603 0.19141 0.352179 0.700256 0.916709
  2.18056 682.838 0.19454 0.35546 0.700057 0.925594
  2.19444 682.203 0.198636 0.359156 0.699805 0.927137
  2.19972 682.203 0.201007 0.36137 0.698828 0.918955
  2.20833 702.995 0.2028 0.363367 0.695967 0.911905
  2.22222 683.159 0.20365 0.357869 0.695464 0.898872
  2.23611 679.569 0.203254 0.360026 0.696693 0.88291
  2.25 679.429 0.203667 0.363 0.696667 0.982706
  2.26389 686.613 0.206008 0.364804 0.697913 0.881925
  2.27778 679.749 0.216921 0.369746 0.699915 0.879204
  2.29167 682.149 0.223238 0.374923 0.700824 0.887118
  2.30556 688.645 0.229524 0.379167 0.698452 0.928169
  2.31944 685.948 0.23545 0.381622 0.697072 0.91231
  2.33333 683.763 0.238827 0.384753 0.696235 0.910661
  2.34722 680.552 0.244333 0.385246 0.694754 0.925909
  2.36111 683.74 0.248902 0.386911 0.691789 0.954748
  2.36639 683.74 0.249737 0.388333 0.691316 1.04249
  2.375 690.324 0.25442 0.388333 0.687899 0.907613
  2.38889 683.893 0.260484 0.387796 0.681237 0.893327
  2.40278 683.059 0.264812 0.3873 0.673028 1.0385
  2.41667 683.059 0.268008 0.388455 0.666057 0.969389
  2.43056 682.042 0.274461 0.386127 0.659412 0.971927
  2.44444 679.821 0.279167 0.385181 0.651812 0.939887
  2.45833 681.142 0.283611 0.383611 0.644306 0.9062
  2.47222 680.362 0.286843 0.38198 0.637784 0.919803
  2.48611 681.714 0.290882 0.380412 0.631353 0.919771
  2.5 682.987 0.295083 0.377917 0.625542 0.941821
  2.51389 687.359 0.298214 0.376548 0.619762 0.921506
  2.52778 688.445 0.300222 0.375222 0.617 0.946806
  2.53306 688.445 0.301875 0.375417 0.61375 1.02529
  2.54167 691.55 0.301667 0.373333 0.61 0.936782
  2.55556 683.274 0.303826 0.373404 0.604531 0.958094
  2.56944 681.146 0.304924 0.371136 0.600833 0.946992
  2.58333 682.039 0.305897 0.369872 0.598077 0.93853
  2.59722 684.292 0.305909 0.370974 0.593528 0.953564
  2.61111 696.182 0.303746 0.369851 0.591337 0.942499
  2.625 682.568 0.305569 0.37187 0.587033 0.981278
  2.63889 687.015 0.305238 0.373435 0.582381 0.927441
  2.65278 684.6 0.30619 0.375317 0.578492 0.952425
  2.66667 682.297 0.306667 0.371667 0.576667 1.06514
  2.68056 687.651 0.305245 0.371029 0.574069 0.921141
  2.69444 698.7 0.305174 0.371042 0.573194 0.92829
  2.69972 698.7 0.305241 0.370876 0.572388 0.941554
  2.70833 685.946 0.305 0.370319 0.566702 1.08685
  2.72222 690.071 0.306667 0.37 0.566667 0.94094
  2.73611 683.152 0.310333 0.368289 0.570022 0.916757
  2.75 687.529 0.313523 0.366139 0.57019 0.958933
  2.76389 710.375 0.315569 0.363415 0.56752 0.927955
  2.77778 682.062 0.313333 0.356667 0.568333 0.914506
  2.79167 686.916 0.314621 0.353712 0.566894 0.94534
  2.80556 684.252 0.311933 0.351933 0.569133 0.949974
  2.81944 682.89 0.310567 0.350433 0.568833 0.914547
  2.83333 688.287 0.308243 0.35482 0.570135 0.965445
  2.84722 687.016 0.308916 0.353932 0.571699 0.881275
  2.86111 686.007 0.308994 0.356038 0.571541 0.926274
  2.86639 686.007 0.309006 0.355 0.571154 0.95973
  2.875 687.612 0.308449 0.354768 0.572101 0.940779
  2.88889 698.364 0.30731 0.353251 0.571601 0.924024
  2.90278 693.77 0.307145 0.352826 0.571696 0.916363
  2.91667 701.166 0.306935 0.350806 0.571989 0.92839
  2.93056 689.846 0.305859 0.350258 0.570808 0.901596
  2.94444 682.886 0.304922 0.349535 0.572171 0.950281
  2.95833 682.283 0.304649 0.346404 0.573333 0.931456
  2.97222 685.905 0.30386 0.343114 0.572544 0.943999
  2.98611 682.589 0.302208 0.340375 0.571833 0.922272
  3 690.006 0.301489 0.337978 0.572022 0.937859
  3.01389 682.748 0.300882 0.333157 0.572137 0.915541
  3.02778 684.548 0.299684 0.331456 0.571793 0.960927
  3.03306 684.548 0.298771 0.328771 0.571801 0.904245
  3.04167 686.453 0.297381 0.328333 0.570714 0.929504
  3.05556 686.093 0.293467 0.3298 0.574733 1.08126
  3.06944 685.279 0.290897 0.329974 0.575821 0.951803
  3.08333 689.957 0.289554 0.326596 0.575892 0.908553
  3.09722 681.435 0.285641 0.326282 0.57859 1.08698
  3.11111 696.689 0.28201 0.324118 0.581569 1.215
  3.125 712.187 0.280708 0.321758 0.579612 0.939816
  3.13889 724.499 0.279341 0.319496 0.580543 0.938567
  End: M 3.15 22604
Bub 8041 0.00489314
  Start: S 2.16139 7565
  2.16667 683.784 0.109057 0.040566 0.716667 0.929146
  2.18056 686.304 0.11292 0.041789 0.712645 0.946726
  2.19444 681.977 0.116667 0.0433333 0.71 0.927656
  2.19972 681.977 0.118477 0.0436494 0.708879 0.928557
  2.20833 676.735 0.121667 0.0454167 0.708333 0.930315
  2.22222 679.448 0.124561 0.045614 0.707895 0.914085
  2.23611 679.895 0.125556 0.0434541 0.708285 0.850353
  2.25 680.363 0.123148 0.0408995 0.708439 0.903338
  2.26389 686.998 0.123718 0.0391538 0.705641 0.90383
  2.27778 682.349 0.122005 0.0352174 0.703333 0.865846
  2.29167 682.484 0.12 0.0360656 0.700683 0.913188
  2.30556 677.89 0.119247 0.0362903 0.697849 0.896115
  2.31944 677.911 0.119286 0.0354422 0.69415 0.930132
  2.33333 682.944 0.119947 0.0342982 0.691 0.94858
  2.34722 683.158 0.119516 0.0360394 0.689122 0.912804
  2.36111 681.292 0.121384 0.0349057 0.683176 0.931029
  2.36639 681.292 0.122153 0.035625 0.681667 0.922661
  2.375 680.186 0.122672 0.0362356 0.678707 0.923736
  2.38889 678.798 0.125281 0.0364859 0.674558 0.936958
  2.40278 678.167 0.128643 0.0351031 0.671564 0.985641
  2.41667 683.129 0.12902 0.0355229 0.666536 0.940892
  2.43056 686.901 0.132179 0.0338034 0.664316 0.935306
  2.44444 686.291 0.133 0.0331905 0.661095 0.935198
  2.45833 680.83 0.134036 0.0310331 0.656295 0.919482
  2.47222 684.866 0.133553 0.0298113 0.653428 0.93213
  2.48611 691.132 0.131667 0.02897 0.653277 0.939371
  2.5 685.141 0.129846 0.0300926 0.650185 0.926835
  2.51389 697.265 0.129465 0.0304717 0.649151 0.912412
  2.52778 698.268 0.12819 0.0313506 0.647902 0.922479
  2.53306 698.268 0.127883 0.0314264 0.647943 0.934833
  2.54167 701.213 0.128861 0.0297778 0.647861 0.928163
  2.55556 689.471 0.125224 0.0358964 0.645084 0.932031
  2.56944 681.921 0.125583 0.0376667 0.64425 0.924796
  2.58333 685.799 0.125417 0.0392778 0.643833 0.927606
  2.59722 679.879 0.126101 0.0416071 0.644315 0.960715
  2.61111 685.709 0.125489 0.0441667 0.644454 0.92471
  2.625 689.284 0.127049 0.0445486 0.643993 0.941036
  2.63889 694.748 0.127703 0.0468919 0.643739 0.939662
  2.65278 700.067 0.129349 0.0471875 0.643307 0.915466
  2.66667 698.106 0.12987 0.046849 0.643099 0.972845
  2.68056 699.073 0.129775 0.0473423 0.643018 0.926901
  2.69444 690.52 0.128148 0.0508466 0.643254 0.928413
  2.69972 690.52 0.127768 0.0513559 0.643079 0.93558
  2.70833 680.692 0.126298 0.0551404 0.643912 0.923043
  2.72222 683.748 0.125299 0.0572637 0.642388 0.873677
  2.73611 684.896 0.122417 0.0599722 0.640444 0.914094
  2.75 681.485 0.118519 0.0641975 0.637963 0.927808
  2.76389 680.692 0.117151 0.0685484 0.63672 0.927929
  2.77778 680.592 0.113694 0.0710825 0.634003 0.933966
  2.79167 679.389 0.111578 0.075 0.633702 0.931668
  2.80556 681.796 0.111785 0.0796903 0.633673 0.917471
  2.81944 684.479 0.111234 0.0822774 0.634669 0.89742
  2.83333 681.865 0.108854 0.0858333 0.635938 0.934864
  2.84722 688.744 0.108563 0.0883333 0.636379 0.926192
  2.86111 678.742 0.109282 0.0912069 0.638017 0.895325
  2.86639 678.742 0.108333 0.0924631 0.639248 0.909856
  2.875 683.896 0.109583 0.0938542 0.639792 0.94385
  2.88889 680.83 0.108927 0.0967492 0.639488 0.943864
  2.90278 681.262 0.108333 0.0995098 0.639412 0.932918
  2.91667 684.572 0.108229 0.101146 0.63875 0.976604
  2.93056 689.371 0.108212 0.102091 0.641576 0.909597
  2.94444 694.935 0.109737 0.104211 0.639123 0.901557
  2.95833 697.774 0.109234 0.105541 0.640586 0.932718
  2.97222 688.147 0.108333 0.105 0.643333 0.95569
  2.98611 678.503 0.108548 0.105349 0.644919 0.865266
  3 685.925 0.108874 0.106802 0.646622 0.935195
  3.01389 683.063 0.10887 0.107119 0.647458 0.910337
  3.02778 682.634 0.107688 0.105 0.649301 0.925683
  3.03306 682.634 0.107533 0.105433 0.6518 0.925271
  3.04167 681.267 0.108428 0.104623 0.653868 0.917159
  3.05556 682.156 0.106971 0.104188 0.655058 0.942359
  3.06944 694.243 0.106825 0.102937 0.657302 0.891287
  3.08333 678.412 0.107989 0.104195 0.663506 0.931413
  End: M 3.08833 21968
Bub 14410 0.00341392
  Start: N 2.55528
  2.55556 974.463 0.0183333 0.0766667 0.658333 1.3582
  2.56944 968.618 0.02 0.073 0.653 0.979392
  2.58333 970.615 0.02 0.0694444 0.646111 0.939656
  2.59722 972.579 0.0216667 0.0666667 0.638333 0.921639
  2.61111 972.001 0.0216667 0.063 0.633 0.96209
  2.625 969.325 0.0232486 0.0596893 0.626243 0.932907
  2.63889 973.093 0.023 0.0583333 0.619667 0.946248
  2.65278 973.45 0.0216667 0.056773 0.613227 0.934135
  2.66667 969.847 0.0230702 0.0569298 0.606053 0.917302
  2.68056 973.216 0.023 0.0583333 0.599667 0.928289
  2.69444 972.829 0.0233333 0.0583333 0.593333 0.939551
  2.69972 972.829 0.0233333 0.0583333 0.59 0.955261
  2.70833 973.186 0.0236667 0.0583333 0.587 0.941471
  2.72222 973.923 0.0266667 0.0583333 0.581667 0.9326
  2.73611 982.956 0.0288889 0.0572222 0.578333 0.922503
  2.75 972.112 0.0316667 0.0566667 0.573333 0.870152
  2.76389 974.904 0.0369259 0.057 0.568185 0.908766
  2.77778 968.549 0.0397458 0.0567514 0.563644 0.930717
  2.79167 972.926 0.0416667 0.0566667 0.563333 0.917047
  2.80556 972.363 0.0450758 0.0562121 0.560227 0.940295
  2.81944 972.334 0.0483333 0.055 0.56 0.961181
  2.83333 972.625 0.0503333 0.053 0.558333 0.94541
  2.84722 969.941 0.0532486 0.0530791 0.556921 0.913315
  2.86111 974.048 0.0566667 0.0533333 0.555 0.95251
  2.86639 974.048 0.0567514 0.0530791 0.553588 1.15241
  2.875 973.48 0.0583333 0.053 0.550333 0.975628
  2.88889 973.378 0.0616667 0.0563333 0.547 1.03773
  2.90278 973.784 0.0633333 0.06 0.545 0.923004
  2.91667 973 0.0636667 0.0616667 0.543667 0.938441
  2.93056 974.308 0.0666667 0.0616667 0.541667 0.952945
  2.94444 974.154 0.067 0.065 0.540333 0.947512
  2.95833 981.296 0.065 0.065 0.54 0.95014
  2.97222 967.679 0.0616667 0.065 0.541667 0.926691
  2.98611 969.761 0.0598214 0.066131 0.539821 0.946835
  3 971.678 0.0563333 0.065 0.540333 0.950435
  3.01389 969.999 0.0538889 0.0638889 0.54 0.938858
  3.02778 974.192 0.0516667 0.0633333 0.541667 0.926352
  3.03306 974.192 0.0516667 0.0616667 0.541667 0.942712
  3.04167 969.329 0.0504023 0.0599425 0.540057 0.827037
  3.05556 967.389 0.0516667 0.055 0.541667 0.941451
  3.06944 969.867 0.0528616 0.0528616 0.540472 0.941292
  3.08333 973.434 0.0536667 0.0503333 0.538333 0.957528
  3.09722 973.452 0.0566667 0.0483333 0.535 0.933048
  3.11111 973.656 0.0583333 0.0463333 0.533667 0.935482
  3.125 971.254 0.0596667 0.045 0.530333 0.987167
  3.13889 974.044 0.063 0.043 0.528333 0.944115
  3.15278 969.696 0.0633333 0.043 0.523667 0.854132
  End: C 3.16444
Bub 15957 0.00397903
  Start: S 2.65417 15935
  2.66667 840.356 0.249737 0.0786842 0.701667 0.945968
  2.68056 866.065 0.247083 0.0779167 0.699583 0.94695
  2.69444 834.773 0.243611 0.0744444 0.696806 0.883103
  2.69972 834.773 0.243512 0.076131 0.696845 0.928936
  2.70833 842.562 0.243061 0.075303 0.696394 0.93417
  2.72222 834.859 0.24007 0.0750469 0.693263 0.917595
  2.73611 833.82 0.239938 0.0755761 0.69216 0.827853
  2.75 832.504 0.24 0.0770115 0.689713 0.912684
  2.76389 832.468 0.240263 0.0772807 0.689737 0.914836
  2.77778 834.788 0.24 0.0783333 0.69 0.913361
  2.79167 842.788 0.239904 0.0800575 0.690824 0.918379
  2.80556 844.734 0.24 0.0816667 0.692083 0.906235
  2.81944 836.496 0.238692 0.0831026 0.692949 0.91778
  2.83333 832.964 0.239783 0.0847101 0.696159 0.916779
  2.84722 831.145 0.239839 0.0866667 0.7 0.930768
  2.86111 839.542 0.238333 0.0883333 0.703333 0.921711
  2.86639 839.542 0.237174 0.0883333 0.706159 0.858773
  2.875 830.906 0.239444 0.0905556 0.709444 0.97375
  2.88889 838.526 0.239189 0.0918468 0.712252 0.921342
  2.90278 834.281 0.239559 0.0921569 0.716667 0.942186
  2.91667 837.19 0.24 0.0916667 0.721667 0.917376
  2.93056 836.608 0.241667 0.0905 0.726167 0.917099
  2.94444 839.372 0.242816 0.0882184 0.729253 0.912646
  2.95833 838.185 0.245 0.0866667 0.731667 0.896786
  2.97222 840.322 0.248485 0.084697 0.735 0.940087
  2.98611 830.807 0.249737 0.0802632 0.737281 0.940742
  3 832.923 0.25348 0.0780882 0.740147 0.895595
  3.01389 835.038 0.256429 0.0745238 0.742619 0.968502
  3.02778 836.042 0.258333 0.0716667 0.743333 0.909485
  3.03306 836.042 0.259198 0.0708025 0.744877 0.888546
  3.04167 834.594 0.261173 0.0682099 0.746358 0.873103
  3.05556 837.342 0.263732 0.0641549 0.748005 0.850338
  3.06944 832.644 0.266884 0.0580435 0.750072 0.897538
  3.08333 830.878 0.269921 0.053254 0.753254 0.907194
  3.09722 831.12 0.273333 0.05 0.753333 0.899458
  3.11111 833.26 0.276944 0.0463889 0.755 0.919629
  3.125 830.716 0.28 0.043 0.756333 0.906573
  3.13889 830.819 0.283947 0.0397368 0.75693 0.909993
  3.15278 832.794 0.288137 0.0364706 0.757206 0.923633
  End: M 3.15361 22682
Bub 17369 0.00479902
  Start: S 2.74389 16625 16925 16946 17189
  2.75 695.083 0.0330667 0.2994 0.705133 0.920662
  2.76389 700.066 0.0326296 0.299704 0.703111 0.907444
  2.77778 695.473 0.029661 0.298418 0.702203 0.840254
  2.79167 700.04 0.0298485 0.297424 0.700455 0.901199
  2.80556 694.914 0.0297059 0.29598 0.702157 0.890568
  2.81944 706.686 0.0303211 0.29763 0.704388 0.922441
  2.83333 697.098 0.0334524 0.296071 0.707143 0.983213
  2.84722 694.409 0.0351739 0.296478 0.708971 0.931758
  2.86111 709.808 0.0372917 0.29625 0.710104 0.943452
  2.86639 709.808 0.0384426 0.298087 0.709454 0.917224
  2.875 700.214 0.0396465 0.300051 0.709949 0.926284
  2.88889 702.164 0.0426449 0.300399 0.709855 0.912471
  2.90278 696.212 0.0458333 0.300224 0.710833 0.913675
  2.91667 694.158 0.0482143 0.299524 0.709643 0.919956
  2.93056 696.101 0.0516667 0.300143 0.710429 0.911477
  2.94444 696.127 0.054359 0.301026 0.710385 0.918645
  2.95833 694.82 0.0574501 0.30312 0.710755 0.913775
  2.97222 706.043 0.0591141 0.304219 0.711006 0.90211
  2.98611 707.171 0.0595185 0.307642 0.712951 0.91505
  3 723.059 0.0592593 0.310185 0.713704 0.903915
  3.01389 720.129 0.0580449 0.314038 0.715513 0.877886
  3.02778 706.541 0.0558414 0.320178 0.716327 0.902546
  3.03306 706.541 0.0553704 0.320704 0.716704 0.865833
  3.04167 714.055 0.0544654 0.323365 0.716384 0.918194
  3.05556 690.339 0.0518468 0.329955 0.718514 0.863896
  3.06944 696.92 0.0497667 0.3351 0.7174 0.899462
  3.08333 701.669 0.0475959 0.338982 0.716888 0.896299
  3.09722 706.645 0.0477451 0.344608 0.716289 0.922143
  3.11111 727.095 0.0444398 0.34881 0.713375 0.918401
  End: S 3.12028 22340 22339
Bub 17481 0.0050279
  Start: S 2.74861 16824 17044
  2.75 658.986 0.248478 0.234739 0.721493 0.941613
  2.76389 662.924 0.247039 0.230176 0.726843 0.93073
  2.77778 661.458 0.247251 0.227251 0.732879 0.885795
  2.79167 669.189 0.245212 0.224636 0.734515 0.907769
  2.80556 674.712 0.245938 0.22375 0.737604 0.953482
  2.81944 675.202 0.244083 0.222167 0.741333 0.91
  2.83333 679.472 0.244608 0.217549 0.742549 0.93883
  2.84722 671.81 0.242927 0.217465 0.745896 0.918408
  2.86111 666.947 0.241472 0.21792 0.748066 0.875801
  2.86639 666.947 0.240208 0.218229 0.749479 0.945145
  2.875 668.864 0.239722 0.217778 0.749722 0.928327
  2.88889 670.473 0.240882 0.215588 0.750784 0.905506
  2.90278 662.151 0.241357 0.215271 0.749419 0.943576
  2.91667 660.113 0.242333 0.215784 0.750412 0.939613
  2.93056 663.179 0.243444 0.215317 0.746937 0.909031
  2.94444 666.131 0.245685 0.212768 0.744583 0.903934
  2.95833 658.182 0.247876 0.211242 0.742549 0.886438
  2.97222 657.913 0.250972 0.209861 0.740278 0.872942
  2.98611 660.231 0.251838 0.209124 0.739227 0.90986
  3 660.624 0.254358 0.20604 0.739098 0.889492
  3.01389 664.379 0.255935 0.205966 0.739299 0.907032
  3.02778 676.319 0.25573 0.207127 0.73919 0.90299
  3.03306 676.319 0.25625 0.207422 0.739688 0.91117
  3.04167 673.932 0.258333 0.207095 0.742238 0.906496
  3.05556 672.366 0.260455 0.206212 0.744394 1.02874
  3.06944 683.458 0.259698 0.208281 0.746654 0.892567
  3.08333 678.867 0.262549 0.207255 0.750686 0.893723
  3.09722 667.393 0.266173 0.209105 0.752284 0.865385
  End: M 3.10806 22212
Bub 18248 0.00341392
  Start: S 2.80306 16380
  2.80556 975.368 0.0616667 0.0416667 0.583333 0.9394
  2.81944 968.998 0.0664035 0.040614 0.57693 0.970052
  2.83333 973.497 0.0683333 0.0416667 0.573333 1.00405
  2.84722 967.874 0.0716667 0.0416667 0.568333 0.99966
  2.86111 972.071 0.075 0.0436667 0.563667 0.957694
  2.86639 972.071 0.0763333 0.0436667 0.561667 0.921657
  2.875 969.135 0.0767514 0.0430791 0.559746 0.946873
  2.88889 973.572 0.0796667 0.0416667 0.556333 0.940415
  2.90278 973.788 0.0833333 0.0433333 0.551667 0.928281
  2.91667 972.492 0.084845 0.0438372 0.546783 0.945675
  2.93056 972.196 0.087 0.0463333 0.541667 0.909401
  2.94444 973.058 0.0896667 0.047 0.538333 0.933205
  2.95833 970.542 0.0902632 0.0497368 0.533947 0.928107
  2.97222 973.336 0.0928788 0.050303 0.528258 0.936073
  2.98611 974.497 0.0933333 0.0533333 0.525 0.971062
  3 969.713 0.0936905 0.056369 0.520595 0.809149
  3.01389 973.901 0.095 0.06 0.518333 0.940648
  3.02778 972.571 0.0966667 0.0616667 0.515 0.946045
  3.03306 972.571 0.096828 0.0632796 0.513495 0.851391
  3.04167 974.035 0.0983333 0.0633333 0.511667 0.957692
  3.05556 974.052 0.0996667 0.0663333 0.508333 0.962277
  3.06944 968.491 0.0994444 0.0672222 0.507222 1.07308
  3.08333 974.299 0.0983333 0.07 0.505 0.957003
  3.09722 967.536 0.0983333 0.0716667 0.501667 1.05638
  3.11111 973.918 0.0983333 0.073 0.500333 0.952572
  3.125 974.52 0.0983333 0.0766667 0.498333 0.949872
  3.13889 973.547 0.0983333 0.0766667 0.495 0.96116
  3.15278 973.994 0.0966667 0.0783333 0.491667 0.947162
  3.16667 975.718 0.0966667 0.08 0.49 0.974034
  3.18056 967.442 0.0983333 0.0816667 0.485 0.95179
  End: C 3.18861
Bub 18916 0.00649585
  Start: M 2.8575 18755
  2.86111 558.036 0.0437634 0.0672849 0.635417 0.915727
  2.86639 558.036 0.0432503 0.0669029 0.634195 0.961914
  2.875 518.182 0.0441393 0.0675822 0.63464 0.945575
  2.88889 511.001 0.0449678 0.065789 0.63595 0.920892
  2.90278 510.87 0.043918 0.0666928 0.63582 0.956642
  2.91667 513.697 0.0418285 0.0686731 0.636165 0.939717
  2.93056 520.449 0.0409211 0.0697953 0.636009 0.931635
  2.94444 523.256 0.0410215 0.0716308 0.637168 0.924608
  2.95833 522.809 0.0416667 0.0698448 0.634717 0.969621
  2.97222 532.733 0.0410317 0.0700317 0.63446 0.922657
  2.98611 527.083 0.0429821 0.0680194 0.635015 0.938485
  3 515.513 0.0471452 0.0670462 0.636122 0.963251
  3.01389 518.187 0.0480543 0.0656202 0.635388 0.92137
  3.02778 517.324 0.0498 0.0636963 0.6362 0.906985
  3.03306 517.324 0.0502657 0.0624718 0.636884 0.907972
  3.04167 524.871 0.0506068 0.0614274 0.637564 0.930469
  End: M 3.05167 21448
Bub 19215 0.00367754
  Start: S 2.88861 15725
  2.88889 902.642 0.336333 0.0803333 0.675 0.908431
  2.90278 898.513 0.336921 0.0800847 0.673079 0.914891
  2.91667 913.643 0.338333 0.0816667 0.671667 0.92544
  2.93056 914.258 0.338333 0.0816667 0.668333 0.926846
  2.94444 903.812 0.337424 0.0809091 0.666667 0.87527
  2.95833 901.324 0.338333 0.0803333 0.663667 0.925264
  2.97222 909.133 0.338333 0.0811111 0.662778 0.921275
  2.98611 903.424 0.337464 0.0816667 0.660217 0.954585
  3 902.626 0.336905 0.0816667 0.659286 0.891126
  3.01389 900.834 0.336845 0.0831548 0.657202 0.919316
  3.02778 902.94 0.336667 0.0816667 0.656667 0.946638
  3.03306 902.94 0.336373 0.0804902 0.656961 0.920186
  3.04167 905.009 0.335133 0.0814 0.656733 0.894365
  3.05556 903.387 0.333333 0.08 0.658333 0.919593
  3.06944 899.601 0.333596 0.0797368 0.659386 0.925111
  3.08333 899.63 0.33307 0.0772807 0.66307 0.916272
  3.09722 903.884 0.331308 0.0765897 0.665974 0.943492
  End: C 3.10194
Bub 19535 0.00424068
  Start: N 2.92139
  2.93056 784.352 0.124565 0.218478 0.483986 0.947179
  2.94444 783.309 0.128744 0.21741 0.490026 0.966771
  2.95833 783.477 0.135 0.215 0.493333 0.973608
  2.97222 787.652 0.139706 0.211863 0.498333 0.945632
  2.98611 779.954 0.140263 0.209737 0.502719 1.06346
  3 783.738 0.141667 0.21 0.505 1.03754
  3.01389 781.899 0.143667 0.211667 0.506333 0.958019
  3.02778 782.404 0.143333 0.211667 0.508333 0.945847
  3.03306 782.404 0.143631 0.212976 0.509405 0.922248
  End: C 3.03528
Bub 19631 0.0058485
  Start: S 2.92944 18800 18801 19403
  2.93056 586.488 0.0125138 0.1343 0.630654 0.940951
  2.94444 586.488 0.0115051 0.131303 0.62704 0.942319
  2.95833 590.165 0.0128788 0.126879 0.624152 0.949364
  2.97222 591.26 0.0125269 0.123129 0.621774 0.99374
  2.98611 591.26 0.0131852 0.120704 0.617741 0.914691
  3 604.209 0.0139143 0.117362 0.615838 0.929517
  3.01389 604.209 0.0156325 0.115154 0.611957 0.940624
  3.02778 626.973 0.0173835 0.112384 0.611935 0.924335
  3.03306 626.973 0.0175826 0.111817 0.611006 0.91898
  3.04167 611.59 0.0192974 0.109314 0.614526 0.883977
  End: M 3.04889 21459
Bub 19632 0.00490848
  Start: S 2.92944 18800 18801 19403
  2.93056 676.282 0.024595 0.112477 0.655903 0.919347
  2.94444 678.35 0.0261022 0.108763 0.656183 0.931106
  2.95833 683.426 0.0287003 0.106743 0.654755 0.922176
  2.97222 690.532 0.0302941 0.108417 0.653711 0.876522
  2.98611 689.144 0.0293302 0.11148 0.654439 0.90759
  3 684.969 0.0277297 0.110853 0.655026 0.977127
  3.01389 685.972 0.0293379 0.108562 0.65605 0.925333
  3.02778 691.795 0.029709 0.107249 0.654868 0.892164
  3.03306 691.795 0.0307345 0.105565 0.655085 0.914908
  3.04167 689.574 0.0296313 0.105914 0.656003 0.948823
  3.05556 676.212 0.0292424 0.101364 0.656667 1.22055
  3.06944 675.773 0.0304255 0.101383 0.65773 0.921696
  3.08333 674.538 0.031 0.0984603 0.659095 0.918581
  End: M 3.08972 21987
Bub 19644 0.0066577
  Start: M 2.93111 19633
  2.94444 499.502 0.0207303 0.338084 0.686323 0.912963
  2.95833 501.549 0.0230277 0.336799 0.685692 0.919739
  2.97222 500.302 0.0244558 0.338401 0.682425 0.909769
  2.98611 502.959 0.0262392 0.339361 0.680149 0.913732
  3 507.364 0.0290963 0.339124 0.677934 0.933513
  3.01389 504.735 0.0331358 0.339286 0.676601 0.929865
  3.02778 508.448 0.0350394 0.339408 0.675237 0.918191
  3.03306 508.448 0.0360685 0.338881 0.674662 0.917752
  3.04167 514.241 0.0376839 0.338047 0.674408 0.919508
  3.05556 522.806 0.0405327 0.337004 0.673211 0.927136
  3.06944 533.909 0.0429433 0.334866 0.673117 0.923314
  3.08333 536.746 0.0450459 0.333283 0.674513 0.931804
  End: S 3.08722 22193 22062
Bub 19678 0.00390797
  Start: N 2.93444
  2.94444 856.592 0.0183333 0.0766667 0.765 0.925358
  2.95833 861.1 0.015 0.0716667 0.761667 0.968096
  2.97222 849.742 0.015 0.07 0.758333 0.957954
  2.98611 849.948 0.0136275 0.0642157 0.756225 0.911975
  3 850.71 0.0116667 0.0596667 0.756333 0.894873
  3.01389 851.059 0.0116667 0.055 0.756667 0.990547
  3.02778 1014.84 0.0102632 0.050614 0.756404 0.912131
  3.03306 1014.84 0.0116667 0.0483333 0.756667 0.887648
  3.04167 851.723 0.0117424 0.0462121 0.756818 0.848917
  3.05556 850.681 0.0116667 0.0416667 0.756667 0.901906
  3.06944 860.443 0.0116667 0.0383333 0.758333 0.890336
  3.08333 849.802 0.0116667 0.035 0.76 0.946338
  End: M 3.09333 22080
Bub 19721 0.00489314
  Start: S 2.93889 10501 18249
  2.94444 686.565 0.0556289 0.0524214 0.581761 0.908274
  2.95833 679.606 0.0550433 0.0481602 0.582359 1.02239
  2.97222 684.723 0.0512821 0.0444872 0.57859 0.957189
  2.98611 678.243 0.0469111 0.0442 0.577978 0.950462
  3 677.817 0.0460175 0.0421228 0.574439 0.962168
  3.01389 679.14 0.0434553 0.0413008 0.571301 0.920416
  3.02778 682.35 0.0405294 0.0418627 0.566647 0.943811
  3.03306 682.35 0.04 0.0412121 0.566364 0.928428
  3.04167 683.532 0.0378369 0.0420922 0.56273 0.950285
  3.05556 690.501 0.0364035 0.0400877 0.559912 0.941225
  3.06944 678.403 0.035 0.0391026 0.561538 0.941062
  3.08333 678.905 0.0346942 0.0382416 0.557141 0.965134
  3.09722 681.494 0.0344779 0.0367269 0.552711 0.993868
  3.11111 694.222 0.035 0.0383333 0.553333 0.958299
  3.125 695.129 0.034078 0.0377305 0.547908 0.931464
  3.13889 698.375 0.0357407 0.0390741 0.546481 0.976585
  3.15278 696.973 0.035 0.0383333 0.54 0.922301
  3.16667 694.623 0.0365476 0.037381 0.536071 0.936128
  3.18056 692.554 0.0362754 0.0371739 0.529348 0.944702
  End: M 3.19139 22929
Bub 19729 0.00397903
  Start: N 2.93917
  2.94444 831.388 0.25307 0.30307 0.743947 0.951072
  2.95833 850.226 0.252536 0.307609 0.743116 0.890359
  2.97222 859.791 0.252703 0.308333 0.740856 0.915147
  2.98611 877.939 0.252538 0.31303 0.74 0.900935
  3 882.953 0.251667 0.316733 0.736467 0.902656
  3.01389 897.367 0.251667 0.32 0.735 0.894303
  3.02778 837.593 0.250993 0.327509 0.736798 0.843563
  3.03306 837.593 0.250205 0.328607 0.736872 0.928876
  3.04167 835.095 0.249795 0.328059 0.736872 0.907915
  3.05556 838.208 0.248579 0.329491 0.736719 0.804198
  End: M 3.06 21591
Bub 19773 0.0044735
  Start: N 2.94361
  2.94444 799.615 0.345 0.0753704 0.748333 0.903891
  2.95833 740.4 0.351127 0.072619 0.738873 0.986317
  2.97222 740.723 0.355 0.0715657 0.736111 0.932564
  2.98611 745.018 0.356635 0.0712179 0.732468 0.896029
  3 743.719 0.357687 0.0706463 0.729626 0.890632
  3.01389 741.392 0.359526 0.0700526 0.725175 0.897003
  3.02778 746.875 0.35733 0.0674779 0.723496 0.883576
  3.03306 746.875 0.356964 0.0675893 0.721101 0.905326
  3.04167 747.06 0.357171 0.066315 0.717569 0.912891
  3.05556 748.415 0.356667 0.0640303 0.714424 0.940161
  End: M 3.06889 21690
Bub 20035 0.00409214
  Start: S 2.96111 18890
  2.97222 808.753 0.27 0.273333 0.683495 0.88652
  2.98611 812.282 0.275 0.27 0.688333 0.939179
  3 811.184 0.278333 0.266333 0.693 0.886975
  3.01389 808.911 0.276488 0.263929 0.699821 0.877098
  3.02778 814.16 0.275169 0.264096 0.707203 0.881378
  3.03306 814.16 0.273333 0.265 0.711667 0.974355
  3.04167 811.393 0.269857 0.265 0.715095 0.760948
  End: C 3.04972
Bub 20081 0.00470105
  Start: S 2.96333 19989 19990
  2.97222 709.893 0.239787 0.173227 0.69117 0.96027
  2.98611 712.372 0.239064 0.174766 0.697778 0.91634
  3 711.472 0.239167 0.173333 0.704167 1.03103
  3.01389 720.243 0.23913 0.174203 0.710181 0.902962
  3.02778 725.501 0.238924 0.175253 0.714325 0.899124
  3.03306 725.501 0.239103 0.175 0.716502 0.899347
  3.04167 722.577 0.239483 0.175 0.720747 0.896549
  3.05556 720.668 0.239775 0.176562 0.72545 0.909008
  3.06944 727.19 0.240196 0.176863 0.730588 0.852262
  3.08333 722.264 0.239959 0.179215 0.735964 0.923527
  3.09722 715.951 0.241438 0.181027 0.742717 1.20721
  3.11111 712.219 0.244167 0.18125 0.748646 0.939303
  3.125 712.376 0.246724 0.181322 0.754195 0.986924
  3.13889 707.801 0.250417 0.183333 0.758333 0.908358
  3.15278 707.929 0.25375 0.183333 0.761667 0.920474
  End: M 3.15389 22682
Bub 20082 0.00367754
  Start: S 2.96333 19989 19990
  2.97222 912.146 0.238333 0.141667 0.698333 0.931227
  2.98611 903.678 0.236667 0.135 0.701667 0.927361
  3 899.395 0.236111 0.129444 0.703333 0.90067
  3.01389 901.836 0.232313 0.127139 0.706095 0.745525
  3.02778 907.765 0.230556 0.125 0.708333 0.978187
  3.03306 907.765 0.230179 0.124583 0.708393 0.89634
  3.04167 903.388 0.23 0.121667 0.71 0.974294
  3.05556 910.498 0.228684 0.120263 0.711667 0.911917
  3.06944 910.079 0.228684 0.11693 0.715 0.905536
  3.08333 899.938 0.229667 0.116667 0.719667 0.913615
  3.09722 902.923 0.228404 0.116773 0.72344 0.904788
  3.11111 905.184 0.228421 0.118246 0.726579 0.913601
  3.125 901.518 0.228333 0.116333 0.729667 0.955373
  End: C 3.13833
Bub 20120 0.0060464
  Start: M 2.96639 16757
  2.97222 551.505 0.0356333 0.0451167 0.670067 0.931585
  2.98611 552.788 0.036848 0.0454145 0.668333 0.931554
  3 554.368 0.038773 0.0427872 0.667723 0.910238
  3.01389 553.425 0.0385193 0.0424964 0.666102 0.906809
  3.02778 554.853 0.0402111 0.039032 0.666892 0.926677
  3.03306 554.853 0.04053 0.0378571 0.667642 0.927338
  3.04167 555.791 0.0405869 0.0366588 0.668271 0.919231
  3.05556 553.786 0.0397273 0.036 0.667864 0.896775
  3.06944 559.86 0.0405415 0.0338467 0.66853 0.897242
  3.08333 561.036 0.0407103 0.0318354 0.668488 0.900839
  3.09722 561.553 0.0416248 0.0307043 0.668361 0.940725
  3.11111 569.801 0.0419797 0.0313537 0.667473 0.921589
  3.125 575.971 0.0434006 0.0303064 0.666181 0.898503
  End: S 3.13889 23735 23734
Bub 20251 0.00341392
  Start: S 2.97472 20147 20148
  2.98611 973.485 0.385 0.0166667 0.608333 0.953548
  3 972.919 0.385 0.015 0.603333 0.933538
  3.01389 972.926 0.385 0.0133333 0.598333 0.912139
  3.02778 972.603 0.386333 0.0116667 0.593667 0.939769
  3.03306 972.603 0.385 0.0116667 0.591667 1.00292
  3.04167 970.869 0.386667 0.0116667 0.59 1.06279
  End: C 3.04361
Bub 20271 0.00367754
  Start: S 2.97611 20202
  2.98611 902.036 0.177 0.225 0.693 0.862962
  3 902.767 0.1834 0.225267 0.706467 0.916364
  3.01389 902.085 0.188231 0.226692 0.720077 0.850192
  3.02778 911.933 0.192101 0.231087 0.735 0.854683
  3.03306 911.933 0.193333 0.231667 0.738333 0.902829
  3.04167 912.287 0.198152 0.236818 0.745121 0.882449
  End: C 3.04583
Bub 20403 0.00411402
  Start: S 2.98861 20371
  3 808.265 0.331667 0.0702381 0.729762 0.898045
  3.01389 807.268 0.335343 0.0666667 0.72348 0.893641
  3.02778 806.908 0.338333 0.0630952 0.717381 0.944908
  3.03306 806.908 0.339667 0.063 0.715 0.916795
  3.04167 810.594 0.339833 0.0618333 0.712833 0.903175
  3.05556 808.008 0.338333 0.063 0.707 1.01051
  End: M 3.06889 21690
Bub 20404 0.00411402
  Start: S 2.98861 20371
  3 803.826 0.313413 0.073254 0.740079 0.841458
  3.01389 806.254 0.316212 0.0674242 0.741364 0.865603
  3.02778 804.156 0.317222 0.0627778 0.740556 0.892312
  3.03306 804.156 0.319444 0.0616667 0.741111 0.936092
  3.04167 806.452 0.320106 0.0598936 0.741667 0.908188
  3.05556 803.168 0.323079 0.0569209 0.743249 0.913915
  3.06944 803.273 0.323889 0.0527778 0.742778 0.90832
  3.08333 803.165 0.326921 0.0500847 0.743079 0.920123
  3.09722 805.47 0.329762 0.047381 0.741667 0.895644
  3.11111 804.841 0.330556 0.0461111 0.74 0.923099
  3.125 804.289 0.333333 0.0433333 0.74 0.959353
  3.13889 807.92 0.338333 0.0416667 0.74 1.04808
  3.15278 811.947 0.340098 0.040098 0.738284 0.918176
  End: C 3.15583
Bub 20469 0.00481497
  Start: S 2.9925 20048 20049
  3 702.092 0.0609736 0.0216337 0.560413 0.951856
  3.01389 699.228 0.0642944 0.0207908 0.558285 0.878739
  3.02778 712.711 0.0663534 0.0213659 0.558283 0.947065
  3.03306 712.711 0.0677572 0.0216255 0.556728 0.950511
  3.04167 725.445 0.0697682 0.021181 0.55489 0.909083
  3.05556 752.059 0.0704103 0.0213077 0.552231 0.949784
  3.06944 760.41 0.0734368 0.0201494 0.549299 0.939495
  End: M 3.07083 21787
Bub 20488 0.00383421
  Start: N 2.99361
  3 863.955 0.0728431 0.343039 0.750294 0.859424
  3.01389 864.777 0.0671569 0.346961 0.749706 0.925085
  3.02778 865.82 0.0636667 0.353 0.745 0.908491
  3.03306 865.82 0.063 0.355 0.743667 0.922358
  3.04167 865.791 0.0596667 0.358333 0.743667 0.896918
  3.05556 862.274 0.0572222 0.362778 0.742778 0.870173
  3.06944 867.551 0.055 0.368429 0.740143 0.902192
  End: C 3.08167
Bub 20571 0.00476681
  Start: N 2.99861
  3 693.309 0.275 0.312415 0.734252 0.747604
  3.01389 696.92 0.272892 0.31 0.735637 0.910203
  3.02778 696.845 0.273667 0.311667 0.737 0.895158
  3.03306 696.845 0.272958 0.31025 0.737042 0.899496
  3.04167 706.071 0.271667 0.308333 0.735 0.922672
  3.05556 696.655 0.269667 0.3066 0.738733 0.794245
  3.06944 703.179 0.267347 0.304765 0.742089 0.891186
  3.08333 705.633 0.269521 0.30258 0.744315 0.889127
  End: C 3.09083
Bub 20662 0.00456372
  Start: N 3.00444
  3.01389 732.118 0.190581 0.0868605 0.736318 0.854021
  3.02778 730.925 0.189804 0.0834314 0.738137 0.914196
  3.03306 730.925 0.189896 0.0827083 0.739063 0.949787
  3.04167 735.157 0.189702 0.0792857 0.740923 0.890963
  3.05556 729.327 0.189685 0.075 0.744189 0.903888
  3.06944 735.595 0.189808 0.0708654 0.747532 0.938547
  3.08333 727.726 0.190063 0.0680827 0.751416 0.871722
  3.09722 729.199 0.189444 0.064697 0.756616 0.911707
  End: M 3.09778 22188
Bub 20711 0.00395562
  Start: N 3.00778
  3.01389 836.502 0.0364881 0.240536 0.739821 0.894743
  3.02778 836.543 0.0338889 0.242778 0.737222 0.827395
  3.03306 836.543 0.0336667 0.245 0.737 0.922419
  3.04167 841.062 0.0316667 0.246667 0.736667 0.898041
  3.05556 841.231 0.0283333 0.246667 0.733333 0.91574
  3.06944 841.028 0.025 0.246667 0.733333 0.927374
  End: M 3.07417 21774
Bub 20864 0.00365009
  Start: N 3.01528
  3.02778 922.387 0.0983333 0.351591 0.604924 0.887143
  3.03306 922.387 0.0997059 0.35049 0.603627 0.92397
  3.04167 911.803 0.0999593 0.351748 0.603211 0.902816
  3.05556 910.151 0.104048 0.348333 0.599762 0.942485
  End: C 3.0625
Bub 20865 0.00359392
  Start: S 3.01556 20833 20834
  3.02778 924.573 0.045 0.176667 0.75 1.27969
  3.03306 924.573 0.045 0.176667 0.75 0.82572
  3.04167 924.339 0.0434 0.176867 0.748067 0.945555
  3.05556 924.641 0.0383333 0.176667 0.746667 0.940363
  3.06944 929.835 0.035 0.17307 0.745351 0.870406
  3.08333 936.734 0.0316162 0.172222 0.744848 0.891071
  End: C 3.08861
Bub 20901 0.0042201
  Start: N 3.01833
  3.02778 787.642 0.207794 0.12049 0.716814 0.915912
  3.03306 787.642 0.206667 0.12 0.718333 0.88675
  3.04167 792.756 0.20307 0.118684 0.721667 0.9009
  3.05556 787.513 0.199722 0.114722 0.729444 0.867895
  End: M 3.05611 21638
Bub 20921 0.00617465
  Start: M 3.01972 20827 20828
  3.02778 582.918 0.317066 0.0272535 0.717019 0.88575
  3.03306 582.918 0.316886 0.0257071 0.714663 0.895862
  End: M 3.03667 21184
Bub 20946 0.00411402
  Start: S 3.02222 20792
  3.02778 806.275 0.208333 0.323095 0.710714 0.827166
  3.03306 806.275 0.206404 0.326053 0.710263 0.887248
  3.04167 807.795 0.21 0.328333 0.71 1.10537
  3.05556 817.289 0.208333 0.331667 0.711667 0.896541
  3.06944 814.161 0.206477 0.33365 0.710105 0.907741
  3.08333 814.915 0.206553 0.335341 0.710038 0.919418
  3.09722 822.288 0.208243 0.338153 0.713108 0.928059
  3.11111 818.263 0.2073 0.34007 0.713545 0.916231
  3.125 814.344 0.204144 0.343063 0.713468 0.927318
  3.13889 843.495 0.201667 0.345 0.715 0.919611
  End: C 3.14556
Bub 21001 0.0100155
  Start: S 3.02639 20397 20839
  3.02778 378.164 0.169419 0.21302 0.578256 0.937108
  3.03306 378.164 0.168793 0.213578 0.580988 0.922377
  End: S 3.04167 21249 21250
Bub 21013 0.00390797
  Start: N 3.02722
  3.02778 853.262 0.0566667 0.235 0.751667 0.890961
  3.03306 853.262 0.0564286 0.235952 0.75119 0.837145
  3.04167 849.421 0.0516667 0.237016 0.747248 0.873759
  3.05556 849.757 0.0461594 0.237754 0.746739 0.931649
  3.06944 845.89 0.0396667 0.24 0.743667 0.907122
  End: M 3.07417 21774
Bub 21014 0.00367754
  Start: N 3.02722
  3.02778 903.088 0.173 0.225 0.603667 0.913254
  3.03306 903.088 0.173333 0.225 0.605 0.920384
  End: C 3.03361
Bub 21037 0.0075475
  Start: M 3.02861 20999
  3.03306 435.011 0.122258 0.169876 0.612309 0.906842
  End: M 3.03806 21243
Bub 21044 0.00443638
  Start: S 3.02889 21020 21022
  3.03306 765.977 0.178418 0.100232 0.718418 0.783664
  3.04167 765.977 0.180942 0.0983333 0.720652 0.913025
  3.05556 750.219 0.185444 0.0931333 0.724822 1.14165
  3.06944 749.61 0.188146 0.0893662 0.728944 0.908693
  3.08333 745.873 0.189634 0.0844309 0.732236 0.853953
  3.09722 747.345 0.19 0.0811765 0.736225 0.922411
  3.11111 747.29 0.190758 0.0786364 0.74 0.908183
  3.125 748.403 0.191996 0.0753292 0.743683 0.908227
  End: C 3.12861
Bub 21074 0.0227284
  Start: M 3.03028 20410 21019
  3.03306 144.456 0.18282 0.208427 0.373873 0.98007
  End: M 3.03694 21234
Bub 21080 0.0060058
  Start: M 3.03056 20998
  3.03306 546.679 0.225731 0.227636 0.386327 0.983788
  End: S 3.03583 21236 21235
Bub 21108 0.00430127
  Start: M 3.0325 20920
  3.03306 763.32 0.198333 0.0116667 0.736667 0.892958
  End: M 3.03333 21150
Bub 21111 0.0051696
  Start: S 3.03278 21024 21025 21026
  3.03306 635.106 0.168893 0.140387 0.65516 0.880902
  End: S 3.03722 21185 21186
Bub 21112 0.00407001
  Start: S 3.03278 21024 21025 21026
  3.03306 806.691 0.19041 0.169645 0.665219 0.885516
  End: C 3.03611
Bub 21115 0.0100192
  Start: M 3.03278 21007
  3.03306 327.695 0.236484 0.210663 0.543194 0.930563
  End: M 3.03444 21222
Bub 21117 0.0134246
  Start: S 3.03306 21024 21025 21026
  3.03306 244.569 0.17394 0.186501 0.701493 0.924116
  End: S 3.03333 21248 21219
Bub 21118 0.00310175
  Start: S 3.03306 21024 21025 21026
  3.03306 1058.51 0.135 0.221667 0.668333 0.929743
  End: M 3.03361 21248
Bub 21119 0.007152
  Start: M 3.03306 21008
  3.03306 459.066 0.130972 0.141999 0.639028 0.916206
  End: M 3.03444 21243
Bub 21134 0.00310175
  Start: N 3.03417
  3.04167 1065.02 0.175 0.228333 0.608333 0.909055
  End: C 3.04722
Bub 21144 0.00402503
  Start: N 3.03472
  3.04167 822.574 0.0902542 0.0934181 0.750254 0.897908
  End: M 3.04806 21369
Bub 21150 0.00434074
  Start: M 3.035 21108
  3.04167 756.38 0.201982 0.0104054 0.743333 0.875631
  End: C 3.04556
Bub 21164 0.00395562
  Start: N 3.03583
  3.04167 837.194 0.143155 0.212798 0.509821 0.946972
  End: C 3.05222
Bub 21184 0.0060464
  Start: M 3.03694 20921
  3.04167 605.581 0.316217 0.0276 0.713517 0.905378
  End: M 3.04472 21485
Bub 21185 0.00437949
  Start: S 3.03722 21111
  3.04167 765.055 0.169868 0.140746 0.657061 0.871728
  End: C 3.04306
Bub 21186 0.00383421
  Start: S 3.03722 21111
  3.04167 864.807 0.186961 0.153824 0.666961 0.873457
  End: C 3.0425
Bub 21205 0.00479902
  Start: N 3.03833
  3.04167 691.167 0.2312 0.308467 0.734267 0.96089
  End: C 3.045
Bub 21219 0.00383421
  Start: N 3.03944
  3.04167 871.308 0.198529 0.153039 0.751667 0.899203
  End: C 3.04444
Bub 21222 0.0095336
  Start: M 3.03972 21115
  3.04167 371.24 0.237321 0.213797 0.547713 0.937336
  End: C 3.04194
Bub 21234 0.022623
  Start: M 3.04056 21074
  3.04167 167.272 0.181038 0.207443 0.381065 0.97934
  End: M 3.0425 21493
Bub 21235 0.00419931
  Start: S 3.04083 21080
  3.04167 790.801 0.241368 0.223557 0.386592 0.904718
  3.05556 790.65 0.2466 0.2246 0.389667 0.924509
  3.06944 787.077 0.25 0.226333 0.393 0.956469
  3.08333 793.279 0.253854 0.229063 0.394271 0.959232
  3.09722 790.593 0.257019 0.22838 0.396455 0.981315
  3.11111 790.671 0.259762 0.228333 0.396905 0.971363
  3.125 793.068 0.26 0.22875 0.395417 0.9673
  End: M 3.13472 22480
Bub 21236 0.00493887
  Start: S 3.04083 21080
  3.04167 737.628 0.220902 0.229067 0.393502 1.04564
  End: S 3.04222 21398 21397
Bub 21243 0.00897455
  Start: M 3.04111 21037 21119
  3.04167 394.857 0.123476 0.152003 0.631162 0.900088
  End: M 3.04583 21497
Bub 21248 0.0106859
  Start: M 3.04139 21117 21118
  3.04167 358.689 0.187228 0.165933 0.70468 0.878578
  End: S 3.04278 21460 21461
Bub 21249 0.00959805
  Start: S 3.04167 21001
  3.04167 388.518 0.17535 0.216675 0.584092 0.935258
  End: M 3.04194 21412
Bub 21250 0.00471767
  Start: S 3.04167 21001
  3.04167 716.482 0.139702 0.194439 0.588825 0.935258
  End: M 3.04194 21412
Bub 21252 0.00341392
  Start: N 3.04167
  3.04167 973.265 0.191667 0.263333 0.758333 0.89557
  End: C 3.04333
Bub 21284 0.0055299
  Start: N 3.04389
  3.05556 623.824 0.206242 0.104847 0.750534 0.879087
  End: M 3.05611 21638
Bub 21326 0.00437949
  Start: N 3.04611
  3.05556 754.325 0.203816 0.0108333 0.741404 0.79511
  3.06944 754.325 0.203333 0.0133333 0.74 0.931678
  3.08333 764.338 0.203333 0.015 0.738333 0.9322
  End: C 3.08667
Bub 21331 0.00424068
  Start: N 3.04639
  3.05556 790.328 0.194565 0.238913 0.755 0.957838
  3.06944 783.895 0.200333 0.247 0.768333 0.910741
  3.08333 783.864 0.203333 0.253333 0.778333 0.893126
  End: C 3.09694
Bub 21369 0.0053686
  Start: M 3.04806 7256 21144
  3.05556 663.043 0.097 0.0949286 0.741167 0.939982
  End: M 3.06389 21671
Bub 21385 0.00365009
  Start: N 3.04889
  3.05556 899.497 0.387424 0.0109848 0.586061 0.878795
  End: C 3.06944
Bub 21397 0.00437949
  Start: S 3.04972 21236
  3.05556 760.374 0.220921 0.243596 0.394518 0.921724
  3.06944 758.034 0.221705 0.246434 0.401395 0.946678
  3.08333 757.537 0.225 0.249286 0.406429 0.985515
  3.09722 767.784 0.228 0.251667 0.4115 0.978306
  3.11111 764.215 0.23 0.255 0.415 0.993187
  End: M 3.11944 22306
Bub 21398 0.00458134
  Start: S 3.04972 21236
  3.05556 731.92 0.223046 0.225575 0.403046 0.948246
  3.06944 724.692 0.224817 0.226872 0.409886 0.970442
  3.08333 729.148 0.228611 0.228611 0.413611 0.951874
  3.09722 729.949 0.228478 0.231667 0.420217 0.953426
  3.11111 725.62 0.231416 0.234176 0.42543 0.90664
  3.125 728.95 0.233032 0.236446 0.43006 0.945993
  3.13889 726.292 0.235167 0.237333 0.433833 1.03783
  End: M 3.15222 22697
Bub 21412 0.00985125
  Start: M 3.05028 21249 21250
  3.05556 382.715 0.178229 0.221559 0.590256 0.94484
  End: M 3.05806 21626
Bub 21414 0.00367754
  Start: N 3.05028
  3.05556 903.476 0.138333 0.210333 0.683667 0.910499
  End: C 3.05639
Bub 21415 0.00388369
  Start: N 3.05028
  3.05556 852.569 0.262862 0.267453 0.713679 0.822649
  End: C 3.06861
Bub 21448 0.0062978
  Start: M 3.05194 18916
  3.05556 548.11 0.0522124 0.0604425 0.637375 0.925689
  3.06944 541.467 0.0522576 0.0586818 0.638379 0.926904
  3.08333 557.62 0.0511749 0.0587705 0.64041 0.93804
  3.09722 565.096 0.05086 0.0569026 0.641423 0.92758
  3.11111 583.879 0.0507504 0.0557741 0.640829 0.940749
  End: M 3.1225 22326
Bub 21459 0.0062885
  Start: M 3.0525 19631
  3.05556 526.994 0.0238444 0.105874 0.624067 0.849162
  3.06944 535.846 0.0232846 0.102115 0.627671 0.925771
  3.08333 538.683 0.0223371 0.09973 0.63148 0.948852
  End: M 3.08972 21987
Bub 21460 0.0101353
  Start: S 3.05278 21248
  3.05556 353.19 0.190042 0.156794 0.716805 0.902579
  End: M 3.06083 21681
Bub 21461 0.0043602
  Start: S 3.05278 21248
  3.05556 761.025 0.197933 0.212333 0.7006 0.897261
  3.06944 779.952 0.195424 0.213879 0.709455 0.926988
  3.08333 788.181 0.193423 0.214018 0.717351 0.863697
  End: M 3.08833 22055
Bub 21471 0.00411402
  Start: N 3.05333
  3.05556 810.143 0.0884921 0.349444 0.759603 0.908417
  3.06944 812.182 0.0840278 0.352639 0.758889 0.900216
  End: C 3.07333
Bub 21485 0.00613575
  Start: M 3.05389 21184
  3.05556 576.336 0.316419 0.0307895 0.710758 0.948923
  End: S 3.06056 21686 21685
Bub 21493 0.0225971
  Start: M 3.05444 21234
  3.05556 168.266 0.179632 0.205712 0.39122 0.97331
  End: S 3.05722 21694 21673
Bub 21495 0.00310175
  Start: N 3.05444
  3.05556 1064.73 0.168333 0.268333 0.365 0.945262
  End: C 3.0575
Bub 21496 0.00432109
  Start: S 3.05472 21243
  3.05556 782.867 0.113128 0.173128 0.628562 1.05197
  End: M 3.05694 21634
Bub 21497 0.00834075
  Start: S 3.05472 21243
  3.05556 435.429 0.125127 0.140467 0.641578 0.917215
  End: M 3.05694 21634
Bub 21505 0.00437949
  Start: N 3.05528
  3.05556 778.407 0.273333 0.284254 0.750921 0.854505
  End: C 3.05583
Bub 21507 0.0042201
  Start: N 3.05528
  3.05556 787.549 0.144216 0.197108 0.586373 0.810667
  End: M 3.05806 21626
Bub 21508 0.00539405
  Start: S 3.05556 21249 21250
  3.05556 627.545 0.258239 0.170282 0.5477 0.929462
  End: M 3.05583 21533
Bub 21509 0.00913625
  Start: S 3.05556 21249 21250
  3.05556 412.429 0.236256 0.220894 0.554923 0.929462
  End: M 3.05583 21533
Bub 21510 0.00902455
  Start: N 3.05556
  3.05556 397.643 0.164118 0.205331 0.733932 0.89684
  End: C 3.05583
Bub 21511 0.00486217
  Start: N 3.05556
  3.05556 685.389 0.232949 0.308109 0.737147 0.89684
  End: C 3.05611
Bub 21512 0.0059019
  Start: N 3.05556
  3.05556 594.506 0.137419 0.212151 0.741022 0.89684
  End: C 3.05583
Bub 21533 0.0097009
  Start: M 3.05694 21508 21509
  3.06944 398.608 0.243333 0.20885 0.560391 0.936594
  3.08333 395.484 0.244761 0.209202 0.567136 0.93166
  End: M 3.08472 22001
Bub 21591 0.00441757
  Start: N 3.06194
  3.06944 752.384 0.248077 0.331538 0.740128 0.923895
  End: M 3.07611 21887
Bub 21626 0.00983985
  Start: S 3.065 21412 21507
  3.06944 378.535 0.181601 0.223643 0.598183 0.934525
  End: M 3.08111 21868
Bub 21627 0.00395562
  Start: S 3.065 21412 21507
  3.06944 835.92 0.147202 0.199821 0.589821 1.08518
  3.08333 836.192 0.150714 0.203095 0.589762 0.885713
  3.09722 840.378 0.157169 0.202302 0.596376 0.898519
  3.11111 836.126 0.160556 0.202778 0.600556 0.967469
  3.125 838.339 0.166952 0.203571 0.608524 0.901607
  3.13889 845.745 0.171667 0.207982 0.616404 0.94305
  3.15278 838.695 0.176333 0.210333 0.625 1.08426
  End: M 3.15639 22721
Bub 21633 0.00486217
  Start: S 3.06556 21496 21497
  3.06944 689.869 0.103013 0.166827 0.635801 0.934959
  End: M 3.07028 21892
Bub 21634 0.00816775
  Start: S 3.06556 21496 21497
  3.06944 446.79 0.122505 0.135196 0.64855 0.93844
  End: M 3.07028 21892
Bub 21638 0.00588065
  Start: M 3.06556 20901 21284
  3.06944 634.857 0.205688 0.102826 0.7475 0.923759
  End: S 3.07583 21890 21889
Bub 21646 0.00458134
  Start: N 3.06611
  3.06944 723.642 0.136609 0.205 0.745805 1.14969
  3.08333 730.26 0.136647 0.203784 0.750647 0.858862
  End: M 3.09083 22080
Bub 21659 0.00370457
  Start: N 3.06694
  3.06944 899.478 0.38 0.266667 0.756667 0.898453
  End: C 3.07444
Bub 21671 0.0051279
  Start: N 3.06778
  3.06944 667.224 0.0947541 0.0900273 0.74194 0.919152
  End: M 3.07722 21887
Bub 21673 0.0165776
  Start: S 3.06806 21493
  3.06944 235.819 0.194314 0.210211 0.363862 0.971343
  End: M 3.07389 21886
Bub 21681 0.0100739
  Start: M 3.06833 21460
  3.06944 359.056 0.191861 0.153166 0.724052 0.89081
  End: M 3.07111 21732
Bub 21685 0.00459882
  Start: S 3.06889 21485
  3.06944 726.594 0.326023 0.0303409 0.705227 1.01361
  End: M 3.07306 21819
Bub 21686 0.00490848
  Start: S 3.06889 21485
  3.06944 679.744 0.306433 0.0319159 0.709268 0.905741
  End: M 3.07306 21819
Bub 21688 0.00478297
  Start: N 3.06889
  3.06944 725.311 0.171364 0.190051 0.740758 0.975501
  End: M 3.07028 21707
Bub 21690 0.0058377
  Start: M 3.06889 19773 20403
  3.06944 610.292 0.349852 0.0598148 0.707778 0.866815
  End: M 3.07944 21844
Bub 21694 0.019165
  Start: S 3.06944 21493
  3.06944 188.457 0.166982 0.202401 0.42571 0.972716
  End: M 3.06972 21886
Bub 21695 0.00397903
  Start: S 3.06944 21493
  3.06944 845.75 0.162719 0.159737 0.394474 0.972716
  End: M 3.06972 21886
Bub 21697 0.00383421
  Start: N 3.06944
  3.06944 874.974 0.171863 0.095 0.763627 0.899515
  End: C 3.06972
Bub 21707 0.00424068
  Start: M 3.07056 21688
  3.08333 781.823 0.166739 0.187754 0.746159 0.900906
  3.09722 780.797 0.164375 0.19125 0.752604 0.900179
  3.11111 782.218 0.16463 0.19263 0.760037 0.87066
  3.125 789.663 0.161944 0.191667 0.768056 0.903893
  3.13889 788.448 0.1625 0.1905 0.773833 1.02322
  3.15278 791.595 0.160217 0.189783 0.779638 1.03222
  End: M 3.16 22682
Bub 21732 0.0101461
  Start: M 3.0725 21681
  3.08333 359.141 0.191561 0.151508 0.730143 0.902118
  End: S 3.09056 22080 22083
Bub 21740 0.00395562
  Start: N 3.07361
  3.08333 838.271 0.173333 0.0933333 0.763333 1.0254
  End: C 3.08417
Bub 21843 0.0167606
  Start: M 3.07972 21673 21694 21695
  3.08333 233.124 0.192039 0.212797 0.373714 0.964628
  End: M 3.09167 22061
Bub 21844 0.00593345
  Start: M 3.07972 21690
  3.08333 597.454 0.349268 0.0570635 0.703483 0.900729
  End: M 3.08417 22077
Bub 21863 0.00473416
  Start: S 3.08139 21673 21694 21695
  3.08333 770.431 0.157604 0.26375 0.396771 0.981813
  End: M 3.08861 22037
Bub 21868 0.0096339
  Start: M 3.08139 21626
  3.08333 385.293 0.18303 0.227468 0.605692 0.928095
  3.09722 382.064 0.185222 0.231401 0.612924 0.928403
  3.11111 387.344 0.184975 0.231059 0.620144 0.931126
  3.125 390.439 0.18498 0.230873 0.626869 0.919782
  3.13889 396.501 0.185226 0.23143 0.632636 0.915444
  3.15278 404.799 0.184131 0.23196 0.638115 0.92627
  End: M 3.15639 22721
Bub 21875 0.00765585
  Start: S 3.08194 21673 21694 21695
  3.08333 493.506 0.219335 0.178777 0.423432 1.00447
  End: S 3.08361 22189 22061
Bub 21883 0.00341392
  Start: N 3.08222
  3.08333 972.333 0.0533333 0.375 0.738333 0.704562
  3.09722 973.812 0.0516667 0.38 0.736667 0.89448
  End: C 3.10639
Bub 21886 0.0186825
  Start: M 3.0825 21673 21694 21695
  3.08333 189.107 0.160614 0.198747 0.437474 0.966771
  End: S 3.08389 22189 22061
Bub 21887 0.00692905
  Start: N 3.08278
  3.08333 529.869 0.237392 0.329408 0.746207 0.902769
  End: S 3.08417 22080 22040
Bub 21889 0.00367754
  Start: S 3.08306 21638
  3.08333 901.971 0.197 0.109667 0.741667 0.891834
  End: M 3.08722 22076
Bub 21890 0.00561295
  Start: S 3.08306 21638
  3.08333 633.66 0.207813 0.0947917 0.753938 0.900661
  End: M 3.08722 22076
Bub 21891 0.0065564
  Start: S 3.08306 21633 21634
  3.08333 560.693 0.101654 0.156569 0.649144 0.882545
  3.09722 555.135 0.0999064 0.152391 0.661592 0.902705
  End: M 3.10056 22192
Bub 21892 0.007314
  Start: S 3.08306 21633 21634
  3.08333 461.435 0.124341 0.123503 0.652768 0.914242
  End: M 3.08833 21968
Bub 21894 0.00310175
  Start: N 3.08333
  3.08333 1064.87 0.335 0.318333 0.758333 0.90326
  End: M 3.08361 22080
Bub 21949 0.00439861
  Start: N 3.08722
  3.09722 762.345 0.208203 0.0143074 0.734221 0.927127
  End: C 3.10139
Bub 21968 0.0081622
  Start: M 3.08833 8041 21892
  3.09722 425.615 0.119424 0.116084 0.658652 0.914573
  3.11111 421.977 0.117004 0.112162 0.661164 0.924472
  3.125 430.769 0.115835 0.108846 0.662862 0.920493
  End: M 3.13472 22471
Bub 21978 0.00417831
  Start: N 3.08889
  3.09722 792.199 0.178333 0.266667 0.41 0.989689
  End: M 3.10639 22218
Bub 21981 0.0037575
  Start: N 3.08917
  3.09722 883.301 0.176667 0.09 0.761667 0.890358
  End: M 3.09778 22175
Bub 21982 0.00367754
  Start: N 3.08917
  3.09722 902.456 0.0296667 0.173 0.745 0.895797
  3.11111 909.006 0.0273423 0.171081 0.74545 0.98839
  3.125 908.962 0.0267054 0.172171 0.746008 0.848201
  3.13889 931.699 0.0270952 0.171667 0.747143 0.914448
  3.15278 903.415 0.0283333 0.173333 0.75 0.949262
  3.16667 901.426 0.0269608 0.172843 0.753039 0.918821
  End: C 3.16972
Bub 21987 0.00693675
  Start: M 3.08972 19632 21459
  3.09722 519.877 0.0271744 0.0980243 0.650143 0.896561
  3.11111 514.846 0.0308918 0.0968573 0.656169 0.92949
  3.125 506.8 0.0318889 0.0948667 0.656644 0.913436
  End: M 3.12833 22373
Bub 22001 0.00947245
  Start: M 3.09056 21533
  3.09722 401.148 0.245863 0.208897 0.576036 0.961918
  End: M 3.10972 22216
Bub 22037 0.0044735
  Start: M 3.09278 21863
  3.09722 740.929 0.15537 0.265741 0.397222 1.01606
  3.11111 828.615 0.155667 0.268667 0.394333 0.958249
  End: S 3.11278 22275 22274
Bub 22040 0.00452806
  Start: N 3.09306
  3.09722 736.267 0.13631 0.200238 0.7575 0.907141
  End: M 3.09972 22175
Bub 22055 0.00432109
  Start: M 3.09444 21461
  3.09722 768.941 0.188836 0.215411 0.724589 0.973546
  End: S 3.0975 22206 22205
Bub 22061 0.0167592
  Start: M 3.09472 21843 21875 21886
  3.09722 233.355 0.191088 0.211439 0.382915 0.965034
  End: M 3.10639 22218
Bub 22062 0.00367754
  Start: S 3.095 19644
  3.09722 902.393 0.0363333 0.328333 0.660333 0.91095
  3.11111 904.884 0.0383333 0.328333 0.66 0.910178
  End: C 3.11167
Bub 22076 0.00633475
  Start: M 3.09611 21889 21890
  3.09722 578.932 0.20642 0.0944638 0.753768 0.863041
  End: S 3.0975 22188 22187
Bub 22077 0.006016
  Start: M 3.09639 21844
  3.09722 601.092 0.34857 0.0563367 0.70055 0.904506
  End: M 3.09833 22151
Bub 22080 0.00541925
  Start: N 3.09667
  3.09722 616.586 0.236759 0.343102 0.746898 0.961004
  End: S 3.0975 22175 22212
Bub 22083 0.00341392
  Start: N 3.09694
  3.09722 974.753 0.0433333 0.311667 0.748333 0.889398
  End: C 3.09889
Bub 22084 0.00541925
  Start: S 3.09722 21875 21886
  3.09722 651.946 0.239282 0.182569 0.422014 0.955287
  End: M 3.10639 22184
Bub 22085 0.00341392
  Start: S 3.09722 21875 21886
  3.09722 974.245 0.226667 0.188333 0.438333 0.955287
  End: C 3.1
Bub 22145 0.00390797
  Start: N 3.1025
  3.11111 853.327 0.329444 0.0783333 0.668333 0.936874
  End: C 3.11722
Bub 22146 0.00390797
  Start: N 3.1025
  3.11111 846.509 0.193889 0.1 0.750556 0.886536
  End: C 3.11944
Bub 22151 0.0062698
  Start: M 3.10278 22077
  3.11111 567.277 0.349694 0.0559118 0.698647 0.899389
  End: M 3.12111 22315
Bub 22184 0.00507125
  Start: M 3.10667 22084
  3.11111 704.648 0.243418 0.181751 0.426864 0.912578
  3.125 687.676 0.247633 0.181836 0.431111 0.962913
  3.13889 687.465 0.250524 0.18119 0.434714 0.962523
  3.15278 656.804 0.257233 0.183285 0.438754 0.996845
  3.16667 658.833 0.261616 0.181818 0.437677 0.909471
  3.18056 660.973 0.263214 0.184018 0.434643 0.99467
  End: M 3.18444 22911
Bub 22187 0.00456372
  Start: S 3.10722 20662 22076
  3.11111 731.566 0.215078 0.0976744 0.749806 0.923385
  3.125 733.856 0.21681 0.0955714 0.751857 0.915047
  3.13889 727.783 0.218725 0.0927451 0.754118 0.913713
  3.15278 730.385 0.220449 0.0892609 0.755029 0.8933
  End: C 3.16111
Bub 22188 0.00591245
  Start: S 3.10722 20662 22076
  3.11111 602.792 0.194893 0.0672995 0.761791 0.925793
  End: M 3.11694 22344
Bub 22189 0.0187782
  Start: M 3.10722 21875 21886
  3.11111 190.243 0.157996 0.18737 0.459811 0.965498
  End: M 3.11306 22345
Bub 22192 0.00656495
  Start: M 3.1075 21891
  3.11111 558.606 0.0954167 0.148086 0.670651 0.923313
  End: S 3.1125 22228 22229
Bub 22202 0.00390797
  Start: N 3.10944
  3.11111 857.219 0.177222 0.124444 0.731667 0.927906
  End: C 3.1125
Bub 22205 0.00390797
  Start: S 3.10972 22055
  3.11111 846.702 0.196111 0.222778 0.729444 0.886213
  End: M 3.11361 22294
Bub 22206 0.00411402
  Start: S 3.10972 22055
  3.11111 806.913 0.179762 0.210714 0.735 0.900278
  End: M 3.11361 22294
Bub 22212 0.00404765
  Start: N 3.11056
  3.11111 821.564 0.0128333 0.0318333 0.762667 0.869777
  End: M 3.11861 22344
Bub 22216 0.009697
  Start: M 3.11083 22001
  3.11111 389.502 0.246354 0.209994 0.583525 0.923364
  End: M 3.11167 22334
Bub 22218 0.0169204
  Start: M 3.11111 21978 22061
  3.11111 231.609 0.190855 0.209671 0.392424 0.957949
  End: M 3.11194 22306
Bub 22228 0.005317
  Start: S 3.1125 22192
  3.125 634.173 0.0790686 0.141176 0.67201 0.921653
  3.13889 641.478 0.073535 0.13655 0.67776 0.9407
  End: M 3.1525 22607
Bub 22259 0.00310175
  Start: N 3.11528
  3.125 1064.89 0.251667 0.331667 0.748333 0.90388
  End: C 3.13194
Bub 22274 0.00341392
  Start: S 3.11694 22037
  3.125 974.468 0.161667 0.273333 0.388333 0.96871
  3.13889 974.086 0.161667 0.27 0.388333 1.01543
  End: M 3.15056 22592
Bub 22275 0.00367754
  Start: S 3.11694 22037
  3.125 903.835 0.148333 0.260333 0.399667 0.967247
  End: M 3.13833 22476
Bub 22294 0.00430127
  Start: S 3.12 22205 22206
  3.125 770.873 0.176944 0.211111 0.743611 0.912123
  End: M 3.13528 22478
Bub 22295 0.00359392
  Start: S 3.12 22205 22206
  3.125 925.03 0.193333 0.225 0.736667 0.906254
  End: C 3.13
Bub 22306 0.0169036
  Start: M 3.12083 21397 22218
  3.125 229.275 0.192722 0.20968 0.401606 0.95226
  End: M 3.13167 22480
Bub 22315 0.00586995
  Start: M 3.12139 22151
  3.125 568.603 0.349754 0.0553825 0.696202 0.917556
  End: M 3.12528 22410
Bub 22326 0.006582
  Start: M 3.12278 21448
  3.125 561.034 0.0499742 0.0554134 0.639703 0.935518
  End: M 3.12889 22477
Bub 22334 0.00972825
  Start: M 3.12417 22216
  3.125 390.349 0.246204 0.211238 0.589734 0.934555
  End: S 3.12556 22358 22357
Bub 22339 0.00367754
  Start: S 3.12472 17369
  3.125 901.605 0.0316667 0.350333 0.710333 1.12629
  3.13889 899.378 0.03 0.353 0.706333 1.00097
  3.15278 903.808 0.027 0.358333 0.700333 0.929324
  End: C 3.16139
Bub 22344 0.0037575
  Start: N 3.125
  3.125 885.094 0.206667 0.133333 0.745 0.910104
  End: M 3.12528 22483
Bub 22345 0.0191198
  Start: M 3.125 14625 22189
  3.125 188.693 0.155353 0.181623 0.469609 0.959161
  End: S 3.12694 22480 22476
Bub 22357 0.00515575
  Start: S 3.12667 22334
  3.13889 676.804 0.228871 0.243629 0.578011 1.02501
  3.15278 679.689 0.228207 0.24298 0.582626 0.938155
  3.16667 644.963 0.225513 0.245737 0.591282 0.951116
  End: M 3.16694 22732
Bub 22358 0.00913625
  Start: S 3.12667 22334
  3.13889 393.843 0.249324 0.205995 0.599285 0.930843
  3.15278 393.83 0.250004 0.207886 0.605513 0.928873
  3.16667 393.748 0.250941 0.2085 0.611338 0.926376
  End: M 3.17278 22803
Bub 22378 0.00367754
  Start: N 3.12833
  3.13889 903.941 0.0116667 0.0296667 0.767 0.915835
  End: M 3.14528 22596
Bub 22410 0.0053558
  Start: M 3.13194 22315
  3.13889 631.265 0.355983 0.0503957 0.700971 0.936975
  3.15278 654.133 0.355441 0.0504412 0.698799 0.930688
  End: M 3.16028 22719
Bub 22471 0.00814005
  Start: M 3.13778 21968
  3.13889 442.105 0.115567 0.106154 0.666421 0.898634
  End: M 3.14 22498
Bub 22473 0.0057721
  Start: S 3.13833 21235 22306 22345
  3.13889 602.109 0.128755 0.221341 0.440077 0.886042
  End: M 3.14139 22598
Bub 22475 0.0043602
  Start: S 3.13833 21235 22306 22345
  3.13889 767.507 0.2002 0.176467 0.4562 0.966942
  End: M 3.13944 22598
Bub 22476 0.0170099
  Start: M 3.13833 21235 22275 22306 22345
  3.13889 228.994 0.192795 0.210399 0.410211 0.950397
  End: S 3.13917 22697 22592
Bub 22477 0.006666
  Start: M 3.13833 22326
  3.13889 566.797 0.0494776 0.0547015 0.638607 0.92371
  End: S 3.14028 22562 22563
Bub 22478 0.00426107
  Start: S 3.13861 22294
  3.13889 779.419 0.176667 0.209952 0.75181 0.904131
  End: M 3.14083 22514
Bub 22479 0.0037575
  Start: S 3.13861 22294
  3.13889 885.254 0.19 0.226667 0.745 0.90673
  End: M 3.14083 22514
Bub 22480 0.0189459
  Start: M 3.13861 21235 22306 22345
  3.13889 188.06 0.15324 0.174092 0.481083 0.954465
  End: S 3.13917 22598 22697
Bub 22483 0.0058051
  Start: N 3.13889
  3.13889 637.995 0.189859 0.0616667 0.758164 0.91141
  End: M 3.13917 22596
Bub 22514 0.00383421
  Start: S 3.14139 22478 22479
  3.15278 874.44 0.176961 0.211667 0.758529 0.921758
  3.16667 872.304 0.177029 0.21157 0.764855 0.885528
  End: M 3.17167 22815
Bub 22515 0.00367754
  Start: S 3.14139 22478 22479
  3.15278 903.608 0.186333 0.229667 0.755 0.914117
  3.16667 899.675 0.186587 0.229921 0.759921 0.930152
  End: M 3.17167 22815
Bub 22547 0.00341392
  Start: S 3.14472 22473 22475 22480
  3.15278 973.143 0.176667 0.248333 0.455 0.99603
  End: C 3.15333
Bub 22562 0.0055178
  Start: S 3.14611 22477
  3.15278 649.776 0.0448684 0.0376974 0.637829 0.940273
  End: M 3.16167 22696
Bub 22566 0.00390797
  Start: N 3.14611
  3.15278 846.738 0.200556 0.346111 0.720556 0.939422
  End: C 3.1625
Bub 22592 0.00518335
  Start: M 3.15056 22274 22476
  3.15278 708.169 0.156508 0.260238 0.394841 0.953588
  3.16667 638.775 0.157 0.256 0.397 0.886342
  End: M 3.16694 22725
Bub 22594 0.00341392
  Start: S 3.15083 22473 22475 22480
  3.15278 974.357 0.128333 0.226667 0.468333 0.946525
  End: M 3.15472 22683
Bub 22596 0.00610625
  Start: N 3.15139
  3.15278 604.132 0.18966 0.062055 0.756311 0.897767
  End: M 3.15306 22682
Bub 22598 0.0188022
  Start: M 3.15167 22473 22475 22480
  3.15278 189.627 0.151512 0.167166 0.491001 0.955581
  End: S 3.15417 22683 22632
Bub 22604 0.00473416
  Start: M 3.1525 7570
  3.15278 763.321 0.276771 0.316667 0.578646 0.956546
  End: M 3.15833 22720
Bub 22606 0.0042201
  Start: S 3.15278 21398 22473 22475 22476 22480
  3.15278 786.532 0.238676 0.240294 0.436667 0.957289
  End: M 3.15306 22697
Bub 22607 0.00562465
  Start: M 3.15278 22228
  3.15278 616.718 0.0676708 0.132578 0.681584 0.987526
  End: M 3.15417 22684
Bub 22616 0.00367754
  Start: N 3.15389
  3.16667 903.469 0.176333 0.251667 0.456333 0.957505
  End: M 3.16944 22782
Bub 22683 0.018691
  Start: M 3.16083 22594 22598
  3.16667 191.613 0.148988 0.162053 0.501004 0.950827
  End: S 3.16861 23075 22737
Bub 22697 0.0171074
  Start: S 3.16222 21398 22473 22475 22476 22480 22606
  3.16667 226.572 0.191136 0.210507 0.429185 0.948875
  End: M 3.16944 22782
Bub 22719 0.0057721
  Start: M 3.16583 22410
  3.16667 620.21 0.354885 0.0512644 0.698927 0.859407
  End: S 3.16722 22729 22728
Bub 22720 0.0052106
  Start: M 3.16611 22604
  3.16667 691.625 0.276302 0.31526 0.578177 0.897081
  End: S 3.16722 22730 22731
Bub 22721 0.0103461
  Start: M 3.16639 21627 21868
  3.16667 384.395 0.183051 0.231653 0.642152 0.92178
  End: M 3.1675 22818
Bub 22728 0.00367754
  Start: S 3.16722 22719
  3.18056 902.545 0.349667 0.0483333 0.680333 0.986421
  3.19444 903.438 0.350227 0.0504545 0.678258 0.901198
  End: C 3.195
Bub 22732 0.0054318
  Start: M 3.16722 22357
  3.18056 647.184 0.224977 0.247989 0.597897 0.915421
  End: S 3.18361 22930 22921
Bub 22737 0.00495393
  Start: S 3.16861 22683
  3.18056 688.771 0.138667 0.230879 0.483545 0.992944
  End: M 3.19222 22911
Bub 22744 0.00452806
  Start: N 3.16944
  3.18056 734.905 0.189048 0.0516667 0.760714 0.909413
  End: M 3.18833 22882
Bub 22782 0.017057
  Start: M 3.17417 22616 22697
  3.18056 225.629 0.189262 0.21002 0.438327 0.954163
  End: M 3.18444 22911
Bub 22803 0.00918455
  Start: M 3.17833 22358
  3.18056 394.457 0.250621 0.210787 0.617192 0.932785
  End: M 3.18611 22883
Bub 22815 0.0052776
  Start: M 3.17972 22514 22515
  3.18056 664.361 0.17906 0.219962 0.768759 0.890199
  End: M 3.18278 22882
Bub 22818 0.0102452
  Start: M 3.18056 22721
  3.18056 384.059 0.182026 0.2355 0.646823 0.917836
  End: S 3.18083 22930 22921
Bub 22882 0.00424068
  Start: N 3.18917
  3.19444 790.857 0.188913 0.0487681 0.761667 0.907809
  End: C 3.19972
Bub 22911 0.0172088
  Start: M 3.19222 22184 22737 22782
  3.19444 226.762 0.188054 0.210475 0.447553 0.950164
  End: S 3.19667 22951 22944
Bub 22924 0.00365009
  Start: N 3.19361
  3.19444 1100.19 0.0102273 0.0303788 0.768333 0.915471
  End: C 3.19556
Bub 22929 0.00495393
  Start: M 3.19417 19721
  3.19444 703.073 0.036303 0.0368485 0.524091 0.836683
  End: S 3.195 22964 22963
Bub 22930 0.0100885
  Start: M 3.19444 22732 22818
  3.19444 401.252 0.181868 0.235997 0.649826 0.943646
  End: S 3.19556 22961 22962
Bub 7527 0.00341392
  Start: N 2.12278
  2.125 971.774 0.265 0.373333 0.678333 0.864659
  2.13889 973.14 0.261667 0.37 0.676667 1.00876
  2.15278 971.835 0.261667 0.369667 0.676333 0.921706
  2.16667 971.989 0.263172 0.366022 0.674946 0.925827
  2.18056 969.094 0.263333 0.363 0.670333 0.929499
  2.19444 975.598 0.265167 0.359833 0.6695 0.939523
  2.19972 975.598 0.264958 0.359599 0.6677 0.887855
  2.20833 971.185 0.265 0.356667 0.665 1.11504
  2.22222 974.193 0.264219 0.353333 0.664115 0.925327
  2.23611 984.111 0.265693 0.348636 0.663745 0.909602
  2.25 981.445 0.265 0.345167 0.662 0.908223
  2.26389 977.201 0.265 0.343039 0.661471 0.89358
  2.27778 970.709 0.263958 0.337396 0.66474 0.87548
  2.29167 987.908 0.265 0.333788 0.666667 0.912245
  2.30556 979.488 0.264 0.3295 0.668 0.957445
  2.31944 971.103 0.263186 0.326814 0.671422 0.91211
  2.33333 968.677 0.260263 0.323596 0.672719 0.935392
  2.34722 968.542 0.256667 0.32 0.673333 0.895394
  2.36111 974.444 0.25586 0.317849 0.676022 0.935567
  2.36639 974.444 0.253824 0.316961 0.676961 0.963363
  2.375 982.625 0.253061 0.314697 0.676939 0.981614
  2.38889 974.531 0.250217 0.31587 0.679493 0.935256
  2.40278 973.623 0.248563 0.316494 0.682931 0.880393
  2.41667 984.337 0.248333 0.318333 0.685 0.914584
  2.43056 979.24 0.248333 0.317982 0.686404 0.92227
  2.44444 989.126 0.247319 0.317029 0.687464 0.925531
  2.45833 972.52 0.248333 0.316667 0.691667 1.05603
  2.47222 981.169 0.249091 0.31803 0.695 0.932773
  2.48611 980.68 0.253889 0.318889 0.695 0.957663
  2.5 972.581 0.259203 0.318333 0.693551 0.891354
  2.51389 971.698 0.261667 0.319 0.693533 0.928868
  2.52778 981.579 0.262222 0.320556 0.691667 0.919561
  2.53306 981.579 0.262222 0.320556 0.691667 0.912895
  2.54167 982.216 0.262222 0.320556 0.691667 0.912984
  2.55556 971.623 0.264583 0.321667 0.6925 0.898987
  2.56944 973.946 0.268559 0.323468 0.693198 0.934644
  2.58333 977.315 0.269394 0.323788 0.693788 0.916925
  2.59722 984.812 0.271667 0.325 0.695 0.911249
  2.61111 976.586 0.275606 0.325952 0.694957 0.84449
  2.625 972.024 0.28 0.325 0.693333 0.923106
  2.63889 973.784 0.282056 0.324307 0.692186 0.879271
  2.65278 979.125 0.286404 0.325 0.691316 0.923643
  2.66667 979.755 0.289737 0.325 0.687982 0.930281
  2.68056 970.988 0.293667 0.325 0.683 0.930232
  2.69444 971.995 0.296823 0.324271 0.677969 0.925493
  2.69972 971.995 0.297436 0.324936 0.677756 0.89421
  2.70833 975.714 0.299286 0.324048 0.674048 1.01172
  2.72222 971.888 0.303333 0.325 0.666667 0.913026
  2.73611 969.13 0.303994 0.323931 0.659403 0.903828
  2.75 968.568 0.306053 0.323596 0.65307 0.908281
  2.76389 972.542 0.305 0.323333 0.646667 0.916483
  2.77778 972.034 0.306159 0.325 0.642826 0.910656
  2.79167 972.153 0.303841 0.32558 0.637174 0.957905
  2.80556 974.312 0.302892 0.327843 0.633333 0.915135
  2.81944 980.029 0.303116 0.328768 0.631087 0.921804
  2.83333 976.047 0.300156 0.333177 0.62875 0.923972
  2.84722 976.018 0.297424 0.336667 0.629091 1.00611
  2.86111 989.78 0.295 0.340455 0.630606 0.879467
  2.86639 989.78 0.295 0.340806 0.630645 0.916458
  2.875 968.493 0.29307 0.343596 0.633947 1.04939
  2.88889 973.163 0.29119 0.347169 0.636323 0.928352
  2.90278 971.735 0.290294 0.353039 0.636176 0.964593
  2.91667 981.42 0.29114 0.35693 0.637281 1.00409
  2.93056 972.894 0.294851 0.356841 0.636791 0.934958
  2.94444 971.355 0.296739 0.358043 0.636449 0.911954
  2.95833 981.489 0.298889 0.358333 0.633889 0.909069
  2.97222 990.441 0.297763 0.357719 0.632105 0.918648
  2.98611 985.077 0.29881 0.358333 0.62881 0.914071
  3 983.015 0.298529 0.358333 0.626961 0.933558
  3.01389 978.682 0.298944 0.356596 0.621432 0.923609
  3.02778 974.647 0.301267 0.356733 0.6182 0.968891
  3.03306 974.647 0.301267 0.356733 0.6182 0.921978
  3.04167 973.453 0.298146 0.353826 0.616455 0.888302
  3.05556 973.417 0.298152 0.351232 0.615181 0.942642
  3.06944 979.626 0.293305 0.346017 0.614209 0.920568
  3.08333 972.452 0.292309 0.340301 0.612229 0.920194
  3.09722 972.084 0.290333 0.337 0.611667 0.944839
  3.11111 976.787 0.288175 0.333889 0.61373 0.929451
  3.125 985.127 0.284645 0.333582 0.615071 0.922718
  3.13889 971.862 0.28 0.335 0.616667 0.954261
  3.15278 971.286 0.279756 0.335772 0.618577 0.889944
  3.16667 970.885 0.279667 0.338333 0.620333 0.958333
  3.18056 968.213 0.279667 0.34 0.623667 0.93637
  3.19444 980.573 0.281316 0.341667 0.626404 0.975945
  3.19972 980.573 0.281667 0.341667 0.626667 0.915827
  End: C 3.20806
Bub 10587 0.0042201
  Start: S 2.31833 10330 10338 10477
  2.31944 843.35 0.0213235 0.0543627 0.706618 0.839401
  2.33333 783.422 0.0194444 0.0572222 0.700556 0.999323
  2.34722 786.648 0.02 0.0583333 0.693333 0.927878
  2.36111 784.296 0.0197024 0.0596429 0.686012 0.913821
  2.36639 784.296 0.0196667 0.0583333 0.683 0.937608
  2.375 792.765 0.0216667 0.06 0.678333 0.974778
  2.38889 784.539 0.0230864 0.0595679 0.672531 0.929055
  2.40278 787.095 0.023 0.0583333 0.666333 0.944629
  2.41667 793.84 0.025 0.06 0.658333 0.907459
  2.43056 787.325 0.029 0.0593077 0.652949 0.927852
  2.44444 792.19 0.0283333 0.0582716 0.64679 0.927392
  2.45833 793.116 0.0318667 0.0596 0.6416 0.930287
  2.47222 785.458 0.0336667 0.0583333 0.636333 0.936443
  2.48611 791.311 0.0351961 0.0597059 0.631667 0.927217
  2.5 786.58 0.037549 0.0601471 0.627108 0.898581
  2.51389 787.573 0.0389063 0.0596875 0.623073 0.914122
  2.52778 785.78 0.0403333 0.0583333 0.619667 0.930836
  2.53306 785.78 0.04 0.0583333 0.618333 0.961092
  2.54167 790.363 0.0423333 0.0593333 0.616667 0.915905
  2.55556 787.205 0.0451449 0.06 0.616449 0.962823
  2.56944 782.771 0.0466667 0.06 0.613333 0.935679
  2.58333 786.476 0.0497619 0.0616667 0.610714 0.904846
  2.59722 783.39 0.0496667 0.0633333 0.607 0.896318
  2.61111 784.161 0.0502632 0.0660526 0.603596 0.926474
  2.625 785.481 0.0526344 0.0684409 0.600645 0.943086
  2.63889 786.608 0.0536111 0.0711111 0.596852 0.949071
  2.65278 784.066 0.0560526 0.0730702 0.593596 0.943731
  2.66667 784.018 0.0567204 0.0767742 0.589839 0.85029
  2.68056 792.381 0.0597368 0.0779825 0.585 0.950114
  2.69444 784.619 0.0597368 0.0797368 0.580614 0.92667
  2.69972 784.619 0.0600282 0.0803107 0.579576 0.885888
  2.70833 786.847 0.0616667 0.0830952 0.576905 0.960896
  2.72222 784.269 0.0630702 0.0864035 0.573947 0.976342
  2.73611 787.955 0.0631373 0.0884314 0.570735 0.940769
  2.75 792.687 0.0633333 0.0916667 0.568333 0.898793
  2.76389 786.91 0.0659091 0.095303 0.566667 0.935519
  2.77778 785.678 0.0665278 0.0977778 0.566389 0.848216
  2.79167 785.745 0.065 0.100333 0.563667 0.98883
  2.80556 789.835 0.065 0.103889 0.565 0.939689
  2.81944 783.617 0.0639474 0.106404 0.56693 0.968909
  2.83333 787.493 0.0636667 0.108333 0.567 0.942844
  2.84722 792.902 0.0645897 0.111667 0.569051 0.909152
  2.86111 783.629 0.0639474 0.11307 0.570263 0.929527
  2.86639 783.629 0.0636667 0.115 0.570333 0.960352
  2.875 791.993 0.0638889 0.115 0.571667 0.945307
  2.88889 788.793 0.0645238 0.117381 0.572381 0.905054
  2.90278 783.692 0.0639474 0.119737 0.573596 0.93195
  2.91667 786.541 0.065 0.121667 0.573333 0.951705
  2.93056 788.99 0.0648333 0.123833 0.5735 0.936754
  2.94444 785.113 0.065 0.126667 0.572879 0.930469
  2.95833 791.225 0.0636275 0.128333 0.571471 0.939223
  2.97222 791.307 0.0643651 0.130503 0.571561 0.940522
  2.98611 782.537 0.065 0.131667 0.575 1.575
  3 797.856 0.065 0.135 0.571667 0.943492
  3.01389 797.42 0.065 0.138333 0.571667 1.03456
  3.02778 787.162 0.0665603 0.138262 0.576702 0.827702
  3.03306 787.162 0.0664035 0.139386 0.57693 0.915566
  3.04167 784.257 0.0663333 0.139667 0.58 0.954165
  3.05556 784.499 0.0663333 0.14 0.583 0.933039
  3.06944 786.756 0.0679048 0.140143 0.586524 0.940512
  3.08333 784.461 0.0666667 0.139667 0.590333 0.916177
  3.09722 787.667 0.0666667 0.138333 0.595 1.0566
  3.11111 784.949 0.0683333 0.137381 0.599286 0.957455
  3.125 786.551 0.0686232 0.136884 0.603261 0.933766
  3.13889 791.953 0.0679825 0.138333 0.606404 0.922641
  3.15278 787.938 0.0666667 0.138333 0.608333 0.935597
  3.16667 792.254 0.0644444 0.138333 0.610556 0.949285
  3.18056 787.203 0.0628333 0.137333 0.611833 0.937655
  3.19444 785.588 0.0616667 0.136667 0.613333 0.855424
  3.19972 785.588 0.063 0.138333 0.613667 0.93973
  3.20833 790.596 0.0620175 0.138333 0.616404 0.928543
  3.22222 788.921 0.0605 0.138333 0.617167 0.92688
  3.23611 788.498 0.0595 0.138167 0.617333 0.931257
  End: C 3.24639
Bub 12632 0.00486217
  Start: N 2.45361
  2.45833 684.41 0.235705 0.296667 0.716987 0.917632
  2.47222 683.761 0.235766 0.299828 0.714732 0.913005
  2.48611 686.866 0.237667 0.305667 0.713333 0.92557
  2.5 684.505 0.238737 0.310152 0.71399 0.995571
  2.51389 684.758 0.241629 0.313951 0.715487 0.884734
  2.52778 685.456 0.243229 0.317083 0.717917 0.942124
  2.53306 685.456 0.244032 0.318333 0.717366 0.925502
  2.54167 687.565 0.245854 0.319634 0.717033 0.925085
  2.55556 689.246 0.246684 0.32232 0.717955 0.952659
  2.56944 690.75 0.249583 0.32375 0.7175 0.935651
  2.58333 690.003 0.25204 0.325029 0.718879 0.901341
  2.59722 685.391 0.254408 0.325218 0.720607 0.899542
  2.61111 681.755 0.254962 0.328103 0.721628 0.923039
  2.625 689.21 0.256917 0.329125 0.72125 0.960307
  2.63889 685.404 0.257011 0.331088 0.722796 0.930584
  2.65278 681.113 0.256739 0.333116 0.721957 0.98662
  2.66667 689.561 0.257305 0.334408 0.719517 0.922506
  2.68056 685.9 0.256987 0.336616 0.718266 0.919041
  2.69444 690.227 0.257786 0.33875 0.717188 0.915144
  2.69972 690.227 0.256667 0.339792 0.715521 0.937749
  2.70833 691.304 0.258129 0.340965 0.715906 0.913437
  2.72222 686.687 0.260243 0.343964 0.715939 0.919455
  2.73611 686.529 0.261989 0.34672 0.715215 0.921516
  2.75 685.205 0.263241 0.35 0.714907 0.876329
  2.76389 688.484 0.265444 0.352556 0.714222 0.911158
  2.77778 686.497 0.266979 0.353958 0.714063 0.901312
  2.79167 694.542 0.271418 0.355638 0.712305 0.924685
  2.80556 686.937 0.270714 0.357857 0.712313 0.948915
  2.81944 684.913 0.272391 0.359674 0.712138 0.90963
  2.83333 690.848 0.272843 0.360126 0.712199 0.91153
  2.84722 686.31 0.27185 0.360092 0.71206 0.876973
  2.86111 682.529 0.272143 0.358929 0.713452 0.926922
  2.86639 682.529 0.271889 0.358556 0.713778 0.921399
  2.875 684.829 0.2705 0.358067 0.716367 0.909239
  2.88889 689.245 0.269883 0.359766 0.718012 0.919075
  2.90278 688.196 0.268955 0.361158 0.719633 0.887663
  2.91667 714.665 0.268471 0.36177 0.722148 0.901114
  2.93056 683.901 0.268636 0.363636 0.727121 0.904687
  2.94444 687.119 0.266467 0.365667 0.7301 0.93614
  2.95833 680.319 0.261078 0.368922 0.732059 0.881224
  2.97222 683.238 0.260521 0.372396 0.732813 0.929331
  2.98611 686.503 0.258503 0.374558 0.732619 0.915543
  3 686.532 0.257483 0.377585 0.733333 0.91367
  3.01389 689.364 0.25631 0.38253 0.731518 0.901665
  3.02778 701.069 0.25399 0.384192 0.733182 0.910554
  3.03306 701.069 0.253978 0.385215 0.732124 0.854408
  3.04167 693.341 0.252387 0.386081 0.735 0.915698
  3.05556 696.559 0.251309 0.386598 0.73792 0.867479
  3.06944 696.43 0.251142 0.384963 0.742154 0.909071
  3.08333 686.027 0.251364 0.385 0.745152 0.953935
  3.09722 693.992 0.249889 0.385 0.746444 0.915506
  3.11111 690.046 0.251538 0.385 0.749872 0.95045
  3.125 683.075 0.251196 0.383745 0.752333 0.915094
  3.13889 684.16 0.250094 0.383428 0.754717 0.866452
  3.15278 691.104 0.2506 0.3814 0.755 1.02372
  3.16667 691.603 0.250185 0.380926 0.755 0.919584
  3.18056 697.036 0.249946 0.380161 0.754355 0.915931
  3.19444 697.691 0.248551 0.37933 0.753505 0.913697
  3.19972 697.691 0.247667 0.38 0.753667 0.910394
  3.20833 688.419 0.247796 0.380484 0.753602 0.908954
  End: M 3.21 23274
Bub 13580 0.00518335
  Start: S 2.50694 13476
  2.51389 643.919 0.335238 0.0292857 0.647751 0.907282
  2.52778 647.077 0.332452 0.0297857 0.643548 0.934236
  2.53306 647.077 0.333211 0.0302206 0.642868 0.928052
  2.54167 650.994 0.333434 0.0315909 0.63904 0.945769
  2.55556 657.203 0.331939 0.032415 0.635408 0.936295
  2.56944 656.764 0.331147 0.0322813 0.630934 0.910946
  2.58333 663.897 0.330312 0.0328862 0.627276 0.917078
  2.59722 665.021 0.329586 0.0336998 0.622825 0.939662
  2.61111 668.493 0.329 0.0338148 0.61937 0.949297
  2.625 657.604 0.326353 0.0330201 0.614223 0.964969
  2.63889 663.897 0.326987 0.0350221 0.610033 0.922242
  2.65278 665.005 0.325598 0.0355128 0.605 0.933516
  2.66667 654.095 0.324685 0.0363648 0.599331 0.956697
  2.68056 654.197 0.322642 0.0369512 0.593862 0.943567
  2.69444 656.316 0.321667 0.035 0.588333 1.05528
  2.69972 656.316 0.321667 0.0356061 0.586212 0.947332
  2.70833 653.891 0.320891 0.0381783 0.582984 0.946333
  2.72222 662.052 0.32068 0.0383867 0.577933 0.924803
  2.73611 645.976 0.32026 0.0408442 0.574978 0.906068
  2.75 648.322 0.319095 0.0416429 0.570214 0.937253
  2.76389 649.28 0.319965 0.0449764 0.566229 0.957299
  2.77778 656.977 0.319686 0.0449057 0.563396 0.941151
  2.79167 641.554 0.322146 0.0437626 0.562323 0.880726
  2.80556 657.469 0.320702 0.0445614 0.559561 0.948754
  2.81944 644.588 0.321804 0.0443113 0.557507 0.967106
  2.83333 642.555 0.322419 0.0440977 0.556153 0.947164
  2.84722 646.47 0.322417 0.0420556 0.554333 0.938349
  2.86111 643.055 0.32329 0.0436377 0.553638 0.948055
  2.86639 643.055 0.323211 0.0423713 0.552507 0.950402
  2.875 643.611 0.324371 0.043239 0.551824 0.945547
  2.88889 642.869 0.323718 0.0441841 0.549848 0.949432
  2.90278 642.515 0.323958 0.0436343 0.54706 0.935884
  2.91667 643.764 0.327397 0.0441324 0.543927 0.94652
  2.93056 642.055 0.329182 0.0449091 0.540182 0.945975
  2.94444 645.752 0.330373 0.0452736 0.53694 0.938023
  2.95833 647.916 0.331107 0.0464842 0.533856 0.926913
  2.97222 646.62 0.331353 0.0468234 0.52896 0.943488
  2.98611 641.599 0.333841 0.0497101 0.526425 0.959202
  3 643.225 0.33451 0.051201 0.523431 0.941713
  3.01389 643.9 0.334697 0.0528089 0.522436 0.939344
  3.02778 639.68 0.335769 0.055 0.523376 0.945195
  3.03306 639.68 0.335398 0.0560448 0.523781 0.942559
  3.04167 645.017 0.336176 0.0583333 0.522157 1.00114
  3.05556 647.416 0.336185 0.0601852 0.522704 0.953765
  3.06944 649.87 0.335427 0.062094 0.524145 0.952768
  3.08333 649.84 0.335163 0.0647561 0.524106 0.956497
  3.09722 649.772 0.333481 0.0679747 0.524346 0.912454
  3.11111 655.143 0.33162 0.069662 0.525047 0.930608
  3.125 647.354 0.329109 0.0716408 0.523708 1.00611
  3.13889 655.186 0.329787 0.0737218 0.523221 0.947983
  3.15278 648.301 0.326962 0.0754301 0.523091 0.956152
  3.16667 658.597 0.327196 0.0766796 0.522209 0.950151
  3.18056 653.559 0.327906 0.0793162 0.521667 0.974073
  3.19444 659.705 0.327173 0.0801688 0.51884 0.971823
  3.19972 659.705 0.32813 0.0818193 0.518588 0.933927
  3.20833 664.356 0.328905 0.0825 0.517619 0.937107
  3.22222 668.629 0.331667 0.0866 0.517107 0.953531
  3.23611 673.278 0.332687 0.0895025 0.516468 0.94886
  End: M 3.24667 23563
Bub 16128 0.005251
  Start: M 2.66417 10329
  2.66667 658.304 0.0873664 0.0527608 0.635585 0.976434
  2.68056 635.443 0.0925084 0.0563131 0.628098 0.956353
  2.69444 632.924 0.0938685 0.0581804 0.624664 0.931016
  2.69972 632.924 0.0952752 0.0593425 0.623226 0.994304
  2.70833 636.039 0.0966667 0.06075 0.619778 0.919165
  2.72222 637.477 0.0994086 0.0627419 0.615215 0.933102
  2.73611 646.788 0.100429 0.0662381 0.61281 0.933651
  2.75 644.9 0.101899 0.0687971 0.610188 0.916073
  2.76389 635.201 0.103036 0.071756 0.608274 0.923945
  2.77778 646.101 0.104417 0.0735 0.605944 0.939655
  2.79167 635.234 0.102736 0.0769497 0.60761 0.919537
  2.80556 637.807 0.104104 0.0788095 0.604748 0.935495
  2.81944 645.886 0.104896 0.0805208 0.604167 0.963932
  2.83333 644.652 0.103515 0.0819468 0.603207 0.853381
  2.84722 643.504 0.10381 0.0835034 0.602517 0.95099
  2.86111 643.485 0.106475 0.0857377 0.601858 0.943564
  2.86639 643.485 0.106475 0.0857377 0.601858 0.923052
  2.875 639.449 0.10665 0.0863592 0.600469 0.929253
  2.88889 648.171 0.109412 0.0886275 0.59951 0.932047
  2.90278 634.768 0.110052 0.0903608 0.599124 0.925765
  2.91667 635.133 0.110812 0.0900712 0.597906 0.931801
  2.93056 636.404 0.112888 0.0928626 0.596247 0.94568
  2.94444 636.989 0.113552 0.0939899 0.594192 0.93905
  2.95833 639.416 0.115399 0.0963105 0.593661 0.912893
  2.97222 646.883 0.117342 0.0972523 0.590856 0.940008
  2.98611 632.222 0.119762 0.101095 0.592333 0.921156
  3 631.9 0.121322 0.103621 0.590862 0.93488
  3.01389 631.795 0.124663 0.105824 0.589831 0.925966
  3.02778 635.335 0.127232 0.108884 0.590046 0.932489
  3.03306 635.335 0.129391 0.108942 0.590192 0.918349
  3.04167 631.427 0.129684 0.111351 0.591322 0.904223
  3.05556 633.36 0.133462 0.11359 0.593205 0.897107
  3.06944 631.537 0.134622 0.11579 0.595481 0.954255
  3.08333 631.769 0.137281 0.118246 0.598509 0.964001
  3.09722 634.231 0.139218 0.12031 0.603024 0.952805
  3.11111 631.448 0.141289 0.122251 0.605687 0.945126
  3.125 635.556 0.142414 0.124595 0.609953 0.936637
  3.13889 636.111 0.143696 0.125 0.613116 0.909205
  3.15278 633.777 0.147313 0.128231 0.619354 0.88017
  3.16667 638.364 0.151519 0.130358 0.62263 0.900446
  3.18056 630.789 0.15852 0.13468 0.626867 0.826505
  3.19444 648.021 0.163471 0.132737 0.632431 0.918963
  3.19972 648.021 0.163491 0.132673 0.635503 0.980051
  3.20833 633.7 0.17 0.131038 0.645629 0.935919
  3.22222 640.264 0.169066 0.126465 0.655952 0.895717
  3.23611 635.38 0.167743 0.126681 0.665265 0.816492
  3.25 645.564 0.16657 0.126643 0.671256 0.863929
  End: M 3.25722 23601
Bub 17179 0.00424068
  Start: S 2.73444 16977 16987
  2.73611 783.134 0.143116 0.142536 0.451232 1.03273
  2.75 788.271 0.141667 0.140556 0.452222 0.941865
  2.76389 790.058 0.13973 0.140811 0.454099 0.923514
  2.77778 786.862 0.134651 0.139922 0.45314 0.898812
  2.79167 785.757 0.132849 0.138548 0.453656 0.988033
  2.80556 781.683 0.133133 0.1334 0.455267 0.987879
  2.81944 782.327 0.131667 0.133333 0.453333 1.04166
  2.83333 787.808 0.133061 0.133606 0.455303 0.943988
  2.84722 782.902 0.135 0.133619 0.460286 0.941745
  2.86111 783.868 0.134848 0.136212 0.464091 0.981747
  2.86639 783.868 0.134722 0.135278 0.466944 0.924392
  2.875 782.75 0.135509 0.134907 0.469769 0.97759
  2.88889 781.751 0.135047 0.136315 0.476455 0.949041
  2.90278 783.738 0.135152 0.135909 0.482879 1.00144
  2.91667 784.661 0.135108 0.135 0.488387 0.965864
  2.93056 783.967 0.137713 0.137829 0.494961 0.94554
  2.94444 789.845 0.140747 0.140977 0.499713 1.01817
  2.95833 789.143 0.143333 0.145 0.501667 1.02434
  2.97222 783.868 0.146111 0.151389 0.503056 0.944614
  2.98611 784.792 0.145822 0.15532 0.506279 0.967491
  3 779.702 0.143333 0.16 0.51 0.987663
  3.01389 783.894 0.143333 0.164242 0.512576 0.933786
  3.02778 787.387 0.143186 0.168088 0.514902 0.959644
  3.03306 787.387 0.141879 0.168582 0.515496 0.94212
  3.04167 789.463 0.141667 0.171333 0.518167 0.978932
  3.05556 783.119 0.140709 0.171844 0.521099 0.853451
  3.06944 784.249 0.13903 0.17291 0.526741 0.920886
  3.08333 779.241 0.136845 0.173155 0.532798 1.25711
  3.09722 781.361 0.136373 0.175343 0.536667 0.958528
  3.11111 782.819 0.133841 0.175 0.542826 0.968184
  3.125 785.122 0.131494 0.175173 0.547121 0.907247
  3.13889 781.418 0.131957 0.173551 0.553406 0.964713
  3.15278 782.964 0.131364 0.172879 0.559697 0.922044
  3.16667 782.225 0.131364 0.172879 0.565909 0.94497
  3.18056 786.183 0.131316 0.170263 0.571667 0.907186
  3.19444 789.545 0.132222 0.171667 0.577222 0.930108
  3.19972 789.545 0.132791 0.170581 0.58 0.968235
  End: M 3.20694 23075
Bub 18348 0.0046505
  Start: N 2.80944
  2.81944 714.934 0.138956 0.272509 0.60522 0.944402
  2.83333 716.167 0.143826 0.274531 0.608427 0.996455
  2.84722 718.007 0.145952 0.273571 0.610714 0.930005
  2.86111 716.69 0.153116 0.274565 0.61413 0.982386
  2.86639 716.69 0.154848 0.28 0.615303 0.729301
  2.875 717.822 0.157982 0.280263 0.615 0.979292
  2.88889 713.501 0.168333 0.2818 0.616467 0.976468
  2.90278 717.212 0.176292 0.276542 0.6205 1.02417
  2.91667 722.474 0.180464 0.273694 0.623419 0.938692
  2.93056 712.907 0.186667 0.27 0.628857 0.87813
  2.94444 713.746 0.191742 0.267846 0.635449 0.92374
  2.95833 715.824 0.19496 0.265635 0.639643 0.953191
  2.97222 714.434 0.201593 0.265481 0.643222 0.910358
  2.98611 715.42 0.208676 0.26348 0.647402 0.959347
  3 717.666 0.212417 0.261875 0.652375 0.905771
  3.01389 714.885 0.218333 0.259028 0.656944 0.902398
  3.02778 712.166 0.223333 0.256111 0.660556 0.940954
  3.03306 712.166 0.22327 0.256055 0.66327 0.900432
  3.04167 713.956 0.226505 0.255054 0.666022 0.889668
  3.05556 714.851 0.231042 0.25125 0.671146 0.901055
  3.06944 714.467 0.234359 0.247821 0.676923 0.901073
  3.08333 713.941 0.238855 0.244398 0.683273 0.938427
  3.09722 717.969 0.24307 0.242018 0.691667 0.93469
  3.11111 719.914 0.246751 0.241667 0.69839 0.943619
  3.125 713.579 0.249865 0.238559 0.703468 0.851337
  3.13889 716.05 0.25381 0.23869 0.706071 0.947561
  3.15278 712.4 0.256872 0.239795 0.711027 0.912105
  3.16667 725.213 0.259783 0.238333 0.713696 0.906427
  3.18056 713.142 0.263333 0.238333 0.72 0.97692
  3.19444 713.431 0.266875 0.238333 0.725521 0.91298
  3.19972 713.431 0.268571 0.239524 0.728095 0.902101
  3.20833 712.718 0.269861 0.239722 0.731111 0.930619
  3.22222 712.077 0.270375 0.24125 0.735542 0.903919
  3.23611 710.611 0.27307 0.243947 0.740263 0.865589
  3.25 715.943 0.2726 0.244867 0.743933 0.891616
  3.26389 715.481 0.275897 0.247692 0.746923 0.893586
  End: M 3.27417 23757
Bub 18409 0.00544425
  Start: S 2.81389 16233 18264
  2.81944 613.253 0.110434 0.178037 0.4671 0.979912
  2.83333 612.944 0.109134 0.177196 0.471279 1.0472
  2.84722 616.105 0.109126 0.177471 0.473881 0.954719
  2.86111 619.142 0.106899 0.176118 0.477511 0.940939
  2.86639 619.142 0.107711 0.177289 0.477831 0.958981
  2.875 614.834 0.104949 0.175934 0.481843 0.993618
  2.88889 615.282 0.103598 0.176494 0.485184 1.01158
  2.90278 617.303 0.103949 0.176432 0.487908 0.955762
  2.91667 622.226 0.102979 0.176271 0.48975 0.947337
  2.93056 626.256 0.101 0.176039 0.49202 0.964375
  2.94444 621.374 0.100504 0.175736 0.494322 0.952048
  2.95833 622.831 0.0983803 0.175423 0.496479 0.970556
  2.97222 621.788 0.0986345 0.173373 0.499337 0.95005
  2.98611 615.703 0.0993655 0.173697 0.503646 0.948564
  3 615.086 0.100644 0.172822 0.507955 0.957845
  3.01389 610.815 0.101443 0.17063 0.511911 0.92518
  3.02778 609.426 0.100154 0.17125 0.516798 0.944068
  3.03306 609.426 0.0996875 0.171458 0.5185 0.942365
  3.04167 613.283 0.0990417 0.171438 0.522229 0.93301
  3.05556 615.753 0.0988095 0.171957 0.526387 0.943784
  3.06944 615.925 0.0994298 0.172478 0.532675 0.944901
  3.08333 617.77 0.0992771 0.173715 0.536486 0.930183
  3.09722 615.329 0.1 0.174957 0.542329 0.956295
  3.11111 614.918 0.101751 0.17521 0.54804 0.939529
  3.125 621.364 0.100346 0.176426 0.552254 0.95176
  3.13889 619.89 0.0995376 0.177882 0.557473 0.949118
  3.15278 621.015 0.0997429 0.179743 0.561438 0.937434
  3.16667 623.368 0.0999007 0.181623 0.56553 0.936266
  3.18056 615.95 0.0993056 0.183016 0.570258 0.937666
  3.19444 622.461 0.0983696 0.184583 0.573043 0.939811
  3.19972 622.461 0.0990385 0.185406 0.575684 0.9511
  3.20833 622.727 0.0984979 0.186811 0.576975 0.931923
  End: M 3.2175 23249
Bub 19216 0.00434074
  Start: S 2.88861 15725
  2.88889 763.823 0.331486 0.0998198 0.686622 0.900701
  2.90278 766.068 0.331914 0.100679 0.687346 0.924562
  2.91667 762.134 0.32859 0.103718 0.688077 0.914672
  2.93056 766.144 0.327969 0.103802 0.687396 0.92187
  2.94444 764.374 0.325216 0.105476 0.687294 0.904873
  2.95833 764.524 0.323198 0.106937 0.688063 0.896635
  2.97222 768.084 0.321444 0.109667 0.687667 0.918366
  2.98611 763.348 0.32 0.11 0.691667 0.89505
  3 764.299 0.318167 0.112667 0.693833 0.92894
  3.01389 763.207 0.317778 0.113056 0.696806 0.907053
  3.02778 766.738 0.316423 0.111929 0.700506 0.904782
  3.03306 766.738 0.316667 0.112692 0.702692 0.91043
  3.04167 766.638 0.316935 0.111452 0.70586 0.896016
  3.05556 764.378 0.315402 0.111586 0.71006 0.890284
  3.06944 765.622 0.315784 0.110441 0.716373 0.896793
  3.08333 767.449 0.315769 0.108846 0.720897 0.890424
  3.09722 765.079 0.317778 0.108111 0.726333 0.894051
  3.11111 764.958 0.320063 0.105084 0.729937 0.908151
  3.125 764.512 0.32 0.105303 0.735909 0.932955
  3.13889 765.59 0.323056 0.101944 0.739444 0.899389
  3.15278 763.855 0.324506 0.102284 0.743025 0.931658
  3.16667 781.107 0.326198 0.0994792 0.747135 0.910344
  3.18056 776.37 0.327716 0.0991975 0.750432 0.892488
  3.19444 768.385 0.32875 0.0984167 0.753833 0.884602
  3.19972 768.385 0.328768 0.098913 0.755 0.942697
  3.20833 766.108 0.331463 0.0989024 0.756301 0.919676
  3.22222 773.147 0.332566 0.0987453 0.757472 0.894701
  End: C 3.22694
Bub 19266 0.00404765
  Start: N 2.89444
  2.90278 830.244 0.025 0.354833 0.742 1.05649
  2.91667 819.325 0.0263333 0.357 0.738333 0.98196
  2.93056 819.707 0.025 0.360333 0.736333 0.9105
  2.94444 822.04 0.025 0.363333 0.733333 0.905009
  2.95833 828.352 0.0241304 0.365145 0.728913 0.954419
  2.97222 821.111 0.025 0.366333 0.723667 0.929071
  2.98611 820.231 0.025 0.37 0.72 0.921711
  3 820.875 0.025 0.37 0.715 0.91191
  3.01389 824.667 0.0249333 0.3696 0.711467 0.942575
  3.02778 823.721 0.0239785 0.369677 0.707366 0.904914
  3.03306 823.721 0.0239617 0.368607 0.705874 0.90598
  3.04167 820.002 0.025 0.366773 0.703227 0.967423
  3.05556 819.501 0.0235246 0.368224 0.699153 0.868305
  3.06944 819.732 0.0233333 0.36799 0.693039 0.930385
  3.08333 820.443 0.0233333 0.366667 0.688333 0.893955
  3.09722 820.403 0.025 0.366884 0.68413 0.89262
  3.11111 822.037 0.0266667 0.368333 0.678333 0.982805
  3.125 817.41 0.0302632 0.367281 0.673596 0.893332
  3.13889 827.892 0.0316667 0.368333 0.67 0.918918
  3.15278 834.49 0.0335714 0.368333 0.665952 0.910159
  3.16667 846.81 0.0333333 0.368333 0.661667 0.931839
  3.18056 826.363 0.0316667 0.368333 0.656667 0.827893
  3.19444 819.169 0.0313636 0.369242 0.650455 0.980562
  3.19972 819.169 0.0316667 0.368333 0.647222 0.921157
  3.20833 818.274 0.0294444 0.369444 0.643333 0.991729
  3.22222 822.059 0.0315258 0.368474 0.637441 0.897897
  3.23611 819.331 0.0303333 0.368333 0.630333 0.954809
  3.25 817.577 0.0316667 0.369286 0.624048 0.909249
  3.26389 826.272 0.0313158 0.368333 0.619737 0.935028
  3.27778 820.741 0.0303333 0.368333 0.613667 0.932556
  3.29167 820.788 0.03 0.368333 0.608333 1.04774
  3.30556 821.029 0.0296667 0.369667 0.605 0.936975
  3.31944 827.24 0.0297368 0.367982 0.601667 0.930244
  End: C 3.32111
Bub 19444 0.00484654
  Start: N 2.91194
  2.91667 685.156 0.145453 0.238786 0.615453 0.77608
  2.93056 686.042 0.152083 0.237292 0.622333 0.919873
  2.94444 691.817 0.151471 0.239706 0.631667 1.19493
  2.95833 685.262 0.154518 0.238133 0.638775 0.954265
  2.97222 691.771 0.152193 0.236404 0.643947 0.953055
  2.98611 711.504 0.15031 0.237016 0.648411 0.898169
  3 734.494 0.146333 0.2414 0.654867 0.925416
  3.01389 690.361 0.144128 0.245 0.662436 0.906604
  3.02778 690.651 0.142111 0.244333 0.671111 0.906716
  3.03306 690.651 0.14 0.245 0.675 0.929508
  3.04167 698.388 0.140238 0.245 0.680238 0.884178
  3.05556 691.147 0.133689 0.246723 0.686948 1.01468
  3.06944 685.103 0.132246 0.246159 0.696594 0.906727
  3.08333 685.221 0.128476 0.246524 0.702905 0.87669
  3.09722 685.951 0.128544 0.246055 0.710105 0.911228
  3.11111 682.883 0.126667 0.246667 0.715 0.93835
  3.125 686.8 0.124811 0.249432 0.71822 0.882133
  3.13889 695.286 0.122749 0.248947 0.721228 0.8683
  3.15278 683.189 0.119722 0.247778 0.729722 0.866426
  3.16667 686.635 0.11784 0.248086 0.730679 0.904905
  3.18056 687.359 0.114583 0.247083 0.7325 0.907614
  3.19444 686.839 0.112308 0.247436 0.733077 0.935987
  3.19972 686.839 0.112262 0.247937 0.733373 0.874606
  3.20833 682.686 0.109386 0.246404 0.736404 0.878219
  3.22222 686.181 0.107464 0.246449 0.736159 0.909907
  3.23611 682.133 0.104783 0.247609 0.73529 0.861704
  3.25 684.39 0.101933 0.248067 0.7366 0.913354
  3.26389 684.787 0.0995055 0.249176 0.735842 0.849191
  3.27778 684.071 0.0963889 0.250972 0.736944 0.872678
  3.29167 686.182 0.0916197 0.251291 0.736596 0.941118
  3.30556 685.123 0.0868137 0.254755 0.73652 0.991771
  3.31944 685.469 0.0831569 0.254961 0.735549 0.887577
  End: M 3.32417 24156
Bub 19496 0.0199379
  Start: N 2.91694
  2.93056 176.249 0.20043 0.20775 0.141245 1
  2.94444 176.249 0.20043 0.20775 0.141245 1
  2.95833 176.249 0.20043 0.20775 0.141245 1
  2.97222 176.249 0.20043 0.20775 0.141245 1
  2.98611 176.249 0.20043 0.20775 0.141245 1
  3 176.249 0.20043 0.20775 0.141245 1
  3.01389 176.249 0.20043 0.20775 0.141245 1
  3.02778 176.249 0.20043 0.20775 0.141245 1
  3.03306 176.249 0.20043 0.20775 0.141245 1
  3.04167 176.249 0.20043 0.20775 0.141245 1
  3.05556 176.159 0.200429 0.20777 0.141253 1
  3.06944 170.74 0.200449 0.206719 0.146532 1.03663
  3.08333 169.552 0.200311 0.205665 0.152752 1.0272
  3.09722 168.991 0.200842 0.204417 0.160308 1.0194
  3.11111 168.324 0.20113 0.203479 0.168911 1.0122
  3.125 168.949 0.201323 0.202519 0.177589 1.01257
  3.13889 169.535 0.201386 0.20186 0.186045 1.0055
  3.15278 170.035 0.201784 0.201637 0.19393 1.00245
  3.16667 171.675 0.202118 0.201467 0.201964 1.00373
  3.18056 172.716 0.202245 0.201125 0.209728 1.0024
  3.19444 173.244 0.202206 0.200925 0.218199 1.00469
  3.19972 173.244 0.202217 0.200785 0.221236 1.00332
  3.20833 173.646 0.20211 0.200852 0.226424 1.00231
  3.22222 173.937 0.201841 0.200836 0.23469 1.00343
  3.23611 174.393 0.201456 0.200674 0.242855 1.00779
  3.25 174.768 0.200807 0.200102 0.252068 1.00485
  3.26389 175.006 0.20017 0.199554 0.261357 1.00264
  3.27778 178.409 0.199161 0.199544 0.270134 0.997087
  3.29167 178.334 0.199121 0.199754 0.278879 0.997744
  3.30556 178.026 0.199148 0.199304 0.288404 0.995336
  End: M 3.31083 23972
Bub 19950 0.00373123
  Start: N 2.95528
  2.95833 889.216 0.121738 0.0265603 0.74656 0.96381
  2.97222 889.61 0.123214 0.0254762 0.745 0.902323
  2.98611 891.74 0.126358 0.0275926 0.741173 0.925714
  3 892.405 0.1242 0.0319333 0.741933 0.921552
  3.01389 894.886 0.122241 0.0328161 0.740977 0.905403
  3.02778 899.06 0.120125 0.0328333 0.739667 0.892423
  3.03306 899.06 0.119784 0.0329216 0.739118 0.897936
  3.04167 888.877 0.120139 0.0322685 0.736852 0.87898
  3.05556 890.582 0.117308 0.0328205 0.735 0.898856
  3.06944 890.155 0.116733 0.0320667 0.733 0.879832
  3.08333 894.386 0.117308 0.0335897 0.733333 0.9042
  3.09722 894.868 0.117784 0.0337451 0.730216 0.911367
  3.11111 893.986 0.117364 0.034031 0.728721 0.922076
  3.125 894.404 0.116991 0.0336147 0.726991 0.930054
  3.13889 899.964 0.116028 0.0345745 0.724965 0.929228
  3.15278 894.766 0.116449 0.0355797 0.722101 0.934263
  3.16667 889.947 0.116111 0.0352778 0.719722 0.889965
  3.18056 895.238 0.115 0.0353509 0.71693 0.911082
  3.19444 893.396 0.115 0.0397368 0.714649 0.890685
  3.19972 893.396 0.114091 0.0404545 0.71197 0.934411
  3.20833 888.647 0.1142 0.0415333 0.7114 0.89524
  End: M 3.21444 23269
Bub 20363 0.00471767
  Start: S 2.985 20137
  2.98611 709.383 0.116825 0.367035 0.604614 0.927672
  3 715.568 0.120028 0.365 0.602458 0.931116
  3.01389 712.653 0.123205 0.361442 0.601058 0.941062
  3.02778 710.303 0.126433 0.357667 0.598567 0.985007
  3.03306 710.303 0.126306 0.357199 0.599055 0.914678
  3.04167 719.852 0.12854 0.354174 0.597596 0.941369
  3.05556 728.984 0.129986 0.351022 0.597689 0.932128
  3.06944 731.718 0.134056 0.346298 0.595737 0.909122
  3.08333 723.781 0.136401 0.341863 0.595364 0.941797
  3.09722 719.105 0.138143 0.338238 0.595571 0.948102
  3.11111 706.809 0.140062 0.333395 0.596728 0.998191
  3.125 709.043 0.142845 0.329882 0.594865 0.92961
  3.13889 706.921 0.143557 0.326615 0.595137 0.944805
  3.15278 704.72 0.144894 0.323227 0.594929 0.90613
  3.16667 703.651 0.145 0.318835 0.595796 0.944488
  3.18056 703.03 0.145174 0.315174 0.595313 0.940479
  3.19444 704.637 0.146155 0.312195 0.594835 0.923845
  3.19972 704.637 0.146504 0.311254 0.593053 0.935995
  3.20833 712.594 0.147014 0.310104 0.592986 0.939237
  3.22222 713.192 0.147014 0.306771 0.592986 0.929201
  3.23611 706.668 0.146615 0.303282 0.594931 0.940959
  3.25 704.232 0.146553 0.300909 0.595417 0.937032
  3.26389 704.55 0.146905 0.297738 0.596071 0.931026
  3.27778 708.65 0.146889 0.295778 0.596444 0.933794
  3.29167 703.315 0.14623 0.293285 0.599078 0.935929
  3.30556 700.71 0.146825 0.289206 0.601111 0.940867
  3.31944 704.04 0.145617 0.287346 0.604012 0.952571
  3.33333 704.676 0.145 0.285 0.609048 0.928818
  End: M 3.34556 24277
Bub 20417 0.00390797
  Start: N 2.98917
  3 854.632 0.125 0.173333 0.541667 0.89055
  3.01389 849.946 0.123 0.178333 0.549667 1.12381
  3.02778 847.801 0.120057 0.18023 0.553678 0.869998
  3.03306 847.801 0.119952 0.181857 0.556667 0.868808
  3.04167 847.922 0.119783 0.181957 0.559928 0.946795
  3.05556 848.686 0.11951 0.183627 0.566373 0.935473
  3.06944 846.299 0.116746 0.183413 0.570079 1.03126
  3.08333 849.482 0.1166 0.183667 0.5754 0.92126
  3.09722 846.26 0.11693 0.183596 0.580614 0.984536
  3.11111 845.687 0.119528 0.180472 0.590472 0.95323
  3.125 856.037 0.12197 0.179909 0.598455 0.870323
  3.13889 864.184 0.126905 0.182619 0.608333 0.956806
  3.15278 848.175 0.12951 0.183627 0.616373 0.931473
  3.16667 850.114 0.13 0.181667 0.623333 0.895841
  3.18056 850.241 0.131305 0.182149 0.62994 0.774433
  3.19444 847.327 0.13 0.181667 0.636667 0.989318
  3.19972 847.327 0.13141 0.183333 0.638462 0.933186
  3.20833 848.12 0.132306 0.183128 0.643128 0.869802
  3.22222 855.701 0.132018 0.181667 0.64693 0.965372
  3.23611 861.781 0.135 0.181667 0.651667 0.981146
  3.25 850.26 0.133333 0.181667 0.656667 0.924751
  3.26389 857.577 0.134444 0.181667 0.662778 0.906161
  3.27778 861.687 0.135 0.181667 0.668333 0.967024
  3.29167 857.167 0.135 0.183333 0.675 0.932473
  3.30556 848.287 0.136111 0.182778 0.683333 0.957894
  End: M 3.31361 24038
Bub 20528 0.00439861
  Start: M 2.99611 13657
  3 755.361 0.289935 0.265043 0.723355 0.890498
  3.01389 756.087 0.289867 0.2685 0.723267 0.886229
  3.02778 752.032 0.293333 0.275 0.723889 0.893439
  3.03306 752.032 0.295142 0.276773 0.72461 0.924873
  3.04167 753.937 0.297099 0.278704 0.724506 0.907551
  3.05556 765.601 0.2986 0.283933 0.725 0.931943
  3.06944 767.346 0.300733 0.2848 0.726067 0.885607
  3.08333 774.893 0.301216 0.286622 0.729054 0.881972
  3.09722 760.882 0.30442 0.285435 0.731667 1.0161
  3.11111 766.701 0.304444 0.287778 0.735556 0.860116
  3.125 762.836 0.308185 0.289556 0.737667 0.924382
  3.13889 763.172 0.309952 0.289857 0.740238 0.911448
  3.15278 767.888 0.314872 0.290128 0.741667 0.959617
  3.16667 767.936 0.317184 0.293046 0.742356 0.986368
  3.18056 765.201 0.321667 0.292308 0.741667 0.926553
  3.19444 765.324 0.32598 0.291765 0.741078 0.89782
  3.19972 765.324 0.328125 0.294479 0.741667 0.924555
  3.20833 785.185 0.331667 0.295 0.741667 1.0187
  3.22222 760.442 0.335805 0.300977 0.742356 0.900579
  3.23611 758.23 0.341233 0.3058 0.742333 0.911448
  End: M 3.23889 23508
Bub 21101 0.00390797
  Start: N 3.03194
  3.03306 849.446 0.0672222 0.0972222 0.593889 0.713309
  3.04167 849.446 0.07 0.0966667 0.595 0.934485
  3.05556 846.381 0.070614 0.0964035 0.59693 0.924302
  3.06944 846.23 0.0733333 0.0966667 0.596667 0.977156
  3.08333 847.039 0.077 0.1 0.597 0.951846
  3.09722 858.039 0.0802941 0.101667 0.598529 0.900183
  3.11111 850.77 0.0831783 0.102442 0.598643 0.801484
  3.125 849.892 0.0866667 0.101667 0.6 0.934061
  3.13889 850.059 0.0901064 0.101596 0.600035 0.923588
  3.15278 851.247 0.095 0.103333 0.6 0.916549
  3.16667 857.059 0.0983333 0.10307 0.598684 0.917644
  3.18056 851.111 0.10284 0.103592 0.598615 0.911502
  3.19444 849.494 0.109113 0.1079 0.59829 0.887248
  3.19972 849.494 0.111667 0.11 0.596667 0.973217
  3.20833 854.309 0.115 0.113095 0.597857 0.867431
  3.22222 851.528 0.118333 0.113333 0.596667 0.980773
  3.23611 857.566 0.121667 0.114444 0.599444 0.925619
  End: C 3.24278
Bub 21389 0.0042201
  Start: N 3.04917
  3.05556 789.32 0.107402 0.305196 0.631324 0.914815
  3.06944 787.423 0.11 0.300758 0.63197 0.928447
  3.08333 787.489 0.113333 0.296404 0.632018 0.955586
  3.09722 786.749 0.117206 0.292745 0.634461 0.932803
  3.11111 787.344 0.120125 0.288542 0.634958 0.928081
  3.125 792.627 0.123106 0.284621 0.634091 0.902459
  3.13889 794.296 0.126905 0.282619 0.63381 0.910839
  3.15278 792.688 0.131667 0.279737 0.632018 0.926012
  3.16667 788.909 0.133676 0.27637 0.631575 0.953838
  3.18056 787.546 0.138333 0.275 0.63 1.23407
  3.19444 788.622 0.140556 0.273333 0.628889 0.950548
  3.19972 788.622 0.141667 0.272778 0.627778 0.922649
  3.20833 787.043 0.145 0.27 0.626667 1.04239
  3.22222 793.404 0.148333 0.27 0.625 0.952966
  3.23611 786.246 0.149737 0.27 0.622018 0.905685
  3.25 787.088 0.152536 0.270217 0.621667 0.948325
  3.26389 794.187 0.151667 0.271508 0.621508 0.941151
  3.27778 793.074 0.153009 0.272359 0.620325 0.920895
  3.29167 795.108 0.152778 0.271944 0.620556 0.928149
  3.30556 824.072 0.152544 0.271272 0.621404 0.928032
  3.31944 784.862 0.152673 0.276635 0.626132 0.93275
  3.33333 803.121 0.150735 0.277059 0.627402 0.951535
  End: M 3.34556 24277
Bub 21703 0.00341392
  Start: N 3.07
  3.08333 969.629 0.385 0.00833333 0.583333 0.931646
  3.09722 1196.41 0.383889 0.00888889 0.581111 0.871815
  3.11111 1196.41 0.383667 0.00666667 0.579667 1.1187
  3.125 969.159 0.383687 0.00661616 0.577929 0.934004
  3.13889 969.159 0.383333 0.00666667 0.576667 0.946888
  3.15278 969.159 0.383667 0.00666667 0.576333 0.922416
  3.16667 969.503 0.383333 0.00666667 0.573333 1.03224
  3.18056 969.56 0.381098 0.00727642 0.569634 0.940705
  3.19444 969.56 0.381 0.00786667 0.566467 0.890677
  3.19972 969.56 0.381437 0.00672414 0.564885 0.931375
  3.20833 969.89 0.381396 0.00662162 0.563468 0.942776
  3.22222 969.89 0.380426 0.00794574 0.559884 0.850476
  3.23611 969.89 0.378905 0.00661905 0.555952 0.946375
  End: C 3.24306
Bub 21774 0.00449183
  Start: S 3.07528 20711 21013
  3.08333 738.093 0.0366667 0.241667 0.745 0.880331
  3.09722 744.854 0.031895 0.241438 0.744406 0.90226
  3.11111 742.802 0.0285341 0.242149 0.744679 0.851534
  3.125 738.756 0.0228261 0.24442 0.740072 0.900726
  3.13889 739.392 0.0178947 0.246053 0.738158 0.868471
  3.15278 738.491 0.0136667 0.248333 0.736333 0.931852
  3.16667 750.36 0.0116667 0.251667 0.735 1.00327
  3.18056 896.226 0.0102632 0.256053 0.73693 0.836284
  3.19444 896.226 0.0107576 0.256667 0.734697 0.876898
  3.19972 896.226 0.0116667 0.258333 0.733333 0.879925
  End: C 3.20444
Bub 21787 0.00538135
  Start: M 3.07583 20469
  3.08333 695.551 0.0750709 0.0206028 0.546773 0.916274
  3.09722 624.875 0.0808559 0.0237387 0.538874 0.945646
  3.11111 628.116 0.0826503 0.0243716 0.536475 0.94544
  3.125 620.645 0.0842623 0.0237978 0.532322 0.921717
  3.13889 616.38 0.0861765 0.0239951 0.526225 0.939791
  3.15278 614.307 0.0881464 0.0242212 0.521168 0.952927
  3.16667 617.803 0.0903279 0.0246448 0.516475 0.960862
  3.18056 620.082 0.0916404 0.0246325 0.510827 0.95819
  3.19444 621.811 0.0941852 0.0251235 0.504951 0.943727
  3.19972 621.811 0.0937955 0.0259524 0.50458 0.952417
  3.20833 620.797 0.0965686 0.0259804 0.499286 0.954473
  3.22222 618.005 0.0980631 0.0271622 0.492568 0.97471
  3.23611 619.877 0.1 0.0274129 0.487886 0.957082
  3.25 626.671 0.100897 0.0288462 0.481923 0.934052
  3.26389 629.068 0.104099 0.027973 0.478423 0.967535
  3.27778 633.515 0.105753 0.02879 0.475183 0.951963
  3.29167 639.783 0.108155 0.0286641 0.47327 0.964213
  3.30556 640.853 0.110986 0.0293084 0.471145 0.940793
  3.31944 643.188 0.112329 0.0288631 0.471512 0.936333
  3.33333 669.44 0.115515 0.0290492 0.470436 0.957452
  End: M 3.33389 24276
Bub 21818 0.0048308
  Start: S 3.07806 21685 21686
  3.08333 696.622 0.328333 0.0317647 0.704118 0.946754
  3.09722 688.9 0.327271 0.0319027 0.698274 0.864918
  3.11111 689.982 0.329694 0.0310544 0.694116 0.922663
  3.125 692.492 0.328252 0.0323984 0.69065 0.970075
  3.13889 689.152 0.327807 0.0306579 0.684693 0.938639
  3.15278 689.783 0.327578 0.0326 0.682244 0.927597
  3.16667 688.504 0.325315 0.0329279 0.677613 0.91256
  3.18056 687.565 0.324596 0.0318687 0.674293 0.933912
  3.19444 689.039 0.323635 0.034759 0.671787 0.917846
  3.19972 689.039 0.323586 0.034697 0.670051 0.921585
  End: M 3.20639 23053
Bub 21819 0.00507125
  Start: S 3.07806 21685 21686
  3.08333 655.266 0.30565 0.0331921 0.705734 0.911117
  3.09722 657.06 0.305136 0.0318367 0.702415 0.881227
  3.11111 658.463 0.304203 0.031413 0.699964 0.922449
  3.125 661.162 0.303817 0.0306989 0.696613 0.911021
  3.13889 675.762 0.303706 0.0311165 0.69377 0.921769
  3.15278 664.088 0.303268 0.0314379 0.68951 0.933068
  3.16667 659.717 0.304971 0.0314928 0.687696 0.873092
  3.18056 654.53 0.305075 0.0317041 0.684625 0.931156
  3.19444 655.651 0.305169 0.0326271 0.682006 0.906231
  3.19972 655.651 0.305459 0.0334404 0.681483 0.932007
  End: M 3.20639 23053
Bub 21825 0.0048308
  Start: N 3.07889
  3.08333 717.337 0.0945098 0.0853922 0.740882 0.980541
  3.09722 694.814 0.095033 0.0785974 0.738696 0.970568
  3.11111 686.988 0.0951618 0.0745469 0.735453 0.904528
  3.125 687.597 0.0967143 0.0720476 0.732524 0.913228
  3.13889 689.076 0.0971569 0.0695098 0.730392 0.925832
  3.15278 690.537 0.0975926 0.0665741 0.727346 0.916906
  3.16667 691.257 0.0976852 0.0632407 0.723889 0.930356
  3.18056 695.816 0.096875 0.0620139 0.720729 0.921448
  3.19444 693.889 0.0973724 0.060015 0.717252 0.886148
  3.19972 693.889 0.0979126 0.0589806 0.715615 0.919019
  3.20833 687.467 0.0985455 0.0593636 0.713364 0.902028
  End: M 3.21444 23269
Bub 22193 0.007541
  Start: M 3.10778 19644
  3.11111 450.578 0.0570704 0.326632 0.685266 0.863498
  3.125 455.402 0.0597378 0.325403 0.688287 0.929349
  3.13889 459.154 0.0610165 0.324625 0.691493 0.920341
  3.15278 454.637 0.0628425 0.327125 0.694903 0.92617
  3.16667 443.546 0.0608507 0.325338 0.697697 0.926718
  3.18056 446.893 0.0605367 0.328514 0.699418 0.939493
  3.19444 447.974 0.0606539 0.330428 0.698029 0.927952
  3.19972 447.974 0.0612453 0.330974 0.698287 0.900548
  3.20833 451.261 0.0601226 0.332593 0.697534 0.912545
  3.22222 457.94 0.0598222 0.335756 0.697522 0.909577
  3.23611 457.905 0.0600818 0.33816 0.696912 0.913239
  3.25 462.535 0.0600521 0.339438 0.697438 0.894149
  3.26389 463.045 0.0595376 0.342052 0.697389 0.9363
  3.27778 456.586 0.0615463 0.344952 0.700054 0.974389
  3.29167 456.05 0.0612037 0.347695 0.701883 0.8817
  3.30556 455.591 0.0613617 0.350373 0.704958 0.914219
  End: M 3.31472 24027
Bub 22229 0.00430127
  Start: S 3.1125 22192
  3.125 769.749 0.109722 0.151019 0.686528 0.946964
  3.13889 768.41 0.107899 0.150833 0.69558 0.936473
  3.15278 773.8 0.103621 0.149713 0.702701 0.885784
  3.16667 772.287 0.101314 0.148846 0.710737 0.903066
  3.18056 779.312 0.0983673 0.148163 0.717925 0.918971
  3.19444 776.041 0.095 0.1473 0.723533 0.906428
  3.19972 776.041 0.0938889 0.146481 0.726886 0.907014
  3.20833 774.195 0.0929467 0.146573 0.730707 0.882097
  3.22222 774.688 0.09 0.146469 0.735537 0.88591
  3.23611 775.667 0.0864454 0.146534 0.739956 0.887892
  3.25 783.303 0.0806474 0.145551 0.743953 0.904207
  3.26389 782.615 0.0762698 0.145265 0.746667 0.905856
  3.27778 783.486 0.0708689 0.144231 0.749701 0.900899
  3.29167 776.753 0.0655128 0.143889 0.751154 0.88212
  3.30556 775.521 0.0610606 0.143687 0.753182 0.89948
  End: M 3.31833 24032
Bub 22281 0.00424068
  Start: N 3.11778
  3.125 783.007 0.329493 0.078913 0.669493 0.872466
  3.13889 779.917 0.326746 0.083254 0.670079 0.939509
  3.15278 784.085 0.32558 0.0838406 0.669928 0.986751
  3.16667 780.838 0.323079 0.0865819 0.669746 0.924523
  3.18056 789.493 0.321667 0.0883333 0.67 0.908272
  3.19444 780.866 0.319464 0.0901786 0.669821 0.933077
  3.19972 780.866 0.319386 0.0902632 0.669737 0.922814
  3.20833 791.174 0.318137 0.0916667 0.669706 0.976236
  3.22222 789.264 0.316404 0.0916667 0.671316 0.856645
  3.23611 783.312 0.313333 0.0925758 0.67197 0.913962
  3.25 788.457 0.311667 0.0930702 0.674649 0.924976
  3.26389 783.896 0.309286 0.0911905 0.676905 0.901113
  3.27778 788.285 0.308333 0.0902632 0.678684 0.907006
  3.29167 783.35 0.306667 0.09 0.681667 0.934412
  3.30556 783.965 0.306333 0.0896667 0.685 0.925622
  3.31944 779.69 0.303512 0.0864881 0.689464 0.896489
  End: M 3.33278 24150
Bub 22373 0.00636215
  Start: S 3.12833 21987
  3.13889 525.746 0.0377897 0.0945136 0.659793 0.926164
  3.15278 531.434 0.038038 0.0940858 0.658896 0.933852
  3.16667 532.411 0.0390824 0.094226 0.658196 0.929913
  3.18056 539.122 0.0401643 0.0933803 0.656772 0.92165
  3.19444 544.497 0.041435 0.0928507 0.656454 0.912524
  3.19972 544.497 0.0422414 0.0924828 0.656172 0.922152
  3.20833 554.343 0.0425531 0.091804 0.655949 0.938678
  3.22222 562.185 0.0440959 0.0907952 0.655022 0.908708
  End: M 3.23556 23444
Bub 22498 0.00770585
  Start: S 3.14 22471
  3.15278 455.606 0.113156 0.100692 0.67066 0.934801
  3.16667 463.014 0.11177 0.0993222 0.672217 0.937838
  3.18056 462.578 0.111261 0.0984284 0.673511 0.926228
  3.19444 465.242 0.111749 0.0977591 0.671048 0.910345
  3.19972 465.242 0.112422 0.0973131 0.671199 0.919356
  3.20833 470.492 0.112338 0.0980367 0.670975 0.917042
  3.22222 451.016 0.109042 0.0983415 0.672905 0.968151
  3.23611 467.076 0.109077 0.0977854 0.671947 0.898082
  3.25 449.845 0.107532 0.100326 0.674139 1.01953
  End: M 3.25944 23634
Bub 22582 0.00383421
  Start: N 3.14944
  3.15278 865.652 0.123824 0.129706 0.649706 1.03071
  3.16667 863.742 0.122679 0.133155 0.653095 0.91077
  3.18056 867.144 0.12 0.135 0.656667 0.903381
  3.19444 865.064 0.116563 0.136563 0.661719 0.885455
  3.19972 865.064 0.113929 0.136488 0.66369 0.873869
  3.20833 869.72 0.114032 0.136989 0.665968 0.905385
  End: C 3.21444
Bub 22632 0.0043602
  Start: S 3.155 22594 22598
  3.16667 759.087 0.193933 0.171933 0.468333 1.01418
  3.18056 762.899 0.189894 0.169965 0.475071 0.955441
  3.19444 761.253 0.185 0.163667 0.479667 0.961699
  3.19972 761.253 0.183 0.163667 0.481667 0.957042
  End: M 3.2075 23078
Bub 22665 0.00397903
  Start: N 3.15917
  3.16667 831.88 0.133947 0.190263 0.486404 0.909074
  3.18056 835.403 0.131667 0.186667 0.491667 0.928263
  3.19444 834.126 0.127 0.183 0.495 0.958742
  3.19972 834.126 0.125 0.18 0.495 0.962903
  3.20833 835.794 0.121667 0.176667 0.496667 0.980182
  3.22222 836.582 0.118262 0.173298 0.500035 0.946343
  End: C 3.2225
Bub 22684 0.0055178
  Start: M 3.16111 22607
  3.16667 600.521 0.0596272 0.127039 0.68386 0.926911
  3.18056 603.358 0.054281 0.122211 0.685261 0.926383
  3.19444 615.842 0.0508439 0.118797 0.686561 0.92199
  3.19972 615.842 0.048871 0.118763 0.686613 0.914041
  3.20833 624.44 0.0481056 0.115828 0.686387 0.925881
  3.22222 635.683 0.0459317 0.112536 0.687381 0.911414
  End: M 3.23306 23445
Bub 22696 0.0050424
  Start: M 3.16194 22562
  3.16667 671.9 0.0465517 0.0313506 0.636408 1.00965
  3.18056 670.198 0.0438426 0.0293981 0.634028 0.936174
  3.19444 673.309 0.044635 0.0273601 0.632032 0.951772
  3.19972 673.309 0.0431232 0.0268768 0.630546 0.927815
  3.20833 676.447 0.0440517 0.0261494 0.628822 0.91567
  3.22222 674.681 0.0446748 0.0238618 0.625894 0.929568
  3.23611 673.153 0.043626 0.0233969 0.622557 0.926064
  3.25 674.482 0.0446748 0.0229675 0.619797 0.885177
  3.26389 667.946 0.045873 0.0225397 0.617937 0.944005
  3.27778 665.623 0.0451515 0.0247727 0.614419 0.968813
  3.29167 659.537 0.0471655 0.0270925 0.612299 0.917738
  End: M 3.30028 23913
Bub 22729 0.00505685
  Start: S 3.16722 22719
  3.18056 658.106 0.35292 0.055057 0.704459 0.926405
  3.19444 660.196 0.349731 0.0583333 0.705215 0.922915
  3.19972 660.196 0.347153 0.0588053 0.703555 0.907552
  3.20833 663.17 0.345783 0.0599275 0.701493 0.916341
  3.22222 659.167 0.340013 0.0613733 0.69748 0.956564
  3.23611 656.568 0.335515 0.0623333 0.693848 0.916264
  3.25 664.302 0.33185 0.0633727 0.691877 0.905711
  3.26389 667.62 0.328333 0.0649697 0.689576 0.91059
  3.27778 666.618 0.325295 0.0660619 0.689425 0.866833
  3.29167 664.637 0.321296 0.0662963 0.690093 0.894571
  3.30556 658.995 0.317853 0.0675826 0.691517 0.922215
  3.31944 657.877 0.314911 0.0677083 0.694464 0.918289
  End: M 3.33278 24150
Bub 22730 0.00388369
  Start: S 3.16722 22720
  3.18056 851.447 0.267201 0.307327 0.570535 0.877371
  3.19444 855.249 0.265 0.306667 0.57 1.01584
  3.19972 855.249 0.263298 0.304929 0.569894 0.849011
  3.20833 853.011 0.260091 0.303848 0.570091 0.938069
  End: C 3.21917
Bub 22731 0.00341392
  Start: S 3.16722 22720
  3.18056 973.829 0.285 0.316667 0.581667 0.940668
  3.19444 974.137 0.285 0.31319 0.578429 0.941863
  3.19972 974.137 0.285167 0.312833 0.577333 0.95065
  3.20833 972.598 0.286333 0.310333 0.575 0.936062
  End: C 3.20944
Bub 22883 0.0091495
  Start: M 3.18917 22803
  3.19444 397.364 0.250161 0.211878 0.622557 0.947608
  3.19972 397.364 0.24908 0.212366 0.624544 0.926442
  End: M 3.20167 23050
Bub 22884 0.00341392
  Start: N 3.18944
  3.19444 971.825 0.176667 0.198333 0.665 0.83045
  3.19972 971.825 0.176111 0.198333 0.668333 0.896686
  3.20833 969.515 0.173596 0.19693 0.670614 0.881288
  End: C 3.215
Bub 22921 0.0055057
  Start: S 3.19333 22732 22818
  3.19444 601.594 0.222307 0.253764 0.60628 0.860177
  3.19972 601.594 0.220235 0.253765 0.607741 0.934354
  End: C 3.20083
Bub 22933 0.00449183
  Start: S 3.19556 22930
  3.19972 730.936 0.214431 0.252846 0.62748 0.949201
  End: M 3.20056 23072
Bub 22937 0.00367754
  Start: N 3.19556
  3.19972 905.078 0.349667 0.0496667 0.675 0.77369
  3.20833 905.078 0.346667 0.0516667 0.671667 0.921915
  End: C 3.21861
Bub 22944 0.00310175
  Start: S 3.19667 22911
  3.19972 1058.51 0.258333 0.185 0.431667 0.939704
  End: M 3.20361 23078
Bub 22951 0.0172991
  Start: M 3.19722 22911
  3.19972 189.792 0.188155 0.209422 0.450652 0.952691
  End: M 3.20361 23078
Bub 22961 0.0088821
  Start: S 3.19972 22930
  3.19972 369.647 0.183302 0.244648 0.64928 0.930692
  End: M 3.2 23072
Bub 22962 0.00644305
  Start: S 3.19972 22930
  3.19972 509.579 0.155069 0.200785 0.671501 0.930692
  End: M 3.2 23072
Bub 22963 0.00310175
  Start: S 3.19972 22929
  3.19972 1058.51 0.035 0.0383333 0.515 0.969081
  End: M 3.2 23036
Bub 22964 0.00404765
  Start: S 3.19972 22929
  3.19972 811.148 0.0396667 0.0366667 0.530333 0.969081
  End: M 3.2 23036
Bub 23050 0.00939375
  Start: M 3.20667 22883
  3.20833 385.085 0.25032 0.2134 0.628276 0.931544
  End: M 3.20917 23262
Bub 23052 0.00463341
  Start: S 3.20694 21818 21819
  3.20833 732.3 0.324 0.0348889 0.667889 0.924195
  End: M 3.21028 23267
Bub 23053 0.00479902
  Start: S 3.20694 21818 21819
  3.20833 697.318 0.3053 0.0331667 0.6788 0.91348
  End: M 3.21028 23267
Bub 23060 0.00411402
  Start: S 3.20722 17179 22683
  3.20833 817.502 0.133571 0.172619 0.585 1.00909
  End: M 3.20861 23249
Bub 23064 0.00341392
  Start: N 3.2075
  3.20833 1176.51 0.00833333 0.03 0.768333 0.908377
  End: M 3.20861 23274
Bub 23072 0.0106144
  Start: M 3.20778 22933 22961 22962
  3.20833 378.27 0.182579 0.236664 0.651004 0.920707
  End: S 3.20944 23272 23185
Bub 23075 0.0189212
  Start: M 3.20806 17179 22683
  3.20833 191.966 0.143236 0.155307 0.53167 0.944326
  End: M 3.20861 23249
Bub 23077 0.00404765
  Start: N 3.20833
  3.20833 830.534 0.188667 0.0451667 0.761667 0.904776
  End: M 3.21972 23274
Bub 23078 0.0174044
  Start: M 3.20833 22632 22944 22951
  3.20833 223.669 0.188496 0.2071 0.455458 0.94838
  End: S 3.20889 23306 23307
Bub 23104 0.00367754
  Start: N 3.21
  3.22222 903.359 0.285 0.307 0.569667 0.952634
  3.23611 898.071 0.285 0.305 0.565 0.930555
  3.25 904.7 0.285 0.303333 0.561667 0.937321
  3.26389 902.743 0.283333 0.303333 0.558333 0.876887
  End: C 3.27111
Bub 23137 0.00310175
  Start: S 3.21222 23078
  3.22222 1065.32 0.125 0.231667 0.488333 1.00294
  End: M 3.22278 23306
Bub 23185 0.0062978
  Start: S 3.21472 23072
  3.22222 535.182 0.149897 0.204027 0.676667 0.935712
  3.23611 546.707 0.146712 0.204612 0.680217 0.894218
  3.25 557.526 0.14428 0.207689 0.683598 0.917683
  End: M 3.26167 23628
Bub 23188 0.00365009
  Start: N 3.215
  3.22222 911.133 0.111591 0.136212 0.670379 0.914582
  3.23611 910.042 0.108333 0.135 0.673333 0.889843
  3.25 905.667 0.107222 0.132778 0.679444 0.910403
  3.26389 909.755 0.105 0.127 0.683667 0.958086
  End: C 3.26861
Bub 23227 0.00367754
  Start: S 3.21778 18409 23060 23075
  3.22222 905.328 0.181667 0.129667 0.497 0.939007
  End: C 3.22889
Bub 23249 0.019214
  Start: M 3.21944 18409 23060 23075
  3.22222 189.007 0.140334 0.157192 0.54657 0.937568
  End: M 3.22556 23443
Bub 23262 0.00923235
  Start: M 3.22056 23050
  3.22222 369.76 0.249588 0.21389 0.633699 0.929671
  End: S 3.2225 23403 23321
Bub 23268 0.00397903
  Start: S 3.22111 19950 21825
  3.22222 839.455 0.115 0.0435965 0.707982 0.932849
  End: M 3.22361 23429
Bub 23269 0.0044735
  Start: S 3.22111 19950 21825
  3.22222 744.62 0.0973457 0.0570988 0.709691 0.911625
  End: M 3.22361 23429
Bub 23272 0.0092237
  Start: M 3.22139 23072
  3.22222 399.681 0.190535 0.242601 0.653793 0.897396
  End: S 3.22278 23405 23406
Bub 23274 0.00486217
  Start: N 3.22222
  3.22222 680.954 0.188814 0.0419872 0.762564 0.901845
  End: M 3.2225 23419
Bub 23288 0.00367754
  Start: N 3.22306
  3.23611 902.023 0.115 0.167 0.503667 0.918208
  3.25 900.874 0.11 0.161667 0.51 1.07899
  End: C 3.25972
Bub 23306 0.0173727
  Start: S 3.22444 23078 23137
  3.23611 224.408 0.190178 0.20531 0.469285 0.944568
  3.25 225.796 0.189217 0.20536 0.476548 0.945275
  3.26389 226.502 0.187786 0.205329 0.483847 0.942676
  3.27778 227.186 0.186075 0.205253 0.491669 0.9409
  3.29167 228.059 0.184741 0.202986 0.500059 0.941048
  End: M 3.29972 23927
Bub 23307 0.00367754
  Start: S 3.22444 23078 23137
  3.23611 903.009 0.123667 0.229667 0.488333 0.946494
  3.25 903.375 0.123 0.230333 0.488333 1.00509
  End: C 3.26278
Bub 23321 0.00395562
  Start: S 3.22528 23262
  3.23611 836.436 0.283155 0.212798 0.633155 0.995019
  3.25 847.173 0.286961 0.215196 0.635 0.889947
  3.26389 836.422 0.290556 0.217222 0.636111 0.93143
  3.27778 847.819 0.295 0.218333 0.636667 0.956519
  End: C 3.28306
Bub 23403 0.0091495
  Start: M 3.23194 23262
  3.23611 376.294 0.248093 0.214461 0.639887 0.922381
  End: M 3.23917 23565
Bub 23405 0.00834075
  Start: S 3.23222 23272
  3.23611 421.575 0.184035 0.243171 0.66234 0.917135
  3.25 427.651 0.186578 0.24411 0.665902 0.91775
  End: M 3.26333 23643
Bub 23406 0.00404765
  Start: S 3.23222 23272
  3.23611 816.727 0.206667 0.233 0.653 0.911163
  3.25 816.241 0.210556 0.232778 0.659444 0.938668
  3.26389 823.365 0.215 0.232778 0.665 0.914383
  3.27778 819.461 0.217694 0.233128 0.670205 0.885994
  3.29167 817.258 0.219386 0.23307 0.67693 0.93502
  3.30556 818.81 0.22 0.231667 0.681667 0.899772
  End: C 3.30806
Bub 23419 0.00367754
  Start: N 3.23361
  3.23611 901.941 0.149667 0.197 0.788333 0.882959
  3.25 906.906 0.148333 0.196667 0.788333 0.906772
  3.26389 908.782 0.144583 0.193631 0.788274 0.894034
  End: M 3.26889 23757
Bub 23428 0.00430127
  Start: S 3.23472 23268 23269
  3.23611 776.626 0.115833 0.0445833 0.704583 1.00157
  End: M 3.23639 23461
Bub 23429 0.00473416
  Start: S 3.23472 23268 23269
  3.23611 699.468 0.0979167 0.0555208 0.705104 0.92165
  End: M 3.23639 23461
Bub 23442 0.00310175
  Start: N 3.23583
  3.23611 1065.32 0.175 0.115 0.758333 0.89198
  End: C 3.23722
Bub 23443 0.019245
  Start: M 3.23583 23249
  3.23611 191.612 0.139602 0.15855 0.55872 0.934664
  End: S 3.23694 23547 23546
Bub 23444 0.00682785
  Start: M 3.23583 22373
  3.23611 537.189 0.0447338 0.0889352 0.654271 0.923132
  End: S 3.23972 23528 23527
Bub 23445 0.00599555
  Start: M 3.23583 22684
  3.23611 591.955 0.044812 0.109974 0.687222 0.920193
  End: M 3.23694 23478
Bub 23448 0.00486217
  Start: N 3.23639
  3.25 681.727 0.243654 0.384103 0.754647 0.85374
  3.26389 689.574 0.242558 0.384806 0.756085 0.902888
  3.27778 684.66 0.238333 0.386333 0.757 0.900857
  3.29167 683.825 0.234524 0.386905 0.758571 0.855441
  3.30556 683.825 0.232634 0.388118 0.760591 0.886071
  3.31944 683.825 0.232027 0.38991 0.766396 0.880452
  3.33333 683.825 0.230476 0.390714 0.769048 0.886299
  End: C 3.34278
Bub 23451 0.00397903
  Start: S 3.23694 23443
  3.25 831.77 0.173596 0.196053 0.540263 0.971265
  3.26389 830.627 0.170333 0.193 0.546667 0.980636
  3.27778 834.322 0.166364 0.18803 0.553788 0.962819
  3.29167 836.532 0.161496 0.181325 0.560342 0.949437
  3.30556 833.621 0.156884 0.17471 0.566594 0.946506
  3.31944 832.271 0.150375 0.16875 0.571708 0.926664
  3.33333 835.015 0.145 0.163333 0.576667 0.924749
  3.34722 840.001 0.138333 0.159103 0.579231 0.968912
  End: M 3.3525 24443
Bub 23460 0.0044735
  Start: S 3.23806 23428 23429
  3.25 744.869 0.116111 0.0454115 0.700638 0.895523
  3.26389 747.596 0.115 0.0466667 0.698333 0.910537
  3.27778 740.971 0.114091 0.0471212 0.695303 0.912939
  3.29167 745.077 0.11537 0.0483333 0.691667 0.907624
  3.30556 742.525 0.114878 0.049878 0.687967 0.921755
  3.31944 739.008 0.113413 0.0500794 0.686746 0.931746
  End: M 3.32222 24143
Bub 23461 0.00454596
  Start: S 3.23806 23428 23429
  3.25 730.989 0.0960196 0.0556667 0.70351 0.892141
  3.26389 736.36 0.0962281 0.0544386 0.700158 0.909932
  3.27778 740.378 0.0963141 0.0523397 0.696186 0.906666
  3.29167 735.899 0.0956116 0.0506269 0.693287 0.924712
  3.30556 745.363 0.0960303 0.0492727 0.690273 0.898412
  3.31944 737.558 0.0970155 0.0472093 0.686667 0.896891
  End: M 3.32222 24143
Bub 23495 0.00310175
  Start: N 3.24111
  3.25 1064.6 0.0383333 0.111667 0.668333 0.909068
  3.26389 1087 0.0383333 0.108333 0.665 0.840406
  End: C 3.26806
Bub 23524 0.00341392
  Start: N 3.24361
  3.25 966.804 0.378333 0.00666667 0.553889 0.885358
  3.26389 966.804 0.377982 0.00666667 0.549737 0.939295
  3.27778 966.804 0.376667 0.00666667 0.545 1.0402
  3.29167 969.383 0.376667 0.0080303 0.542879 0.953138
  3.30556 968.352 0.376667 0.00666667 0.541667 0.940333
  3.31944 968.352 0.375351 0.00666667 0.539737 0.923865
  3.33333 968.361 0.374078 0.00762411 0.53656 0.940634
  3.34722 968.361 0.373333 0.00666667 0.535 0.943048
  End: C 3.35167
Bub 23544 0.00370457
  Start: N 3.24694
  3.25 897.392 0.06 0.136667 0.62 0.895578
  3.26389 897.58 0.0583333 0.137167 0.6205 0.925085
  3.27778 893.96 0.0563725 0.137157 0.623039 0.94122
  3.29167 892.66 0.0539474 0.136404 0.626404 0.956692
  3.30556 893.932 0.0502941 0.136961 0.627157 1.02395
  3.31944 894.018 0.0469608 0.133627 0.63049 0.948622
  3.33333 897.249 0.045 0.133333 0.633333 0.972751
  End: C 3.33611
Bub 23546 0.00857255
  Start: S 3.2475 23443
  3.25 440.183 0.14138 0.148678 0.526105 0.939718
  End: M 3.255 23592
Bub 23547 0.0186116
  Start: S 3.2475 23443
  3.25 190.75 0.14037 0.161918 0.57705 0.9313
  3.26389 191.48 0.142721 0.163805 0.589906 0.927418
  End: S 3.265 23811 23770
Bub 23550 0.00310175
  Start: N 3.24778
  3.25 1064.85 0.385 0.231667 0.751667 0.993951
  End: C 3.26389
Bub 23563 0.0053558
  Start: M 3.24972 13580
  3.25 665.18 0.332578 0.0894844 0.514688 0.970226
  End: M 3.25194 23589
Bub 23565 0.00927965
  Start: M 3.25 23403
  3.25 390.237 0.248117 0.214225 0.64541 0.912183
  End: S 3.25056 23823 23824
Bub 23589 0.00468432
  Start: S 3.25528 23563
  3.26389 716.12 0.33672 0.0912366 0.517688 0.948163
  End: M 3.27083 23720
Bub 23592 0.00855245
  Start: M 3.25528 23546
  3.26389 427.874 0.137674 0.145989 0.532721 0.93236
  3.27778 418.441 0.134962 0.14358 0.540291 0.927431
  3.29167 409.08 0.130655 0.139943 0.547129 0.936483
  End: M 3.29972 23927
Bub 23601 0.0049689
  Start: M 3.2575 16128
  3.26389 671.758 0.170946 0.127793 0.676441 0.869678
  3.27778 689.493 0.169187 0.1277 0.681033 0.919476
  3.29167 673.419 0.16719 0.12719 0.684905 0.883441
  3.30556 677.91 0.163417 0.12475 0.6905 0.935015
  3.31944 685.548 0.162 0.123867 0.694033 0.92145
  End: M 3.33139 24140
Bub 23628 0.006599
  Start: M 3.26194 23185
  3.26389 550.31 0.141769 0.207526 0.686744 0.922316
  End: M 3.26861 23713
Bub 23630 0.00341392
  Start: N 3.26194
  3.26389 974.523 0.325 0.0833333 0.505 0.739292
  End: M 3.27083 23720
Bub 23634 0.0081009
  Start: M 3.2625 22498
  3.26389 434.818 0.107564 0.098763 0.675575 0.896893
  End: M 3.26444 23652
Bub 23643 0.00881625
  Start: M 3.26361 23405
  3.26389 407.312 0.185355 0.243952 0.673048 0.905074
  End: M 3.26694 23776
Bub 23670 0.00404765
  Start: N 3.2675
  3.27778 816.979 0.203 0.106667 0.753667 0.765131
  3.29167 821.676 0.203333 0.103333 0.751667 0.886269
  3.30556 839.18 0.203103 0.101609 0.750517 0.904651
  End: C 3.31222
Bub 23713 0.0068827
  Start: M 3.27139 23628
  3.27778 514.477 0.137237 0.209192 0.68987 0.929232
  End: M 3.28056 23852
Bub 23719 0.00367754
  Start: S 3.2725 23589 23630
  3.27778 902.9 0.326333 0.087 0.501667 0.945061
  End: C 3.29167
Bub 23734 0.00341392
  Start: S 3.27389 20120
  3.27778 972.996 0.035 0.0366667 0.635 0.957703
  End: C 3.29111
Bub 23757 0.00458134
  Start: N 3.27528
  3.27778 732.893 0.276954 0.248678 0.749828 0.966596
  End: M 3.28056 23861
Bub 23770 0.00479902
  Start: S 3.27722 23547
  3.27778 722.15 0.2003 0.135733 0.5701 0.838446
  End: M 3.28278 23847
Bub 23773 0.00390797
  Start: S 3.2775 23547
  3.27778 846.281 0.1 0.160556 0.569444 0.917646
  End: M 3.28139 23811
Bub 23776 0.0086125
  Start: M 3.2775 23643
  3.27778 404.008 0.184146 0.242895 0.686782 0.902543
  End: M 3.28167 23817
Bub 23811 0.0185679
  Start: S 3.28278 23547 23773
  3.29167 189.284 0.151544 0.165346 0.618378 0.922023
  End: S 3.30056 24038 23968
Bub 23817 0.0080671
  Start: S 3.28306 23776
  3.29167 416.553 0.184418 0.242789 0.699568 0.902782
  3.30556 421.432 0.184604 0.241941 0.708538 0.9049
  3.31944 431.093 0.183988 0.241746 0.716604 0.902085
  3.33333 428.943 0.183145 0.240642 0.726407 0.896664
  3.34722 440.66 0.182382 0.242679 0.733601 0.903302
  End: M 3.35139 24438
Bub 23823 0.0085575
  Start: S 3.28361 23565
  3.29167 419.202 0.246699 0.205752 0.664018 0.932586
  End: M 3.3 23947
Bub 23827 0.00367754
  Start: N 3.28361
  3.29167 903.368 0.298333 0.220333 0.639667 0.90576
  3.30556 905.833 0.301738 0.223227 0.640035 0.956797
  End: C 3.30778
Bub 23847 0.00487771
  Start: M 3.28639 23770
  3.29167 726.883 0.203095 0.142143 0.578143 0.90669
  End: M 3.29694 23890
Bub 23852 0.006952
  Start: M 3.28778 23713
  3.29167 513.573 0.133246 0.21068 0.693651 0.910294
  End: M 3.29222 23870
Bub 23860 0.00397903
  Start: N 3.29028
  3.29167 830.491 0.0969298 0.166404 0.579386 0.808357
  End: C 3.30472
Bub 23861 0.00341392
  Start: N 3.29111
  3.29167 972.799 0.316667 0.245 0.738333 0.99559
  End: C 3.29194
Bub 23864 0.0042201
  Start: N 3.29167
  3.29167 788.585 0.0366667 0.0389706 0.630441 1.40517
  End: M 3.30028 23913
Bub 23900 0.00341392
  Start: N 3.29861
  3.30556 974.375 0.145 0.02 0.751667 0.893806
  End: C 3.30722
Bub 23913 0.0058051
  Start: M 3.30028 22696 23864
  3.30556 623.046 0.045565 0.0313653 0.614322 0.903904
  End: M 3.31444 24039
Bub 23927 0.0175311
  Start: S 3.30278 23306 23592
  3.30556 226.505 0.185399 0.200972 0.508142 0.936394
  3.31944 226.44 0.185977 0.200546 0.515638 0.935458
  3.33333 228.203 0.187155 0.201321 0.523366 0.931409
  End: S 3.34278 24284 24283
Bub 23928 0.0079464
  Start: S 3.30278 23306 23592
  3.30556 436.392 0.128076 0.137078 0.553245 0.933941
  End: M 3.30806 23953
Bub 23938 0.00317652
  Start: S 3.30417 23811
  3.30556 1059.13 0.0916667 0.185575 0.611897 1.49017
  End: M 3.30972 24038
Bub 23946 0.00310175
  Start: N 3.30528
  3.30556 1065.07 0.185 0.0716667 0.741667 1.38982
  End: C 3.3125
Bub 23947 0.0085272
  Start: M 3.30556 23823
  3.30556 424.464 0.24743 0.207038 0.67295 0.91346
  End: S 3.30722 24034 24035
Bub 23953 0.0081177
  Start: M 3.30833 23928
  3.31944 423.363 0.124463 0.134656 0.559215 0.941553
  3.33333 425.135 0.120407 0.132588 0.565305 0.931416
  End: M 3.34722 24284
Bub 23956 0.00402503
  Start: N 3.30861
  3.31944 822.536 0.223079 0.229746 0.689915 0.901999
  3.33333 824.883 0.223788 0.228636 0.695909 1.02629
  End: M 3.34639 24279
Bub 23968 0.0052106
  Start: S 3.31056 23811 23938
  3.31944 647.277 0.0938802 0.190859 0.612396 0.96524
  End: M 3.32472 24159
Bub 23972 0.0230733
  Start: M 3.31111 19496
  3.31944 155.631 0.198166 0.198325 0.297619 0.990654
  3.33333 156.097 0.196128 0.198015 0.306271 0.985527
  End: S 3.34667 24550 24551
Bub 23976 0.00341392
  Start: N 3.31278
  3.31944 973.709 0.206667 0.0983333 0.751667 0.868056
  3.33333 974.635 0.207 0.097 0.751667 0.905072
  End: C 3.33639
Bub 23977 0.00310175
  Start: N 3.31306
  3.31944 1065.26 0.185 0.0683333 0.741667 0.888208
  End: C 3.32222
Bub 23999 0.00310175
  Start: N 3.31556
  3.31944 1064.96 0.231667 0.0216667 0.751667 0.886674
  End: C 3.32056
Bub 24032 0.00486217
  Start: N 3.31861
  3.31944 685.274 0.0552244 0.142917 0.756667 0.902153
  End: M 3.32417 24156
Bub 24034 0.0081289
  Start: S 3.31889 23947
  3.31944 434.122 0.245267 0.206687 0.682997 0.939895
  3.33333 422.327 0.24556 0.20559 0.691361 0.910201
  End: M 3.34639 24279
Bub 24035 0.00393194
  Start: S 3.31889 23947
  3.31944 843.434 0.269364 0.206212 0.669788 0.596815
  End: C 3.32
Bub 24038 0.0184982
  Start: M 3.31917 20417 23811 23938
  3.31944 186.613 0.16373 0.165328 0.648879 0.919042
  End: S 3.32028 24159 24084
Bub 24039 0.00572755
  Start: M 3.31944 23913
  3.31944 621.848 0.0452941 0.0332549 0.61349 0.920171
  End: M 3.32 24149
Bub 24054 0.00341392
  Start: N 3.32167
  3.33333 973.126 0.0283333 0.37 0.595 1.04187
  End: C 3.33611
Bub 24084 0.00573875
  Start: S 3.32528 23968 24038
  3.33333 601.386 0.0957992 0.194493 0.618899 0.898129
  End: S 3.33389 24241 24235
Bub 24102 0.00475054
  Start: S 3.32722 23968 24038
  3.33333 702.949 0.122423 0.197234 0.630498 0.886983
  End: M 3.33528 24241
Bub 24140 0.00484654
  Start: M 3.33167 23601
  3.33333 713.154 0.159628 0.122508 0.698528 0.917468
  End: M 3.34472 24271
Bub 24143 0.00563625
  Start: M 3.33222 23460 23461
  3.33333 627.387 0.105741 0.0461728 0.683086 0.911568
  End: M 3.33472 24225
Bub 24149 0.00573875
  Start: M 3.33278 24039
  3.33333 621.462 0.0441813 0.0341813 0.611062 0.980309
  3.34722 615.598 0.0436594 0.0361051 0.612192 0.910903
  End: M 3.34833 24445
Bub 24156 0.00367754
  Start: N 3.33333
  3.33333 903.157 0.0783333 0.257 0.736333 0.898703
  End: C 3.33361
Bub 24158 0.00310175
  Start: N 3.33333
  3.33333 1065.22 0.338333 0.318333 0.755 0.898703
  End: C 3.33361
Bub 24159 0.0185078
  Start: M 3.33333 23968 24038
  3.33333 188.283 0.168749 0.165923 0.664671 0.916597
  End: S 3.33583 24482 24467
Bub 24203 0.00359392
  Start: N 3.33694
  3.34722 921.918 0.21 0.095 0.753333 1.04439
  End: C 3.35667
Bub 24271 0.0052908
  Start: M 3.345 24140
  3.34722 673.874 0.156443 0.119726 0.700075 0.938511
  End: S 3.35111 24405 24406
Bub 24276 0.0054935
  Start: M 3.34556 21787
  3.34722 614.217 0.116467 0.0304667 0.469933 0.937962
  End: S 3.3475 24286 24285
Bub 24277 0.00596465
  Start: M 3.34556 20363 21389
  3.34722 603.812 0.148038 0.28 0.621337 0.910568
  End: S 3.34806 24439 24440
Bub 24279 0.0083619
  Start: M 3.34639 23956 24034
  3.34722 419.22 0.243381 0.209354 0.697483 0.908066
  End: M 3.3475 24446
Bub 24280 0.00310175
  Start: S 3.34667 23972
  3.34722 1064.91 0.245 0.201667 0.271667 0.953882
  End: C 3.34806
Bub 24283 0.00310175
  Start: S 3.34667 23927
  3.34722 1065.54 0.115 0.175 0.545 0.868328
  End: C 3.34861
Bub 24284 0.0182559
  Start: M 3.34722 23927 23953
  3.34722 220.613 0.181954 0.195489 0.534535 0.93535
  End: S 3.34778 24325 24443
Bub 24419 0.00428127
  Start: S 3.35889 24159
  3.36111 828.037 0.129554 0.16669 0.660822 0.977645
  End: M 3.36278 24482
Bub 24438 0.00815115
  Start: M 3.35972 23817
  3.36111 411.515 0.18151 0.24532 0.741286 0.89576
  End: S 3.36139 24769 24447
Bub 24439 0.00492373
  Start: S 3.36028 24277
  3.36111 677.024 0.145895 0.281451 0.620093 0.947106
  End: M 3.36333 24475
Bub 24440 0.00390797
  Start: S 3.36028 24277
  3.36111 856.173 0.151667 0.28 0.635 0.938757
  End: M 3.36333 24475
Bub 24443 0.00846085
  Start: S 3.36083 23451 24284
  3.36111 408.95 0.115888 0.133418 0.577214 0.928913
  End: M 3.36139 24494
Bub 24444 0.00473416
  Start: S 3.36083 23451 24284
  3.36111 708.922 0.1325 0.155833 0.581667 0.89878
  End: M 3.36361 24494
Bub 24445 0.00599555
  Start: M 3.36083 24149
  3.36111 596.109 0.0447949 0.0354274 0.610094 0.929768
  End: M 3.36167 24502
Bub 24446 0.00851705
  Start: M 3.36083 24279
  3.36111 401.622 0.24314 0.209085 0.705769 0.927525
  End: S 3.36167 24473 24474
Bub 16121 0.00367754
  Start: S 2.66389 10329
  2.66667 903.513 0.0883333 0.0296667 0.627 0.947284
  2.68056 899.089 0.0897368 0.0302632 0.620614 0.939498
  2.69444 899.086 0.0898214 0.0302381 0.613869 0.894592
  2.69972 899.086 0.0916667 0.0316667 0.613333 0.923927
  2.70833 900.55 0.0930392 0.0328431 0.609706 0.928609
  2.72222 899.091 0.0936667 0.0333333 0.603 0.978417
  2.73611 903.215 0.0943434 0.0334343 0.59702 0.906506
  2.75 907.472 0.0961111 0.035 0.591667 0.950029
  2.76389 899.227 0.0970339 0.0365819 0.586243 0.917273
  2.77778 905.782 0.0992857 0.037381 0.583095 0.933471
  2.79167 899.199 0.100333 0.04 0.579667 0.916018
  2.80556 902.452 0.101667 0.04 0.576667 0.972332
  2.81944 900.875 0.103 0.0403333 0.575 0.935503
  2.83333 901.874 0.103263 0.042277 0.573545 0.905843
  2.84722 902.398 0.106436 0.0455128 0.570231 0.932684
  2.86111 902.207 0.106592 0.0452985 0.569925 0.89771
  2.86639 902.207 0.107333 0.0485 0.567167 0.949066
  2.875 904.868 0.108333 0.0488667 0.566067 0.890462
  2.88889 901.38 0.109783 0.0519565 0.563261 0.945949
  2.90278 901.358 0.111667 0.055 0.56 0.925956
  2.91667 899.78 0.113596 0.0569298 0.557281 0.941311
  2.93056 903.073 0.11558 0.0605072 0.553841 0.935362
  2.94444 900.198 0.11709 0.0634181 0.550311 0.959472
  2.95833 899.619 0.119921 0.0665873 0.546587 0.97465
  2.97222 902.457 0.121957 0.0699275 0.543551 0.934133
  2.98611 902.903 0.125 0.0716667 0.54 1.03332
  3 907.989 0.128333 0.0736275 0.538529 1.04789
  3.01389 900.769 0.130556 0.0766667 0.536111 0.960898
  3.02778 900.014 0.133 0.0796667 0.533333 0.942376
  3.03306 900.014 0.133667 0.0803333 0.533333 0.938839
  3.04167 899.262 0.136667 0.0803333 0.533667 0.939594
  3.05556 901.166 0.139286 0.0816667 0.533571 0.952488
  3.06944 899.787 0.142719 0.0830702 0.533596 0.932595
  3.08333 901.092 0.144048 0.085 0.533095 0.924953
  3.09722 906.709 0.148396 0.0850629 0.533428 0.975837
  3.11111 905.47 0.151667 0.0866667 0.535 0.996275
  3.125 901.674 0.155 0.0863333 0.536333 0.960417
  3.13889 908.65 0.158333 0.0864035 0.537982 0.949602
  3.15278 900.251 0.160556 0.0861111 0.54 0.950703
  3.16667 902.481 0.163333 0.085 0.543333 0.995248
  3.18056 899.163 0.166404 0.0839474 0.543596 0.930614
  3.19444 906.46 0.168333 0.085 0.546111 0.949648
  3.19972 906.46 0.169746 0.0834181 0.546412 0.954036
  3.20833 900.786 0.170263 0.0830702 0.547281 0.970246
  3.22222 900.98 0.171377 0.0831159 0.549493 0.931634
  3.23611 903.898 0.171714 0.0836854 0.549789 0.926043
  3.25 900.677 0.173333 0.0838889 0.552778 0.939838
  3.26389 903.778 0.173667 0.0836667 0.555 0.966895
  3.27778 909.272 0.174649 0.0864035 0.558333 0.93043
  3.29167 899.05 0.173596 0.0864035 0.562719 0.954126
  3.30556 902.571 0.173833 0.0848333 0.566 0.927685
  3.31944 903.036 0.173333 0.085 0.571667 0.947885
  3.33333 899.302 0.173631 0.0860714 0.57369 0.897155
  3.34722 913.97 0.171667 0.085 0.578333 0.945912
  3.36111 910.268 0.171111 0.0838889 0.581667 0.946882
  3.36639 910.268 0.171667 0.085 0.582857 0.895873
  3.375 898.489 0.170556 0.0861111 0.586111 0.945113
  3.38889 902.037 0.168913 0.0861594 0.589493 1.03905
  3.40278 907.328 0.167857 0.085 0.595 0.980613
  3.41667 910.892 0.166667 0.085 0.598333 0.910492
  End: C 3.4225
Bub 17920 0.0044735
  Start: S 2.77333 17732
  2.77778 747.93 0.30821 0.131296 0.682407 0.928292
  2.79167 742.678 0.307903 0.133817 0.68 0.894854
  2.80556 739.852 0.307 0.137 0.68 0.914179
  2.81944 745.863 0.308333 0.138333 0.676667 0.923208
  2.83333 739.72 0.307281 0.140263 0.676404 0.920594
  2.84722 740.863 0.306429 0.144048 0.675 0.903389
  2.86111 738.593 0.303413 0.146587 0.673254 0.963934
  2.86639 738.593 0.303079 0.146921 0.673249 0.917695
  2.875 742.034 0.301214 0.146811 0.671831 0.931106
  2.88889 740.938 0.297 0.148333 0.669667 1.01507
  2.90278 742.259 0.296225 0.15 0.668824 0.936859
  2.91667 744.359 0.293333 0.151667 0.668333 0.990167
  2.93056 741.577 0.289722 0.153194 0.665694 0.892501
  2.94444 745.962 0.286404 0.155 0.665351 0.910483
  2.95833 743.222 0.283075 0.156878 0.665188 0.888609
  2.97222 741.604 0.281364 0.159242 0.666667 0.920817
  2.98611 742.214 0.279667 0.161667 0.666333 0.954736
  3 748.113 0.277361 0.164028 0.667778 0.914169
  3.01389 748.391 0.27803 0.166939 0.669727 0.901372
  3.02778 746.701 0.279737 0.168333 0.671316 0.938842
  3.03306 746.701 0.279545 0.169545 0.671667 0.911097
  3.04167 739.762 0.280254 0.169915 0.673588 0.930389
  3.05556 742.286 0.280441 0.166814 0.675784 0.89934
  3.06944 742.968 0.281009 0.166974 0.677763 0.867784
  3.08333 739.788 0.282619 0.166429 0.679762 0.899389
  3.09722 744.323 0.281667 0.165 0.681667 0.917972
  3.11111 748.713 0.281667 0.164744 0.682538 0.923557
  3.125 739.085 0.280614 0.16307 0.686404 0.946537
  3.13889 740.271 0.28 0.161667 0.687121 0.923905
  3.15278 739.84 0.279915 0.159746 0.690254 0.930314
  3.16667 747.606 0.278684 0.158333 0.690263 0.928585
  3.18056 739.046 0.276404 0.15693 0.693947 0.916632
  3.19444 742.186 0.275429 0.15681 0.696524 0.910693
  3.19972 742.186 0.274957 0.156602 0.696861 0.881269
  3.20833 749.278 0.274444 0.156111 0.698333 0.907627
  3.22222 739.322 0.273333 0.153667 0.703 0.89536
  3.23611 739.53 0.273333 0.153667 0.706333 0.907308
  3.25 741.879 0.273369 0.155 0.710106 0.907264
  3.26389 744.202 0.275149 0.153358 0.713706 0.872827
  3.27778 744.998 0.274484 0.153404 0.719507 0.884196
  3.29167 749.982 0.274434 0.155063 0.722862 0.982298
  3.30556 740.046 0.273155 0.153155 0.729464 0.930892
  3.31944 739.869 0.27307 0.149737 0.736053 0.888113
  3.33333 739.122 0.273333 0.150333 0.740333 0.909768
  3.34722 747.606 0.275113 0.150028 0.745056 0.89679
  3.36111 741.7 0.276954 0.148333 0.748678 0.901002
  3.36639 741.7 0.276739 0.148913 0.750507 0.880229
  3.375 745.196 0.279333 0.148 0.753833 0.913533
  3.38889 743.777 0.279603 0.148175 0.757222 0.984732
  3.40278 742.142 0.281441 0.146532 0.760135 0.946421
  3.41667 740.19 0.283571 0.147321 0.76369 0.898221
  3.43056 741.606 0.286872 0.145639 0.766872 0.95073
  End: M 3.44111 25365
Bub 18438 0.0050997
  Start: M 2.81639 18285 18286
  2.81944 696.056 0.229167 0.303083 0.658583 0.977635
  2.83333 654.839 0.234537 0.297222 0.67108 0.822727
  2.84722 665.273 0.236163 0.296202 0.678372 0.934817
  2.86111 652.333 0.242778 0.298333 0.681988 0.876567
  2.86639 652.333 0.244275 0.296667 0.682246 0.929386
  2.875 659.368 0.246652 0.296766 0.68312 0.890312
  2.88889 671.626 0.253775 0.299216 0.68598 1.06299
  2.90278 666.767 0.258884 0.301986 0.686188 0.943492
  2.91667 671.616 0.26399 0.303889 0.68904 0.95175
  2.93056 659.152 0.268556 0.308889 0.693222 0.927578
  2.94444 658.616 0.273269 0.310096 0.692821 0.952913
  2.95833 671.192 0.278333 0.312381 0.692619 0.921902
  2.97222 672.158 0.281667 0.315714 0.692619 0.962189
  2.98611 653.371 0.279368 0.318678 0.693161 0.938691
  3 658.103 0.281209 0.321569 0.692124 0.937842
  3.01389 662.28 0.282151 0.326567 0.693063 0.856929
  3.02778 655.542 0.284247 0.333925 0.694247 0.942859
  3.03306 655.542 0.284966 0.336224 0.694558 0.93877
  3.04167 651.665 0.283889 0.339242 0.694798 0.929415
  3.05556 653.89 0.28314 0.344509 0.695632 0.885904
  3.06944 656.734 0.283659 0.350217 0.696775 0.920369
  3.08333 660.421 0.284237 0.355723 0.697851 0.913833
  3.09722 659.689 0.285 0.361667 0.7 0.937221
  3.11111 661.078 0.284961 0.36531 0.700271 0.92689
  3.125 653.034 0.285 0.371364 0.70197 0.951385
  3.13889 658.415 0.285 0.374383 0.703025 0.936997
  3.15278 652.712 0.283958 0.378333 0.703125 0.932151
  3.16667 659.116 0.283622 0.38125 0.702404 0.925193
  3.18056 657.812 0.282632 0.38391 0.702352 0.925156
  3.19444 659.794 0.280213 0.386667 0.70195 0.921465
  3.19972 659.794 0.279545 0.387525 0.702879 0.914413
  3.20833 665.79 0.279141 0.387727 0.700051 0.897835
  3.22222 665.79 0.276378 0.389712 0.701346 0.931421
  3.23611 665.79 0.272908 0.389468 0.698333 0.909781
  3.25 657.413 0.266891 0.38908 0.698134 0.841361
  3.26389 657.413 0.262179 0.388333 0.696538 0.904669
  3.27778 650.97 0.256603 0.386603 0.694916 0.91371
  3.29167 650.97 0.251637 0.386488 0.692202 0.877034
  3.30556 655.602 0.247083 0.385833 0.690104 0.922931
  3.31944 656.659 0.24368 0.385924 0.689884 0.928884
  3.33333 657.278 0.239706 0.385523 0.689641 0.875145
  3.34722 659.569 0.236717 0.385606 0.690859 0.916315
  3.36111 658.757 0.23368 0.38533 0.691106 0.908671
  3.36639 658.757 0.232733 0.386067 0.6914 0.924841
  3.375 661.638 0.230747 0.384454 0.690374 0.878648
  3.38889 652.332 0.227745 0.385196 0.69098 0.929322
  3.40278 660.005 0.225812 0.38458 0.688725 0.908329
  End: M 3.41583 25030
Bub 18562 0.0055895
  Start: M 2.82694 17431
  2.83333 595.622 0.374409 0.373165 0.683186 0.820975
  2.84722 598.32 0.376536 0.376362 0.684014 0.931521
  2.86111 595.748 0.377362 0.375971 0.68416 0.873703
  2.86639 595.748 0.376728 0.37542 0.686037 0.922915
  2.875 592.587 0.377804 0.374813 0.685374 0.928595
  2.88889 593.522 0.377982 0.373596 0.685 0.924853
  2.90278 601.395 0.37813 0.373219 0.68327 0.929975
  2.91667 598.636 0.3772 0.371889 0.683156 0.902056
  2.93056 603.373 0.376617 0.371634 0.680512 0.905099
  2.94444 611.365 0.376176 0.371667 0.679706 0.929393
  2.95833 610.042 0.376163 0.371202 0.677713 0.91637
  2.97222 608.15 0.374127 0.37119 0.674762 0.919938
  2.98611 604.123 0.371491 0.370965 0.674123 0.934291
  3 607.176 0.368645 0.370421 0.674564 0.926103
  3.01389 607.667 0.368856 0.370534 0.671863 0.907188
  3.02778 601.771 0.36764 0.3694 0.670573 0.913981
  3.03306 601.771 0.368581 0.368829 0.670014 0.91987
  3.04167 605.671 0.367397 0.368562 0.668333 0.93604
  3.05556 616.929 0.367057 0.368191 0.666631 0.920864
  3.06944 603.023 0.366417 0.369167 0.66875 0.950034
  3.08333 595.405 0.365229 0.370038 0.667672 0.893346
  3.09722 597.577 0.363627 0.372059 0.667101 0.911878
  3.11111 598.082 0.361928 0.373377 0.665928 0.942758
  3.125 596.031 0.359641 0.375667 0.663795 0.932296
  3.13889 602.524 0.358066 0.376557 0.661156 0.907771
  3.15278 615.275 0.354972 0.377381 0.660014 0.994319
  3.16667 594.565 0.352515 0.378636 0.659455 0.936375
  3.18056 597.094 0.349955 0.378468 0.655293 0.913774
  3.19444 598.24 0.347761 0.378557 0.652015 0.926125
  3.19972 598.24 0.346549 0.377913 0.651404 0.919735
  3.20833 596.983 0.346391 0.378753 0.649702 0.917293
  3.22222 597.05 0.345336 0.378645 0.646391 0.927808
  3.23611 596.598 0.342446 0.376263 0.642016 0.924719
  3.25 597.32 0.339542 0.374771 0.63781 0.963877
  3.26389 595.74 0.337549 0.373676 0.633456 0.917983
  3.27778 599.647 0.33604 0.372413 0.630307 0.921277
  3.29167 596.751 0.334055 0.371915 0.628383 0.921388
  3.30556 603.527 0.333414 0.369805 0.627322 0.92408
  3.31944 601.597 0.333966 0.368017 0.625144 0.933244
  3.33333 605.357 0.334192 0.366364 0.623182 0.911901
  3.34722 598.088 0.334938 0.364918 0.620535 0.916319
  3.36111 602.17 0.335123 0.36221 0.618309 0.909389
  3.36639 602.17 0.336147 0.362573 0.617027 0.914075
  3.375 602.039 0.336138 0.361965 0.614892 0.934658
  3.38889 608.168 0.33723 0.361299 0.611397 0.939529
  3.40278 612.617 0.336643 0.36061 0.608545 0.938046
  3.41667 612.053 0.33497 0.358869 0.605119 0.925651
  3.43056 624.011 0.333488 0.358206 0.602887 0.879186
  End: M 3.43167 25366
Bub 18649 0.00390797
  Start: S 2.83361 17821 17978 18034 18042 18078 18276
  2.84722 851.428 0.131667 0.165 0.57 1.00862
  2.86111 848.696 0.126667 0.165 0.576667 0.997991
  2.86639 848.696 0.124953 0.166315 0.579789 0.931773
  2.875 850.025 0.122833 0.165 0.586167 1.02895
  2.88889 850.85 0.117874 0.164502 0.591935 0.892117
  2.90278 851.825 0.113077 0.163718 0.596923 0.913285
  2.91667 849.837 0.106667 0.164363 0.599559 0.92138
  2.93056 858.321 0.101667 0.16558 0.602101 0.924547
  2.94444 861.639 0.0983333 0.167754 0.605435 0.947653
  2.95833 853.933 0.0928788 0.169026 0.611883 0.89167
  2.97222 850.542 0.0883333 0.17523 0.618563 0.896052
  2.98611 851.994 0.0848551 0.180217 0.621812 0.899775
  3 846.694 0.0852667 0.185 0.633133 1.00718
  3.01389 855.515 0.0835333 0.189133 0.6398 0.938179
  3.02778 855.281 0.0846491 0.19307 0.645 0.944675
  3.03306 855.281 0.085 0.193116 0.64587 0.904411
  3.04167 850.558 0.085 0.193116 0.649203 0.903943
  3.05556 855.029 0.085098 0.192304 0.654069 0.93182
  3.06944 855.804 0.0835606 0.19428 0.658902 0.894643
  3.08333 855.799 0.0829048 0.194952 0.662238 0.900822
  3.09722 847.459 0.0855556 0.196944 0.669861 0.948479
  3.11111 850.222 0.0837879 0.200758 0.671818 0.879431
  3.125 850.758 0.0851587 0.203889 0.672937 0.90825
  3.13889 859.625 0.0828788 0.201566 0.674899 0.9241
  3.15278 846.031 0.0838889 0.203333 0.679444 0.975801
  3.16667 849.547 0.0831279 0.202352 0.681849 0.940514
  3.18056 849.581 0.0814198 0.201667 0.686481 0.932317
  3.19444 863.02 0.0796377 0.201667 0.689783 0.913172
  3.19972 863.02 0.0783333 0.201667 0.69 0.939325
  3.20833 851.732 0.0784524 0.201548 0.691667 0.907006
  3.22222 852.094 0.0745062 0.201914 0.694012 0.926953
  3.23611 850.423 0.0711828 0.202527 0.696505 0.912285
  3.25 851.08 0.0685686 0.202373 0.696725 0.874574
  3.26389 858.401 0.0630392 0.204804 0.698333 1.05124
  3.27778 856.983 0.0616667 0.205 0.7 1.14973
  3.29167 847.102 0.0583333 0.202619 0.703095 0.903885
  3.30556 854.218 0.0552381 0.203095 0.70506 0.858255
  3.31944 849.803 0.0497945 0.201667 0.706872 0.876886
  3.33333 849.411 0.046784 0.200915 0.706315 0.912909
  3.34722 849.22 0.0416667 0.196449 0.707464 0.885076
  3.36111 849.637 0.0383721 0.194729 0.709884 0.896477
  3.36639 849.637 0.0364286 0.195 0.710714 0.919377
  3.375 848.804 0.035 0.193333 0.712083 0.921978
  3.38889 850.257 0.0323077 0.192308 0.713718 0.884422
  3.40278 849.375 0.0291667 0.191429 0.716667 0.965687
  3.41667 851.801 0.0262121 0.190606 0.716212 1.10498
  3.43056 850.624 0.0247222 0.188056 0.713333 0.757144
  3.44444 854.468 0.0220175 0.188333 0.713596 0.865757
  3.45833 873.929 0.0216667 0.188077 0.715 0.902556
  3.47222 849.694 0.0166667 0.186667 0.715 0.964355
  3.48611 853.775 0.0148718 0.185737 0.713622 0.896821
  3.5 864.83 0.0116667 0.186304 0.713116 0.906787
  End: C 3.51361
Bub 18995 0.00538135
  Start: S 2.8675 18975
  2.875 630.268 0.177908 0.032234 0.677411 0.940445
  2.88889 640.268 0.176255 0.0326407 0.6771 0.932213
  2.90278 638.286 0.175709 0.0337356 0.677069 0.978664
  2.91667 633.232 0.174963 0.0331937 0.677421 0.886584
  2.93056 636.06 0.173611 0.0339881 0.678095 0.924972
  2.94444 627.928 0.172608 0.0342745 0.679686 0.920476
  2.95833 637.347 0.174033 0.0355333 0.678767 0.903406
  2.97222 643.099 0.172545 0.0356757 0.680023 0.909593
  2.98611 648.209 0.172106 0.0365369 0.680469 0.91246
  3 646.118 0.170978 0.0357428 0.680815 0.91851
  3.01389 661.337 0.169288 0.0342014 0.680521 0.919171
  3.02778 634.664 0.166436 0.0345764 0.682403 0.915003
  3.03306 634.664 0.166264 0.0338462 0.682637 0.930021
  3.04167 633.682 0.166404 0.0334831 0.683371 0.903019
  3.05556 637.677 0.166007 0.0322344 0.684451 0.917893
  3.06944 626.943 0.167603 0.0323034 0.686798 0.835646
  3.08333 629.872 0.168667 0.0321111 0.690156 0.924141
  3.09722 635.46 0.168652 0.0300887 0.690372 0.865651
  3.11111 620.177 0.16877 0.030873 0.693492 0.92085
  3.125 619.785 0.168219 0.0294521 0.692648 0.915231
  3.13889 618.65 0.169437 0.0274841 0.691157 0.925894
  3.15278 617.963 0.170061 0.0269715 0.691443 0.94138
  3.16667 621.298 0.171727 0.0268788 0.691545 0.921202
  3.18056 622.436 0.172932 0.0273629 0.69097 0.926248
  3.19444 629.64 0.175612 0.0265612 0.688734 0.9169
  3.19972 629.64 0.175988 0.0270782 0.688374 0.925738
  3.20833 628.907 0.176525 0.0253955 0.687599 0.891851
  3.22222 624.231 0.177902 0.0258627 0.685725 0.977109
  3.23611 627.413 0.180157 0.0252578 0.683398 0.915435
  3.25 628.222 0.181531 0.0244961 0.682461 0.905899
  3.26389 623.134 0.182086 0.0246247 0.680828 0.893375
  3.27778 621.611 0.180175 0.0234149 0.680851 0.929365
  3.29167 621.953 0.180276 0.0238548 0.681953 0.901464
  3.30556 636.091 0.179799 0.0218273 0.67998 0.916774
  3.31944 636.101 0.1804 0.0226 0.679667 0.913266
  3.33333 634.254 0.182552 0.0237646 0.681713 0.920532
  3.34722 635.371 0.179973 0.0226827 0.681506 0.889822
  3.36111 649.545 0.180472 0.0239308 0.68066 0.920802
  3.36639 649.545 0.180548 0.0240968 0.680548 0.922078
  3.375 643.571 0.180396 0.023453 0.679936 0.896591
  3.38889 649.159 0.182292 0.0248611 0.679722 0.913834
  End: M 3.39222 24870
Bub 20036 0.00454596
  Start: S 2.96111 18890
  2.97222 729.074 0.259118 0.291353 0.683745 0.973094
  2.98611 729.681 0.262236 0.293333 0.682602 0.916706
  3 734.979 0.264762 0.296905 0.684167 0.914128
  3.01389 742.436 0.267069 0.299828 0.68569 0.924287
  3.02778 732.978 0.268614 0.302912 0.689337 0.889541
  3.03306 732.978 0.268922 0.303275 0.690647 0.927272
  3.04167 728.327 0.268951 0.305494 0.693395 0.903066
  3.05556 730.511 0.271452 0.308656 0.696613 0.903167
  3.06944 733.046 0.275 0.312083 0.700833 1.01412
  3.08333 738.523 0.27592 0.312816 0.703506 0.910735
  3.09722 744.01 0.278137 0.315686 0.707059 0.903627
  3.11111 742.543 0.280591 0.317151 0.710806 0.874602
  3.125 736.471 0.283452 0.320595 0.71381 0.912285
  3.13889 736.775 0.285988 0.323519 0.716235 0.947634
  3.15278 733.047 0.287464 0.325435 0.716884 0.926569
  3.16667 734.977 0.290233 0.327481 0.719884 0.851954
  3.18056 736.811 0.290926 0.330185 0.720185 0.941896
  3.19444 728.304 0.293306 0.336202 0.720355 0.991479
  3.19972 728.304 0.293333 0.336667 0.72 0.884574
  3.20833 729.114 0.29442 0.339493 0.720507 0.934358
  3.22222 731.037 0.295645 0.340699 0.719624 0.862956
  3.23611 729.562 0.295303 0.345909 0.720455 0.88767
  3.25 735.28 0.296467 0.349133 0.7202 0.890712
  3.26389 740.307 0.294806 0.351796 0.721602 0.89382
  3.27778 731.695 0.296739 0.356087 0.720833 0.881726
  3.29167 732.761 0.29864 0.357299 0.721973 0.865993
  3.30556 733.537 0.297641 0.360065 0.722229 0.898278
  3.31944 730.595 0.295833 0.362857 0.721786 0.889366
  3.33333 731.416 0.294839 0.363032 0.724357 0.932394
  3.34722 734.236 0.296221 0.363944 0.725297 0.884129
  3.36111 731.169 0.291886 0.364377 0.728407 0.915763
  3.36639 731.169 0.291918 0.364534 0.728692 0.916444
  3.375 730.632 0.291912 0.364614 0.728825 0.91217
  3.38889 733.208 0.290286 0.364495 0.733384 0.895684
  3.40278 734.898 0.289433 0.365481 0.733076 0.913185
  3.41667 745.723 0.288793 0.367184 0.733851 0.903829
  3.43056 734.816 0.290847 0.370424 0.734633 0.687067
  3.44444 731.32 0.291502 0.372572 0.733642 0.91473
  3.45833 741.005 0.291911 0.372764 0.732724 0.907052
  End: M 3.46917 25622
Bub 20252 0.00579415
  Start: S 2.97472 20147 20148
  2.98611 577.316 0.374735 0.0338447 0.630455 0.94118
  3 580.521 0.375496 0.0342262 0.628433 0.933573
  3.01389 579.499 0.375286 0.0339333 0.626924 0.925389
  3.02778 577.606 0.374595 0.0332689 0.625589 0.929527
  3.03306 577.606 0.375817 0.0339462 0.626269 1.00931
  3.04167 576.44 0.373395 0.0344239 0.625432 0.934978
  3.05556 573.75 0.373617 0.0360884 0.627857 0.923561
  3.06944 579.419 0.374352 0.0354381 0.626943 0.930584
  3.08333 579.302 0.373941 0.0339412 0.626804 0.934697
  3.09722 575.873 0.375675 0.0342157 0.628442 0.931489
  3.11111 574.623 0.37594 0.0317949 0.628184 0.960384
  3.125 573.088 0.376976 0.0306487 0.627415 0.933009
  3.13889 573.434 0.377071 0.0296465 0.626515 0.905078
  3.15278 571.463 0.378608 0.0270588 0.626608 0.933735
  3.16667 573.38 0.380133 0.0261111 0.625022 0.933346
  3.18056 574.07 0.380838 0.025572 0.623679 0.935312
  3.19444 575.488 0.381347 0.0252283 0.6221 0.931332
  3.19972 575.488 0.381148 0.0253792 0.620988 0.902667
  3.20833 574.465 0.382249 0.0248394 0.620241 0.947075
  3.22222 576.72 0.383323 0.0236785 0.617604 0.935186
  3.23611 578.3 0.383745 0.0250392 0.616725 0.927837
  3.25 589.661 0.382755 0.0248611 0.616181 0.966304
  3.26389 580.618 0.384415 0.0264815 0.615156 0.9259
  3.27778 583.676 0.384004 0.0269309 0.614167 0.924794
  3.29167 587.976 0.384138 0.025977 0.613238 0.929809
  3.30556 576.407 0.383342 0.0254836 0.61272 0.920274
  3.31944 576.141 0.382654 0.0262169 0.612778 0.933245
  3.33333 578.631 0.381667 0.0262157 0.612431 0.926545
  3.34722 576.719 0.381498 0.0266105 0.612566 0.931466
  3.36111 575.139 0.381433 0.0279087 0.612197 0.92968
  3.36639 575.139 0.38068 0.0283925 0.612179 0.934114
  3.375 576.54 0.380274 0.0288397 0.612574 0.927666
  3.38889 575.752 0.379731 0.0292116 0.611986 0.935332
  3.40278 577.743 0.379004 0.0285009 0.611145 0.939473
  3.41667 579.929 0.378192 0.0282981 0.610926 0.942861
  3.43056 573.42 0.377568 0.0294627 0.610064 0.94309
  3.44444 578.395 0.375824 0.0285632 0.608238 0.936937
  3.45833 586.435 0.374011 0.0281613 0.605989 0.986264
  3.47222 585.55 0.373889 0.028547 0.604423 0.930593
  3.48611 587.013 0.373107 0.0269921 0.600306 0.928359
  3.5 588.667 0.37134 0.0271569 0.596585 0.910432
  3.51389 606.319 0.371377 0.0277174 0.593152 0.9475
  End: S 3.51528 26176 26175
Bub 22175 0.005251
  Start: N 3.10556
  3.11111 634.781 0.233346 0.34902 0.744669 0.889284
  3.125 636.385 0.234808 0.350156 0.742074 0.916932
  3.13889 637.505 0.234921 0.35206 0.739514 0.914907
  3.15278 638.315 0.235175 0.353647 0.736704 0.895087
  3.16667 638.99 0.236351 0.35455 0.733739 0.922021
  3.18056 638.168 0.236225 0.357678 0.731097 0.918475
  3.19444 644.803 0.236385 0.358225 0.728636 0.914588
  3.19972 644.803 0.235728 0.359131 0.727653 0.870942
  3.20833 636.189 0.235255 0.360208 0.725579 0.928491
  3.22222 640.141 0.236497 0.359746 0.723701 0.904405
  3.23611 649.851 0.238107 0.359959 0.722099 0.903111
  3.25 652.183 0.238519 0.359115 0.721605 0.923485
  3.26389 654.614 0.241291 0.355258 0.722653 0.894422
  3.27778 656.889 0.243165 0.356266 0.723671 0.899789
  3.29167 632.993 0.245855 0.354943 0.727877 0.913406
  3.30556 632.268 0.247198 0.356481 0.729593 0.90595
  3.31944 636.949 0.246455 0.36037 0.731296 0.901657
  3.33333 640.25 0.244851 0.361561 0.733047 0.902084
  3.34722 644.296 0.245815 0.36463 0.733148 0.908991
  3.36111 681.895 0.246607 0.366518 0.733214 0.986478
  3.36639 681.895 0.245 0.36803 0.733182 0.94492
  3.375 668.708 0.245299 0.370697 0.733682 0.914494
  End: M 3.37667 24693
Bub 22563 0.00487771
  Start: S 3.14611 22477
  3.15278 683.041 0.0568095 0.0689048 0.638333 0.944802
  3.16667 684.343 0.0574682 0.0713868 0.634949 0.93358
  3.18056 685.895 0.0566162 0.0725758 0.632475 0.927821
  3.19444 688.704 0.0569722 0.0750556 0.630028 0.951414
  3.19972 688.704 0.0584211 0.0742105 0.630029 0.957837
  3.20833 682.591 0.0583592 0.0750775 0.627791 0.889406
  3.22222 678.991 0.0586257 0.0780702 0.624795 0.895869
  3.23611 685.67 0.0596087 0.0786232 0.622246 0.942342
  3.25 693.468 0.0594643 0.0808929 0.619762 0.928653
  3.26389 680.305 0.0589007 0.082896 0.620792 0.838844
  3.27778 683.303 0.0596903 0.084882 0.617094 0.919237
  3.29167 679.072 0.0585556 0.086 0.616111 0.952376
  3.30556 683.009 0.0581707 0.0877642 0.614756 0.926258
  3.31944 695.99 0.0575926 0.0893519 0.614259 0.934184
  3.33333 697.159 0.0565278 0.0911111 0.614583 0.916274
  3.34722 685.073 0.0548333 0.0911667 0.615917 0.940508
  3.36111 685.355 0.0530741 0.0920864 0.616852 0.936169
  3.36639 685.355 0.052096 0.0915909 0.617374 0.926566
  3.375 690.883 0.0507857 0.0922381 0.617405 0.924745
  3.38889 693.466 0.0485049 0.0919118 0.617525 0.944812
  End: M 3.39611 24861
Bub 23206 0.00367754
  Start: N 3.21639
  3.22222 902.979 0.181667 0.077 0.746333 0.911395
  3.23611 901.068 0.182778 0.0733333 0.742778 0.909685
  3.25 903.754 0.181667 0.0683333 0.736667 0.920911
  3.26389 900.152 0.182778 0.0633333 0.733889 0.911451
  3.27778 903.188 0.182527 0.0602151 0.731667 0.902775
  3.29167 903.717 0.181667 0.055 0.73 0.900927
  3.30556 907.333 0.181667 0.0505556 0.728333 0.926069
  3.31944 912.35 0.181667 0.0481373 0.726961 0.905528
  3.33333 904.197 0.181667 0.0433333 0.728333 0.958995
  3.34722 901.474 0.183333 0.0433333 0.728333 0.901817
  3.36111 901.154 0.183333 0.04 0.728333 0.897581
  3.36639 901.154 0.182333 0.04 0.727333 0.871504
  3.375 899.948 0.183333 0.0372222 0.727222 0.89569
  3.38889 905.104 0.183333 0.0366667 0.726667 0.91193
  3.40278 903.353 0.183571 0.0354762 0.724048 0.879957
  3.41667 901.612 0.182843 0.0336275 0.723039 0.913125
  3.43056 905.47 0.183333 0.0333333 0.72 0.913692
  3.44444 905.857 0.185119 0.0319048 0.718214 1.18368
  3.45833 900.654 0.186964 0.032619 0.713036 0.876963
  3.47222 911.121 0.187857 0.0321429 0.708333 0.94422
  3.48611 905.234 0.19 0.0333333 0.705 0.906122
  End: C 3.49028
Bub 23266 0.00428127
  Start: S 3.22083 23052 23053
  3.22222 774.866 0.323545 0.0389437 0.669789 0.908716
  3.23611 772.454 0.325145 0.0414855 0.667464 0.89387
  3.25 772.798 0.3242 0.0447333 0.665267 0.911921
  3.26389 777.591 0.323977 0.0487879 0.662614 0.901238
  3.27778 779.741 0.323133 0.0524667 0.6598 0.909743
  3.29167 796.315 0.322424 0.055 0.659242 0.908834
  3.30556 790.379 0.322863 0.0570513 0.659829 0.911144
  3.31944 777.387 0.324254 0.0594737 0.662719 1.0116
  3.33333 781.984 0.325196 0.0602941 0.661667 0.909135
  3.34722 778.247 0.324733 0.0619333 0.660867 0.912731
  3.36111 780.239 0.32307 0.0646491 0.661667 0.957575
  3.36639 780.239 0.323596 0.0664035 0.660614 0.894751
  3.375 779.688 0.322018 0.0683333 0.660263 0.965308
  3.38889 775.175 0.321667 0.0704762 0.661667 0.903335
  3.40278 790.775 0.319286 0.0740476 0.661667 0.955073
  3.41667 776.814 0.318196 0.0768721 0.663539 0.958165
  3.43056 779.185 0.314333 0.08 0.662667 0.929963
  3.44444 771.343 0.311667 0.0783333 0.665 1.56334
  3.45833 778.36 0.310217 0.0812319 0.66413 0.923584
  3.47222 796.022 0.308333 0.0833333 0.665 0.923947
  3.48611 820.904 0.306833 0.0864583 0.665042 0.944572
  3.5 777.513 0.30348 0.0920098 0.670735 0.983319
  End: C 3.51222
Bub 23267 0.00466747
  Start: S 3.22083 23052 23053
  3.22222 716.331 0.304529 0.0339855 0.677101 1.07826
  3.23611 720.512 0.303739 0.0353604 0.67518 0.923983
  3.25 711.25 0.299037 0.0365291 0.673012 0.92819
  3.26389 711.735 0.295467 0.0366667 0.6704 0.94185
  3.27778 710.945 0.291809 0.0366239 0.669274 0.884008
  3.29167 713.785 0.28886 0.0377569 0.669361 0.906307
  3.30556 713.423 0.28458 0.0355105 0.669354 0.894661
  3.31944 719.302 0.281296 0.0342593 0.670093 0.927028
  3.33333 718.056 0.278846 0.0328632 0.670812 0.86153
  3.34722 732.784 0.277431 0.0297222 0.66963 0.901647
  3.36111 723.75 0.272745 0.0271569 0.670098 0.946226
  3.36639 723.75 0.273965 0.0259091 0.668662 0.922776
  3.375 718.307 0.271929 0.022874 0.669541 0.945536
  3.38889 720.234 0.272114 0.0195025 0.668532 0.924633
  3.40278 711.529 0.271695 0.0181909 0.670584 0.874186
  3.41667 715.773 0.273267 0.0166667 0.672067 0.940198
  3.43056 723.176 0.275226 0.0133709 0.670439 0.922095
  3.44444 723.176 0.278545 0.0122222 0.671164 0.86516
  3.45833 745.809 0.282214 0.0113682 0.672114 0.873342
  3.47222 745.809 0.286062 0.0124359 0.674963 0.894964
  End: S 3.4775 25782 25783
Bub 23521 0.00341392
  Start: N 3.24333
  3.25 972.49 0.125 0.118333 0.596667 1.06961
  3.26389 973.675 0.128333 0.116333 0.593667 1.15677
  3.27778 979.872 0.130263 0.115351 0.595 0.926619
  3.29167 976.303 0.132598 0.115343 0.596912 0.930992
  3.30556 981.212 0.135 0.115 0.6 0.912259
  3.31944 974.002 0.137381 0.114524 0.604048 0.932786
  3.33333 979.279 0.139737 0.115351 0.608333 0.917852
  3.34722 971.894 0.140333 0.111667 0.613667 0.967219
  3.36111 973.605 0.14 0.11 0.618333 0.965606
  3.36639 973.605 0.141127 0.10951 0.620147 0.88591
  3.375 976.963 0.141622 0.108649 0.624099 0.85934
  3.38889 973.848 0.143333 0.106667 0.628333 0.931277
  3.40278 968.555 0.143333 0.106667 0.633333 0.894332
  3.41667 974.263 0.143333 0.106667 0.638333 0.908584
  3.43056 972.854 0.142302 0.106693 0.642725 0.880916
  3.44444 972.035 0.143 0.107 0.645 0.922972
  3.45833 986.008 0.141667 0.105 0.648333 0.926144
  3.47222 973.023 0.14 0.106667 0.648333 0.888194
  3.48611 984.869 0.138594 0.105208 0.649531 0.92747
  3.5 976.929 0.138478 0.10529 0.649928 0.940316
  End: M 3.51056 26042
Bub 23528 0.00609635
  Start: S 3.24444 23444
  3.25 547.402 0.0384146 0.0776667 0.656854 0.8983
  3.26389 549.902 0.0384078 0.0769926 0.656937 0.910826
  3.27778 550.823 0.0392308 0.075696 0.655549 0.951397
  3.29167 556.014 0.0414695 0.0748029 0.655269 0.921717
  3.30556 556.713 0.0442081 0.0741344 0.655203 0.920503
  3.31944 556.539 0.0455804 0.07301 0.655282 0.914257
  3.33333 563.038 0.046763 0.0716963 0.65463 0.936448
  3.34722 550.746 0.0484472 0.0710813 0.656626 0.920917
  3.36111 560.274 0.049031 0.0700388 0.656798 0.917196
  3.36639 560.274 0.0494753 0.0692747 0.656852 0.922686
  3.375 557.084 0.0509901 0.0686799 0.656254 0.92648
  End: S 3.3775 24680 24679
Bub 23652 0.00765585
  Start: M 3.26472 23634
  3.27778 444.153 0.105386 0.0987274 0.679713 0.916417
  3.29167 444.434 0.105042 0.097775 0.682983 0.901802
  3.30556 444.361 0.105697 0.0953827 0.68824 0.905004
  3.31944 438.509 0.105465 0.0930789 0.692482 0.911996
  3.33333 440.786 0.10426 0.0905442 0.694745 0.910396
  3.34722 441.199 0.102917 0.0883102 0.696806 0.915388
  3.36111 443.668 0.102701 0.0869676 0.699537 0.900082
  3.36639 443.668 0.102113 0.0867148 0.700591 0.927231
  3.375 452.505 0.103175 0.0871964 0.702664 0.909915
  3.38889 449.166 0.104313 0.0876804 0.705241 0.922424
  End: M 3.39361 24871
Bub 23720 0.0050279
  Start: S 3.2725 23589 23630
  3.27778 667.278 0.337928 0.0901304 0.517261 0.963857
  3.29167 669.345 0.341667 0.0878125 0.517188 0.97726
  3.30556 669.318 0.343829 0.0878829 0.517342 0.947733
  3.31944 673.039 0.34593 0.0872481 0.517171 1.00843
  3.33333 675.241 0.349378 0.0870149 0.5151 0.940489
  3.34722 666.71 0.350955 0.0854854 0.514061 0.947374
  3.36111 673.69 0.352129 0.0852433 0.513954 0.930567
  3.36639 673.69 0.352457 0.0840378 0.51256 0.990952
  3.375 662.295 0.356346 0.084419 0.510229 1.02917
  3.38889 663.15 0.357791 0.0859302 0.509186 0.946085
  3.40278 670.084 0.359141 0.0850781 0.507448 0.931469
  3.41667 672.06 0.360315 0.0867117 0.50509 0.948449
  3.43056 693.456 0.360019 0.0886782 0.50228 0.95456
  3.44444 681.274 0.36062 0.0888843 0.50051 0.957762
  3.45833 699.309 0.361697 0.0885152 0.497212 0.975413
  3.47222 722.924 0.361765 0.0879412 0.495 0.945026
  3.48611 746.987 0.36237 0.0903333 0.492815 1.09952
  End: M 3.49139 25855
Bub 23735 0.0057163
  Start: S 3.27389 20120
  3.27778 586.397 0.0561834 0.0359467 0.641568 0.935935
  3.29167 584.221 0.0584444 0.0338889 0.640407 0.927811
  3.30556 582.859 0.0598718 0.0339546 0.638353 0.913786
  3.31944 583.415 0.0607658 0.0325676 0.637297 0.956883
  3.33333 585.806 0.0615598 0.0304915 0.63594 0.933368
  3.34722 586.052 0.0629386 0.0288377 0.63489 0.969239
  3.36111 588.301 0.0637939 0.0289254 0.632083 0.926223
  3.36639 588.301 0.0651183 0.027071 0.631391 0.928925
  3.375 584.698 0.065122 0.0262398 0.630346 0.933032
  3.38889 587.96 0.0669746 0.0255797 0.627391 0.927757
  End: M 3.39083 24803
Bub 23824 0.00612595
  Start: S 3.28361 23565
  3.29167 555.658 0.252837 0.239487 0.663317 0.915169
  3.30556 553.546 0.253176 0.240486 0.66938 0.893993
  3.31944 552.569 0.252896 0.241778 0.67757 0.918171
  3.33333 552.265 0.254542 0.241099 0.683938 0.913659
  3.34722 554.404 0.255798 0.242405 0.691587 0.92487
  3.36111 548.887 0.256864 0.244454 0.697373 0.915135
  3.36639 548.887 0.25805 0.244368 0.699619 0.924925
  3.375 546.578 0.258333 0.246913 0.702955 0.912461
  3.38889 552.133 0.259258 0.250358 0.707042 0.874618
  3.40278 553.703 0.261888 0.251059 0.713398 0.903426
  3.41667 561.52 0.263804 0.253963 0.717584 0.87664
  3.43056 578.454 0.265051 0.255051 0.721447 0.92788
  End: M 3.44333 25360
Bub 23870 0.00663265
  Start: M 3.2925 23852
  3.30556 511.884 0.126136 0.210063 0.697336 0.924314
  3.31944 506.609 0.121342 0.212653 0.703777 0.899499
  3.33333 503.4 0.115664 0.214235 0.712056 0.972171
  3.34722 505.539 0.112468 0.215433 0.717672 0.915228
  3.36111 506.927 0.107938 0.215494 0.722401 0.942242
  3.36639 506.927 0.106349 0.215992 0.724936 0.914254
  3.375 516.704 0.102448 0.21487 0.727305 0.905588
  3.38889 527.548 0.0988129 0.214341 0.730911 0.909912
  3.40278 536.785 0.094656 0.214644 0.733648 0.922276
  End: S 3.40361 24988 24987
Bub 23871 0.00397903
  Start: N 3.29278
  3.30556 830.824 0.31693 0.24693 0.733947 0.966138
  3.31944 847.181 0.318333 0.248333 0.731667 0.87722
  3.33333 834.05 0.316733 0.2414 0.733533 0.844282
  3.34722 839.276 0.316859 0.241667 0.735064 0.896809
  3.36111 831.92 0.317473 0.242634 0.738387 0.909161
  3.36639 831.92 0.318333 0.243333 0.74 0.886843
  3.375 835.092 0.318333 0.243333 0.743333 0.927835
  3.38889 836.95 0.320735 0.244657 0.74652 0.884412
  3.40278 840.981 0.323228 0.247236 0.75019 0.824319
  3.41667 840.999 0.327222 0.251111 0.755 0.888544
  3.43056 834.61 0.33 0.253333 0.758333 0.947074
  3.44444 834.744 0.336667 0.256667 0.761667 0.885645
  End: M 3.44667 25464
Bub 23904 0.00388369
  Start: N 3.29917
  3.30556 860.25 0.164874 0.0727358 0.758333 0.877436
  3.31944 856.841 0.166667 0.0683333 0.755 0.990463
  3.33333 855.725 0.165 0.0663333 0.753667 0.902423
  3.34722 856.932 0.165974 0.0629487 0.752333 1.00419
  3.36111 861.109 0.163596 0.0583333 0.747982 0.848792
  3.36639 861.109 0.163889 0.0572222 0.746667 0.896284
  3.375 860.736 0.163889 0.055 0.745 0.898935
  3.38889 854.411 0.161667 0.0536667 0.740333 0.939126
  End: C 3.4025
Bub 24027 0.0070719
  Start: M 3.31806 22193
  3.31944 486.46 0.06075 0.351021 0.708219 0.912789
  3.33333 469.975 0.0610943 0.355707 0.713485 0.906767
  3.34722 471.752 0.0612137 0.356614 0.71572 0.911038
  3.36111 473.558 0.0604615 0.358279 0.718279 0.910763
  3.36639 473.558 0.0595578 0.360295 0.719104 0.907924
  3.375 478.469 0.0591718 0.360072 0.72044 0.914044
  End: M 3.37861 24692
Bub 24167 0.00397903
  Start: N 3.33389
  3.34722 830.902 0.0739474 0.259737 0.736404 0.908743
  3.36111 834.672 0.07 0.26 0.735 0.937637
  3.36639 834.672 0.0697222 0.261389 0.733889 0.871547
  3.375 834.408 0.0666667 0.263333 0.735 0.891062
  3.38889 830.588 0.0635965 0.266053 0.73307 0.939513
  3.40278 831.233 0.0630357 0.267024 0.733929 0.905742
  3.41667 832.637 0.0616667 0.269722 0.733611 0.876195
  End: M 3.41806 25204
Bub 24225 0.0058913
  Start: M 3.33861 24143
  3.34722 585.008 0.104243 0.0467297 0.680604 0.919714
  3.36111 604.61 0.105123 0.0475358 0.677372 0.922277
  3.36639 604.61 0.105053 0.0477807 0.676212 0.921294
  3.375 620.933 0.105196 0.0489869 0.67415 0.919504
  End: M 3.38306 24694
Bub 24235 0.00468432
  Start: S 3.34028 24084 24102
  3.34722 712.467 0.12672 0.198656 0.639516 0.937391
  3.36111 721.31 0.127923 0.199462 0.647692 0.870102
  3.36639 721.31 0.130341 0.197186 0.649803 0.882362
  3.375 724.907 0.130772 0.196944 0.654815 0.884814
  3.38889 719.363 0.131601 0.196569 0.663562 0.865255
  3.40278 715.86 0.1306 0.196627 0.670413 0.93956
  3.41667 711.94 0.128605 0.196837 0.676667 0.965058
  3.43056 713.772 0.128121 0.192908 0.682589 0.948936
  3.44444 722.845 0.125763 0.193072 0.688373 0.94489
  End: M 3.45194 25517
Bub 24241 0.00544425
  Start: M 3.34083 24084 24102
  3.34722 657.535 0.0970776 0.198584 0.627078 0.926815
  3.36111 615.763 0.104907 0.202685 0.641759 1.22658
  3.36639 615.763 0.103796 0.203753 0.644161 0.86423
  3.375 611.149 0.102587 0.203508 0.652016 0.913792
  3.38889 610.97 0.100726 0.204003 0.661838 0.930815
  3.40278 625.005 0.101024 0.20381 0.67019 0.896521
  3.41667 608.605 0.0975163 0.201928 0.675784 0.962281
  3.43056 614.961 0.0985733 0.200387 0.683427 0.965111
  3.44444 611.599 0.0997583 0.199504 0.688435 0.923184
  End: M 3.45194 25517
Bub 24253 0.00341392
  Start: S 3.3425 24159
  3.34722 973.227 0.21 0.188333 0.655 1.08602
  3.36111 978.202 0.211667 0.186667 0.661667 0.936165
  3.36639 978.202 0.213333 0.188333 0.665 0.944948
  3.375 979.427 0.214649 0.18693 0.668333 0.888464
  3.38889 971.518 0.211667 0.187 0.673667 0.945677
  3.40278 974.03 0.213116 0.186667 0.681812 0.921277
  3.41667 971.132 0.211667 0.187121 0.690379 0.920802
  3.43056 972.222 0.211667 0.186905 0.697381 0.920619
  3.44444 974.106 0.211364 0.18697 0.707121 0.872509
  3.45833 967.664 0.205 0.188333 0.715 1.91858
  End: C 3.46417
Bub 24285 0.00310175
  Start: S 3.3475 24276
  3.36111 1065.3 0.121667 0.0416667 0.455 0.983801
  3.36639 1065.3 0.121667 0.0433333 0.456667 0.938507
  3.375 1064.91 0.121667 0.045 0.455 0.960661
  End: C 3.38556
Bub 24286 0.00479902
  Start: S 3.3475 24276
  3.36111 715.692 0.117967 0.0271667 0.470733 0.947195
  3.36639 715.692 0.116667 0.0270325 0.473333 1.02605
  3.375 698.556 0.118424 0.0270303 0.472333 0.939416
  3.38889 688.698 0.118567 0.0273392 0.472953 0.870842
  3.40278 692.646 0.120922 0.0277832 0.470275 0.956782
  3.41667 695.624 0.124691 0.0281959 0.469124 0.955714
  3.43056 695.702 0.126935 0.0276882 0.469301 1.01398
  3.44444 702.815 0.129274 0.027735 0.468504 0.982005
  3.45833 708.003 0.133 0.0279524 0.465952 0.973493
  3.47222 713.437 0.134618 0.0285878 0.464669 0.969533
  3.48611 695.199 0.135378 0.0282624 0.467057 0.825201
  3.5 708.442 0.136884 0.0301304 0.464507 0.951945
  3.51389 708.421 0.138936 0.0302128 0.465638 0.982666
  End: M 3.51972 26132
Bub 24325 0.0175813
  Start: S 3.35111 24284
  3.36111 227.449 0.191564 0.202414 0.538075 0.933469
  3.36639 227.449 0.19373 0.203077 0.540733 0.932375
  End: M 3.36861 24554
Bub 24405 0.00434074
  Start: S 3.35778 24271
  3.36111 773.871 0.145901 0.114144 0.703604 0.919441
  3.36639 773.871 0.143 0.111667 0.703667 1.27212
  3.375 761.802 0.139892 0.109839 0.706828 0.867014
  3.38889 769.564 0.135616 0.106341 0.707717 0.938728
  End: M 3.39944 24871
Bub 24406 0.0037575
  Start: S 3.35778 24271
  3.36111 883.737 0.166667 0.123333 0.701667 0.889628
  3.36639 883.737 0.162862 0.120472 0.702862 0.941761
  3.375 883.938 0.163 0.120333 0.705 0.925423
  End: C 3.37889
Bub 24447 0.00430127
  Start: S 3.36139 24438
  3.36639 772.002 0.166944 0.265694 0.719722 0.947344
  3.375 772.002 0.166667 0.27 0.721667 0.935984
  3.38889 773.615 0.165152 0.272576 0.723788 0.898411
  3.40278 768.612 0.160556 0.272778 0.723889 0.939347
  3.41667 771.027 0.158636 0.275909 0.727121 0.922984
  3.43056 768.412 0.157 0.276333 0.726667 0.892136
  3.44444 768.814 0.156412 0.276751 0.726921 0.92543
  3.45833 772.497 0.154839 0.278614 0.729578 0.875415
  3.47222 773.229 0.152879 0.280909 0.730758 0.90796
  3.48611 768.361 0.15 0.283667 0.733667 0.860055
  3.5 771.215 0.149769 0.285513 0.736897 0.915616
  3.51389 768.249 0.146921 0.286412 0.740085 0.929957
  End: C 3.52056
Bub 24467 0.00486217
  Start: S 3.36306 24159 24419
  3.36639 705.499 0.130064 0.167179 0.66484 0.89975
  3.375 705.499 0.131804 0.166134 0.669433 1.05167
  3.38889 685.034 0.135756 0.166556 0.679044 0.929989
  3.40278 682.799 0.13561 0.166545 0.688659 0.909141
  3.41667 685.089 0.138205 0.166026 0.695769 0.915095
  3.43056 683.745 0.138333 0.167174 0.706159 1.01759
  3.44444 686.658 0.14 0.166894 0.713106 0.882581
  3.45833 687.525 0.14247 0.166245 0.7199 0.866182
  3.47222 688.086 0.144697 0.165 0.727576 0.900503
  3.48611 687.217 0.145 0.165 0.736667 0.907038
  3.5 682.662 0.144583 0.165833 0.745417 0.95567
  End: M 3.5125 26044
Bub 24473 0.00781595
  Start: S 3.36333 24446
  3.36639 420.07 0.246165 0.204545 0.709568 0.93421
  End: M 3.36667 24579
Bub 24474 0.00383421
  Start: S 3.36333 24446
  3.36639 856.302 0.228333 0.228529 0.706961 1.08124
  End: M 3.36667 24579
Bub 24476 0.00393194
  Start: N 3.36361
  3.36639 835.019 0.0697273 0.243061 0.74803 0.950237
  End: C 3.36778
Bub 24482 0.0186952
  Start: M 3.36389 24159 24419
  3.36639 175.62 0.172949 0.173222 0.698212 0.917576
  End: S 3.37417 24582 24566
Bub 24486 0.00341392
  Start: N 3.36444
  3.36639 961.722 0.248333 0.216667 0.685 0.764481
  End: C 3.36722
Bub 24494 0.00908745
  Start: M 3.36528 24443 24444
  3.36639 361.294 0.116718 0.136885 0.579713 0.906184
  End: M 3.36861 24554
Bub 24502 0.00576105
  Start: M 3.36639 24445
  3.36639 569.904 0.0448459 0.0352312 0.610029 0.934034
  End: S 3.36694 24577 24578
Bub 24529 0.00341392
  Start: N 3.37139
  3.375 973.596 0.07 0.245 0.745 0.867657
  3.38889 974.568 0.0666667 0.248333 0.741667 0.888089
  3.40278 974.383 0.0633333 0.251667 0.738333 0.907126
  3.41667 974.288 0.06 0.255 0.735 0.906149
  End: M 3.41806 25204
Bub 24550 0.0227405
  Start: S 3.37333 23972
  3.375 160.388 0.194136 0.197388 0.334259 0.974772
  End: M 3.37639 24625
Bub 24551 0.00367754
  Start: S 3.37333 23972
  3.375 916.504 0.245 0.215 0.341667 0.957159
  End: M 3.37639 24625
Bub 24554 0.0175275
  Start: S 3.37333 24325 24494
  3.375 229.067 0.1956 0.203034 0.545681 0.933934
  3.38889 228.155 0.19665 0.201546 0.553934 0.931845
  End: M 3.39111 24765
Bub 24566 0.00390797
  Start: S 3.37417 24482
  3.375 853.969 0.235 0.137222 0.685 0.908964
  3.38889 847.108 0.242778 0.133889 0.69 0.915343
  3.40278 851.723 0.246667 0.131667 0.696667 0.950124
  End: C 3.41111
Bub 24569 0.0090696
  Start: M 3.37417 24325 24494
  3.375 399.511 0.114323 0.13541 0.582225 0.923103
  End: M 3.38417 24670
Bub 24576 0.00313958
  Start: S 3.375 24482
  3.375 1056.79 0.158333 0.145 0.681905 0.917025
  End: M 3.37528 24582
Bub 24577 0.0050424
  Start: S 3.375 24502
  3.375 692.868 0.0501437 0.0360632 0.606954 0.934921
  End: M 3.37528 24675
Bub 24578 0.00404765
  Start: S 3.375 24502
  3.375 833.287 0.035 0.0366667 0.61 0.934921
  End: M 3.37528 24675
Bub 24579 0.00742255
  Start: S 3.375 24473 24474
  3.375 460.306 0.245495 0.204685 0.715486 0.927944
  End: M 3.37556 24682
Bub 24580 0.0042201
  Start: S 3.375 24473 24474
  3.375 787.942 0.23 0.228529 0.710294 0.927944
  End: M 3.37556 24682
Bub 24582 0.0186286
  Start: M 3.37528 24482 24576
  3.38889 187.188 0.171005 0.182572 0.719841 0.912926
  End: S 3.39667 24867 24833
Bub 24625 0.0227576
  Start: S 3.38 24550 24551
  3.38889 160.542 0.193628 0.197334 0.342903 0.975855
  End: S 3.39833 25006 24873
Bub 24670 0.00908745
  Start: M 3.38444 24569
  3.38889 388.831 0.112624 0.133365 0.586448 0.914739
  End: M 3.39028 24846
Bub 24675 0.00487771
  Start: S 3.38528 24577 24578
  3.38889 685.916 0.0509048 0.0355714 0.608429 0.938293
  End: M 3.38944 24803
Bub 24676 0.00341392
  Start: S 3.38528 24577 24578
  3.38889 974.293 0.035 0.0366667 0.605 0.933086
  End: M 3.38944 24803
Bub 24679 0.00310175
  Start: S 3.38556 23528
  3.38889 1065.22 0.0616667 0.0683333 0.641667 0.91984
  End: C 3.39444
Bub 24682 0.0079986
  Start: M 3.38583 24579 24580
  3.38889 428.495 0.244611 0.206893 0.722977 0.911108
  End: M 3.38917 24822
Bub 24692 0.0071158
  Start: M 3.38806 24027
  3.38889 470.987 0.0582209 0.361319 0.721718 0.90732
  End: M 3.38917 24715
Bub 24693 0.0058051
  Start: M 3.38806 22175
  3.38889 601.763 0.243776 0.373682 0.734397 0.876568
  End: M 3.39222 24860
Bub 24694 0.006016
  Start: M 3.38833 24225
  3.38889 589.455 0.103629 0.0486041 0.672479 0.913485
  End: M 3.39 24738
Bub 24696 0.00310175
  Start: N 3.38833
  3.38889 1064.69 0.248333 0.211667 0.348333 1.26611
  End: C 3.39833
Bub 24715 0.00721625
  Start: M 3.39056 24692
  3.40278 465.437 0.0577549 0.362245 0.724196 0.898412
  3.41667 474.703 0.0568497 0.363912 0.723892 0.91102
  3.43056 476.552 0.0552644 0.365038 0.723395 0.919933
  3.44444 495.319 0.0528238 0.365934 0.723386 0.920902
  3.45833 500.833 0.0513889 0.366458 0.723075 0.923495
  End: M 3.46611 25582
Bub 24752 0.00383421
  Start: N 3.39389
  3.40278 864.193 0.223039 0.297157 0.753039 0.902702
  3.41667 864.614 0.22 0.301667 0.75 0.882995
  3.43056 862.949 0.21693 0.303596 0.749386 0.86675
  End: C 3.44111
Bub 24765 0.0174783
  Start: S 3.395 24554
  3.40278 228.417 0.199408 0.200423 0.562508 0.930178
  3.41667 229.594 0.199144 0.199115 0.570746 0.932067
  3.43056 228.709 0.198974 0.198262 0.577899 0.933594
  3.44444 229.734 0.20091 0.197374 0.585104 0.93028
  End: S 3.45167 25499 25476
Bub 24769 0.0080101
  Start: M 3.395 24438
  3.40278 433.104 0.177946 0.255172 0.757882 0.9048
  End: C 3.40583
Bub 24803 0.0057721
  Start: S 3.39778 23735 24675 24676
  3.40278 581.662 0.0678544 0.0258238 0.623908 0.941988
  End: M 3.4125 25354
Bub 24822 0.0082062
  Start: M 3.39889 24682
  3.40278 426.254 0.243813 0.206367 0.731667 0.92052
  End: M 3.40472 24974
Bub 24826 0.00526435
  Start: M 3.39917 23735 24675 24676
  3.40278 666.113 0.044697 0.0352273 0.605 0.949784
  End: S 3.40444 25354 25018
Bub 24833 0.00591245
  Start: S 3.39972 24582
  3.40278 606.736 0.184768 0.140241 0.703592 1.04425
  3.41667 597.376 0.180009 0.136733 0.712476 0.879675
  3.43056 604.549 0.177555 0.135358 0.720592 0.932358
  3.44444 585.537 0.17706 0.133176 0.729541 0.871879
  End: S 3.45139 25507 25508
Bub 24838 0.00390797
  Start: S 3.4 24625
  3.40278 853.093 0.228333 0.236111 0.361667 0.961538
  3.41667 851.017 0.230753 0.237903 0.366989 0.993644
  End: M 3.42306 25205
Bub 24846 0.009011
  Start: M 3.40028 24670
  3.40278 399.246 0.110675 0.131002 0.591153 0.94004
  End: M 3.41083 25029
Bub 24860 0.0055178
  Start: M 3.40111 24693
  3.40278 663.157 0.241316 0.376228 0.733114 0.872367
  End: S 3.40333 24877 24878
Bub 24861 0.00522415
  Start: M 3.40139 22563
  3.40278 676.621 0.0485659 0.0923643 0.619031 0.949163
  End: M 3.40444 25025
Bub 24867 0.0184279
  Start: S 3.40222 24582
  3.40278 186.069 0.169919 0.189237 0.731394 0.911733
  End: C 3.41472
Bub 24868 0.00430127
  Start: S 3.40222 24582
  3.40278 782.955 0.152778 0.136944 0.714028 0.909066
  3.41667 773.668 0.150606 0.132879 0.717121 0.867661
  3.43056 773.856 0.148768 0.130797 0.720217 0.89129
  3.44444 778.919 0.149091 0.131667 0.724242 0.904333
  3.45833 770.181 0.152083 0.130833 0.735 0.908951
  End: M 3.45917 25602
Bub 24870 0.00557765
  Start: M 3.40222 18995
  3.40278 599.733 0.18224 0.0241932 0.677824 0.922675
  End: M 3.40306 25327
Bub 24871 0.00798125
  Start: M 3.40222 23652 24405
  3.40278 453.678 0.111 0.0905072 0.708348 0.916687
  3.41667 455.847 0.109677 0.0894493 0.710683 0.925576
  3.43056 453.507 0.112233 0.0900179 0.713423 0.938696
  3.44444 457.729 0.110601 0.0885861 0.714344 0.921821
  End: M 3.45167 25512
Bub 24873 0.0050997
  Start: S 3.4025 24625
  3.40278 698.004 0.1745 0.250417 0.356083 0.940814
  End: M 3.405 25006
Bub 24876 0.00397903
  Start: N 3.40306
  3.41667 831.66 0.156404 0.050614 0.736404 0.912965
  3.43056 834.749 0.153667 0.0483333 0.733667 0.926674
  3.44444 835.936 0.153333 0.0483333 0.733333 0.968405
  End: C 3.44694
Bub 24877 0.00473416
  Start: S 3.40333 24860
  3.41667 703.623 0.249896 0.384375 0.732396 0.868281
  3.43056 704.608 0.24869 0.387619 0.731667 0.895442
  3.44444 707.426 0.248889 0.388333 0.733889 1.06413
  3.45833 707.426 0.249018 0.388973 0.734041 0.858964
  3.47222 700.503 0.248333 0.388333 0.73 1.29456
  3.48611 700.716 0.251623 0.386342 0.731753 0.90133
  3.5 699.672 0.254487 0.385128 0.732372 0.943657
  End: M 3.51056 26039
Bub 24955 0.00310175
  Start: N 3.41028
  3.41667 1065.02 0.335 0.351667 0.758333 0.908151
  End: C 3.42306
Bub 24974 0.00810655
  Start: M 3.41167 24822
  3.41667 421.182 0.245256 0.204495 0.739903 0.91433
  End: M 3.42889 25190
Bub 24987 0.0049689
  Start: S 3.41306 23870
  3.41667 684.016 0.0834384 0.229835 0.733348 0.955016
  3.43056 691.737 0.0778526 0.231603 0.734006 0.909438
  3.44444 703.314 0.0714832 0.231606 0.734052 0.944037
  3.45833 721.805 0.0676667 0.238 0.736333 0.91914
  End: S 3.465 25640 25641
Bub 25006 0.0229081
  Start: M 3.41417 24625 24873
  3.41667 162.243 0.193278 0.197348 0.357251 0.972962
  End: S 3.42139 25205 25197
Bub 25018 0.00541925
  Start: S 3.41556 24803 24826
  3.41667 657.276 0.0444444 0.0336806 0.601667 0.950797
  End: S 3.41806 25354 25353
Bub 25025 0.00544425
  Start: M 3.41583 24861
  3.41667 655.617 0.0484247 0.0912557 0.619726 0.917817
  End: M 3.41722 25188
Bub 25029 0.0089193
  Start: M 3.41611 24846
  3.41667 403.922 0.110545 0.128863 0.595929 0.924466
  End: S 3.42222 25168 25167
Bub 25030 0.00489314
  Start: M 3.41611 18438
  3.41667 691.431 0.224088 0.382956 0.687075 0.900961
  End: M 3.41806 25058
Bub 25054 0.00367754
  Start: N 3.41806
  3.43056 903.016 0.095 0.117 0.760333 0.899515
  End: C 3.43194
Bub 25119 0.00370457
  Start: N 3.42306
  3.43056 898.268 0.163333 0.0833333 0.6 0.928704
  3.44444 894.957 0.162879 0.085 0.603333 0.930213
  3.45833 900.853 0.161667 0.085 0.606111 0.943084
  3.47222 903.443 0.161316 0.0864035 0.608333 0.916784
  3.48611 894.623 0.160333 0.085 0.613 0.92492
  3.5 897.21 0.16 0.0833333 0.615 0.958213
  3.51389 896.219 0.16 0.085 0.618333 1.0129
  End: C 3.5275
Bub 25124 0.00310175
  Start: N 3.42361
  3.43056 1064.86 0.335 0.355 0.755 0.909803
  End: C 3.43694
Bub 25161 0.0037575
  Start: N 3.42694
  3.43056 884.843 0.206667 0.14 0.758333 0.91529
  End: M 3.44056 25365
Bub 25168 0.0086471
  Start: S 3.4275 25029
  3.43056 404.158 0.113632 0.128191 0.602863 0.942004
  3.44444 397.148 0.113507 0.126124 0.607304 0.935142
  End: M 3.44667 25393
Bub 25188 0.0050279
  Start: M 3.42889 25025
  3.43056 724.798 0.0476957 0.0893188 0.620014 0.931234
  End: M 3.43278 25272
Bub 25190 0.00782795
  Start: M 3.42917 24974
  3.43056 443.189 0.247788 0.203971 0.747258 0.909859
  End: M 3.43389 25367
Bub 25197 0.00441757
  Start: S 3.42972 24838 25006
  3.43056 752.677 0.226538 0.221538 0.383205 1.00236
  3.44444 751.435 0.227 0.228333 0.387 1.16626
  3.45833 748.572 0.229737 0.23307 0.392719 0.937439
  3.47222 752.238 0.231923 0.236744 0.395974 0.965583
  3.48611 751.709 0.233333 0.241667 0.398333 1.07448
  End: M 3.48694 25918
Bub 25198 0.00404765
  Start: S 3.43 24803 24826 25018
  3.43056 826.19 0.035 0.035 0.593333 0.94337
  End: M 3.43167 25354
Bub 25199 0.00397903
  Start: S 3.43 24803 24826 25018
  3.43056 838.514 0.0483333 0.0346491 0.60307 0.945292
  End: M 3.43167 25354
Bub 25203 0.00310175
  Start: S 3.43056 24167 24529
  3.43056 1065.22 0.0583333 0.258333 0.731667 0.986823
  End: M 3.43083 25223
Bub 25204 0.00411402
  Start: S 3.43056 24167 24529
  3.43056 803.973 0.0607143 0.273095 0.735 0.986823
  End: M 3.43083 25223
Bub 25205 0.0229655
  Start: M 3.43056 24838 25006
  3.43056 163.047 0.193472 0.197349 0.363992 0.973683
  End: M 3.43111 25348
Bub 25229 0.00417831
  Start: N 3.4325
  3.44444 796.278 0.270758 0.372879 0.751818 0.895266
  3.45833 791.439 0.273254 0.376587 0.749921 0.913282
  End: M 3.46917 25622
Bub 25312 0.00310175
  Start: N 3.43944
  3.44444 1065.09 0.158333 0.378333 0.748333 0.953696
  3.45833 1073.04 0.155 0.381667 0.746667 0.916478
  End: C 3.465
Bub 25318 0.00390797
  Start: N 3.44056
  3.44444 856.129 0.108333 0.388333 0.756667 0.956561
  End: M 3.445 25464
Bub 25319 0.0037575
  Start: N 3.44056
  3.44444 884.753 0.125 0.386667 0.763333 0.894388
  End: M 3.445 25464
Bub 25327 0.0055419
  Start: M 3.44083 24870
  3.44444 642.706 0.182771 0.0249784 0.675303 0.926354
  End: S 3.45 25467 25466
Bub 25341 0.00310175
  Start: N 3.44167
  3.44444 1064.65 0.211667 0.305 0.748333 0.828807
  End: C 3.45056
Bub 25348 0.0230004
  Start: M 3.44222 25205
  3.44444 163.6 0.192917 0.19633 0.37185 0.970239
  End: M 3.44778 25503
Bub 25353 0.00515575
  Start: S 3.44278 24803 24826 25018 25198 25199
  3.44444 695.919 0.0427957 0.0321505 0.595565 0.94695
  End: M 3.45778 25518
Bub 25360 0.00636215
  Start: M 3.44361 23824
  3.44444 550.984 0.268176 0.254185 0.727203 0.843118
  End: S 3.44611 25510 25511
Bub 25365 0.00393194
  Start: N 3.44389
  3.44444 854.025 0.208636 0.136939 0.756939 0.903001
  End: C 3.44639
Bub 25366 0.0053558
  Start: M 3.44417 18562
  3.44444 681.435 0.332026 0.356679 0.6003 0.990008
  End: S 3.44639 25410 25409
Bub 25367 0.00810655
  Start: M 3.44417 25190
  3.44444 433.426 0.250145 0.205422 0.7526 0.907589
  End: S 3.445 25464 25520
Bub 25392 0.00367754
  Start: N 3.44694
  3.45833 903.668 0.103667 0.388333 0.757 0.877539
  End: M 3.45944 25547
Bub 25393 0.0083829
  Start: M 3.44694 25168
  3.45833 418.194 0.117264 0.125594 0.614056 0.926209
  End: M 3.46056 25633
Bub 25423 0.00310175
  Start: N 3.45111
  3.45833 1064.81 0.211667 0.308333 0.748333 0.905333
  3.47222 1071.58 0.208333 0.315 0.75 0.906999
  End: M 3.47611 25753
Bub 25435 0.00383421
  Start: S 3.45167 25367
  3.45833 864.891 0.253039 0.219706 0.736176 0.877252
  3.47222 865.718 0.255 0.220333 0.740333 0.889177
  3.48611 861.336 0.258333 0.221667 0.745 0.910164
  End: C 3.49833
Bub 25464 0.00798125
  Start: N 3.45389
  3.45833 433.366 0.255957 0.203609 0.758906 0.904388
  End: M 3.46417 25638
Bub 25466 0.00341392
  Start: S 3.45417 25327
  3.45833 973.811 0.171667 0.02 0.661667 0.910135
  End: C 3.45972
Bub 25476 0.00432109
  Start: S 3.455 24765
  3.45833 766.418 0.144361 0.176872 0.600205 0.74163
  3.47222 768.624 0.141958 0.176417 0.608375 0.883119
  End: C 3.47417
Bub 25499 0.0175287
  Start: M 3.45639 24765
  3.45833 229.916 0.204013 0.196977 0.592471 0.926224
  End: S 3.46083 25826 25633
Bub 25503 0.0231154
  Start: M 3.45667 25348
  3.45833 161.864 0.193428 0.195171 0.380084 0.969806
  End: S 3.46028 25781 25643
Bub 25507 0.00565935
  Start: S 3.45694 24833
  3.45833 589.317 0.173069 0.126016 0.738516 0.899825
  End: M 3.45917 25602
Bub 25508 0.00310175
  Start: S 3.45694 24833
  3.45833 1064.79 0.181667 0.145 0.738333 0.879239
  End: C 3.46
Bub 25510 0.00468432
  Start: S 3.45722 25360
  3.45833 726.92 0.271667 0.268656 0.722527 0.925893
  3.47222 757.495 0.272172 0.273889 0.723283 0.985894
  End: S 3.48194 25766 25767
Bub 25511 0.0046505
  Start: S 3.45722 25360
  3.45833 713.228 0.271886 0.244341 0.736905 0.898048
  3.47222 716.784 0.27399 0.24601 0.741263 0.903042
  3.48611 736.164 0.276111 0.246222 0.745778 0.934866
  3.5 729 0.280938 0.248958 0.749401 0.900934
  3.51389 728.233 0.285 0.251857 0.753286 0.925581
  End: C 3.515
Bub 25512 0.0081009
  Start: M 3.45722 24871
  3.45833 448.032 0.112609 0.0872869 0.716899 0.902775
  End: M 3.47167 25644
Bub 25517 0.0061939
  Start: M 3.45778 24235 24241
  3.45833 572.811 0.107946 0.197729 0.695248 0.926443
  End: M 3.45889 25639
Bub 25518 0.0053429
  Start: M 3.45806 25353
  3.45833 667.679 0.043913 0.0302174 0.592464 0.949477
  End: M 3.46361 25614
Bub 25520 0.00424068
  Start: N 3.45833
  3.45833 786.695 0.118478 0.17471 0.743261 0.905469
  3.47222 782.994 0.117157 0.173039 0.743039 0.901231
  End: M 3.48056 25753
Bub 25582 0.00721625
  Start: M 3.46639 24715
  3.47222 510.686 0.0523235 0.368186 0.720324 0.922579
  End: M 3.47389 25748
Bub 25598 0.00310175
  Start: S 3.46806 25503
  3.47222 1064.56 0.161667 0.165 0.405 1.20245
  End: M 3.4725 25781
Bub 25602 0.0059019
  Start: S 3.46833 24868 25507
  3.47222 566.187 0.171559 0.122437 0.744355 0.920185
  3.48611 574.288 0.171004 0.117273 0.748068 0.909956
  3.5 583.315 0.170985 0.111814 0.750672 0.921001
  End: M 3.50556 25979
Bub 25603 0.00441757
  Start: S 3.46833 24868 25507
  3.47222 749.505 0.148974 0.127051 0.744744 0.878745
  3.48611 753.991 0.144954 0.122854 0.75121 0.833047
  3.5 748.773 0.140614 0.11693 0.756404 0.895683
  End: C 3.50444
Bub 25614 0.0055539
  Start: M 3.46972 25518
  3.47222 636.908 0.0447634 0.0297527 0.588441 0.932994
  End: M 3.475 25728
Bub 25622 0.00572755
  Start: M 3.47028 20036 25229
  3.47222 656.116 0.283471 0.377098 0.739216 0.905855
  End: S 3.47306 25661 25662
Bub 25633 0.0094436
  Start: M 3.47167 25393 25499
  3.47222 390.383 0.118955 0.128543 0.61769 0.909362
  End: S 3.475 25758 25702
Bub 25638 0.00385911
  Start: N 3.47194
  3.47222 858.795 0.200513 0.15 0.749231 0.861092
  End: C 3.475
Bub 25640 0.0037575
  Start: S 3.47222 24987
  3.47222 884.046 0.06 0.23 0.731667 0.910096
  End: M 3.4725 25784
Bub 25641 0.00365009
  Start: S 3.47222 24987
  3.47222 908.951 0.0649242 0.246364 0.739545 0.910096
  End: M 3.4725 25784
Bub 25643 0.00411402
  Start: S 3.47222 25503
  3.47222 808.257 0.185635 0.239762 0.406111 0.968683
  End: M 3.4725 25781
Bub 25662 0.00385911
  Start: S 3.47472 25622
  3.48611 894.716 0.273333 0.378333 0.748333 0.994692
  3.5 864.005 0.27307 0.382018 0.745 0.936326
  End: M 3.51056 26039
Bub 25663 0.00402503
  Start: N 3.47472
  3.48611 830.757 0.14161 0.173362 0.615113 0.9205
  3.5 823.934 0.142897 0.167564 0.619923 0.867116
  End: C 3.51
Bub 25748 0.00718785
  Start: M 3.48194 25582
  3.48611 521.608 0.0525099 0.369821 0.719901 0.924287
  End: S 3.48778 25921 25920
Bub 25753 0.00365009
  Start: N 3.4825
  3.48611 910.932 0.11697 0.178409 0.746894 0.806798
  End: C 3.48972
Bub 25758 0.00848135
  Start: M 3.48306 25633
  3.48611 411.565 0.121854 0.125453 0.621878 0.962014
  3.5 428.483 0.12234 0.126497 0.623195 0.922559
  End: M 3.51056 26042
Bub 25760 0.00365009
  Start: N 3.48333
  3.48611 911.192 0.19303 0.241742 0.769545 0.899486
  End: C 3.49056
Bub 25767 0.00310175
  Start: S 3.48417 25510
  3.48611 1065.24 0.268333 0.268333 0.728333 0.888974
  End: C 3.49472
Bub 25780 0.00313958
  Start: S 3.48528 25503 25598 25643
  3.48611 1056.43 0.181905 0.241667 0.408333 1.20752
  3.5 1056.17 0.179783 0.243406 0.411377 1.03425
  3.51389 1055.84 0.176891 0.246741 0.411368 0.966875
  3.52778 1062.24 0.174804 0.248333 0.410294 0.983084
  End: C 3.53083
Bub 25781 0.0230095
  Start: M 3.48556 25503 25598 25643
  3.48611 163.738 0.192092 0.192943 0.399865 0.968272
  End: M 3.48694 25918
Bub 25784 0.0037575
  Start: S 3.48611 25640 25641
  3.48611 884.747 0.0566667 0.233333 0.731667 0.986223
  End: M 3.48639 26201
Bub 25785 0.00367754
  Start: S 3.48611 25640 25641
  3.48611 901.304 0.0583333 0.249667 0.739667 0.986223
  End: M 3.48639 26201
Bub 25826 0.0173983
  Start: S 3.49167 25499
  3.5 226.429 0.212896 0.196214 0.613514 0.917938
  3.51389 225.119 0.213669 0.196645 0.621687 0.922647
  End: M 3.51861 26179
Bub 25876 0.00359392
  Start: N 3.49556
  3.5 922.585 0.0466667 0.308333 0.756667 0.863645
  3.51389 931.262 0.0463725 0.311667 0.755196 0.893279
  End: C 3.51583
Bub 25896 0.00424068
  Start: N 3.49778
  3.5 784.489 0.117754 0.179493 0.746739 0.895028
  End: C 3.50528
Bub 25918 0.0229704
  Start: S 3.5 25197 25781
  3.5 164.19 0.190055 0.192421 0.41248 0.963147
  End: M 3.50028 26030
Bub 25919 0.00390797
  Start: S 3.5 25197 25781
  3.5 846.813 0.236111 0.246111 0.399444 0.963147
  End: M 3.50028 26030
Bub 25923 0.00310175
  Start: N 3.5
  3.5 1064.84 0.205 0.321667 0.751667 0.900484
  End: M 3.50028 25979
Bub 25924 0.00310175
  Start: N 3.5
  3.5 1064.81 0.295 0.371667 0.758333 0.900484
  End: C 3.50167
Bub 25926 0.00466747
  Start: N 3.5
  3.5 741.519 0.0178261 0.236667 0.76558 0.864478
  End: M 3.50083 25939
Bub 25979 0.0060464
  Start: N 3.50722
  3.51389 570.95 0.169083 0.109167 0.7527 0.907332
  End: M 3.51694 26207
Bub 26015 0.00367754
  Start: N 3.51056
  3.51389 901.86 0.143667 0.168333 0.623 1.22674
  End: M 3.51861 26179
Bub 26030 0.0230067
  Start: M 3.51222 25918 25919
  3.51389 165.315 0.189419 0.192355 0.424294 0.961138
  End: M 3.51833 26198
Bub 26039 0.0053558
  Start: M 3.51306 24877 25662
  3.51389 622.483 0.268573 0.383969 0.739053 0.902086
  End: M 3.51417 26165
Bub 26042 0.00830885
  Start: S 3.51333 23521 25758
  3.51389 431.899 0.127434 0.12579 0.630331 0.915378
  End: S 3.51444 26421 26380
Bub 26043 0.00411402
  Start: S 3.51333 23521 25758
  3.51389 815.754 0.138333 0.105 0.651667 0.917925
  End: M 3.52111 26421
Bub 26044 0.0050424
  Start: N 3.51333
  3.51389 659.359 0.198161 0.135115 0.744368 0.866212
  End: M 3.51528 26083
Bub 26047 0.00367754
  Start: N 3.51361
  3.51389 900.608 0.143667 0.165 0.753 1.01409
  End: C 3.51417
Bub 26048 0.00334949
  Start: N 3.51389
  3.51389 993.851 0.0614706 0.345 0.756863 0.833756
  End: C 3.51417
Bub 26049 0.00306297
  Start: N 3.51389
  3.51389 1078.54 0.055 0.331667 0.758205 0.833756
  End: C 3.51417
Bub 26051 0.00411402
  Start: N 3.51389
  3.51389 809.811 0.0318254 0.267063 0.760556 0.899036
  End: C 3.51417
Bub 26198 0.0227519
  Start: M 3.52639 26030
  3.52778 168.097 0.188172 0.192604 0.437831 0.962593
  End: S 3.52944 26227 26218
Bub 26205 0.00417831
  Start: N 3.52694
  3.52778 792.815 0.145 0.29 0.743333 0.890528
  End: C 3.5325
Bub 26206 0.00341392
  Start: N 3.52778
  3.52778 972.918 0.18 0.148333 0.755 1.23477
  End: M 3.52806 26232
Bub 26207 0.00451002
  Start: N 3.52778
  3.52778 741.264 0.178735 0.165161 0.768133 1.23477
  End: M 3.52806 26232
Bub 8402 0.00434074
  Start: S 2.18167 7057 8365
  2.19444 762.525 0.0450901 0.0861261 0.695225 0.873135
  2.19972 762.525 0.0464035 0.085 0.694649 0.930732
  2.20833 767.915 0.0494444 0.085 0.691667 0.936356
  2.22222 762.014 0.0531609 0.0835057 0.686897 0.923989
  2.23611 761.79 0.0566667 0.0833333 0.683333 0.908032
  2.25 771.237 0.0602727 0.0836061 0.681364 0.923583
  2.26389 763.875 0.065 0.085 0.68 0.902581
  2.27778 762.916 0.07 0.0861111 0.680556 0.93637
  2.29167 762.83 0.0733333 0.0861111 0.680556 0.91085
  2.30556 762.542 0.0766667 0.0861111 0.680556 0.910402
  2.31944 761.76 0.080614 0.0864035 0.68307 0.94838
  2.33333 761.299 0.0835876 0.0864124 0.683418 0.923212
  2.34722 765.332 0.087359 0.0876667 0.686282 0.931928
  2.36111 762.833 0.0902113 0.087723 0.689789 0.924443
  2.36639 762.833 0.0930791 0.0902542 0.690085 0.932424
  2.375 761.094 0.0938889 0.0894444 0.692778 0.911939
  2.38889 764.286 0.0970513 0.0919231 0.693769 0.890092
  2.40278 771.041 0.0995 0.0925 0.697167 0.924778
  2.41667 764.611 0.101667 0.095 0.7 0.951274
  2.43056 768.976 0.105 0.0972222 0.701667 0.92894
  2.44444 764.26 0.106373 0.0971569 0.703627 0.920895
  2.45833 764.846 0.10697 0.0986364 0.707121 0.904709
  2.47222 761.893 0.107 0.0963333 0.71 0.916058
  2.48611 766.9 0.105833 0.0945833 0.7125 0.907831
  2.5 763.318 0.103667 0.0916667 0.716333 0.93933
  2.51389 762.521 0.1 0.0894444 0.717222 0.894654
  2.52778 761.689 0.0972807 0.0864035 0.719737 0.911787
  2.53306 761.689 0.0969608 0.0861765 0.720294 0.907543
  2.54167 764.827 0.0937692 0.0845897 0.723 0.90234
  2.55556 765.742 0.0902381 0.0814286 0.725 0.856326
  2.56944 761.775 0.0838889 0.0772222 0.727222 0.911584
  2.58333 765.748 0.0774103 0.0741282 0.730487 0.833834
  2.59722 765.579 0.0716667 0.07 0.73 0.904219
  2.61111 771.577 0.065 0.065303 0.729091 0.937557
  2.625 768.978 0.0582796 0.061129 0.728817 0.882445
  2.63889 761.907 0.0532486 0.0569774 0.72709 0.954929
  2.65278 764.365 0.0483333 0.0533333 0.726667 0.880757
  2.66667 765.351 0.0416667 0.0502381 0.724048 0.981262
  2.68056 761.433 0.0363333 0.047 0.72 0.920673
  2.69444 769.741 0.0325287 0.0455172 0.716552 0.922715
  2.69972 769.741 0.0296667 0.0436667 0.715 0.890879
  2.70833 766.331 0.0272667 0.0414 0.711667 0.892007
  2.72222 773.102 0.0239474 0.037807 0.706404 0.900482
  2.73611 761.945 0.0201613 0.0333333 0.7 0.89318
  2.75 774.049 0.0183333 0.0311275 0.695539 0.884414
  2.76389 762.776 0.0162821 0.0261538 0.689295 0.900427
  2.77778 762.275 0.0164035 0.0227193 0.68307 0.949246
  2.79167 765.062 0.0140909 0.02 0.67803 0.913068
  2.80556 762.705 0.0135876 0.0169209 0.673249 0.917788
  2.81944 770.397 0.0116667 0.0166667 0.668333 0.911835
  2.83333 769.53 0.0116138 0.0151587 0.664418 0.903335
  2.84722 929.263 0.0110317 0.0146825 0.659762 0.895843
  2.86111 929.263 0.0112857 0.0147143 0.655238 0.80134
  2.86639 764.984 0.0114 0.0133333 0.6534 0.891191
  2.875 764.984 0.0116667 0.0133333 0.65 0.978968
  2.88889 930.439 0.0103333 0.013 0.645 0.948184
  2.90278 930.439 0.0105357 0.0131548 0.640179 0.935605
  2.91667 765.47 0.0116667 0.0133333 0.633333 0.961787
  2.93056 769.592 0.0116667 0.0144792 0.627969 0.881708
  2.94444 768.269 0.0116667 0.0148742 0.620472 0.943147
  2.95833 763.707 0.0116667 0.0136667 0.613667 0.938049
  2.97222 765.113 0.0116667 0.0136667 0.606333 0.948387
  2.98611 765.507 0.0116667 0.0134397 0.599965 0.974836
  3 774.711 0.0116667 0.015 0.595 0.935485
  3.01389 770.517 0.0123333 0.016 0.587333 0.926407
  3.02778 769.525 0.0116667 0.0161111 0.581667 0.912643
  3.03306 769.525 0.0125269 0.0164516 0.580699 0.959219
  3.04167 769.83 0.0123889 0.0163333 0.577333 0.941976
  3.05556 766.685 0.0128922 0.0163725 0.570882 0.994871
  3.06944 767.173 0.0125758 0.0166667 0.567576 0.943988
  3.08333 767.06 0.0125758 0.0166667 0.564242 0.936717
  3.09722 773.773 0.012673 0.0183962 0.561101 0.945858
  3.11111 765.112 0.0133333 0.0183333 0.556667 1.04456
  3.125 772.676 0.0130392 0.0183333 0.551471 0.971539
  3.13889 767.408 0.0145238 0.0192857 0.546905 0.924787
  3.15278 764.476 0.0148925 0.0193011 0.543065 0.930946
  3.16667 765.558 0.0163333 0.0183333 0.536333 0.982252
  3.18056 765.312 0.0163333 0.0183333 0.533 1.00119
  3.19444 768.022 0.0162121 0.0195455 0.527273 0.945563
  3.19972 768.022 0.015 0.02 0.525 1.04844
  3.20833 766.769 0.0162698 0.0194444 0.521825 0.986432
  3.22222 766.205 0.0149531 0.0203521 0.517864 0.949251
  3.23611 763.932 0.0161765 0.0202941 0.513039 0.947068
  3.25 767.994 0.0148276 0.0204598 0.509425 0.931784
  3.26389 767.079 0.0137302 0.0218254 0.506111 0.963122
  3.27778 765.149 0.0133333 0.0233333 0.501667 0.92166
  3.29167 761.759 0.0133333 0.023 0.499667 1.01334
  3.30556 762.917 0.0134568 0.0224074 0.496358 0.915727
  3.31944 771.689 0.0153509 0.0216667 0.493596 0.989804
  3.33333 928.147 0.0128125 0.0228646 0.492865 0.975159
  3.34722 774.188 0.0144444 0.0216667 0.489444 0.992657
  3.36111 767.794 0.0143229 0.0225521 0.486719 0.947552
  3.36639 767.794 0.0144444 0.0227778 0.485 0.960494
  3.375 782.069 0.0155797 0.0226812 0.483986 0.960988
  3.38889 925.842 0.0116129 0.0234946 0.480645 0.993988
  3.40278 925.188 0.01 0.0233333 0.48 0.965581
  3.41667 765.598 0.0116667 0.0216667 0.476667 0.946654
  3.43056 927.651 0.00978261 0.0216667 0.476014 0.986208
  3.44444 764.49 0.0116667 0.0216667 0.473333 0.962286
  3.45833 763.219 0.0116667 0.023 0.469667 0.957704
  3.47222 764.16 0.0117376 0.023227 0.46656 0.942463
  3.48611 765.09 0.0116667 0.0216667 0.463333 0.982997
  3.5 769.313 0.0116667 0.0230702 0.461316 0.971888
  3.51389 769.313 0.0116667 0.0231761 0.458396 0.904056
  3.52778 764.891 0.0116667 0.0233333 0.456667 0.957862
  3.53306 764.891 0.0116667 0.0235965 0.455351 0.956096
  3.54167 922.548 0.0107143 0.023631 0.453571 0.953801
  3.55556 929.038 0.0107436 0.0238718 0.452333 0.973696
  3.56944 764.169 0.0116667 0.0236667 0.450333 0.970796
  3.58333 771.197 0.0116667 0.0238889 0.448889 0.963045
  3.59722 770.193 0.0116667 0.0261111 0.447778 0.944515
  3.61111 764.291 0.0116667 0.0263333 0.446333 0.974132
  3.625 765.839 0.0126882 0.0263441 0.44543 0.950729
  3.63889 767.678 0.0126667 0.0261667 0.445333 1.01105
  End: C 3.64333
Bub 17524 0.00501325
  Start: S 2.75083 17505 17506
  2.76389 663.531 0.317193 0.284503 0.664766 1.07597
  2.77778 673.49 0.317061 0.28327 0.66187 0.941349
  2.79167 667.585 0.315952 0.280789 0.662243 0.944033
  2.80556 682.075 0.31629 0.280312 0.66272 0.903309
  2.81944 674.784 0.314753 0.275617 0.663815 0.923413
  2.83333 682.027 0.31472 0.273041 0.664288 0.956726
  2.84722 669.096 0.314424 0.268208 0.665677 0.925816
  2.86111 665.062 0.31707 0.262661 0.665108 0.944963
  2.86639 665.062 0.318093 0.261607 0.66476 0.925774
  2.875 661.647 0.318394 0.258089 0.665214 0.940704
  2.88889 663.351 0.31997 0.253424 0.665121 0.957531
  2.90278 660.808 0.319793 0.248802 0.665248 0.939458
  2.91667 668.867 0.321102 0.243757 0.665226 0.937182
  2.93056 670.612 0.322826 0.239522 0.665841 0.921262
  2.94444 680.074 0.323161 0.236408 0.666351 0.928225
  2.95833 681.418 0.323106 0.233359 0.667753 0.919027
  2.97222 673.676 0.323889 0.230556 0.668185 0.902312
  2.98611 678.652 0.324056 0.230083 0.671694 0.915731
  3 668.324 0.321692 0.228817 0.674033 0.916457
  3.01389 659.964 0.319926 0.228578 0.676961 0.93866
  3.02778 664.019 0.320222 0.228639 0.679417 0.906342
  3.03306 664.019 0.320013 0.228588 0.681616 0.887872
  3.04167 667.967 0.319611 0.228556 0.683583 0.927124
  3.05556 666.861 0.318134 0.229876 0.687114 0.868113
  3.06944 667.004 0.315286 0.230048 0.691 0.962152
  3.08333 667.187 0.315116 0.230391 0.694072 0.89818
  3.09722 667.377 0.314489 0.230699 0.698495 0.892331
  3.11111 665.382 0.31444 0.230787 0.701907 0.91899
  3.125 663.62 0.311175 0.229344 0.704836 0.937921
  3.13889 663.767 0.311309 0.228967 0.708388 0.920593
  3.15278 668.437 0.30938 0.226873 0.710912 0.906271
  3.16667 673.428 0.308251 0.226653 0.71241 0.921077
  3.18056 685.045 0.307105 0.226754 0.715125 0.910502
  3.19444 681.96 0.306244 0.226219 0.716965 0.904879
  3.19972 681.96 0.307293 0.224597 0.716826 0.911539
  3.20833 705.488 0.307865 0.224063 0.718125 0.966947
  3.22222 707.32 0.30614 0.223947 0.719035 0.924395
  3.23611 679.154 0.308014 0.221406 0.720739 0.937395
  3.25 675.328 0.309409 0.219409 0.721667 0.93015
  3.26389 685.229 0.307846 0.219797 0.721098 0.903923
  3.27778 685.657 0.308181 0.218464 0.720904 0.882411
  3.29167 679.328 0.310479 0.213516 0.721073 0.903656
  3.30556 684.002 0.311886 0.212883 0.722494 0.899206
  3.31944 678.08 0.312146 0.211271 0.723396 0.920144
  3.33333 671.336 0.312551 0.207585 0.723503 0.9028
  3.34722 675.6 0.312667 0.204905 0.723119 0.910121
  3.36111 667.665 0.313652 0.202896 0.724078 0.946357
  3.36639 667.665 0.312459 0.20123 0.723989 0.916121
  3.375 671.546 0.313258 0.200225 0.724309 0.927251
  3.38889 671.874 0.313359 0.199844 0.725391 0.923726
  3.40278 667.376 0.31237 0.19708 0.726193 0.907064
  3.41667 671.736 0.314154 0.196744 0.726846 0.916982
  3.43056 667.095 0.313026 0.196205 0.728846 0.90727
  3.44444 665.042 0.314524 0.194841 0.729365 0.916609
  3.45833 665.357 0.315937 0.194614 0.729628 0.913571
  3.47222 660.786 0.317006 0.19452 0.729153 0.919624
  3.48611 665.005 0.317821 0.192094 0.730641 0.93297
  3.5 671.104 0.319498 0.191634 0.730631 0.910599
  3.51389 682.19 0.321162 0.192273 0.73053 0.892916
  3.52778 684.575 0.322105 0.192202 0.73191 0.901148
  3.53306 684.575 0.324583 0.192917 0.732167 0.91373
  3.54167 680.546 0.324831 0.192985 0.732307 0.831054
  3.55556 706.28 0.325021 0.191902 0.731346 0.903066
  3.56944 722.859 0.328467 0.193381 0.73161 0.907651
  End: M 3.57694 26656
Bub 17946 0.00437949
  Start: N 2.77472
  2.77778 757.354 0.38307 0.217982 0.74 1.06598
  2.79167 758.177 0.383964 0.218528 0.738172 0.907764
  2.80556 763.382 0.386521 0.219595 0.737718 0.903652
  2.81944 774.283 0.388372 0.222713 0.736085 0.932668
  2.83333 774.283 0.388067 0.227333 0.735167 0.807599
  2.84722 772.169 0.387121 0.227273 0.735 1.05969
  2.86111 765.22 0.385303 0.231263 0.73399 0.891079
  2.86639 765.22 0.384686 0.232075 0.734119 0.868969
  2.875 759.462 0.383472 0.235208 0.733438 0.939894
  2.88889 763.396 0.38216 0.233765 0.733765 0.91461
  2.90278 772.993 0.380882 0.233725 0.732647 0.929526
  2.91667 774.81 0.379339 0.232701 0.731408 0.888777
  2.93056 765.078 0.378154 0.229946 0.729659 0.916821
  2.94444 771.06 0.378333 0.227564 0.727436 0.916522
  2.95833 768.528 0.378333 0.224915 0.724316 0.898804
  2.97222 781.02 0.37837 0.22221 0.719891 0.902453
  2.98611 770.931 0.378333 0.217989 0.71454 0.923559
  3 763.375 0.378735 0.216044 0.709458 0.900093
  3.01389 765.284 0.379762 0.214167 0.705833 0.924292
  3.02778 762.396 0.379522 0.211696 0.703 0.862319
  3.03306 762.396 0.380581 0.211629 0.701255 0.92894
  3.04167 760.415 0.381452 0.210376 0.699409 0.897749
  3.05556 765.625 0.382075 0.21119 0.695986 0.913733
  3.06944 766.686 0.381957 0.210109 0.694638 0.908163
  3.08333 770.178 0.383495 0.211022 0.692742 0.925854
  3.09722 767.375 0.382297 0.209865 0.691126 0.91574
  3.11111 761.884 0.383495 0.213065 0.691559 0.93967
  3.125 761.003 0.381564 0.214175 0.689639 0.921408
  3.13889 760.439 0.38 0.212976 0.686905 0.985126
  3.15278 760.697 0.377778 0.213556 0.686222 0.91299
  3.16667 767.367 0.376502 0.212179 0.683168 0.934266
  3.18056 775.813 0.374444 0.209 0.681667 0.922694
  3.19444 773.885 0.371882 0.208333 0.678978 0.920928
  3.19972 773.885 0.371367 0.208371 0.678296 0.923039
  3.20833 772.19 0.3699 0.205433 0.677067 0.951914
  3.22222 783.577 0.368333 0.202645 0.675145 0.94363
  3.23611 767.092 0.366615 0.198402 0.673385 0.915088
  3.25 755.411 0.365842 0.194158 0.672179 0.897961
  3.26389 757.621 0.365247 0.190062 0.671543 0.904483
  3.27778 757.719 0.365758 0.186553 0.671402 0.918023
  3.29167 760.464 0.364872 0.182019 0.671538 0.886761
  3.30556 763.04 0.36545 0.179324 0.671486 0.908262
  3.31944 760.582 0.365588 0.175882 0.672843 0.890081
  3.33333 768.172 0.367428 0.173261 0.674094 0.918012
  3.34722 777.539 0.367581 0.172634 0.675 0.916742
  3.36111 763.298 0.367305 0.173901 0.674007 0.86462
  3.36639 763.298 0.367801 0.173617 0.67344 0.929102
  3.375 764.65 0.368258 0.173485 0.67322 0.932786
  3.38889 771.073 0.368231 0.172075 0.673027 0.940297
  3.40278 764.779 0.367469 0.170062 0.672407 0.93759
  3.41667 766.508 0.366354 0.169583 0.671771 0.922734
  3.43056 767.648 0.367209 0.168012 0.670181 0.927836
  3.44444 776.838 0.365745 0.167667 0.669588 0.920107
  3.45833 773.056 0.364519 0.166058 0.668173 0.902133
  3.47222 764.932 0.362143 0.165952 0.667 0.892432
  3.48611 766.349 0.359831 0.163427 0.666124 0.91625
  3.5 760.087 0.36029 0.162609 0.665362 0.940159
  3.51389 756.568 0.358111 0.161556 0.662889 0.9218
  3.52778 755.77 0.357099 0.161667 0.66216 0.92602
  3.53306 755.77 0.357141 0.159801 0.662676 0.894635
  3.54167 763.638 0.356319 0.157784 0.663168 0.933427
  3.55556 759.138 0.354143 0.157571 0.662333 0.900889
  3.56944 757.112 0.351667 0.155 0.663333 0.908843
  3.58333 761.219 0.350294 0.153275 0.66351 0.900152
  3.59722 762.139 0.350309 0.149938 0.664012 0.90917
  3.61111 758.672 0.349848 0.147929 0.664596 0.931212
  3.625 768.006 0.3506 0.144733 0.665 0.921379
  3.63889 789.979 0.348692 0.143638 0.666183 0.90553
  End: M 3.65167 27333
Bub 20018 0.00468432
  Start: N 2.96
  2.97222 716.515 0.224247 0.0160753 0.748226 0.922038
  2.98611 718.902 0.224408 0.0136293 0.745343 0.882301
  3 732.069 0.226532 0.0126276 0.744339 0.899988
  3.01389 732.069 0.231296 0.010679 0.744259 0.972042
  3.02778 703.901 0.234967 0.00956667 0.7426 0.896663
  3.03306 703.901 0.237338 0.00927861 0.741368 0.907662
  3.04167 703.901 0.239824 0.00958824 0.740294 0.922277
  3.05556 735.009 0.242197 0.0092803 0.740379 0.937581
  3.06944 735.009 0.244881 0.00833333 0.741786 0.902784
  3.08333 735.009 0.248333 0.00821839 0.740977 0.893864
  3.09722 706.689 0.251667 0.00821839 0.740977 0.930647
  3.11111 706.689 0.254487 0.00833333 0.739744 0.92886
  3.125 702.026 0.255844 0.00824895 0.740738 0.909517
  3.13889 702.026 0.25886 0.00785088 0.740088 0.919848
  3.15278 702.026 0.262016 0.00782946 0.738372 0.919236
  3.16667 706.107 0.265333 0.00779167 0.737875 0.915869
  3.18056 706.107 0.268418 0.00803797 0.735591 0.913257
  3.19444 706.107 0.271311 0.0082 0.733311 0.998137
  3.19972 706.107 0.271905 0.00797619 0.733016 0.909309
  3.20833 706.107 0.273535 0.00826007 0.73207 0.915714
  3.22222 713.025 0.276023 0.00791667 0.729318 0.911231
  3.23611 713.025 0.280169 0.00818352 0.725599 0.910626
  3.25 713.025 0.283593 0.00822222 0.722333 0.926919
  3.26389 703.306 0.28629 0.00790323 0.721559 0.907074
  3.27778 703.306 0.289187 0.00800813 0.719268 0.901882
  3.29167 702.854 0.292229 0.00777108 0.719016 0.881641
  3.30556 712.739 0.294598 0.00829317 0.7201 0.901676
  3.31944 712.739 0.297157 0.00813725 0.717902 0.912024
  3.33333 712.739 0.298815 0.00866667 0.716593 0.89191
  3.34722 712.739 0.301793 0.00812236 0.714409 0.913597
  3.36111 712.739 0.305345 0.00883142 0.713161 0.908779
  3.36639 712.739 0.305617 0.00845679 0.712778 0.914426
  3.375 715.537 0.306979 0.00885417 0.710799 0.932409
  3.38889 715.537 0.310132 0.00824561 0.708465 0.934938
  3.40278 715.537 0.312755 0.00880952 0.706224 0.926251
  3.41667 715.537 0.315481 0.00888889 0.703704 0.913276
  3.43056 715.537 0.317593 0.00833333 0.700185 0.926094
  3.44444 727.196 0.320185 0.00907407 0.696481 0.922618
  3.45833 704.848 0.322949 0.00910256 0.693077 0.920277
  3.47222 704.848 0.324087 0.00892694 0.689155 0.946398
  3.48611 715.622 0.326667 0.00833333 0.686667 0.930908
  3.5 708.468 0.327525 0.00954545 0.683384 0.914819
  3.51389 718.255 0.330111 0.00966667 0.679556 0.918726
  3.52778 708.337 0.331667 0.01 0.676667 0.991601
  3.53306 708.337 0.331905 0.00940476 0.676905 0.908069
  3.54167 705.154 0.333566 0.00953488 0.67314 0.91636
  End: M 3.54722 26404
Bub 22135 0.00428127
  Start: N 3.10194
  3.11111 935.594 0.21284 0.0137793 0.729977 0.900326
  3.125 774.021 0.212284 0.0137654 0.728086 0.90449
  3.13889 777.889 0.21359 0.0139744 0.723718 0.884637
  3.15278 783.312 0.213519 0.0142593 0.721667 0.926323
  3.16667 789.804 0.215723 0.015 0.718052 0.90905
  3.18056 783.712 0.217208 0.015 0.714913 0.912712
  3.19444 785.479 0.2175 0.015 0.711667 0.904469
  3.19972 785.479 0.220256 0.015 0.711154 0.926823
  3.20833 783.978 0.220513 0.015 0.708333 0.91691
  3.22222 786.203 0.220833 0.015 0.705 0.918942
  3.23611 791.689 0.222586 0.015 0.701667 0.907969
  3.25 783.325 0.224067 0.015 0.6986 0.909842
  3.26389 780.141 0.225952 0.015 0.695 0.924057
  3.27778 777.157 0.22629 0.0139247 0.692097 0.904258
  3.29167 779.858 0.228333 0.015 0.69 0.913887
  3.30556 778.725 0.228636 0.015 0.68803 0.915064
  3.31944 786.277 0.230513 0.015 0.685385 0.922833
  3.33333 780.819 0.231667 0.015 0.685 0.918492
  3.34722 782.782 0.232424 0.015 0.682424 0.925635
  3.36111 788.851 0.232917 0.015 0.68125 0.924544
  3.36639 788.851 0.233533 0.0158 0.6802 0.895749
  3.375 780.992 0.234502 0.0159962 0.679023 0.921499
  3.38889 777.776 0.235267 0.0158 0.678067 0.916059
  3.40278 779.444 0.237211 0.0160877 0.675386 0.913426
  3.41667 783.643 0.237521 0.0160684 0.673333 0.915726
  3.43056 784.389 0.237807 0.0161404 0.670263 0.938003
  3.44444 781.596 0.240286 0.016381 0.667429 0.916025
  3.45833 782.791 0.239667 0.0162 0.666067 0.930616
  3.47222 794.948 0.241933 0.0164667 0.661667 0.894131
  3.48611 782.329 0.243918 0.0168615 0.659329 0.921569
  3.5 794.498 0.245617 0.0170988 0.655988 0.933912
  3.51389 794.501 0.245522 0.0170884 0.652912 0.918691
  3.52778 777.845 0.249746 0.0171014 0.650761 0.948057
  3.53306 777.845 0.251774 0.0173118 0.649731 0.896019
  3.54167 774.173 0.254012 0.0170988 0.648333 0.930973
  3.55556 773.684 0.256159 0.0171739 0.64558 0.883186
  3.56944 775.234 0.259875 0.018125 0.644958 0.880993
  3.58333 779.842 0.262333 0.0184444 0.643778 0.92349
  3.59722 773.865 0.268249 0.0201899 0.644494 0.818753
  3.61111 776.823 0.273284 0.0214686 0.646914 0.872466
  End: M 3.61389 27039
Bub 22702 0.00385911
  Start: N 3.16306
  3.16667 892.29 0.2 0.345 0.718333 0.877908
  3.18056 858.208 0.200139 0.350278 0.721111 0.899602
  3.19444 867.757 0.198333 0.351667 0.72 0.915495
  3.19972 867.757 0.196847 0.353153 0.721586 0.914061
  3.20833 861.812 0.194242 0.354091 0.72 0.901985
  3.22222 865.91 0.191111 0.357222 0.721667 0.902236
  3.23611 858.434 0.187714 0.360238 0.720429 0.905081
  3.25 860.194 0.186667 0.363333 0.721667 0.912721
  3.26389 860.271 0.183268 0.365216 0.720065 0.902685
  3.27778 858.468 0.180441 0.368676 0.720294 0.895812
  3.29167 856.167 0.176667 0.370333 0.720333 0.95697
  3.30556 859.219 0.174091 0.371364 0.720455 0.890646
  3.31944 870.43 0.171667 0.372619 0.719286 0.902961
  3.33333 862.124 0.169783 0.372101 0.720797 0.936027
  3.34722 867.428 0.165 0.372424 0.719091 0.938163
  3.36111 860.789 0.160432 0.372531 0.719198 0.938852
  3.36639 860.789 0.158333 0.371818 0.718636 0.91752
  3.375 866.146 0.155 0.371667 0.718333 0.941868
  3.38889 870.134 0.148333 0.371667 0.718333 1.06305
  3.40278 865.676 0.144167 0.369479 0.717917 0.876919
  3.41667 856.938 0.139746 0.370085 0.716921 0.939107
  3.43056 860.723 0.136944 0.369028 0.716389 0.877043
  3.44444 860.275 0.133685 0.368944 0.716455 0.939658
  3.45833 862.998 0.133907 0.368716 0.716311 0.917801
  3.47222 869.186 0.134781 0.370351 0.715746 0.90079
  3.48611 862.524 0.13413 0.372101 0.713551 0.899293
  3.5 862.17 0.133889 0.372222 0.713333 0.857523
  3.51389 864.234 0.133122 0.37162 0.709648 0.901233
  3.52778 870.233 0.132749 0.371061 0.706861 0.867957
  3.53306 870.233 0.132536 0.372101 0.706449 0.96939
  3.54167 867.491 0.131667 0.371667 0.706667 0.914824
  3.55556 870.415 0.130584 0.374524 0.703658 0.899551
  3.56944 874.994 0.130385 0.374359 0.702436 0.906193
  3.58333 869.249 0.128333 0.378333 0.698333 0.993204
  3.59722 866.252 0.126686 0.378985 0.696303 0.892703
  3.61111 863.718 0.126722 0.380311 0.691154 0.831912
  3.625 863.635 0.127308 0.382051 0.687821 0.904864
  3.63889 857.859 0.127281 0.380263 0.68307 0.942998
  3.65278 867.95 0.128333 0.38 0.681667 0.916372
  3.66667 865.299 0.127167 0.381583 0.677917 0.91507
  3.68056 864.675 0.127588 0.381974 0.674167 0.90871
  End: M 3.68972 27777
Bub 22725 0.00441757
  Start: S 3.16694 22592
  3.18056 757.004 0.154359 0.248077 0.402308 0.92911
  3.19444 749.155 0.157 0.243667 0.406667 0.935328
  3.19972 749.155 0.15709 0.243588 0.406638 1.00443
  3.20833 757.72 0.159528 0.241604 0.409025 0.974451
  3.22222 756.613 0.161667 0.239444 0.415 0.985375
  3.23611 747.515 0.161667 0.238333 0.421667 1.07374
  3.25 749.752 0.161667 0.237 0.427 0.970686
  3.26389 749.915 0.161056 0.236878 0.433545 0.967107
  3.27778 748.521 0.160556 0.236667 0.440556 0.996948
  3.29167 748.477 0.160556 0.236667 0.447222 0.965751
  3.30556 752.67 0.160455 0.235152 0.454091 0.908435
  3.31944 748.872 0.159444 0.229444 0.463333 0.996385
  3.33333 749.013 0.15934 0.226761 0.470597 0.946414
  3.34722 751.487 0.160882 0.22348 0.480441 0.959396
  3.36111 750.362 0.161965 0.223408 0.489776 0.946127
  3.36639 750.362 0.162241 0.223084 0.491667 0.84073
  3.375 747.135 0.161667 0.225 0.495 0.944299
  3.38889 750.943 0.161596 0.22344 0.50344 0.907086
  3.40278 747.452 0.161667 0.221667 0.511667 0.963622
  3.41667 749.38 0.161667 0.223333 0.516667 0.99575
  3.43056 751.064 0.160373 0.22092 0.523259 0.981494
  3.44444 756.331 0.158333 0.214649 0.529737 0.949784
  3.45833 748.609 0.156111 0.209444 0.533333 0.977478
  3.47222 753.927 0.155159 0.20373 0.540556 0.93001
  3.48611 756.492 0.148333 0.200294 0.545196 0.957129
  3.5 762.122 0.146449 0.196884 0.550362 0.9576
  3.51389 750.6 0.142879 0.194697 0.557424 0.959945
  3.52778 756.677 0.140667 0.192333 0.563333 0.924279
  3.53306 756.677 0.139853 0.191324 0.564069 0.937067
  3.54167 748.91 0.137281 0.19307 0.569737 0.981085
  End: C 3.545
Bub 23195 0.00449183
  Start: S 3.21583 23072
  3.22222 740.39 0.174919 0.273211 0.641545 0.975541
  3.23611 761.453 0.170595 0.276071 0.645119 1.00084
  3.25 759.78 0.173406 0.27413 0.649203 0.936278
  3.26389 770.002 0.172759 0.276034 0.650029 0.868757
  3.27778 739.225 0.176429 0.274881 0.655595 0.905294
  3.29167 742.829 0.174895 0.27693 0.660123 0.861621
  3.30556 745.346 0.174855 0.276014 0.66529 0.95995
  3.31944 752.052 0.173889 0.277593 0.671296 0.916709
  3.33333 748.709 0.172407 0.277593 0.676481 1.01536
  3.34722 749.195 0.170793 0.280437 0.683479 0.954378
  3.36111 738.611 0.167982 0.286667 0.68693 0.899759
  3.36639 738.611 0.166667 0.288333 0.688333 0.926352
  3.375 744.236 0.166818 0.288737 0.690354 0.877973
  3.38889 739.514 0.165315 0.291351 0.693333 0.912964
  3.40278 742.874 0.167302 0.291735 0.696615 0.907269
  3.41667 742.917 0.167302 0.291735 0.699948 0.91821
  3.43056 743.127 0.167114 0.292967 0.702967 0.913772
  3.44444 749.775 0.167029 0.293116 0.705 0.91731
  3.45833 742.121 0.168333 0.295196 0.706961 0.91315
  3.47222 745.006 0.167694 0.295411 0.709795 0.934889
  3.48611 760.099 0.169007 0.297092 0.711206 0.883886
  3.5 759.393 0.171598 0.29957 0.712698 0.917818
  3.51389 735.392 0.17 0.296333 0.719667 0.91287
  3.52778 738.696 0.171087 0.296594 0.722826 0.941465
  3.53306 738.696 0.171827 0.297691 0.723032 0.898646
  3.54167 747.186 0.170897 0.299103 0.726667 0.912391
  3.55556 746.02 0.171774 0.301667 0.732527 0.916366
  3.56944 739.371 0.171316 0.303333 0.736404 0.899549
  3.58333 738.746 0.169493 0.307754 0.742826 0.887261
  3.59722 741.909 0.166875 0.308542 0.749375 0.866793
  End: M 3.60056 26920
Bub 23264 0.00458134
  Start: S 3.22083 23072
  3.22222 724.284 0.222126 0.25431 0.616494 0.834865
  3.23611 724.526 0.223333 0.255 0.621667 1.43988
  3.25 728.862 0.225476 0.255 0.624524 1.02337
  3.26389 724.234 0.23 0.256404 0.627982 0.935436
  3.27778 732.047 0.231667 0.257576 0.631364 0.93368
  3.29167 728.334 0.231667 0.26307 0.631316 0.96546
  3.30556 731.612 0.231667 0.264649 0.633596 0.915926
  3.31944 736.525 0.231667 0.267083 0.635833 0.955296
  3.33333 729.662 0.231667 0.271316 0.639737 0.978014
  3.34722 730.74 0.231667 0.272222 0.643889 0.917378
  3.36111 730.429 0.231667 0.276404 0.645351 0.897871
  3.36639 730.429 0.231667 0.276667 0.648333 0.955808
  3.375 732.013 0.230465 0.276744 0.650504 0.84678
  3.38889 728.127 0.230641 0.278333 0.655641 0.942563
  3.40278 734.591 0.231667 0.278 0.6585 0.92077
  3.41667 732.935 0.231667 0.276111 0.658889 0.926094
  3.43056 730.897 0.231667 0.273333 0.661667 1.00121
  3.44444 724.902 0.231447 0.271996 0.662802 0.823336
  3.45833 740.478 0.231667 0.271667 0.664583 0.906889
  3.47222 730.609 0.231667 0.268514 0.666802 1.54392
  3.48611 730.536 0.231667 0.269444 0.668889 0.951804
  3.5 723.393 0.2325 0.268333 0.66875 0.917561
  3.51389 727.232 0.2325 0.268333 0.671667 0.92272
  3.52778 729.594 0.232619 0.269286 0.671667 0.949017
  3.53306 729.594 0.233148 0.26858 0.672531 0.917868
  3.54167 723.653 0.233333 0.270556 0.676111 1.06429
  3.55556 724.337 0.236389 0.271111 0.676806 1.05086
  3.56944 724.991 0.236159 0.272536 0.679783 0.923665
  3.58333 723.902 0.236436 0.275513 0.683564 0.934545
  End: C 3.59444
Bub 23508 0.00428127
  Start: N 3.24222
  3.25 774.406 0.348427 0.30669 0.743357 0.910774
  3.26389 775.368 0.353106 0.308598 0.742424 0.900474
  3.27778 775.745 0.356789 0.307764 0.744431 0.871662
  3.29167 778.439 0.358899 0.30753 0.745179 0.878518
  3.30556 783.062 0.362652 0.307083 0.744886 0.911008
  3.31944 805.074 0.363442 0.306861 0.746861 0.907072
  3.33333 787.052 0.36693 0.306509 0.746719 0.90183
  3.34722 792.029 0.369762 0.30381 0.747143 0.902869
  3.36111 786.736 0.370402 0.307069 0.747529 0.905164
  3.36639 786.736 0.370347 0.307013 0.748564 0.913001
  3.375 789.538 0.372889 0.306667 0.748222 0.940336
  3.38889 782.736 0.374588 0.305824 0.748371 0.950893
  3.40278 774.885 0.374677 0.309194 0.748118 0.899213
  3.41667 776.304 0.376879 0.308298 0.746667 0.951549
  3.43056 774.522 0.377567 0.3109 0.745967 0.914488
  3.44444 775.916 0.379773 0.31178 0.744659 0.915577
  3.45833 776.178 0.380355 0.313546 0.744574 0.89893
  3.47222 775.132 0.381667 0.315805 0.741667 0.898214
  3.48611 773.622 0.381882 0.317903 0.741667 0.906137
  3.5 784.666 0.382171 0.319767 0.740349 0.913197
  3.51389 786.272 0.380859 0.322475 0.741465 0.901704
  3.52778 784.172 0.380294 0.322745 0.741078 0.889201
  3.53306 784.172 0.38038 0.325462 0.741766 0.883156
  3.54167 777.866 0.377932 0.327329 0.745161 0.863539
  3.55556 777.898 0.377667 0.330625 0.745042 0.898214
  3.56944 778.334 0.377593 0.334012 0.745123 0.893507
  3.58333 777.492 0.375667 0.336917 0.745792 0.896694
  3.59722 775.219 0.374747 0.33673 0.748671 1.07204
  3.61111 775.191 0.374283 0.338333 0.75019 0.912134
  3.625 777.502 0.37281 0.338619 0.749476 0.902221
  3.63889 786.566 0.373696 0.340217 0.751667 0.952811
  End: C 3.65083
Bub 23527 0.00417831
  Start: S 3.24444 23444
  3.25 793.892 0.0625758 0.10803 0.65 0.903056
  3.26389 795.078 0.065 0.11 0.65 0.916729
  3.27778 799.389 0.0697368 0.111667 0.652018 0.943689
  3.29167 794.911 0.0730303 0.113636 0.657323 0.748509
  3.30556 790.499 0.073254 0.113413 0.660079 0.861762
  3.31944 796.182 0.0748413 0.112778 0.66373 0.943855
  3.33333 794.061 0.0783333 0.113095 0.667381 0.903856
  3.34722 796.779 0.0818362 0.11274 0.670706 0.912607
  3.36111 791.956 0.0836667 0.113333 0.673667 0.931133
  3.36639 791.956 0.085 0.111667 0.673333 1.02292
  3.375 805.058 0.085 0.111667 0.675 0.946204
  3.38889 800.109 0.0869298 0.111667 0.681316 0.934076
  3.40278 794.086 0.09 0.112576 0.685303 0.918659
  3.41667 795.243 0.0883333 0.111667 0.693333 1.06259
  3.43056 796.161 0.0892424 0.113333 0.695758 0.918445
  3.44444 792.07 0.0886145 0.113514 0.702189 0.881729
  3.45833 796.106 0.0882468 0.11539 0.706645 0.912147
  3.47222 794.905 0.0890909 0.112879 0.712576 0.859667
  3.48611 794.689 0.0907576 0.11197 0.716212 0.922482
  3.5 803.181 0.0916667 0.111471 0.720294 0.948676
  3.51389 798.613 0.0928646 0.11151 0.724271 0.887232
  3.52778 794.832 0.0966667 0.113333 0.728333 0.898151
  3.53306 794.832 0.0962121 0.11197 0.729242 0.900725
  3.54167 794.76 0.0966667 0.11 0.731667 0.899154
  End: M 3.55056 26391
Bub 24200 0.00367754
  Start: N 3.33667
  3.34722 901.165 0.0436667 0.133 0.638333 1.01985
  3.36111 907.362 0.0446078 0.132712 0.641797 0.901657
  3.36639 907.362 0.045 0.131667 0.643333 0.934164
  3.375 901.795 0.045 0.133 0.646333 0.930705
  3.38889 905.906 0.0440909 0.131818 0.649545 0.924249
  3.40278 904.148 0.045 0.13 0.655 0.954151
  3.41667 912.58 0.0460063 0.127767 0.658396 0.938135
  3.43056 912.238 0.0461111 0.124444 0.661667 0.940684
  3.44444 904.951 0.0458602 0.124516 0.666022 0.906518
  3.45833 904.209 0.0461795 0.124436 0.670385 0.903824
  3.47222 903.918 0.045 0.123333 0.675 1.05186
  3.48611 904.284 0.0459524 0.12119 0.675952 0.907406
  3.5 908.79 0.045 0.118684 0.679737 0.919588
  3.51389 909.419 0.0461111 0.115 0.681667 0.946298
  3.52778 903.299 0.0466667 0.108333 0.681667 1.13806
  3.53306 903.299 0.0466667 0.108333 0.681667 0.897499
  3.54167 914.268 0.0483333 0.105 0.681667 0.897917
  End: C 3.54417
Bub 24475 0.0057499
  Start: M 3.36333 24439 24440
  3.36639 581.569 0.148256 0.280814 0.626027 0.896343
  3.375 581.569 0.145392 0.281492 0.626765 0.94665
  3.38889 587.703 0.146425 0.282977 0.631828 0.925042
  3.40278 588.476 0.146667 0.283504 0.635556 0.942653
  3.41667 590.69 0.14829 0.284804 0.640316 0.954147
  3.43056 588.747 0.149115 0.285037 0.643827 0.924119
  3.44444 587.649 0.148916 0.286985 0.648388 0.899418
  3.45833 583.048 0.147929 0.290571 0.65169 0.912678
  3.47222 587.166 0.147016 0.292907 0.65407 0.92764
  3.48611 594.852 0.145809 0.294606 0.658037 0.920619
  3.5 596.734 0.145458 0.298969 0.66042 0.903814
  3.51389 600.72 0.144915 0.300478 0.662346 0.903347
  3.52778 616.797 0.143745 0.302778 0.664753 0.912565
  3.53306 616.797 0.143225 0.304112 0.666105 0.917663
  3.54167 631.522 0.142685 0.304481 0.667954 0.9211
  3.55556 631.557 0.14281 0.30519 0.671362 0.923644
  3.56944 638.516 0.140122 0.307683 0.674228 0.928625
  3.58333 638.315 0.139931 0.308785 0.676944 0.897115
  End: M 3.58667 26761
Bub 24878 0.00430127
  Start: S 3.40333 24860
  3.41667 773.26 0.229444 0.373056 0.734722 0.940662
  3.43056 777.851 0.228333 0.376111 0.735556 0.899832
  3.44444 772.037 0.227464 0.379493 0.736884 0.902864
  3.45833 773.231 0.227576 0.382576 0.736667 0.905628
  3.47222 768.941 0.226356 0.386243 0.733249 0.891606
  3.48611 778.963 0.228333 0.388333 0.73 0.895275
  3.5 788.418 0.227344 0.388438 0.727031 0.905859
  3.51389 788.418 0.231065 0.388981 0.722222 0.912226
  3.52778 775.46 0.232619 0.386905 0.719286 0.939676
  3.53306 775.46 0.231818 0.387424 0.717121 0.916597
  3.54167 775.46 0.232114 0.387836 0.713955 0.87196
  3.55556 776.462 0.232018 0.38693 0.711667 0.904028
  3.56944 776.032 0.231615 0.387292 0.709219 0.903146
  3.58333 777.898 0.231667 0.388333 0.706667 0.870186
  3.59722 777.024 0.23 0.388333 0.705 0.899446
  3.61111 772.675 0.23 0.388333 0.703333 0.909356
  3.625 778.999 0.23 0.388333 0.701667 0.918875
  3.63889 778.777 0.229737 0.388333 0.701316 0.920273
  3.65278 778.115 0.230263 0.388333 0.698684 0.905683
  3.66667 778.115 0.231667 0.389085 0.698756 0.909068
  End: C 3.66972
Bub 24988 0.00572755
  Start: S 3.41306 23870
  3.41667 580.564 0.0958235 0.203647 0.737235 0.932147
  3.43056 584.317 0.0923408 0.203371 0.740112 0.910557
  3.44444 581.583 0.091991 0.203216 0.74336 0.915815
  3.45833 588.267 0.0907505 0.203811 0.745058 0.908099
  3.47222 617.35 0.0883962 0.206384 0.745419 0.920973
  3.48611 624.988 0.0836585 0.206565 0.746301 0.912222
  3.5 613.521 0.0806085 0.209074 0.746058 0.90371
  3.51389 629.523 0.0762454 0.210256 0.746557 0.890099
  3.52778 647.559 0.072616 0.2123 0.747426 0.888558
  3.53306 647.559 0.0709083 0.212443 0.747487 0.902689
  3.54167 647.619 0.0690556 0.214056 0.747444 0.892464
  End: M 3.54361 26391
Bub 25167 0.00409214
  Start: S 3.4275 25029
  3.43056 834.081 0.0839247 0.120806 0.586882 0.926407
  3.44444 810.687 0.0719697 0.120303 0.590455 0.893293
  3.45833 812.05 0.0665942 0.117754 0.596159 0.97305
  3.47222 810.765 0.0619231 0.114487 0.600128 0.941607
  3.48611 811.447 0.0564554 0.111056 0.603545 0.92317
  3.5 812.987 0.0514502 0.10803 0.606991 0.907096
  3.51389 813.584 0.0477848 0.10365 0.611329 0.872378
  3.52778 808.828 0.0452667 0.100867 0.615267 0.910216
  3.53306 808.828 0.045 0.1 0.615556 0.984389
  3.54167 810.432 0.0434722 0.0968056 0.617778 0.968938
  End: M 3.54944 26416
Bub 25272 0.00463341
  Start: M 3.43583 25188
  3.44444 720.954 0.0523333 0.0858889 0.625889 0.931931
  3.45833 724.262 0.0530342 0.0848291 0.626026 0.933219
  3.47222 727.634 0.055 0.0806566 0.625202 1.08476
  3.48611 720.103 0.0568519 0.0780688 0.623571 0.937893
  3.5 726.836 0.0595455 0.0778788 0.620758 0.896711
  3.51389 736.12 0.0614655 0.0767816 0.618132 0.940795
  3.52778 742.378 0.062807 0.0785088 0.613947 0.918886
  3.53306 742.378 0.0629614 0.0785262 0.61354 0.932864
  3.54167 725.165 0.0630236 0.0824926 0.611578 0.932676
  End: M 3.54944 26416
Bub 25639 0.00633475
  Start: M 3.47194 25517
  3.47222 551.191 0.109159 0.197565 0.701841 0.876853
  3.48611 541.395 0.106465 0.198333 0.708064 0.925022
  3.5 550.532 0.106761 0.197421 0.716494 0.931048
  3.51389 554.95 0.108433 0.197447 0.724039 0.90707
  3.52778 550.875 0.108394 0.19697 0.732712 0.943971
  3.53306 550.875 0.109553 0.197709 0.736163 0.916494
  End: M 3.5375 26269
Bub 25644 0.00821715
  Start: M 3.47222 25512
  3.47222 441.573 0.111813 0.0850398 0.717915 0.968173
  3.48611 425.88 0.114868 0.0837448 0.72113 0.909236
  3.5 429.891 0.114934 0.0815721 0.722052 0.91388
  3.51389 429.58 0.116929 0.0818534 0.724371 0.891947
  3.52778 430.549 0.118001 0.0812554 0.726147 0.901691
  3.53306 430.549 0.118828 0.0812818 0.727247 0.896202
  3.54167 423.498 0.119678 0.0812823 0.727875 0.902014
  End: C 3.54833
Bub 25728 0.0054067
  Start: M 3.48028 25614
  3.48611 618.002 0.04831 0.0298485 0.588683 0.91144
  3.5 624.913 0.0477778 0.0298148 0.585 0.942509
  3.51389 638.181 0.0489496 0.0277731 0.578838 0.937177
  3.52778 644.276 0.0487188 0.0302154 0.576383 0.938296
  3.53306 644.276 0.0494444 0.0302593 0.575519 0.93128
  3.54167 652.34 0.0493411 0.0296512 0.572674 0.937484
  3.55556 662.512 0.0495714 0.0282857 0.567238 0.941602
  End: M 3.56361 26575
Bub 25766 0.00441757
  Start: S 3.48417 25510
  3.48611 749.963 0.275256 0.282692 0.722564 0.896018
  3.5 752.495 0.275189 0.287008 0.725758 0.83695
  3.51389 751.006 0.277764 0.292967 0.725935 0.920229
  3.52778 752.124 0.278056 0.299444 0.726944 0.94722
  3.53306 752.124 0.27803 0.301667 0.728636 0.929157
  3.54167 753.023 0.276821 0.3061 0.729227 0.863616
  3.55556 757.481 0.275617 0.310679 0.730185 0.905708
  3.56944 756.877 0.276983 0.31635 0.732595 0.893428
  3.58333 756.061 0.277114 0.322967 0.732967 0.927208
  3.59722 753.697 0.279384 0.326558 0.734529 0.912906
  3.61111 750.958 0.278864 0.332879 0.73447 0.917324
  3.625 750.678 0.28 0.336404 0.734649 0.899098
  3.63889 750.219 0.28 0.342778 0.735 0.885115
  3.65278 752.788 0.281437 0.349253 0.735 0.918504
  3.66667 753.652 0.279889 0.355667 0.735222 0.920627
  3.68056 751.228 0.278644 0.3598 0.733311 0.933107
  3.69444 754.813 0.278821 0.364187 0.731423 0.895211
  End: M 3.69694 27806
Bub 25782 0.00417831
  Start: S 3.48583 23267
  3.48611 829.164 0.298788 0.0115152 0.670152 1.15478
  3.5 829.164 0.30307 0.010614 0.669737 0.947788
  3.51389 793.62 0.308016 0.0130952 0.665476 0.814353
  3.52778 793.62 0.313056 0.0136111 0.661667 0.938449
  3.53306 793.62 0.314028 0.0140278 0.661111 0.936467
  3.54167 799.487 0.3173 0.015892 0.658146 0.90306
  End: M 3.54722 26404
Bub 25783 0.00409214
  Start: S 3.48583 23267
  3.48611 811.288 0.277419 0.0136022 0.674892 1.09391
  3.5 881.161 0.277545 0.011303 0.673061 0.876567
  3.51389 811.884 0.276667 0.0116667 0.675 0.889406
  3.52778 810.737 0.276667 0.0116667 0.675 0.992263
  3.53306 810.737 0.276667 0.0111333 0.6732 0.877895
  3.54167 810.737 0.276845 0.0105357 0.673155 0.917797
  End: C 3.55528
Bub 25858 0.00367754
  Start: N 3.49417
  3.5 902.074 0.0496667 0.0636667 0.761667 0.863386
  3.51389 901.891 0.047 0.0596667 0.758333 0.902896
  3.52778 903.959 0.045 0.055 0.756667 0.884709
  3.53306 903.959 0.0461111 0.0538889 0.753889 0.863232
  3.54167 902.292 0.0436667 0.053 0.751667 0.901306
  3.55556 902.295 0.043 0.0503333 0.748333 0.906705
  End: C 3.55667
Bub 25920 0.0043602
  Start: S 3.5 25748
  3.5 776.687 0.0808667 0.371267 0.713933 0.938588
  3.51389 760.89 0.0828431 0.369755 0.71402 0.839871
  3.52778 765.246 0.0825 0.372083 0.71125 0.906704
  3.53306 765.246 0.0830797 0.370362 0.710833 0.901036
  3.54167 775.973 0.0829078 0.372021 0.708156 0.88611
  3.55556 772.794 0.0842308 0.37359 0.706282 0.908574
  3.56944 767.723 0.0858333 0.372917 0.702917 0.905958
  3.58333 768.356 0.0872846 0.373352 0.700843 0.913421
  3.59722 765.126 0.0898387 0.372599 0.698262 0.905443
  3.61111 759.797 0.0915 0.373333 0.695292 0.908954
  3.625 761.471 0.0949099 0.373063 0.693063 0.923556
  3.63889 762.634 0.0975926 0.372654 0.691173 0.919091
  3.65278 768.011 0.101087 0.371667 0.688333 0.923774
  3.66667 771.244 0.104753 0.371667 0.686358 0.903862
  3.68056 767.386 0.108656 0.372312 0.683495 0.911589
  End: M 3.68972 27777
Bub 25921 0.0062321
  Start: S 3.5 25748
  3.5 549.729 0.0451674 0.371256 0.720525 0.938588
  3.51389 551.89 0.0451968 0.370621 0.718776 0.898926
  3.52778 555.141 0.0452162 0.370108 0.717025 0.898846
  3.53306 555.141 0.0418356 0.37089 0.715935 0.934469
  3.54167 540.719 0.0392667 0.371848 0.714527 0.905788
  3.55556 546.196 0.0372454 0.372419 0.713345 0.909229
  End: M 3.55889 26543
Bub 25939 0.00390797
  Start: M 3.50111 25926
  3.51389 857.527 0.015 0.231111 0.763889 0.923601
  3.52778 848.975 0.015 0.236667 0.761667 1.09064
  3.53306 848.975 0.0144872 0.238692 0.759769 0.881551
  End: C 3.54167
Bub 26082 0.00367754
  Start: N 3.51639
  3.52778 902.866 0.047 0.315 0.756333 0.909039
  3.53306 902.866 0.047093 0.315078 0.75624 0.877115
  3.54167 905.487 0.0471212 0.318485 0.75303 0.881984
  End: C 3.54222
Bub 26083 0.00473416
  Start: N 3.51667
  3.52778 706.711 0.200521 0.130729 0.743229 0.870233
  3.53306 706.711 0.198922 0.128529 0.743543 0.868399
  3.54167 721.273 0.199016 0.125246 0.742678 0.897343
  3.55556 708.569 0.208205 0.123205 0.741667 0.9684
  3.56944 718.708 0.208889 0.119444 0.741667 0.909278
  3.58333 712.369 0.209839 0.113602 0.741667 0.916913
  3.59722 710.674 0.210817 0.10829 0.742821 0.787256
  3.61111 710.379 0.209713 0.0985632 0.741667 1.03631
  3.625 719.76 0.20875 0.09375 0.741667 0.936156
  End: M 3.63278 27144
Bub 26165 0.0055895
  Start: M 3.52194 26039
  3.52778 623.805 0.269177 0.385127 0.738903 0.878906
  3.53306 623.805 0.270618 0.384534 0.739312 0.905865
  3.54167 614.871 0.27159 0.38459 0.739564 0.907452
  3.55556 618.389 0.27451 0.383362 0.741196 0.897402
  3.56944 613.12 0.276561 0.382954 0.740738 0.873031
  End: M 3.57 26676
Bub 26172 0.00452806
  Start: S 3.52278 26042 26043
  3.52778 733.787 0.138929 0.101786 0.653214 0.838017
  3.53306 733.787 0.139921 0.100079 0.653413 0.977133
  3.54167 734.753 0.140217 0.100797 0.655435 0.955946
  3.55556 737.086 0.138333 0.100263 0.657982 0.912246
  End: M 3.5675 26565
Bub 26179 0.0172991
  Start: S 3.52361 25826 26015
  3.52778 224.6 0.214994 0.19678 0.629239 0.918935
  3.53306 224.6 0.215285 0.196326 0.632409 0.919167
  End: M 3.53333 26294
Bub 26180 0.00458134
  Start: S 3.52361 25826 26015
  3.52778 724.697 0.14546 0.168448 0.629483 0.878578
  3.53306 724.697 0.146342 0.168247 0.63171 0.935816
  End: M 3.53333 26294
Bub 26200 0.00341392
  Start: S 3.52667 25784 25785
  3.52778 973.433 0.045 0.24 0.731667 0.912769
  3.53306 973.433 0.0433333 0.24 0.731667 0.945469
  End: M 3.53694 26281
Bub 26201 0.00413567
  Start: S 3.52667 25784 25785
  3.52778 803.527 0.0428646 0.256927 0.738073 0.907168
  3.53306 803.527 0.0416667 0.256961 0.738529 0.914655
  End: M 3.53694 26281
Bub 26208 0.00383421
  Start: N 3.52778
  3.52778 865.813 0.233039 0.103627 0.742843 0.897731
  3.53306 865.813 0.235 0.102778 0.741111 0.93304
  End: C 3.53583
Bub 26218 0.00432109
  Start: S 3.52972 26198
  3.53306 773.66 0.22742 0.169292 0.442534 0.885755
  3.54167 773.66 0.228485 0.164697 0.445 0.943742
  3.55556 768.001 0.229667 0.160333 0.448333 1.10886
  3.56944 768.901 0.233333 0.16 0.451667 1.0922
  End: M 3.57556 26721
Bub 26221 0.00388369
  Start: S 3.53083 26198
  3.53306 845.393 0.130535 0.206006 0.426132 0.933613
  End: C 3.54056
Bub 26227 0.0228645
  Start: M 3.53194 26198
  3.53306 143.596 0.187824 0.193201 0.441641 0.954987
  End: S 3.53361 26297 26252
Bub 26231 0.00393194
  Start: S 3.53306 26206 26207
  3.53306 835.019 0.179545 0.146758 0.756152 0.895629
  End: M 3.53417 26284
Bub 26232 0.00430127
  Start: S 3.53306 26206 26207
  3.53306 763.32 0.175093 0.165 0.769954 0.895629
  End: M 3.53417 26284
Bub 26234 0.00445501
  Start: N 3.53306
  3.53306 736.977 0.144958 0.2905 0.744458 0.897391
  End: M 3.53861 26284
Bub 26235 0.00341392
  Start: N 3.53306
  3.53306 961.722 0.121667 0.246667 0.745 0.897391
  End: C 3.53333
Bub 26240 0.00445501
  Start: S 3.53361 26227
  3.54167 749.056 0.148542 0.241833 0.428625 0.906348
  3.55556 753.281 0.145 0.241944 0.428056 0.943139
  3.56944 751.031 0.145 0.241316 0.423596 0.93741
  3.58333 753.148 0.145802 0.235802 0.421793 0.957954
  3.59722 747.591 0.14855 0.228766 0.423528 1.08888
  End: M 3.5975 27054
Bub 26252 0.0162717
  Start: S 3.535 26227
  3.54167 239.074 0.197311 0.197441 0.404947 0.956045
  End: M 3.54278 26399
Bub 26258 0.00404765
  Start: N 3.53556
  3.54167 817.453 0.173667 0.143667 0.76 0.859345
  End: C 3.54667
Bub 26259 0.0037575
  Start: N 3.53639
  3.54167 883.976 0.235 0.103333 0.736667 0.86253
  3.55556 880.207 0.237222 0.100556 0.730556 0.884781
  3.56944 883.412 0.24 0.101667 0.726667 0.895685
  3.58333 889.58 0.241667 0.101667 0.723333 0.914283
  3.59722 895.939 0.245 0.101667 0.721667 0.902537
  End: C 3.60139
Bub 26269 0.00643415
  Start: M 3.53806 25639
  3.54167 544.29 0.109882 0.197725 0.740947 0.883977
  End: S 3.54361 26420 26419
Bub 26281 0.00411402
  Start: S 3.53972 26200 26201
  3.54167 805.546 0.0407143 0.241667 0.730714 0.881655
  3.55556 806.265 0.0368667 0.244733 0.730067 0.902119
  End: C 3.55583
Bub 26282 0.0037575
  Start: S 3.53972 26200 26201
  3.54167 883.894 0.0383333 0.26 0.736667 0.889924
  3.55556 878.871 0.033805 0.262862 0.736195 0.967327
  End: C 3.55583
Bub 26284 0.0043602
  Start: N 3.53972
  3.54167 771.367 0.173267 0.166333 0.774067 0.876652
  End: M 3.54306 26391
Bub 26292 0.00424068
  Start: N 3.54028
  3.54167 781.265 0.141957 0.293406 0.746884 0.911634
  End: M 3.54444 26391
Bub 26294 0.0174177
  Start: M 3.54083 26179 26180
  3.54167 224.949 0.21481 0.196057 0.637207 0.915635
  End: M 3.54528 26421
Bub 26297 0.019334
  Start: S 3.54111 26227
  3.54167 183.203 0.179549 0.191609 0.474884 0.955367
  End: M 3.54694 26418
Bub 26298 0.0037575
  Start: M 3.54139 26227
  3.54167 919.936 0.222778 0.141667 0.423611 1.77465
  End: M 3.54278 26399
Bub 26299 0.00428127
  Start: N 3.54222
  3.55556 782.456 0.0143427 0.240023 0.756878 0.893033
  3.56944 772.759 0.0134181 0.243079 0.753588 0.906234
  3.58333 779.655 0.0142308 0.244487 0.751667 0.904915
  3.59722 786.834 0.0141667 0.24625 0.749583 0.914405
  3.61111 778.003 0.0140909 0.249545 0.748182 0.923161
  3.625 781.649 0.0142636 0.250581 0.746977 0.89737
  End: M 3.63194 27144
Bub 26301 0.00378342
  Start: N 3.54278
  3.55556 885.889 0.0462245 0.321735 0.751871 0.89771
  End: C 3.55583
Bub 26380 0.0080101
  Start: S 3.55222 26042 26043 26294
  3.55556 438.725 0.135659 0.128398 0.645724 0.964125
  End: C 3.55722
Bub 26390 0.00310175
  Start: N 3.55333
  3.55556 1064.83 0.0583333 0.195 0.748333 1.70884
  3.56944 1075.88 0.054 0.199 0.746667 0.946343
  3.58333 1076.95 0.0495 0.198667 0.747333 0.887885
  3.59722 1083.39 0.0464352 0.200185 0.747361 0.889229
  3.61111 1082.27 0.0416667 0.201667 0.748333 1.02729
  3.625 1076.95 0.0383333 0.204649 0.749737 0.880549
  3.63889 1077.86 0.0349405 0.204762 0.749762 0.927751
  3.65278 1071.71 0.0316667 0.206667 0.75 0.923597
  End: M 3.65306 27496
Bub 26391 0.00492373
  Start: N 3.55333
  3.55556 692.567 0.0708333 0.226667 0.748889 0.890339
  End: M 3.56028 26508
Bub 26399 0.0164015
  Start: M 3.55417 26252 26298
  3.55556 236.697 0.197492 0.194633 0.415819 0.948952
  End: M 3.56028 26490
Bub 26416 0.00475054
  Start: S 3.55528 25167 25272
  3.55556 701.199 0.0629725 0.0870275 0.612148 0.938502
  End: M 3.55611 26558
Bub 26417 0.00430127
  Start: S 3.55528 25167 25272
  3.55556 770.594 0.0430556 0.0936111 0.620972 0.931187
  End: M 3.55611 26558
Bub 26418 0.0194302
  Start: M 3.55528 26297
  3.55556 184.422 0.176178 0.192802 0.484698 0.955114
  End: M 3.56167 26582
Bub 26419 0.00417831
  Start: S 3.55556 26269
  3.55556 795.621 0.104091 0.195758 0.736212 0.916213
  End: M 3.55583 26508
Bub 26420 0.00539405
  Start: S 3.55556 26269
  3.55556 623.559 0.109437 0.196878 0.753122 0.916213
  End: M 3.55583 26508
Bub 26421 0.0173947
  Start: S 3.55556 26042 26043 26294
  3.55556 222.785 0.218394 0.196179 0.646136 0.911319
  End: M 3.55583 26565
Bub 26422 0.00365009
  Start: S 3.55556 26042 26043 26294
  3.55556 908.458 0.147045 0.166212 0.645076 0.911319
  End: M 3.55583 26565
Bub 26424 0.00397903
  Start: N 3.55556
  3.55556 841.733 0.0997368 0.107982 0.735 0.897391
  End: M 3.55583 26508
Bub 26428 0.00341392
  Start: N 3.55583
  3.56944 972.465 0.28 0.0116667 0.671667 0.935279
  3.58333 985.82 0.281667 0.0116667 0.668333 0.92185
  End: C 3.59083
Bub 26448 0.00404765
  Start: N 3.5575
  3.56944 816.765 0.033 0.247 0.73 0.906215
  End: M 3.57222 26641
Bub 26472 0.0041571
  Start: N 3.55889
  3.56944 799.248 0.0296154 0.264795 0.733564 0.853644
  End: M 3.57222 26641
Bub 26490 0.0163451
  Start: S 3.56028 26399
  3.56944 235.807 0.194982 0.195264 0.426596 0.952261
  End: M 3.57556 26721
Bub 26508 0.00728635
  Start: N 3.56167
  3.56944 493.658 0.120343 0.0805429 0.730781 0.903011
  End: C 3.57417
Bub 26558 0.00573875
  Start: M 3.56667 26416 26417
  3.56944 630.912 0.0542982 0.0897173 0.616189 0.926926
  End: M 3.57278 26694
Bub 26565 0.0181492
  Start: M 3.5675 26172 26421 26422
  3.56944 223.7 0.210157 0.187551 0.654756 0.914519
  End: S 3.57 26706 26701
Bub 26575 0.00561295
  Start: M 3.56861 25728
  3.56944 640.287 0.0506458 0.02925 0.564708 0.930098
  End: S 3.57083 26684 26683
Bub 26576 0.00341392
  Start: N 3.56861
  3.56944 973.766 0.218333 0.0883333 0.75 0.774099
  End: C 3.57444
Bub 26578 0.00310175
  Start: N 3.56889
  3.56944 1065.18 0.035 0.281667 0.748333 0.89072
  End: M 3.57639 26716
Bub 26582 0.0194331
  Start: M 3.56944 26418
  3.56944 184.382 0.172273 0.194047 0.495208 0.952202
  End: S 3.56972 26620 26714
Bub 26620 0.0194846
  Start: M 3.57306 26582
  3.58333 183.524 0.167844 0.196415 0.50651 0.948605
  End: M 3.59444 26815
Bub 26640 0.00367754
  Start: S 3.57583 26448 26472
  3.58333 903.519 0.0283333 0.250333 0.729667 0.923772
  End: M 3.59 26792
Bub 26641 0.0037575
  Start: S 3.57583 26448 26472
  3.58333 884.917 0.025 0.266667 0.73 0.92071
  End: M 3.59 26792
Bub 26656 0.0059019
  Start: M 3.57722 17524
  3.58333 613.153 0.328154 0.193244 0.732025 0.874094
  End: M 3.58667 26822
Bub 26676 0.00522415
  Start: M 3.57833 26165
  3.58333 662.271 0.276938 0.383682 0.741279 0.93528
  3.59722 645.949 0.279 0.38481 0.743857 0.859186
  3.61111 647.59 0.28052 0.385587 0.743773 0.909719
  3.625 643.489 0.282105 0.385526 0.743596 0.911985
  3.63889 644.917 0.281667 0.384444 0.743889 0.924621
  3.65278 643.836 0.282079 0.383413 0.743667 0.926967
  3.66667 642.157 0.282876 0.382581 0.743643 0.911253
  3.68056 636.748 0.283479 0.38212 0.743479 0.904086
  3.69444 633.816 0.284615 0.381859 0.742372 0.921342
  End: M 3.69694 27806
Bub 26694 0.006016
  Start: M 3.58 26558
  3.58333 596.017 0.0530372 0.0911252 0.618232 0.929977
  End: S 3.58889 26963 26962
Bub 26701 0.00411402
  Start: S 3.58083 26565
  3.58333 802.928 0.136587 0.100079 0.663413 0.938064
  End: M 3.59 26823
Bub 26706 0.0180526
  Start: M 3.58111 26565
  3.58333 219.243 0.21589 0.191391 0.66479 0.914291
  End: S 3.58361 26823 26824
Bub 26714 0.0052376
  Start: M 3.58222 26582
  3.58333 680.289 0.168667 0.138923 0.457385 0.927748
  End: M 3.58472 26814
Bub 26715 0.00356517
  Start: N 3.5825
  3.58333 928.912 0.116789 0.0683333 0.716707 0.769437
  End: C 3.58639
Bub 26716 0.006812
  Start: N 3.5825
  3.58333 514.512 0.121597 0.0829254 0.735723 0.924448
  End: M 3.59667 26826
Bub 26721 0.0163754
  Start: M 3.58306 26218 26490
  3.58333 238.903 0.195494 0.196671 0.436785 0.947977
  3.59722 238.525 0.195929 0.198724 0.446619 0.945057
  End: M 3.5975 27054
Bub 26761 0.00561295
  Start: S 3.58944 24475
  3.59722 632.93 0.143021 0.308833 0.683354 0.904849
  3.61111 637.773 0.141548 0.310366 0.686158 0.961885
  End: M 3.61917 27023
Bub 26788 0.00385911
  Start: N 3.59139
  3.59722 870.792 0.286474 0.0110897 0.66641 0.836175
  3.61111 870.792 0.286449 0.0119565 0.663841 0.932761
  End: M 3.61389 27039
Bub 26791 0.0037575
  Start: S 3.59167 26640 26641
  3.59722 884.852 0.025 0.253333 0.726667 0.914454
  3.61111 880.856 0.02 0.25672 0.726667 0.912342
  3.625 884.703 0.0165196 0.259853 0.725245 0.899115
  3.63889 884.481 0.0116667 0.261667 0.723333 0.911199
  End: M 3.63972 27174
Bub 26792 0.0041571
  Start: S 3.59167 26640 26641
  3.59722 798.156 0.0203846 0.271718 0.729923 0.897506
  3.61111 802.237 0.0174286 0.275524 0.72781 0.915054
  3.625 814.956 0.015 0.278684 0.724474 0.889632
  3.63889 795.593 0.0134127 0.280079 0.719921 0.990558
  End: M 3.63972 27174
Bub 26814 0.00526435
  Start: M 3.59472 26714
  3.59722 685.952 0.166288 0.140833 0.459242 0.964667
  3.61111 674.895 0.162803 0.144621 0.462298 0.972519
  End: M 3.61583 27054
Bub 26815 0.0195156
  Start: M 3.59472 26620
  3.59722 184.086 0.165121 0.197371 0.517831 0.948016
  End: S 3.60111 27054 26945
Bub 26819 0.00397903
  Start: S 3.59556 26701 26706
  3.59722 831.553 0.133947 0.100263 0.66693 0.947865
  End: M 3.59889 26938
Bub 26822 0.0054935
  Start: M 3.59583 26656
  3.59722 679.169 0.331778 0.1948 0.732489 0.858314
  End: S 3.59778 26829 26830
Bub 26823 0.0178061
  Start: M 3.59611 26701 26706
  3.59722 215.786 0.224655 0.198132 0.675544 0.911174
  End: S 3.59778 26894 26943
Bub 26824 0.0065046
  Start: M 3.59639 26701 26706
  3.59722 549.906 0.13832 0.12579 0.657008 0.756606
  End: S 3.59833 26938 26905
Bub 26826 0.0065046
  Start: N 3.59694
  3.59722 542.521 0.124009 0.0806493 0.73741 0.891386
  End: M 3.60556 26920
Bub 26894 0.0170239
  Start: S 3.60556 26823
  3.61111 217.367 0.237364 0.206909 0.686105 0.908453
  End: M 3.61361 27093
Bub 26905 0.0037575
  Start: S 3.60667 26819 26824
  3.61111 885.335 0.15 0.14 0.661667 0.988641
  End: C 3.61639
Bub 26917 0.00417831
  Start: S 3.60778 26240 26721 26815
  3.61111 794.261 0.154091 0.223333 0.431364 0.986444
  End: M 3.61167 27054
Bub 26920 0.0062698
  Start: N 3.60861
  3.61111 572.826 0.125688 0.0785426 0.738857 0.936819
  End: M 3.615 27051
Bub 26938 0.0062604
  Start: M 3.61 26819 26824
  3.61111 590.844 0.13491 0.111051 0.663739 0.850271
  End: S 3.61417 26997 26998
Bub 26943 0.00928395
  Start: M 3.61083 26823
  3.61111 375.451 0.16744 0.154107 0.685773 0.902508
  End: S 3.61167 27093 27055
Bub 26945 0.0053429
  Start: S 3.61111 26240 26721 26815
  3.61111 659.167 0.228382 0.22401 0.497415 0.947457
  3.625 622.743 0.232778 0.218333 0.505556 1.00488
  3.63889 626.197 0.233873 0.218645 0.515576 0.932705
  End: M 3.64778 27277
Bub 26947 0.00397903
  Start: N 3.61111
  3.61111 851.058 0.065 0.235526 0.757982 0.901503
  End: M 3.61139 27051
Bub 26962 0.00424068
  Start: S 3.6125 26694
  3.625 784.67 0.0554348 0.0925362 0.613116 0.969536
  3.63889 782.034 0.0513768 0.0905072 0.613116 0.923183
  3.65278 784.212 0.0500725 0.0871739 0.61442 0.915792
  3.66667 789.013 0.0486364 0.085 0.614697 0.945836
  End: C 3.66722
Bub 26963 0.00501325
  Start: S 3.6125 26694
  3.625 668.15 0.0453509 0.0889474 0.630175 0.931413
  3.63889 672.768 0.0468254 0.0884921 0.632619 0.938238
  3.65278 675.481 0.0478763 0.0875538 0.633091 0.919597
  3.66667 675.401 0.0493405 0.0869185 0.634664 0.913175
  3.68056 671.763 0.051253 0.0860706 0.634465 0.934341
  End: M 3.68889 27758
Bub 26997 0.0050424
  Start: S 3.61694 26938
  3.625 702.829 0.13796 0.118563 0.665259 0.921388
  End: M 3.62556 27142
Bub 27002 0.00383421
  Start: N 3.61694
  3.625 873.949 0.151667 0.138529 0.666373 1.0316
  End: M 3.62556 27142
Bub 27003 0.00402503
  Start: S 3.61722 26240 26721 26814 26815 26917
  3.625 821.729 0.160254 0.219972 0.443079 0.898229
  End: M 3.63667 27155
Bub 27023 0.0055419
  Start: M 3.61944 26761
  3.625 655.036 0.140996 0.310498 0.690606 0.883204
  3.63889 662.937 0.141006 0.309738 0.696074 0.915229
  End: M 3.64389 27231
Bub 27036 0.00495393
  Start: S 3.62222 26240 26721 26814 26815 26917
  3.625 668.342 0.167848 0.145364 0.452152 0.752687
  3.63889 671.9 0.169242 0.150455 0.455152 0.968468
  End: C 3.64111
Bub 27038 0.00341392
  Start: S 3.62306 22135 26788
  3.625 972.114 0.281667 0.0216667 0.646667 1.50798
  End: M 3.62528 27366
Bub 27039 0.00411402
  Start: S 3.62306 22135 26788
  3.625 805.29 0.288333 0.012619 0.662619 0.890273
  End: M 3.62528 27366
Bub 27051 0.00411402
  Start: N 3.62417
  3.625 806.427 0.148333 0.139762 0.777381 0.952333
  End: C 3.63806
Bub 27054 0.0228891
  Start: M 3.62444 26240 26721 26814 26815 26917
  3.625 168.824 0.172377 0.197829 0.513673 0.943306
  End: S 3.62694 27155 27161
Bub 27055 0.00909635
  Start: M 3.62472 26894 26943
  3.625 392.623 0.171593 0.152954 0.694976 0.900643
  End: M 3.63361 27136
Bub 27093 0.0170239
  Start: M 3.63028 26894 26943
  3.63889 215.204 0.243423 0.206844 0.709032 0.914924
  End: S 3.64 27337 27334
Bub 27112 0.00478297
  Start: N 3.63333
  3.63889 719.121 0.210758 0.0886364 0.741667 0.88529
  End: C 3.64472
Bub 27136 0.0091627
  Start: M 3.63611 27055
  3.63889 394.028 0.171643 0.154507 0.703836 0.90237
  End: S 3.6475 27334 27320
Bub 27142 0.0057499
  Start: M 3.63694 26997 27002
  3.63889 642.345 0.141143 0.125213 0.670775 0.886259
  End: M 3.64083 27294
Bub 27144 0.0052776
  Start: N 3.63806
  3.63889 661.922 0.127281 0.080589 0.742343 0.883569
  End: S 3.63944 27335 27330
Bub 27155 0.0197574
  Start: M 3.63833 27003 27054
  3.63889 182.851 0.157443 0.196492 0.553039 0.94022
  End: S 3.64083 27494 27277
Bub 27160 0.00310175
  Start: N 3.63861
  3.63889 1064.95 0.141667 0.135 0.778333 2.02275
  End: M 3.64306 27335
Bub 27161 0.0164466
  Start: M 3.63889 27003 27054
  3.63889 238.055 0.19493 0.196778 0.476969 0.939689
  End: M 3.63917 27200
Bub 27174 0.0037575
  Start: S 3.64028 26791 26792
  3.65278 884.525 0.015 0.28 0.716667 0.894766
  End: M 3.66194 27473
Bub 27200 0.0164411
  Start: M 3.6425 27161
  3.65278 238.099 0.19599 0.196305 0.486705 0.937901
  3.66667 236.76 0.196213 0.198943 0.496506 0.934635
  3.68056 236.688 0.196542 0.200753 0.506236 0.93743
  End: M 3.68389 27779
Bub 27266 0.00378342
  Start: S 3.6475 27155
  3.65278 876.847 0.203027 0.236429 0.537109 0.934342
  End: C 3.65556
Bub 27276 0.0037575
  Start: S 3.64778 27155
  3.65278 882.947 0.203333 0.215 0.556667 0.797821
  3.66667 894.862 0.201667 0.215 0.565 1.19049
  End: M 3.67833 27641
Bub 27294 0.00561295
  Start: M 3.64889 27142
  3.65278 634.4 0.138729 0.122938 0.674917 0.914808
  End: M 3.65444 27443
Bub 27299 0.00341392
  Start: N 3.64944
  3.65278 974.062 0.0116667 0.263333 0.721667 0.994122
  End: M 3.66194 27473
Bub 27320 0.00507125
  Start: S 3.65111 27093 27136
  3.65278 662.812 0.213701 0.163785 0.695367 0.889176
  End: M 3.65333 27472
Bub 27330 0.0044735
  Start: N 3.65167
  3.65278 751.088 0.373642 0.34142 0.751667 0.91992
  End: C 3.65361
Bub 27332 0.00310175
  Start: S 3.65194 27155
  3.65278 1065.46 0.221667 0.208333 0.551667 1.29341
  End: M 3.65417 27494
Bub 27333 0.00473416
  Start: M 3.65194 17946
  3.65278 736.174 0.351146 0.142813 0.665938 0.911817
  End: M 3.65639 27486
Bub 27334 0.009123
  Start: M 3.65194 27093 27136
  3.65278 400.524 0.175738 0.156621 0.713957 0.897493
  End: M 3.65333 27472
Bub 27335 0.00475054
  Start: N 3.65194
  3.65278 709.854 0.129674 0.0833505 0.744141 1.29356
  End: M 3.65472 27370
Bub 27337 0.0165857
  Start: S 3.65278 27093
  3.65278 210.468 0.249071 0.209353 0.723637 0.908826
  End: S 3.65306 27340 27475
Bub 27338 0.00313958
  Start: S 3.65278 27093
  3.65278 1059.5 0.211667 0.261548 0.685238 0.908826
  End: M 3.65333 27475
Bub 27443 0.00591245
  Start: M 3.66083 27294
  3.66667 608.053 0.13869 0.123824 0.679439 0.88252
  End: M 3.67028 27643
Bub 27472 0.0094888
  Start: M 3.66361 27320 27334
  3.66667 390.241 0.183767 0.158493 0.719963 0.897508
  End: S 3.66694 27620 27619
Bub 27475 0.00367754
  Start: S 3.66389 27337 27338
  3.66667 914.368 0.218333 0.255 0.695 0.882469
  End: C 3.66778
Bub 27486 0.00478297
  Start: M 3.66472 27333
  3.66667 726.003 0.351667 0.140657 0.665202 1.00366
  End: M 3.67556 27599
Bub 27494 0.0199175
  Start: S 3.66667 27155 27332
  3.66667 183.862 0.153214 0.191159 0.576356 0.934168
  End: M 3.66694 27641
Bub 27495 0.00419931
  Start: S 3.66667 27155 27332
  3.66667 789.059 0.223209 0.208632 0.560672 0.934168
  End: M 3.66694 27641
Bub 27496 0.005469
  Start: N 3.66667
  3.66667 635.426 0.0997297 0.0504279 0.748671 0.905486
  End: C 3.66694
Bub 27498 0.00367754
  Start: N 3.66667
  3.66667 901.833 0.067 0.118333 0.756333 0.905486
  End: C 3.66694
Bub 27515 0.00409214
  Start: N 3.66778
  3.68056 813.306 0.0482258 0.0836559 0.617204 0.935525
  End: M 3.68889 27758
Bub 27599 0.00499856
  Start: M 3.67583 27486
  3.68056 664.855 0.350162 0.140044 0.665855 0.921793
  End: M 3.68083 27740
Bub 27603 0.00341392
  Start: N 3.67639
  3.68056 973.408 0.155 0.153333 0.718333 1.0321
  End: C 3.68583
Bub 27641 0.0199536
  Start: S 3.68 27276 27494 27495
  3.68056 186.485 0.15298 0.187244 0.58875 0.941453
  End: M 3.68194 27779
Bub 27642 0.00413567
  Start: S 3.68 27276 27494 27495
  3.68056 804.572 0.198333 0.214167 0.573021 0.918658
  End: M 3.68194 27779
Bub 27643 0.0054935
  Start: M 3.68028 27443
  3.68056 610.093 0.138089 0.123756 0.684044 0.935522
  End: S 3.68083 27660 27659
Bub 27730 0.00367754
  Start: N 3.69056
  3.69444 902.54 0.0583333 0.113667 0.753667 0.902752
  End: M 3.69917 27836
Bub 27748 0.00490848
  Start: S 3.69167 27200 27641 27642
  3.69444 712.776 0.11229 0.189237 0.56447 0.929352
  End: M 3.69583 27838
Bub 27758 0.00616495
  Start: M 3.69306 26963 27515
  3.69444 571.556 0.0498585 0.0836164 0.628003 0.897963
  End: M 3.69556 27828
Bub 27776 0.00434074
  Start: S 3.69444 22702 25920
  3.69444 777.555 0.128333 0.381577 0.66973 0.908392
  End: M 3.695 27819
Bub 27777 0.00449183
  Start: S 3.69444 22702 25920
  3.69444 739.7 0.112236 0.372967 0.678537 0.908392
  End: M 3.695 27819
Bub 27778 0.0167475
  Start: S 3.69444 27200 27641 27642
  3.69444 240.358 0.191274 0.203238 0.520032 0.932794
  End: M 3.69528 27838
Bub 27779 0.019586
  Start: S 3.69444 27200 27641 27642
  3.69444 187.164 0.152308 0.179719 0.604378 0.932794
  End: M 3.69528 27838
Bub 7988 0.00454596
  Start: S 2.15833 7876
  2.16667 731.304 0.252333 0.0204118 0.745784 0.840317
  2.18056 731.439 0.25587 0.0168841 0.743841 1.04345
  2.19444 728.308 0.26307 0.0130702 0.739386 0.848614
  2.19972 728.308 0.264565 0.0131159 0.737754 0.91302
  2.20833 732.269 0.267973 0.0130631 0.734414 0.904403
  2.22222 732.269 0.273851 0.0122414 0.727184 0.887227
  2.23611 730.21 0.279667 0.0116667 0.723 0.90951
  2.25 730.21 0.286045 0.0117164 0.717786 0.880189
  2.26389 729.064 0.290333 0.0116667 0.713 0.92384
  2.27778 729.979 0.296528 0.0130556 0.707639 0.907487
  2.29167 730.849 0.301667 0.0133333 0.703333 0.951394
  2.30556 731.995 0.306212 0.0148485 0.695909 0.926377
  2.31944 727.327 0.310333 0.0163333 0.69 0.936264
  2.33333 731.978 0.313333 0.0175758 0.685909 0.951774
  2.34722 734.722 0.318333 0.0197059 0.681471 0.956147
  2.36111 736.438 0.321667 0.0216667 0.676667 0.923718
  2.36639 736.438 0.32307 0.0227193 0.676404 0.945842
  2.375 730.886 0.325 0.0233333 0.673333 0.905075
  2.38889 734.473 0.328333 0.0261111 0.668333 0.951311
  2.40278 727.96 0.332778 0.0272222 0.663333 0.92206
  2.41667 730.638 0.335 0.03 0.656667 0.889006
  2.43056 728.16 0.337 0.0303333 0.65 0.961823
  2.44444 728.185 0.339737 0.0327193 0.643596 0.92275
  2.45833 730.679 0.342576 0.0333333 0.63803 0.933652
  2.47222 735.002 0.345 0.0335965 0.631316 0.89928
  2.48611 728.03 0.346412 0.0364124 0.626582 0.96245
  2.5 730.177 0.348333 0.0363333 0.619667 0.931066
  2.51389 727.398 0.350263 0.0364035 0.616053 0.920118
  2.52778 736.189 0.351667 0.0366667 0.611667 0.931561
  2.53306 736.189 0.351667 0.037 0.609667 0.9253
  2.54167 730.509 0.353095 0.0383333 0.607381 0.940489
  2.55556 729.346 0.353333 0.04 0.603333 0.93201
  2.56944 727.821 0.356053 0.0397368 0.600263 0.936465
  2.58333 727.612 0.356667 0.04 0.596828 0.958452
  2.59722 728.342 0.359286 0.042619 0.595 0.937901
  2.61111 734.236 0.360294 0.0416667 0.591471 1.07613
  2.625 731.312 0.361667 0.045 0.59 0.961951
  2.63889 728.047 0.36307 0.0464035 0.587281 0.937682
  2.65278 729.212 0.363303 0.0467576 0.583242 0.898172
  2.66667 734.901 0.36307 0.0479825 0.578333 0.923501
  2.68056 731.391 0.363333 0.05 0.575 0.989403
  2.69444 730.946 0.363116 0.0516667 0.570797 1.10183
  2.69972 730.946 0.363333 0.0533333 0.568333 0.954866
  2.70833 730.776 0.363333 0.0533333 0.565 0.887979
  2.72222 727.115 0.362778 0.0561111 0.560556 0.947308
  2.73611 730.793 0.361667 0.0566667 0.556667 0.942011
  2.75 735.715 0.361667 0.0602632 0.554649 0.91139
  2.76389 737.555 0.361667 0.0621429 0.551667 0.948088
  2.77778 737.869 0.361667 0.0646491 0.550263 0.963929
  2.79167 739.105 0.361667 0.0657576 0.54803 0.940446
  2.80556 730.648 0.361667 0.0696667 0.547 0.95927
  2.81944 729.927 0.36 0.0716667 0.548333 1.0137
  2.83333 730.166 0.360333 0.0736667 0.548333 0.969901
  2.84722 735.529 0.361719 0.0769792 0.548438 0.92952
  2.86111 729.18 0.362673 0.0805975 0.550031 0.924109
  2.86639 729.18 0.36125 0.0808333 0.54875 0.89582
  2.875 730.187 0.36051 0.0839116 0.546973 0.949698
  2.88889 734.479 0.363571 0.0850595 0.548095 0.946253
  2.90278 734.618 0.363596 0.0883333 0.547982 0.90073
  2.91667 728.9 0.363051 0.0901282 0.548385 0.909877
  2.93056 728.144 0.362778 0.0933333 0.547222 0.957044
  2.94444 728.228 0.361852 0.095 0.546852 0.891394
  2.95833 727.457 0.360424 0.0966949 0.546356 0.940628
  2.97222 729.311 0.360714 0.100238 0.545 0.930932
  2.98611 729.225 0.361667 0.100333 0.543667 0.945977
  3 730.186 0.361667 0.105 0.543333 1.0061
  3.01389 728.327 0.362778 0.106667 0.543889 0.944127
  3.02778 727.577 0.362719 0.109737 0.543596 0.988467
  3.03306 727.577 0.361422 0.110147 0.54348 0.918679
  3.04167 728.257 0.363039 0.112843 0.543039 0.94844
  3.05556 731.804 0.361818 0.116212 0.542576 0.947211
  3.06944 740.025 0.36161 0.117994 0.541667 0.948754
  3.08333 728.125 0.363947 0.120263 0.54307 1.08975
  3.09722 727.218 0.366667 0.120556 0.542778 0.939925
  3.11111 727.922 0.36693 0.123596 0.542719 0.982506
  3.125 728.157 0.367281 0.12693 0.54307 0.926007
  3.13889 730.955 0.366333 0.129667 0.541667 0.9404
  3.15278 726.452 0.368333 0.131667 0.541667 1.0129
  3.16667 734.997 0.369035 0.133538 0.540789 0.931569
  3.18056 737.275 0.368529 0.136961 0.541667 0.952185
  3.19444 733.666 0.368333 0.140439 0.540439 0.935353
  3.19972 733.666 0.369737 0.140263 0.540614 0.912956
  3.20833 730.66 0.370333 0.140333 0.541667 0.965714
  3.22222 730.467 0.373 0.143 0.541667 0.931887
  3.23611 730.822 0.373333 0.143333 0.541667 0.915855
  3.25 730.673 0.3715 0.146 0.5405 0.959158
  3.26389 728.925 0.370333 0.148333 0.543 1.07499
  3.27778 727.833 0.370263 0.150263 0.543947 0.940996
  3.29167 729.83 0.370455 0.152576 0.544697 0.920389
  3.30556 730.273 0.37 0.155 0.545 0.926232
  3.31944 733.401 0.368492 0.15627 0.546111 0.943429
  3.33333 730.401 0.366667 0.158333 0.548333 0.988077
  3.34722 731.047 0.363333 0.16 0.551667 1.09993
  3.36111 726.823 0.363413 0.163254 0.553254 0.910706
  3.36639 726.823 0.363333 0.163333 0.555 0.907291
  3.375 730.336 0.361667 0.163333 0.555 0.955646
  3.38889 731.701 0.360077 0.164333 0.557359 0.938371
  3.40278 727.198 0.359921 0.166587 0.559921 0.879465
  3.41667 727.719 0.356667 0.167 0.559667 0.952121
  3.43056 729.273 0.355 0.170333 0.560333 1.03235
  3.44444 727.875 0.35307 0.17307 0.557281 0.949433
  3.45833 729.102 0.351667 0.174048 0.556905 0.925349
  3.47222 729.73 0.350333 0.178333 0.556333 0.969927
  3.48611 730.979 0.35 0.178333 0.556667 0.979189
  3.5 730.128 0.348559 0.18 0.556486 0.888553
  3.51389 736.78 0.347778 0.181667 0.557222 0.943323
  3.52778 730.04 0.346667 0.183333 0.558333 0.98413
  3.53306 730.04 0.345298 0.18369 0.558333 0.916902
  3.54167 734.664 0.345 0.185 0.559444 0.938854
  3.55556 729.781 0.341667 0.185 0.56 1.09138
  3.56944 729.168 0.339667 0.185 0.560333 0.96938
  3.58333 728.299 0.336667 0.185 0.563333 0.945737
  3.59722 735.659 0.334939 0.185121 0.563606 0.917529
  3.61111 730.007 0.333788 0.184091 0.564697 0.941365
  3.625 727.403 0.332719 0.183596 0.56693 0.946534
  3.63889 728.838 0.33 0.182778 0.567222 0.950219
  3.65278 735.548 0.328333 0.182018 0.569737 0.930684
  3.66667 731.238 0.327464 0.181667 0.570217 0.988067
  3.68056 729.351 0.326667 0.179444 0.570556 0.938768
  3.69444 729.007 0.326667 0.179444 0.570556 0.9378
  3.69972 729.007 0.326333 0.179667 0.571667 1.05832
  3.70833 727.436 0.326111 0.179444 0.572778 0.935499
  3.72222 728.115 0.326667 0.176333 0.573667 0.956206
  3.73611 728.267 0.326667 0.176333 0.573667 0.93626
  3.75 730.966 0.326667 0.178333 0.576667 0.959225
  3.76389 731.714 0.326667 0.178333 0.576667 0.936821
  End: C 3.77333
Bub 11600 0.00473416
  Start: S 2.39194 9994 11557
  2.40278 700.539 0.372292 0.05875 0.658958 1.01944
  2.41667 705.507 0.371 0.0554 0.6526 0.910182
  2.43056 700.73 0.37198 0.0557843 0.646608 0.969432
  2.44444 704.867 0.370823 0.0551688 0.640654 0.927482
  2.45833 704.06 0.370149 0.0537459 0.635033 0.896446
  2.47222 710.479 0.370753 0.0529452 0.629521 0.909972
  2.48611 711.487 0.371667 0.0533333 0.626667 0.85755
  2.5 706.518 0.371667 0.0533333 0.625 0.919013
  2.51389 699.496 0.371543 0.0548765 0.622284 0.917828
  2.52778 705.319 0.371667 0.0541398 0.621882 0.899195
  2.53306 705.319 0.371667 0.053 0.622 0.938268
  2.54167 707.797 0.372174 0.0526087 0.62192 0.903303
  2.55556 702.804 0.372667 0.0548333 0.6195 0.931646
  2.56944 707.225 0.374026 0.0556667 0.616282 1.11998
  2.58333 706.704 0.374167 0.0529762 0.615 0.939523
  2.59722 710.428 0.376538 0.0524359 0.611538 0.926782
  2.61111 703.701 0.378704 0.0508796 0.608287 1.16657
  2.625 702.946 0.380231 0.0521795 0.603103 0.946367
  2.63889 709.097 0.380652 0.0503623 0.599348 0.943549
  2.65278 717.107 0.381667 0.0492857 0.594048 0.959159
  2.66667 706.972 0.381667 0.0516667 0.59 1.06058
  2.68056 706.471 0.381667 0.051087 0.585 0.969396
  2.69444 705.529 0.380789 0.0515351 0.581053 0.936852
  2.69972 705.529 0.380571 0.051 0.578 0.942432
  2.70833 706.338 0.380833 0.0495833 0.57625 0.933881
  2.72222 713.432 0.3825 0.0475 0.573333 0.941066
  2.73611 709.655 0.383034 0.0473077 0.569786 0.935089
  2.75 726.423 0.382949 0.0480769 0.565641 0.935273
  2.76389 702.057 0.383788 0.0495455 0.567273 1.08442
  2.77778 702.135 0.384091 0.0495455 0.565152 0.942822
  2.79167 707.073 0.383495 0.0500538 0.563495 0.955593
  2.80556 705.363 0.382637 0.0500211 0.561709 0.966283
  2.81944 704.802 0.379444 0.0530077 0.558333 0.903581
  2.83333 708.966 0.376991 0.0525325 0.555823 0.953007
  2.84722 712.389 0.374048 0.0535714 0.551667 0.945473
  2.86111 713.257 0.373116 0.052971 0.548333 0.923496
  2.86639 713.257 0.371667 0.0535714 0.546429 0.997501
  2.875 709.555 0.370476 0.0539286 0.544881 0.94377
  2.88889 713.079 0.369133 0.0540667 0.5414 0.972312
  2.90278 719.083 0.368333 0.0539855 0.537754 0.950763
  2.91667 724.982 0.368333 0.0534 0.533133 0.950586
  2.93056 703.806 0.366667 0.0513333 0.5285 0.92574
  2.94444 699.713 0.36659 0.0499231 0.521718 0.938967
  2.95833 704.229 0.366404 0.0483333 0.517982 0.955616
  2.97222 705.01 0.365303 0.0483333 0.51197 0.937939
  2.98611 704.515 0.364377 0.0474176 0.509579 0.93685
  3 707.406 0.364252 0.0469728 0.50585 0.957529
  3.01389 704.75 0.36421 0.0467526 0.502904 0.954277
  3.02778 708.113 0.364259 0.0461852 0.499444 0.940651
  3.03306 708.113 0.363458 0.0457917 0.499542 0.944482
  3.04167 705.326 0.363333 0.045 0.501667 1.00896
  3.05556 700.784 0.361944 0.0436111 0.500556 0.967685
  3.06944 702.397 0.361389 0.0430556 0.500556 1.00441
  3.08333 707.167 0.361667 0.0433333 0.501667 0.981376
  3.09722 704.029 0.357778 0.0428889 0.497667 0.93576
  3.11111 716.496 0.356059 0.0440588 0.495863 0.943456
  3.125 701.704 0.355952 0.0416667 0.493571 1.2173
  3.13889 704.265 0.354103 0.0442308 0.492436 0.951665
  3.15278 702.706 0.352778 0.0444444 0.49 0.951969
  3.16667 702.155 0.351173 0.0443827 0.487346 0.952482
  3.18056 706.21 0.34996 0.0441667 0.483532 0.939187
  3.19444 701.094 0.350063 0.0449156 0.479937 0.965618
  3.19972 701.094 0.35 0.0446491 0.47693 0.951117
  3.20833 702.307 0.348 0.0431111 0.476444 0.982418
  3.22222 701.257 0.347857 0.0430952 0.472619 0.966894
  3.23611 698.552 0.346333 0.0433333 0.469667 0.957709
  3.25 701.251 0.345256 0.0441026 0.466795 0.956138
  3.26389 699.94 0.343788 0.044697 0.464091 0.965863
  3.27778 701.882 0.341958 0.0447917 0.463333 0.961761
  3.29167 699.056 0.341173 0.045 0.462901 0.974345
  3.30556 710.835 0.3394 0.0464667 0.461667 0.960328
  3.31944 706.731 0.337222 0.0477778 0.461667 1.07848
  3.33333 706.311 0.337754 0.0487681 0.461667 1.03022
  3.34722 700.432 0.336667 0.0513636 0.462576 0.96344
  3.36111 701.137 0.334733 0.0532667 0.463133 0.932948
  3.36639 701.137 0.334649 0.0533333 0.46307 0.965028
  3.375 701.4 0.334697 0.0559091 0.463333 0.977224
  3.38889 711.029 0.333333 0.0583333 0.463333 0.928267
  3.40278 706.153 0.332018 0.0616667 0.463596 0.98907
  3.41667 705.752 0.332018 0.065 0.463596 1.07809
  3.43056 700.048 0.332018 0.0697368 0.463333 0.893017
  3.44444 704.548 0.333039 0.0729216 0.463157 0.978675
  3.45833 700.993 0.33201 0.0762255 0.463627 0.987503
  3.47222 708.399 0.329675 0.0800649 0.463788 0.912068
  3.48611 703.269 0.328086 0.0857407 0.462284 0.967533
  3.5 700.687 0.327174 0.0928261 0.462246 0.967334
  3.51389 709.537 0.326975 0.0983333 0.46142 0.933481
  3.52778 705.317 0.325 0.105 0.46 0.968448
  3.53306 705.317 0.324619 0.106143 0.459476 0.908775
  3.54167 706.304 0.323333 0.111667 0.458333 1.2579
  3.55556 704.437 0.321889 0.115667 0.459556 1.03432
  3.56944 707.72 0.319868 0.119211 0.460219 0.93679
  3.58333 706.435 0.319737 0.121667 0.461316 0.987262
  3.59722 700.254 0.31881 0.123571 0.464405 0.918917
  3.61111 700.302 0.319493 0.125 0.467174 0.986817
  3.625 699.661 0.318043 0.127174 0.469783 0.961415
  3.63889 703.061 0.318457 0.128086 0.470926 0.94328
  3.65278 702.988 0.318527 0.128488 0.473217 0.953346
  3.66667 701.577 0.316878 0.128944 0.476455 0.948444
  3.68056 702.872 0.316437 0.129862 0.479312 0.88793
  3.69444 706.336 0.31485 0.129382 0.482828 0.977025
  3.69972 706.336 0.314538 0.128333 0.482987 0.952178
  3.70833 706.972 0.315 0.124722 0.481944 0.924856
  End: C 3.71806
Bub 13352 0.00430127
  Start: S 2.49333 13115 13116
  2.5 771.012 0.373889 0.325 0.69 0.875499
  2.51389 776.673 0.371667 0.325417 0.687083 1.04264
  2.52778 784.596 0.369933 0.3254 0.683667 0.925354
  2.53306 784.596 0.368423 0.325315 0.683333 0.985475
  2.54167 772.228 0.368333 0.326159 0.682826 0.911927
  2.55556 772.502 0.368333 0.326333 0.679667 0.886287
  2.56944 773.335 0.36881 0.326429 0.679286 1.01649
  2.58333 771.559 0.368333 0.328333 0.676667 0.970166
  2.59722 770.593 0.367381 0.330298 0.673036 0.895787
  2.61111 771.409 0.366667 0.331667 0.67 0.860705
  2.625 768.752 0.366667 0.333333 0.666667 0.924798
  2.63889 773.135 0.370333 0.333667 0.665 1.01248
  2.65278 778.996 0.368684 0.33693 0.661667 0.939054
  2.66667 769.076 0.372778 0.34 0.657222 0.972693
  2.68056 774.017 0.373333 0.341667 0.653333 1.06477
  2.69444 771.172 0.371667 0.345 0.646667 0.940141
  2.69972 771.172 0.371667 0.345 0.646667 0.904921
  2.70833 772.192 0.371667 0.346773 0.643227 0.910483
  2.72222 770.001 0.37 0.348333 0.636667 0.957446
  2.73611 772.432 0.36821 0.349691 0.631049 0.863856
  2.75 775.564 0.365 0.348333 0.623333 0.946188
  2.76389 773.048 0.363333 0.348333 0.618333 0.976586
  2.77778 773.542 0.361515 0.347424 0.612879 0.909238
  2.79167 779.442 0.357778 0.347222 0.608333 0.991719
  2.80556 778.667 0.357778 0.347222 0.605 0.957425
  2.81944 778.321 0.357893 0.347201 0.601604 0.925045
  2.83333 782.225 0.358333 0.348333 0.598333 0.930424
  2.84722 781.342 0.358333 0.348333 0.595 1.02427
  2.86111 777.476 0.358333 0.348333 0.593333 0.961807
  2.86639 777.476 0.356667 0.348333 0.591667 0.986356
  2.875 769.976 0.357 0.348333 0.589667 0.951092
  2.88889 768.744 0.35693 0.349737 0.586053 0.936218
  2.90278 768.43 0.35693 0.349737 0.582719 0.942915
  2.91667 772.239 0.356667 0.348333 0.576667 0.945517
  2.93056 777.193 0.355357 0.349643 0.571607 0.916601
  2.94444 775.82 0.355 0.348333 0.567222 0.942863
  2.95833 781.019 0.355 0.348333 0.561667 0.934365
  2.97222 769.407 0.356667 0.349483 0.556839 0.913856
  2.98611 769.482 0.356404 0.349737 0.552719 0.958168
  3 771.363 0.355 0.35 0.548333 0.924889
  3.01389 771.293 0.355 0.348333 0.543333 0.982612
  3.02778 771.693 0.355 0.349667 0.540333 0.930414
  3.03306 771.693 0.355 0.35 0.54 0.957041
  3.04167 772.151 0.355 0.349667 0.537 0.946076
  3.05556 772.737 0.355 0.349667 0.533667 0.949409
  3.06944 782.958 0.355 0.351667 0.531667 0.951878
  3.08333 783.228 0.355 0.351667 0.528333 0.928341
  3.09722 772.287 0.355 0.353667 0.526333 0.950881
  3.11111 778.091 0.355 0.355 0.523333 0.887963
  3.125 769.695 0.353947 0.35693 0.520263 0.966047
  3.13889 771.443 0.353667 0.358333 0.517 0.96117
  3.15278 770.338 0.352719 0.359737 0.51307 0.9632
  3.16667 769.466 0.35307 0.360263 0.509386 0.97395
  3.18056 771.758 0.350278 0.363148 0.505556 0.953815
  3.19444 771.792 0.350211 0.363545 0.501056 0.968008
  3.19972 771.792 0.350085 0.363701 0.499633 0.931996
  3.20833 769.527 0.349737 0.366053 0.49693 0.948664
  3.22222 769.96 0.349386 0.366404 0.49307 0.959814
  3.23611 772.606 0.346667 0.368333 0.488333 0.956272
  3.25 771.909 0.346667 0.37 0.485 0.936493
  3.26389 774.346 0.345758 0.370758 0.48 0.941902
  3.27778 774 0.344444 0.373333 0.476111 0.951126
  3.29167 772.376 0.343667 0.373667 0.471667 1.05248
  3.30556 772.598 0.341389 0.373611 0.470556 0.906
  3.31944 772.7 0.336364 0.376212 0.468636 0.966419
  3.33333 772.54 0.335303 0.376364 0.467121 0.948134
  3.34722 777.801 0.332673 0.378333 0.465503 0.969956
  3.36111 773.85 0.329476 0.380143 0.465381 0.948247
  3.36639 773.85 0.328274 0.380357 0.464643 0.947476
  3.375 776.388 0.326373 0.381667 0.465196 0.942387
  3.38889 768.803 0.323333 0.383333 0.463333 0.89439
  3.40278 769.989 0.323947 0.383596 0.463596 0.949964
  3.41667 773.534 0.322937 0.386111 0.461825 0.975635
  3.43056 769.165 0.320556 0.387222 0.460556 0.972765
  3.44444 773.528 0.32 0.388333 0.456667 0.98837
  3.45833 778.787 0.317982 0.388333 0.456404 0.955734
  3.47222 771.415 0.313333 0.388333 0.453333 0.940902
  3.48611 771.415 0.310294 0.389052 0.451013 0.904545
  3.5 771.93 0.308333 0.387 0.449667 1.00653
  3.51389 772.129 0.306667 0.388333 0.446667 0.97763
  3.52778 771.774 0.303333 0.388333 0.445 0.986417
  3.53306 771.774 0.303333 0.388333 0.443333 0.949758
  3.54167 777.222 0.301667 0.388396 0.443239 0.968179
  3.55556 768.459 0.3 0.386667 0.440161 0.982826
  3.56944 771.987 0.29828 0.386505 0.437312 0.961242
  3.58333 772.791 0.296884 0.385 0.43413 0.959836
  3.59722 780.594 0.295 0.385 0.431667 0.961284
  3.61111 771.249 0.293 0.383667 0.428333 0.928907
  3.625 769.373 0.290333 0.383333 0.427 0.923881
  3.63889 779.175 0.288333 0.383333 0.425 0.928767
  3.65278 768.681 0.286412 0.383588 0.423418 0.91142
  3.66667 773.539 0.283056 0.381944 0.422778 0.954438
  3.68056 769.136 0.280079 0.379921 0.420079 0.968029
  3.69444 776.827 0.276905 0.378571 0.418274 0.926836
  3.69972 776.827 0.27693 0.37693 0.417281 0.972244
  3.70833 769.038 0.276667 0.376613 0.416505 0.914562
  3.72222 769.058 0.273889 0.373889 0.413889 1.05483
  3.73611 772.476 0.273333 0.373333 0.411667 0.957325
  3.75 771.917 0.271364 0.370758 0.410455 0.96353
  3.76389 771.483 0.270333 0.368333 0.409667 0.991097
  3.77778 776.292 0.268333 0.368333 0.407222 0.97104
  3.79167 772.875 0.266667 0.365 0.406667 0.935508
  End: C 3.80444
Bub 19650 0.00459882
  Start: S 2.93194 19608
  2.94444 722.576 0.0879167 0.0432197 0.604242 0.908156
  2.95833 723.018 0.090875 0.0467917 0.600833 0.992975
  2.97222 721.624 0.0928788 0.0525758 0.594697 0.975348
  2.98611 722.074 0.0930556 0.0563889 0.591667 0.944924
  3 722.126 0.0949598 0.0605422 0.588574 0.887421
  3.01389 721.442 0.094697 0.0659091 0.586212 0.942311
  3.02778 721.006 0.0943427 0.0701643 0.583028 0.923322
  3.03306 721.006 0.0944583 0.070375 0.581708 0.958696
  3.04167 718.365 0.0934127 0.073254 0.579921 0.936843
  3.05556 721.057 0.0948394 0.0767269 0.57757 0.952881
  3.06944 721.986 0.0944167 0.0799583 0.574 0.960665
  3.08333 722.75 0.0955622 0.0838353 0.571305 0.942482
  3.09722 724.771 0.0966667 0.0866667 0.57 0.935261
  3.11111 722.653 0.0962255 0.09 0.567696 0.971088
  3.125 722.18 0.0983766 0.0927489 0.565303 0.933221
  3.13889 721.983 0.0984568 0.096358 0.56216 0.935829
  3.15278 731.86 0.0980667 0.0983333 0.558733 0.949751
  3.16667 738.411 0.0996032 0.100503 0.557116 0.944294
  3.18056 728.927 0.100686 0.103392 0.555078 0.926417
  3.19444 724.503 0.101667 0.105 0.553333 0.953938
  3.19972 724.503 0.101364 0.106667 0.552576 0.966665
  3.20833 726.645 0.099557 0.106603 0.550105 0.949212
  3.22222 725.151 0.0982796 0.107473 0.547366 0.949349
  3.23611 725.828 0.0980435 0.109348 0.544855 0.941169
  3.25 725.388 0.095 0.112619 0.542619 0.957367
  3.26389 724.128 0.0912319 0.112536 0.540217 0.944221
  3.27778 724.232 0.0887333 0.1126 0.538333 0.957132
  3.29167 728.98 0.0863725 0.111667 0.534804 0.980688
  3.30556 725.008 0.0824129 0.11301 0.535498 0.884427
  3.31944 722.905 0.0792424 0.113333 0.535758 0.96203
  3.33333 723.101 0.0758333 0.114167 0.535417 0.925407
  3.34722 727.562 0.0737215 0.11395 0.536735 0.934891
  3.36111 735.411 0.0702174 0.116304 0.535 0.946707
  3.36639 735.411 0.0694444 0.114444 0.535 0.942963
  3.375 721.786 0.0683333 0.12 0.535 1.154
  3.38889 728.455 0.0672222 0.122222 0.535 0.973067
  3.40278 722.851 0.0654762 0.122619 0.535119 0.952707
  3.41667 728.129 0.0664981 0.125712 0.537809 0.950682
  3.43056 726.015 0.066886 0.126535 0.539737 0.946228
  3.44444 719.963 0.0669643 0.125952 0.543631 0.891932
  3.45833 719.241 0.0667094 0.124573 0.545043 0.902682
  3.47222 727.259 0.0663939 0.124394 0.548455 0.943663
  3.48611 718.98 0.0665873 0.123254 0.549921 0.943552
  3.5 722.185 0.0664493 0.121667 0.552536 0.956884
  3.51389 720.528 0.0662121 0.12197 0.555909 0.976406
  3.52778 722.174 0.0640476 0.12119 0.559286 0.965539
  3.53306 722.174 0.0638889 0.121389 0.560278 0.942469
  3.54167 729.573 0.0638506 0.120632 0.562356 0.925031
  3.55556 728.495 0.0614257 0.120422 0.566606 0.893239
  3.56944 739.918 0.0601948 0.116645 0.569502 0.931457
  3.58333 723.255 0.0566667 0.118333 0.573333 0.928554
  3.59722 725.17 0.0552381 0.117024 0.576071 0.937384
  3.61111 728.429 0.0536076 0.116688 0.578376 0.922584
  3.625 721.128 0.0509722 0.116944 0.583056 0.910217
  3.63889 721.191 0.047723 0.116878 0.587019 0.97117
  3.65278 721.996 0.0466667 0.116667 0.591667 0.98955
  3.66667 721.526 0.0451626 0.115894 0.59626 0.915209
  3.68056 726.922 0.0430702 0.115351 0.601667 0.929932
  3.69444 732.953 0.0415333 0.113667 0.605 0.929725
  3.69972 732.953 0.0411905 0.114048 0.606905 0.995397
  3.70833 747.837 0.0408685 0.11331 0.607535 0.934479
  End: C 3.71417
Bub 23478 0.00514185
  Start: S 3.24 23445
  3.25 654.777 0.0476287 0.107249 0.695894 0.894436
  3.26389 643.455 0.0486333 0.105367 0.697367 0.93262
  3.27778 647.207 0.0458333 0.10375 0.697292 0.932095
  3.29167 648.553 0.0444404 0.103078 0.697409 0.932211
  3.30556 648.654 0.0430655 0.100655 0.698155 0.883201
  3.31944 650.466 0.0410976 0.100474 0.69893 0.901671
  3.33333 648.824 0.0372716 0.100531 0.699099 0.917268
  3.34722 647.67 0.0355263 0.0999123 0.699649 0.906364
  3.36111 644.808 0.0319298 0.0986842 0.701754 0.922548
  3.36639 644.808 0.0306566 0.0985354 0.702273 0.926469
  3.375 649.54 0.0294208 0.0992317 0.701785 0.922675
  3.38889 648.265 0.0284272 0.0960798 0.703451 0.894619
  3.40278 655.788 0.0279067 0.0957467 0.70436 0.911932
  3.41667 657.547 0.0271628 0.0938804 0.704033 0.928452
  3.43056 653.042 0.0259756 0.0959756 0.703699 0.897898
  3.44444 646.288 0.0254167 0.0979167 0.703542 0.916972
  3.45833 644.642 0.0252525 0.0963131 0.702146 0.930301
  3.47222 644.264 0.0252727 0.0978485 0.700909 0.921009
  3.48611 647.136 0.0247436 0.0982821 0.699795 0.901582
  3.5 647.965 0.0236869 0.0995455 0.697828 0.911194
  3.51389 653.778 0.0222414 0.100259 0.697098 0.916837
  3.52778 654.932 0.0205647 0.100344 0.696295 0.909678
  3.53306 654.932 0.0197778 0.100917 0.694111 0.913964
  3.54167 644.18 0.0160777 0.102444 0.692544 0.908024
  3.55556 649.109 0.0146183 0.101997 0.691183 0.906451
  3.56944 653.895 0.0128526 0.103013 0.688686 0.948177
  3.58333 647.723 0.013141 0.103269 0.688173 0.86906
  3.59722 646.968 0.0138542 0.107222 0.685104 0.895525
  3.61111 643.462 0.0156607 0.107072 0.684279 0.911566
  3.625 648.438 0.0160582 0.107011 0.682937 0.917363
  3.63889 643.598 0.0181579 0.106088 0.681912 0.90658
  3.65278 648.477 0.0181339 0.106254 0.680556 0.920265
  3.66667 650.285 0.021443 0.107438 0.682047 0.907594
  3.68056 649.808 0.0237597 0.108902 0.681589 0.895594
  3.69444 650.143 0.0252941 0.109853 0.682451 0.922041
  3.69972 650.143 0.0250714 0.109976 0.682976 0.880397
  3.70833 647.727 0.026761 0.110189 0.683994 0.943735
  3.72222 648.405 0.0284259 0.113796 0.683889 0.911172
  3.73611 652.212 0.0275439 0.114123 0.684123 0.914138
  3.75 663.07 0.0280914 0.115726 0.684409 0.917395
  3.76389 663.641 0.0291542 0.117239 0.6849 0.89382
  End: M 3.77694 28669
Bub 23890 0.00452806
  Start: M 3.29694 23847
  3.30556 739.077 0.205833 0.13869 0.580595 0.96806
  3.31944 736.465 0.204819 0.144058 0.590399 0.92781
  3.33333 737.508 0.202985 0.148407 0.599945 0.924996
  3.34722 734.808 0.202171 0.14907 0.608837 1.00703
  3.36111 757.427 0.198992 0.15072 0.618909 0.930471
  3.36639 757.427 0.198674 0.151477 0.622614 0.93397
  3.375 758.364 0.194898 0.150714 0.627653 0.925118
  3.38889 732.223 0.191146 0.149375 0.638333 0.958595
  3.40278 740.889 0.191667 0.148333 0.645 0.914291
  3.41667 730.879 0.194583 0.141181 0.655208 0.888609
  3.43056 734.275 0.199773 0.141402 0.662424 0.923187
  3.44444 734.668 0.203571 0.1425 0.668095 0.914564
  3.45833 735.298 0.203903 0.142511 0.67116 0.923711
  3.47222 736.429 0.20523 0.142203 0.675843 0.931957
  3.48611 733.386 0.20569 0.140057 0.681437 0.916148
  3.5 733.594 0.205259 0.137444 0.68537 0.890045
  3.51389 741.29 0.206828 0.134785 0.688763 0.91056
  3.52778 729.61 0.211495 0.132354 0.694691 0.919193
  3.53306 729.61 0.212381 0.131786 0.69619 0.902947
  3.54167 733.08 0.213168 0.130165 0.698846 0.895566
  3.55556 731.492 0.214837 0.127683 0.703211 0.914488
  3.56944 736.274 0.216605 0.125988 0.706481 0.921057
  3.58333 734.494 0.216985 0.124139 0.709869 0.887399
  3.59722 735.033 0.219306 0.121528 0.713229 0.910832
  3.61111 738.414 0.219089 0.118883 0.715687 0.891872
  3.625 737.068 0.219779 0.116727 0.720181 0.900632
  3.63889 736.844 0.223025 0.115988 0.722901 0.927602
  3.65278 741.744 0.225 0.113646 0.726771 0.897453
  3.66667 738.916 0.227262 0.113214 0.730476 0.915523
  3.68056 737.315 0.2298 0.1102 0.7342 0.916087
  3.69444 741.124 0.233046 0.109713 0.737184 0.900034
  3.69972 741.124 0.234355 0.109839 0.737688 0.909716
  3.70833 747.08 0.23473 0.108333 0.739054 0.876561
  3.72222 754.824 0.239095 0.107381 0.743 0.90755
  3.73611 757.696 0.242624 0.106617 0.745594 0.88721
  3.75 761.845 0.245104 0.103958 0.747708 0.909177
  End: M 3.75556 28487
Bub 24150 0.00585925
  Start: M 3.33278 22281 22729
  3.33333 607.198 0.309304 0.074304 0.695275 0.897083
  3.34722 607.035 0.307868 0.0716853 0.697812 0.916265
  3.36111 596.589 0.306861 0.0711591 0.700871 0.889885
  3.36639 596.589 0.306623 0.0685965 0.702105 0.878504
  3.375 572.299 0.307381 0.0655556 0.703552 0.916158
  3.38889 572.131 0.307512 0.0643897 0.705469 0.917591
  3.40278 569.322 0.308753 0.0648952 0.707348 0.881715
  3.41667 569.76 0.308535 0.060798 0.706636 0.920557
  3.43056 568.526 0.309568 0.0589506 0.706214 0.913596
  3.44444 566.836 0.310749 0.0579227 0.706014 0.929845
  3.45833 571.184 0.30992 0.0561034 0.70346 0.911296
  3.47222 578.475 0.311386 0.0546185 0.70261 0.915799
  3.48611 575.792 0.312107 0.0522956 0.698501 0.909593
  3.5 583.612 0.312267 0.0506667 0.6972 0.90489
  3.51389 580.57 0.312692 0.0488695 0.692832 0.916996
  3.52778 585.559 0.31374 0.0484146 0.690569 0.907793
  3.53306 585.559 0.312664 0.0485514 0.686931 0.930262
  3.54167 572.846 0.312249 0.0473494 0.684096 0.900168
  3.55556 569.882 0.310638 0.0463423 0.680861 0.925307
  3.56944 570.357 0.311156 0.0461778 0.676956 0.921373
  3.58333 568.238 0.310031 0.0448364 0.673896 0.906996
  3.59722 567.529 0.310297 0.0438813 0.670297 0.927468
  3.61111 568.529 0.310118 0.0434314 0.667784 0.89873
  3.625 570.355 0.30908 0.0439655 0.664751 0.910989
  3.63889 574.719 0.307454 0.0449306 0.658403 0.917781
  3.65278 573.742 0.307443 0.0447945 0.655274 0.935585
  3.66667 577.068 0.305095 0.0442435 0.650296 0.927078
  3.68056 585.873 0.303814 0.0445302 0.646745 0.925318
  3.69444 585.965 0.301421 0.0440389 0.642423 0.917234
  3.69972 585.965 0.300122 0.0442188 0.640295 0.844911
  3.70833 577.219 0.297174 0.0448137 0.638561 0.911695
  3.72222 582.091 0.293521 0.0440287 0.635971 0.917027
  3.73611 575.233 0.29032 0.0431735 0.633607 0.909876
  3.75 572.62 0.28855 0.0424414 0.632586 0.903111
  3.76389 582.766 0.285765 0.0402549 0.630431 0.92658
  3.77778 594.964 0.285808 0.0397475 0.628939 0.916039
  3.79167 584.166 0.283654 0.0392857 0.630673 0.929895
  3.80556 584.592 0.283547 0.0397672 0.631592 0.94325
  End: M 3.81611 29136
Bub 24162 0.0199379
  Start: N 3.33361
  3.34722 176.249 0.20043 0.20775 0.141245 1
  3.36111 176.249 0.20043 0.20775 0.141245 1
  3.36639 176.249 0.20043 0.20775 0.141245 1
  3.375 176.249 0.20043 0.20775 0.141245 1
  3.38889 176.249 0.20043 0.20775 0.141245 1
  3.40278 176.249 0.20043 0.20775 0.141245 1
  3.41667 176.249 0.20043 0.20775 0.141245 1
  3.43056 176.249 0.20043 0.20775 0.141245 1
  3.44444 176.249 0.20043 0.20775 0.141245 1
  3.45833 176.249 0.20043 0.20775 0.141245 1
  3.47222 176.159 0.200429 0.20777 0.141253 1
  3.48611 170.066 0.200179 0.207146 0.146685 1.03005
  3.5 169.063 0.2005 0.205607 0.152684 1.02785
  3.51389 168.784 0.201018 0.204091 0.160249 1.02536
  3.52778 168.507 0.20091 0.202945 0.168743 1.01671
  3.53306 168.507 0.201219 0.20255 0.171971 1.02084
  3.54167 169.283 0.201315 0.201777 0.177066 1.02287
  3.55556 170.015 0.20157 0.200996 0.185571 1.02039
  3.56944 170.762 0.201682 0.200586 0.194154 1.01597
  3.58333 171.037 0.201816 0.200112 0.2035 1.01373
  3.59722 172.905 0.201545 0.200009 0.212581 1.00865
  3.61111 171.822 0.201337 0.20005 0.222238 1.00526
  3.625 172.582 0.200902 0.200255 0.232185 0.997578
  3.63889 173.906 0.200396 0.20125 0.241447 0.995798
  3.65278 174.524 0.199976 0.202378 0.249922 0.994939
  3.66667 175.604 0.199504 0.203801 0.259436 0.989578
  3.68056 178.33 0.199076 0.204378 0.268191 0.988829
  3.69444 178.725 0.198496 0.204959 0.276787 0.984225
  3.69972 178.725 0.198241 0.20465 0.279644 0.980965
  3.70833 178.628 0.198536 0.204864 0.284912 0.989792
  3.72222 180.458 0.197468 0.205476 0.29305 0.985357
  End: M 3.72861 28219
Bub 24738 0.0052776
  Start: M 3.39222 24694
  3.40278 632.097 0.107231 0.0549749 0.674825 0.985857
  3.41667 628.076 0.104384 0.0561644 0.673379 0.915661
  3.43056 630.715 0.102724 0.057439 0.672724 0.913332
  3.44444 638.051 0.100878 0.0583108 0.671802 0.935926
  3.45833 639.606 0.0995721 0.0588739 0.671667 0.91755
  3.47222 640.651 0.0987094 0.058453 0.671308 0.854771
  3.48611 629.739 0.0988528 0.0592857 0.671818 0.914463
  3.5 633.774 0.0996591 0.0579735 0.671193 0.909188
  3.51389 631.675 0.099661 0.059774 0.671469 0.909616
  3.52778 637.063 0.100638 0.060302 0.67189 0.901421
  3.53306 637.063 0.101087 0.0607764 0.672019 0.92142
  3.54167 637.816 0.10066 0.0609284 0.671868 0.903529
  3.55556 636.357 0.101107 0.06244 0.672067 0.916617
  3.56944 634.539 0.10097 0.0624129 0.67296 0.87866
  3.58333 635.88 0.100593 0.0629379 0.672062 0.923744
  3.59722 642.756 0.10138 0.0629691 0.672483 0.912825
  3.61111 644.995 0.0993056 0.0629861 0.672917 0.922857
  3.625 639.099 0.0994848 0.0628788 0.673545 0.923824
  3.63889 638.782 0.0992342 0.0636937 0.674234 0.918046
  3.65278 636.198 0.0974385 0.0625391 0.676477 0.925655
  3.66667 639.455 0.0971795 0.0648462 0.677564 0.919297
  3.68056 636.585 0.0974678 0.0645396 0.677928 0.908623
  3.69444 657.483 0.0974277 0.0638247 0.679798 0.925099
  3.69972 657.483 0.0981579 0.0645175 0.680921 0.938972
  3.70833 630.552 0.0971536 0.0675281 0.684195 0.903381
  End: M 3.70861 28031
Bub 24975 0.00310175
  Start: N 3.41167
  3.41667 1064.77 0.255 0.131667 0.698333 0.925158
  3.43056 1070.28 0.258333 0.13 0.701667 1.31822
  3.44444 1072.16 0.263667 0.127 0.705 0.918634
  3.45833 1070.27 0.266667 0.126667 0.708333 0.926749
  3.47222 1067.99 0.27 0.127222 0.712778 0.862273
  3.48611 1070.61 0.273333 0.128333 0.716667 0.924171
  3.5 1071.09 0.27875 0.128333 0.719583 0.902989
  3.51389 1069.49 0.283095 0.128333 0.722619 0.922391
  3.52778 1071.99 0.287045 0.127121 0.725076 0.89872
  3.53306 1071.99 0.288137 0.128333 0.726373 0.886991
  3.54167 1069.64 0.290294 0.127157 0.726373 0.902632
  3.55556 1072.75 0.295513 0.126897 0.726897 0.887484
  3.56944 1067.56 0.300714 0.126905 0.726964 0.888624
  3.58333 1067.73 0.306131 0.127024 0.726429 0.883079
  3.59722 1071.12 0.31007 0.126737 0.72838 0.910793
  3.61111 1067.57 0.313947 0.12693 0.72693 0.911206
  3.625 1069.21 0.317121 0.128333 0.727045 0.963129
  3.63889 1070.91 0.320797 0.128333 0.726884 0.914056
  3.65278 1066.65 0.326053 0.12693 0.726404 0.890294
  3.66667 1075.37 0.33 0.128333 0.725 0.900942
  3.68056 1094.94 0.332619 0.127381 0.725 0.910862
  3.69444 1083.39 0.333918 0.125476 0.723658 0.884843
  3.69972 1083.39 0.336806 0.126944 0.722639 0.929853
  3.70833 1069.75 0.336333 0.123667 0.721667 0.961338
  3.72222 1077.18 0.339643 0.123333 0.719762 0.84389
  3.73611 1067.28 0.340333 0.12 0.717 0.91359
  3.75 1066.84 0.342778 0.116667 0.716111 0.930221
  3.76389 1077.58 0.343333 0.115 0.715 0.947978
  3.77778 1075 0.343889 0.11373 0.714841 0.906157
  3.79167 1077.68 0.344461 0.1125 0.715686 0.904488
  3.80556 1071.45 0.346823 0.109896 0.715104 0.901358
  3.81944 1068.49 0.346667 0.109667 0.716889 0.803562
  3.83333 1067.7 0.349737 0.106053 0.71693 0.900876
  3.84722 1084.6 0.348333 0.105 0.718333 1.08985
  End: C 3.85056
Bub 25223 0.00458134
  Start: M 3.43194 25203 25204
  3.44444 726.81 0.0587931 0.273391 0.73592 0.934416
  3.45833 725.984 0.0580894 0.274553 0.735081 0.91539
  3.47222 725.169 0.0566471 0.278137 0.73798 0.914571
  3.48611 727.611 0.0565152 0.281667 0.737424 0.861319
  3.5 739.494 0.0536742 0.283447 0.738144 0.909163
  3.51389 730.914 0.0535654 0.286941 0.736435 0.892276
  3.52778 732.135 0.0540278 0.289444 0.733611 0.960621
  3.53306 732.135 0.0537654 0.290309 0.734877 0.894257
  3.54167 735.166 0.0537115 0.292283 0.7357 0.884429
  3.55556 730.404 0.055 0.295 0.731667 0.847953
  3.56944 734.081 0.055 0.29509 0.728378 0.915821
  3.58333 738.587 0.055 0.297564 0.729231 0.904511
  3.59722 740.703 0.0541026 0.298333 0.732564 0.864367
  3.61111 750.053 0.0541954 0.299713 0.732471 0.838201
  3.625 730.61 0.053642 0.295494 0.730432 0.895574
  3.63889 730.155 0.0539297 0.300535 0.730719 0.934423
  3.65278 748.946 0.0525 0.3025 0.731667 0.886783
  3.66667 736.166 0.0497407 0.304963 0.732667 0.91532
  3.68056 730.815 0.0484667 0.306533 0.732733 0.953651
  3.69444 733.635 0.0456024 0.309337 0.732108 0.890706
  3.69972 733.635 0.0447333 0.309267 0.731667 0.913408
  3.70833 737.22 0.0424532 0.311142 0.732041 0.911098
  End: M 3.70917 28032
Bub 25354 0.00593345
  Start: S 3.44278 24803 24826 25018 25198 25199
  3.44444 567.252 0.073448 0.0260935 0.616746 0.916484
  3.45833 574.963 0.0749832 0.0263468 0.613131 0.930699
  3.47222 576.383 0.0768297 0.0259964 0.609239 0.928348
  3.48611 589.393 0.0775098 0.0259216 0.607765 0.92171
  3.5 576.644 0.0797619 0.0261538 0.602473 0.941846
  3.51389 570.223 0.0824718 0.0250644 0.599525 0.910381
  3.52778 589.156 0.0842614 0.0240152 0.595814 0.924292
  3.53306 589.156 0.084204 0.0239055 0.594104 0.946853
  3.54167 579.803 0.0857805 0.024187 0.593195 0.933455
  3.55556 570.528 0.0873509 0.0240175 0.591035 0.938957
  3.56944 562.129 0.0880426 0.0228682 0.590504 0.93659
  3.58333 560.111 0.0861892 0.0244234 0.589919 0.919251
  3.59722 562.155 0.0861111 0.0239706 0.587206 0.934932
  3.61111 562.71 0.0863696 0.0242409 0.584307 0.931742
  3.625 565.594 0.0875926 0.0241667 0.581741 0.936014
  3.63889 565.835 0.0868729 0.0243127 0.578454 0.938261
  3.65278 567.359 0.0862891 0.025221 0.575829 0.943692
  3.66667 567.58 0.0862933 0.0256557 0.572395 0.93159
  3.68056 568.335 0.0863874 0.0254865 0.569234 0.938507
  3.69444 565.66 0.0847992 0.0259438 0.566265 0.947921
  3.69972 565.66 0.0850366 0.0272344 0.564487 0.935598
  3.70833 569.408 0.085719 0.0273039 0.561879 0.94867
  3.72222 573.395 0.0860018 0.0282787 0.557878 0.943928
  3.73611 571.313 0.0861987 0.0296962 0.553243 0.92826
  3.75 569.701 0.0851676 0.0304562 0.549395 0.943027
  3.76389 567.192 0.0843704 0.0324815 0.545648 0.938243
  3.77778 567.609 0.0844247 0.0333926 0.541616 0.929625
  3.79167 562.024 0.0839431 0.0323821 0.540772 0.906752
  3.80556 570.647 0.0824176 0.0325458 0.537711 0.946824
  3.81944 573.053 0.0831833 0.0333728 0.536943 0.930792
  3.83333 578.14 0.0835185 0.0327273 0.535017 0.943728
  3.84722 583.167 0.0844048 0.0327721 0.532602 0.943427
  End: S 3.84972 29796 29795
Bub 25409 0.00367754
  Start: S 3.44917 25366
  3.45833 901.332 0.340333 0.365 0.586333 0.916388
  3.47222 906.268 0.338333 0.365 0.580556 0.959883
  3.48611 899.208 0.337201 0.366006 0.576069 0.954816
  3.5 909.002 0.33631 0.365 0.57125 0.909527
  3.51389 903.019 0.333333 0.365 0.566667 0.932
  3.52778 915.257 0.331667 0.365 0.565 0.950952
  3.53306 915.257 0.330556 0.365 0.561667 0.9333
  3.54167 900.399 0.329969 0.366006 0.559403 0.920902
  3.55556 910.894 0.328333 0.366111 0.557778 0.942463
  3.56944 902.346 0.326333 0.365 0.553 0.990271
  3.58333 904.371 0.325 0.363333 0.553333 0.943195
  3.59722 902.141 0.323611 0.364444 0.550139 0.936445
  3.61111 911.321 0.321667 0.36307 0.548684 0.928885
  3.625 903.82 0.318262 0.363298 0.549894 0.985255
  3.63889 900.028 0.316921 0.363305 0.546977 0.934462
  3.65278 905.2 0.315 0.363 0.547 0.941405
  3.66667 899.99 0.313889 0.362778 0.547222 0.942534
  3.68056 914.823 0.311667 0.361667 0.548333 0.944716
  3.69444 904.229 0.310714 0.36119 0.547381 0.939343
  3.69972 904.229 0.31 0.361282 0.548333 0.857196
  3.70833 901.969 0.31049 0.360294 0.546961 0.93034
  3.72222 903.156 0.308333 0.360333 0.546333 0.947748
  3.73611 899.982 0.307222 0.360556 0.546111 0.945137
  3.75 902.3 0.307051 0.360077 0.544949 0.940582
  3.76389 904.793 0.306784 0.360352 0.544953 0.839949
  3.77778 904.116 0.305 0.36 0.546667 0.933465
  End: C 3.78528
Bub 25547 0.00397903
  Start: N 3.46111
  3.47222 830.664 0.10307 0.387281 0.753596 0.868903
  3.48611 831.216 0.0997368 0.387281 0.753596 0.907974
  3.5 838.592 0.0972222 0.388333 0.751667 0.904359
  3.51389 844.265 0.0961565 0.388265 0.748129 0.901669
  3.52778 839.359 0.0938889 0.388333 0.748333 0.913301
  3.53306 839.359 0.0938333 0.387333 0.744667 0.907832
  3.54167 843.161 0.0917296 0.387201 0.744308 0.911942
  3.55556 842.48 0.0916667 0.38693 0.741316 0.907565
  3.56944 839.147 0.0905556 0.385 0.738333 0.894557
  3.58333 833.188 0.0916667 0.383 0.733 0.907582
  3.59722 832.377 0.092619 0.381667 0.729286 0.947096
  3.61111 835.337 0.0916667 0.38 0.721667 0.912952
  3.625 847.185 0.0916667 0.378333 0.718333 0.922527
  3.63889 846.022 0.0916667 0.378333 0.715 0.911614
  3.65278 841.921 0.0927778 0.377778 0.708333 0.974035
  3.66667 834.993 0.093 0.376333 0.705 0.933311
  3.68056 838.492 0.0916667 0.375 0.700556 0.911551
  3.69444 835.116 0.0933333 0.373333 0.695 0.96033
  3.69972 835.116 0.0925641 0.373333 0.693718 0.903579
  3.70833 841.86 0.0930392 0.371471 0.691667 0.91062
  3.72222 831.258 0.0935965 0.370263 0.687281 0.898611
  3.73611 835.178 0.0933333 0.371667 0.683333 0.958718
  3.75 835.667 0.0933333 0.371667 0.68 0.923609
  3.76389 835.763 0.0936667 0.371667 0.677 0.901102
  3.77778 831.354 0.0969298 0.370614 0.673596 0.896644
  3.79167 834.458 0.0966667 0.37 0.671667 0.895222
  3.80556 833.926 0.0967647 0.370196 0.667941 0.875775
  End: M 3.81417 29124
Bub 25702 0.00443638
  Start: S 3.47778 25633
  3.48611 747.377 0.12327 0.15673 0.635084 0.899915
  3.5 747.076 0.11681 0.155524 0.640333 0.947044
  3.51389 749.379 0.114176 0.152266 0.644963 1.00132
  3.52778 746.791 0.110179 0.153869 0.649821 0.912782
  3.53306 746.791 0.108333 0.153333 0.65 1.10719
  3.54167 746.02 0.107281 0.153596 0.65307 0.912851
  3.55556 748.237 0.105532 0.154858 0.655922 0.885241
  3.56944 748.218 0.105722 0.155619 0.661392 0.951415
  3.58333 750.481 0.105367 0.1568 0.665267 0.910072
  3.59722 756.551 0.10503 0.158455 0.669 0.930412
  3.61111 750.442 0.103143 0.162048 0.670524 0.840119
  3.625 749.602 0.102536 0.165435 0.673551 0.920266
  3.63889 753.865 0.102958 0.16775 0.677167 0.883703
  3.65278 755.571 0.104414 0.170788 0.681044 0.887085
  3.66667 752.372 0.104916 0.172089 0.683903 0.934524
  3.68056 750.517 0.105417 0.174917 0.687167 0.965834
  3.69444 748.935 0.10447 0.174924 0.692879 0.954706
  3.69972 748.935 0.103778 0.174778 0.695667 0.880922
  3.70833 752.951 0.103576 0.174935 0.699369 1.02737
  3.72222 755.183 0.105 0.176667 0.705 0.969182
  3.73611 758.189 0.109474 0.177982 0.708684 0.847938
  3.75 763.245 0.111133 0.178467 0.710867 0.898339
  3.76389 769.736 0.112667 0.178852 0.714185 0.897785
  3.77778 774.178 0.115385 0.179103 0.717436 0.902278
  End: M 3.77889 28733
Bub 26038 0.00473416
  Start: N 3.51278
  3.51389 698.118 0.302292 0.0916667 0.674167 0.89783
  3.52778 704.505 0.3 0.0919504 0.677199 0.858063
  3.53306 704.505 0.297982 0.0930702 0.678333 0.935314
  3.54167 706.205 0.297982 0.0930702 0.681667 0.994156
  3.55556 717.445 0.296971 0.0927061 0.683602 0.914383
  3.56944 710.519 0.296795 0.0910256 0.687564 0.90943
  3.58333 702.271 0.297843 0.0895588 0.69 0.901828
  3.59722 707.438 0.296584 0.0898185 0.69269 0.907055
  3.61111 715.804 0.296389 0.0911111 0.695 0.916733
  3.625 714.113 0.297111 0.0895926 0.697444 0.898217
  3.63889 709.577 0.296841 0.0903016 0.699857 0.831779
  3.65278 701.612 0.29781 0.0898571 0.703143 0.910843
  3.66667 711.884 0.297692 0.0901282 0.706154 0.911399
  3.68056 703.44 0.295909 0.0915152 0.709545 0.915984
  3.69444 713.955 0.295 0.0939394 0.712879 0.912461
  3.69972 713.955 0.296111 0.0955556 0.715 1.12853
  3.70833 706.182 0.296538 0.0974359 0.716282 0.907783
  3.72222 703.211 0.298175 0.100397 0.720556 0.804402
  3.73611 713.01 0.300152 0.10303 0.722879 0.884731
  3.75 697.349 0.295 0.101667 0.728333 1.50779
  3.76389 700.765 0.298411 0.101395 0.730233 0.878519
  3.77778 701.941 0.303063 0.101577 0.733604 0.940611
  3.79167 706.588 0.307292 0.0992917 0.736292 0.902161
  3.80556 700.406 0.313638 0.0945775 0.738005 0.905188
  3.81944 705.89 0.32 0.0916667 0.738333 1.01383
  End: C 3.83
Bub 26056 0.00430127
  Start: N 3.51417
  3.52778 770.876 0.0143056 0.186944 0.706528 1.04667
  3.53306 770.876 0.0132258 0.186667 0.706774 0.913487
  3.54167 770.971 0.013227 0.185 0.70656 0.934413
  3.55556 772.902 0.0149099 0.183604 0.703604 0.924149
  3.56944 771.473 0.015 0.183333 0.7 0.87454
  3.58333 772.492 0.0146 0.183933 0.698467 0.927741
  3.59722 776.324 0.0153509 0.1825 0.696096 0.897528
  3.61111 774.305 0.0130208 0.182604 0.696354 0.928495
  3.625 772.441 0.0161667 0.185167 0.6935 0.947798
  3.63889 771.672 0.016381 0.185476 0.693048 0.923429
  3.65278 778.791 0.0169831 0.183186 0.68981 0.89581
  3.66667 777.232 0.0175 0.185417 0.68875 0.942182
  3.68056 775.086 0.02 0.184804 0.686961 0.913177
  3.69444 773.497 0.0204545 0.184242 0.684091 0.912317
  3.69972 773.497 0.0223333 0.184958 0.683583 0.918257
  3.70833 779.569 0.0233333 0.185 0.681667 0.941857
  3.72222 770.728 0.025 0.183333 0.677222 0.91162
  3.73611 776.854 0.025 0.181667 0.671667 0.940223
  3.75 768.545 0.0234127 0.183254 0.666746 0.903545
  3.76389 768.723 0.0233333 0.183333 0.663333 0.895142
  3.77778 771.198 0.0220175 0.183333 0.659737 0.888613
  3.79167 768.222 0.0203333 0.183333 0.656333 0.956319
  3.80556 776.85 0.0216667 0.184444 0.656111 0.912077
  3.81944 772.878 0.0202113 0.184812 0.65284 0.912462
  End: C 3.82722
Bub 26132 0.00507125
  Start: M 3.52 24286
  3.52778 655.355 0.13935 0.0317514 0.468249 0.897407
  3.53306 655.355 0.139673 0.031756 0.468601 0.969354
  3.54167 657.993 0.140089 0.0311607 0.466131 0.99562
  3.55556 664.791 0.14043 0.0329725 0.468918 0.958187
  3.56944 657.556 0.141 0.0354848 0.468061 0.954448
  3.58333 655.354 0.142285 0.035378 0.46823 0.953989
  3.59722 656.559 0.144373 0.0340429 0.468993 0.955583
  3.61111 660.258 0.145417 0.0352206 0.469534 0.918223
  3.625 664.511 0.146935 0.0339286 0.470804 1.02008
  3.63889 663.663 0.149118 0.0341176 0.474608 0.959602
  3.65278 659.894 0.149579 0.0340966 0.475966 0.954015
  3.66667 660.878 0.148913 0.0343478 0.477681 0.964579
  3.68056 664.384 0.148491 0.0351258 0.478522 0.951683
  3.69444 656.414 0.148153 0.0377928 0.481306 1.10914
  3.69972 656.414 0.148333 0.0388235 0.481176 0.979967
  3.70833 661.787 0.148977 0.0403409 0.483864 0.949631
  3.72222 666.304 0.149954 0.0424924 0.485398 0.960576
  3.73611 666.753 0.150695 0.0429912 0.486391 0.945888
  End: M 3.74389 28309
Bub 26211 0.0041571
  Start: N 3.52806
  3.53306 803.827 0.157974 0.0834103 0.622641 1.11469
  3.54167 803.827 0.157361 0.0822222 0.625972 0.904866
  3.55556 799.457 0.155952 0.0821429 0.629286 0.993061
  3.56944 804.878 0.15307 0.0786842 0.631667 0.920909
  3.58333 803.766 0.150135 0.0765315 0.633604 0.901922
  3.59722 803.929 0.148333 0.0746491 0.636404 0.915889
  3.61111 805.991 0.146667 0.0716667 0.638333 0.91391
  3.625 799.318 0.146667 0.07 0.641667 0.895445
  3.63889 804.135 0.145351 0.0697368 0.645 0.941137
  3.65278 799.566 0.14598 0.0668627 0.647157 0.881049
  3.66667 796.133 0.147 0.0666667 0.650333 0.847566
  3.68056 798.778 0.145 0.0666667 0.653333 0.922561
  3.69444 801.948 0.144954 0.065463 0.653241 0.899332
  3.69972 801.948 0.145167 0.0653333 0.655 0.926257
  3.70833 802.865 0.1446 0.0656667 0.656067 0.951103
  3.72222 810.552 0.145641 0.0644872 0.656282 0.90686
  3.73611 805.64 0.146689 0.0631333 0.656956 0.853828
  3.75 818.639 0.147187 0.0638021 0.657135 0.913729
  End: C 3.75778
Bub 26321 0.00341392
  Start: N 3.54556
  3.55556 973.119 0.131667 0.193333 0.575 1.16942
  3.56944 968.605 0.129576 0.190085 0.580085 0.874589
  3.58333 971.093 0.125 0.189667 0.586333 0.963761
  3.59722 973.561 0.122879 0.189091 0.590758 0.897225
  3.61111 968.967 0.120263 0.189737 0.596053 1.03666
  3.625 967.886 0.12 0.189667 0.603 0.934865
  3.63889 973.95 0.116318 0.187248 0.608488 0.944328
  3.65278 982.344 0.115 0.188333 0.611667 0.907182
  3.66667 969.311 0.113868 0.187327 0.616698 0.927897
  3.68056 970.363 0.111667 0.189286 0.619762 0.941181
  3.69444 972.165 0.109545 0.18904 0.623838 0.92686
  3.69972 972.165 0.107138 0.189528 0.623428 0.93983
  3.70833 970.568 0.106429 0.187381 0.625 0.916295
  3.72222 970.32 0.103775 0.186961 0.628676 0.92624
  End: M 3.72833 28354
Bub 26447 0.00341392
  Start: N 3.55722
  3.56944 974.352 0.04 0.045 0.745 0.842293
  3.58333 967.936 0.0416667 0.0416667 0.741667 1.059
  3.59722 971.367 0.0397059 0.0397059 0.73951 0.902097
  3.61111 973.742 0.0416667 0.0383333 0.736667 0.912312
  3.625 972.486 0.0403333 0.0363333 0.731667 0.915781
  3.63889 975.338 0.0431905 0.035 0.728238 0.901794
  3.65278 973.161 0.0416667 0.0333333 0.725 0.914996
  3.66667 967.378 0.0416667 0.0316667 0.721667 0.910476
  3.68056 975.864 0.0427519 0.0296512 0.718178 0.907799
  3.69444 973.266 0.0416667 0.0283333 0.713333 0.911063
  3.69972 973.266 0.0416667 0.0266667 0.711667 0.921968
  3.70833 972.663 0.0416667 0.0266667 0.708333 0.873221
  3.72222 978.537 0.0417925 0.0261321 0.705 0.87661
  3.73611 967.544 0.0416667 0.025 0.698333 0.894557
  End: C 3.74972
Bub 26746 0.00341392
  Start: N 3.58694
  3.59722 973.134 0.118333 0.0683333 0.716667 0.904945
  3.61111 972.03 0.118333 0.0683333 0.713333 0.901518
  3.625 973.253 0.118333 0.07 0.71 0.91105
  3.63889 969.307 0.117222 0.0727778 0.707222 0.913788
  3.65278 971.028 0.116333 0.0736667 0.705 0.916817
  3.66667 970.47 0.116111 0.0766667 0.703889 0.92025
  3.68056 973.914 0.115 0.0767949 0.703205 0.7837
  3.69444 969.67 0.113596 0.0764035 0.700614 0.883203
  3.69972 969.67 0.113667 0.0783333 0.700333 1.01323
  3.70833 969.448 0.11305 0.0799057 0.699906 0.903102
  End: M 3.70861 28031
Bub 26830 0.00397903
  Start: S 3.59778 26822
  3.61111 838.177 0.318684 0.186404 0.731667 0.905141
  3.625 838.633 0.318684 0.186404 0.731667 0.911658
  3.63889 845.499 0.32 0.186667 0.731667 0.909797
  3.65278 853.584 0.32 0.185 0.731667 0.906144
  3.66667 845.588 0.320238 0.184048 0.731667 0.908002
  3.68056 846.005 0.319359 0.185513 0.730897 0.910562
  3.69444 843.511 0.319906 0.184888 0.730393 0.911229
  3.69972 843.511 0.319588 0.184749 0.730269 0.898266
  3.70833 842.369 0.319588 0.184749 0.730269 0.903919
  3.72222 855.33 0.320362 0.185145 0.731667 0.927963
  3.73611 856.578 0.322024 0.185119 0.730833 0.90424
  3.75 843.601 0.324234 0.183739 0.730405 0.913633
  3.76389 834.302 0.325758 0.183788 0.730758 0.915856
  3.77778 830.578 0.326667 0.183667 0.730333 0.897354
  3.79167 836.014 0.327933 0.184333 0.7302 0.889779
  3.80556 843.917 0.328667 0.185167 0.731667 0.899482
  3.81944 838.734 0.330444 0.185222 0.732778 0.904639
  3.83333 840.006 0.333631 0.185476 0.731667 0.881295
  3.84722 843.288 0.334242 0.187576 0.731667 0.894789
  End: C 3.85556
Bub 26998 0.00481497
  Start: S 3.61694 26938
  3.625 693.144 0.131172 0.0970132 0.671304 0.896039
  3.63889 693.586 0.13 0.0937879 0.676667 0.898695
  3.65278 685.723 0.133333 0.0933333 0.68 0.750993
  3.66667 692.807 0.131667 0.0914706 0.683627 0.914892
  3.68056 693.874 0.131667 0.0933333 0.688333 1.04141
  3.69444 693.978 0.13253 0.0929762 0.692619 1.02646
  3.69972 693.978 0.131933 0.0932667 0.696333 0.958418
  3.70833 691.594 0.132454 0.0921916 0.700328 0.801577
  3.72222 692.493 0.130686 0.0932353 0.709118 0.906128
  3.73611 689.071 0.128913 0.0938406 0.716159 0.950714
  3.75 689.286 0.13 0.0951961 0.723627 0.911476
  3.76389 690.278 0.128 0.0933333 0.729222 0.930477
  3.77778 691.393 0.125729 0.0929167 0.735104 0.907785
  3.79167 690.376 0.124264 0.0884884 0.740465 0.888215
  3.80556 693.867 0.123427 0.0841386 0.744401 0.918362
  3.81944 696.938 0.121891 0.0790824 0.747734 0.901987
  End: M 3.82389 29399
Bub 27092 0.00359392
  Start: N 3.63028
  3.63889 922.135 0.24 0.361667 0.756667 1.05463
  3.65278 922.041 0.24066 0.363931 0.756069 0.907181
  3.66667 924.092 0.241667 0.366667 0.755 1.03078
  3.68056 924.199 0.240455 0.368409 0.752955 0.902428
  3.69444 924.608 0.241667 0.37 0.751667 0.908133
  3.69972 924.608 0.241667 0.37 0.751667 0.918107
  3.70833 923.502 0.241667 0.371667 0.75 0.907475
  3.72222 925.397 0.241667 0.373333 0.748333 0.898551
  3.73611 925.248 0.243 0.373 0.745 0.879016
  3.75 924.275 0.241667 0.376333 0.743667 0.930346
  3.76389 925.595 0.243227 0.376702 0.741596 0.885829
  3.77778 933.147 0.243596 0.375351 0.738333 0.946044
  3.79167 925.861 0.243667 0.373667 0.735 0.904652
  3.80556 920.468 0.243413 0.373413 0.733413 0.865518
  3.81944 925.962 0.245 0.373333 0.731667 0.901081
  3.83333 920.762 0.246746 0.373413 0.730079 0.832682
  3.84722 919.014 0.251667 0.371667 0.731667 1.02901
  End: C 3.85833
Bub 27277 0.005705
  Start: M 3.64778 26945 27155
  3.65278 582.541 0.236131 0.21869 0.524484 0.927782
  3.66667 582.956 0.23617 0.219923 0.532329 0.940923
  3.68056 589.702 0.237702 0.221819 0.539684 0.929278
  3.69444 592.402 0.239042 0.224167 0.545854 0.980636
  3.69972 592.402 0.240459 0.225358 0.548289 0.928308
  3.70833 588.132 0.241831 0.226914 0.55177 0.907207
  3.72222 586.713 0.244101 0.230877 0.556294 0.938375
  3.73611 584.396 0.245085 0.233568 0.560577 0.971921
  3.75 585.984 0.245513 0.236261 0.564103 0.917983
  End: M 3.75611 28404
Bub 27340 0.00397903
  Start: S 3.65306 27337
  3.66667 839.878 0.248333 0.152018 0.706404 0.93379
  3.68056 841.175 0.250652 0.15471 0.708188 0.929854
  3.69444 831.254 0.252719 0.160263 0.713596 0.964215
  3.69972 831.254 0.253333 0.163333 0.715 0.966603
  End: M 3.70083 27866
Bub 27366 0.00489314
  Start: S 3.655 27038 27039
  3.66667 680.086 0.295252 0.0120126 0.655535 0.859057
  3.68056 680.086 0.295893 0.0131787 0.651392 0.877636
  3.69444 684.774 0.297899 0.0144203 0.648333 0.928449
  3.69972 684.774 0.298561 0.0150758 0.647121 0.930449
  3.70833 685.023 0.301389 0.0147222 0.645 0.923151
  3.72222 690.252 0.302126 0.0179885 0.642356 0.926845
  3.73611 690.614 0.305 0.0194118 0.639314 0.909138
  3.75 678.034 0.306986 0.0237589 0.635496 0.903016
  3.76389 681.578 0.308303 0.0265902 0.633257 0.91353
  3.77778 684.852 0.310176 0.0297059 0.629549 0.931364
  3.79167 695.109 0.312129 0.0313036 0.628564 0.925914
  3.80556 712.519 0.313533 0.0346333 0.623433 0.916172
  End: M 3.80972 29110
Bub 27370 0.00468432
  Start: M 3.655 27335
  3.66667 713.162 0.130484 0.0808065 0.744677 0.935645
  3.68056 713.227 0.131156 0.0792444 0.745467 0.852498
  3.69444 716.288 0.132278 0.0780556 0.745278 0.912
  3.69972 716.288 0.131667 0.0769565 0.745942 0.873585
  3.70833 715.611 0.132016 0.0755376 0.744086 0.849996
  3.72222 729.003 0.131364 0.0743939 0.741061 0.928152
  3.73611 711.55 0.132464 0.0728986 0.739674 0.922291
  3.75 711.683 0.133039 0.0704902 0.73902 0.904501
  3.76389 708.347 0.132188 0.0678696 0.736913 0.924868
  3.77778 711.093 0.131864 0.0670904 0.734435 0.916201
  3.79167 711.384 0.131637 0.064233 0.734676 0.899672
  3.80556 709.662 0.131469 0.0612994 0.734463 0.897056
  3.81944 718.801 0.130294 0.0582353 0.733627 0.91218
  End: M 3.82389 29399
Bub 27392 0.00397903
  Start: N 3.65667
  3.66667 832.15 0.070614 0.283596 0.746404 0.909538
  3.68056 832.636 0.0669298 0.287281 0.74307 0.881158
  3.69444 832.973 0.0627576 0.289909 0.739727 0.899092
  3.69972 832.973 0.0596667 0.293667 0.738333 0.914185
  3.70833 830.916 0.0569209 0.296412 0.736582 1.00018
  End: M 3.70917 28032
Bub 27473 0.0050279
  Start: M 3.66361 27174 27299
  3.66667 707.804 0.0137536 0.275551 0.716855 0.873896
  3.68056 671.139 0.015 0.281437 0.713046 0.937425
  3.69444 661.276 0.014835 0.283482 0.714571 0.891728
  3.69972 661.276 0.015 0.28558 0.715 0.937887
  3.70833 669.718 0.0141919 0.287727 0.716818 0.912785
  3.72222 672.132 0.0138172 0.291774 0.716828 0.915352
  3.73611 672.812 0.0129167 0.294722 0.716667 0.88736
  3.75 796.593 0.0121947 0.301634 0.716815 0.8918
  3.76389 796.593 0.0130903 0.30316 0.715278 0.852983
  3.77778 701.588 0.0135185 0.305741 0.712778 0.975892
  End: M 3.78056 28699
Bub 27560 0.00404765
  Start: S 3.6725 27494 27495
  3.68056 822.227 0.223833 0.208333 0.5695 0.932979
  3.69444 824.969 0.226429 0.208571 0.578393 0.907286
  3.69972 824.969 0.226667 0.208333 0.581667 0.946064
  3.70833 826.017 0.22693 0.207982 0.588333 0.924471
  3.72222 819.93 0.225343 0.206373 0.596667 1.05905
  3.73611 822.938 0.22537 0.20373 0.604206 0.815843
  3.75 817.939 0.22307 0.199737 0.612719 1.06823
  3.76389 817.249 0.222719 0.19693 0.619737 0.847751
  3.77778 817.265 0.22 0.193495 0.626828 0.885614
  3.79167 831.588 0.215476 0.195476 0.635 0.886751
  End: C 3.80167
Bub 27619 0.0051696
  Start: S 3.67806 27472
  3.68056 646.548 0.22388 0.171213 0.720973 0.933783
  3.69444 643.921 0.232028 0.173514 0.729618 0.893424
  3.69972 643.921 0.236731 0.175171 0.732436 0.895757
  End: M 3.70083 27866
Bub 27620 0.00859755
  Start: S 3.67806 27472
  3.68056 411.638 0.183191 0.157794 0.733696 0.908387
  3.69444 430.737 0.184725 0.15577 0.738691 0.912997
  3.69972 430.737 0.185909 0.155671 0.74239 0.914381
  3.70833 431.872 0.185303 0.155217 0.745537 0.909088
  End: M 3.70889 27960
Bub 27638 0.00390797
  Start: S 3.67972 27276 27494 27495
  3.68056 847.069 0.110556 0.153889 0.553333 0.890016
  3.69444 849.295 0.110333 0.151667 0.559667 0.928763
  3.69972 849.295 0.110167 0.1495 0.561833 0.910765
  End: C 3.70639
Bub 27660 0.00424068
  Start: S 3.6825 27643
  3.69444 784.54 0.142536 0.134565 0.693551 0.882934
  3.69972 784.54 0.141667 0.135351 0.696404 0.930145
  3.70833 784.154 0.141667 0.136667 0.701667 1.42773
  3.72222 789.838 0.141667 0.135556 0.706111 0.897362
  3.73611 783.445 0.141667 0.133333 0.711667 1.07848
  3.75 796.338 0.141049 0.133642 0.716235 0.914199
  3.76389 784.526 0.138824 0.133775 0.72 1.03604
  3.77778 780.284 0.139737 0.13307 0.723947 0.864716
  3.79167 780.719 0.136404 0.130263 0.729386 0.8656
  3.80556 788.351 0.135351 0.129737 0.735 0.879174
  3.81944 782.126 0.134733 0.129933 0.736867 0.893783
  End: M 3.82694 29401
Bub 27693 0.00367754
  Start: S 3.68694 27200 27641 27642
  3.69444 901.493 0.127 0.155 0.533 0.919235
  3.69972 901.493 0.126404 0.153947 0.53307 0.8823
  3.70833 914.414 0.126857 0.153286 0.532762 0.937273
  End: C 3.71694
Bub 27740 0.00507125
  Start: M 3.69111 27599
  3.69444 654.273 0.35548 0.139661 0.662571 0.856459
  3.69972 654.273 0.355256 0.139487 0.662949 0.914002
  3.70833 661.49 0.356717 0.138838 0.661364 0.919946
  3.72222 668.547 0.355065 0.13781 0.66098 0.916394
  3.73611 679.798 0.355813 0.137358 0.658984 0.939181
  3.75 654.1 0.351319 0.135625 0.661806 0.928886
  3.76389 655.386 0.350333 0.135485 0.662485 0.882262
  3.77778 657.48 0.349854 0.134708 0.662456 0.913461
  3.79167 661.304 0.35 0.134519 0.663269 0.922075
  3.80556 660.037 0.350161 0.132957 0.662957 0.917381
  3.81944 660.282 0.350534 0.132896 0.663479 0.917565
  3.83333 674.979 0.352018 0.132544 0.663158 0.904742
  End: M 3.8375 29619
Bub 27788 0.0042201
  Start: S 3.69556 27778 27779
  3.69972 785.68 0.201471 0.189706 0.58 0.901746
  3.70833 785.68 0.198043 0.190072 0.583551 0.922019
  3.72222 787.348 0.192667 0.1885 0.592833 1.01393
  3.73611 791.831 0.187982 0.188333 0.599737 0.919007
  3.75 790.695 0.181316 0.18693 0.608333 0.950169
  End: M 3.75222 28489
Bub 27819 0.00526435
  Start: M 3.69778 27776 27777
  3.69972 623.675 0.119848 0.377803 0.673864 0.915802
  End: M 3.70056 27865
Bub 27828 0.0059019
  Start: M 3.69861 27758
  3.69972 556.303 0.0502688 0.0836022 0.629462 0.914352
  End: S 3.7 27910 27909
Bub 27829 0.0161793
  Start: S 3.69889 27748 27778 27779
  3.69972 202.928 0.193937 0.202316 0.520986 0.93637
  End: M 3.70583 27907
Bub 27834 0.0053558
  Start: S 3.69944 27748 27778 27779
  3.69972 613.026 0.110492 0.185935 0.56512 0.945302
  End: M 3.70111 27860
Bub 27836 0.00341392
  Start: N 3.69972
  3.69972 961.722 0.175 0.0416667 0.753333 0.904551
  End: M 3.7 27920
Bub 27837 0.00310175
  Start: N 3.69972
  3.69972 1058.51 0.388333 0.195 0.755 0.904551
  End: M 3.7 27920
Bub 27838 0.0197668
  Start: S 3.69972 27748 27778 27779
  3.69972 166.099 0.151348 0.178693 0.608539 0.923129
  End: S 3.70028 27908 27860
Bub 27839 0.00563625
  Start: S 3.69972 27748 27778 27779
  3.69972 582.523 0.132881 0.216996 0.578971 0.923129
  End: M 3.70056 27908
Bub 27859 0.005251
  Start: S 3.70139 27834 27838 27839
  3.70833 663.676 0.11014 0.183244 0.567163 0.935533
  End: M 3.71306 27978
Bub 27860 0.00569365
  Start: S 3.70139 27834 27838 27839
  3.70833 634.35 0.131068 0.217016 0.583543 0.913185
  End: M 3.71472 27983
Bub 27865 0.00563625
  Start: M 3.70222 27819
  3.70833 643.97 0.120123 0.377346 0.671914 0.927113
  End: M 3.71833 28009
Bub 27866 0.00397903
  Start: S 3.70278 27340 27619
  3.70833 838.407 0.25307 0.165351 0.718333 0.873561
  3.72222 840.249 0.253596 0.172018 0.725 0.923768
  3.73611 838.103 0.254167 0.17875 0.7325 0.911248
  3.75 841.261 0.254565 0.18442 0.740217 0.896438
  3.76389 845.371 0.252754 0.190684 0.749211 0.859764
  3.77778 836.997 0.255159 0.199603 0.759444 0.860725
  3.79167 842.961 0.254474 0.203947 0.763596 0.911085
  3.80556 842.002 0.252222 0.205 0.770556 0.888218
  3.81944 839.1 0.250792 0.206694 0.774344 1.18036
  3.83333 838.283 0.253411 0.207132 0.778488 0.934265
  End: C 3.84278
Bub 27893 0.00367754
  Start: N 3.70444
  3.70833 902.444 0.0536667 0.111667 0.753 0.93698
  End: M 3.71194 27960
Bub 27902 0.00479902
  Start: S 3.70556 27838 27839
  3.70833 690.667 0.191333 0.245833 0.578767 0.941053
  3.72222 695.078 0.190263 0.248333 0.581316 0.901984
  3.73611 691.812 0.190493 0.251197 0.583263 0.985452
  3.75 688.683 0.188333 0.248333 0.588333 2.4804
  3.76389 695.652 0.188434 0.246212 0.590455 0.948577
  3.77778 695.387 0.187805 0.246254 0.595264 0.880143
  3.79167 688.909 0.186609 0.246839 0.600172 0.852298
  3.80556 693.569 0.188333 0.245142 0.609149 0.874079
  3.81944 707.597 0.186762 0.244042 0.618678 0.937149
  End: M 3.825 29385
Bub 27906 0.00383421
  Start: N 3.70583
  3.70833 865.931 0.173824 0.0402941 0.753627 0.897849
  3.72222 868.613 0.175169 0.0360734 0.753531 0.910919
  3.73611 872.756 0.175476 0.0316071 0.749762 0.892633
  3.75 870.794 0.175 0.0283333 0.746667 0.900221
  3.76389 866.698 0.176667 0.0283333 0.746667 0.880044
  3.77778 865.675 0.18 0.0283333 0.746667 1.1098
  End: M 3.77917 28755
Bub 27907 0.0161821
  Start: M 3.70611 27829
  3.70833 243.192 0.195416 0.202879 0.526382 0.928581
  End: S 3.71472 28404 28301
Bub 27908 0.0195272
  Start: M 3.70639 27838 27839
  3.70833 185.444 0.149383 0.174678 0.616455 0.927092
  End: S 3.70889 28048 27923
Bub 27909 0.00388369
  Start: S 3.70667 27828
  3.70833 850.398 0.046195 0.0771384 0.617138 0.931906
  3.72222 855.43 0.0483333 0.0766667 0.618333 0.955967
  3.73611 855.24 0.0497887 0.0743897 0.616878 0.898016
  3.75 858.981 0.0516667 0.0716667 0.616111 0.95277
  End: M 3.75667 28474
Bub 27910 0.0050855
  Start: S 3.70667 27828
  3.70833 663.082 0.0536555 0.0851681 0.633627 0.937301
  3.72222 665.982 0.0557329 0.0866312 0.633511 0.928992
  3.73611 663.834 0.0575822 0.0885211 0.633685 0.919249
  3.75 664.829 0.0585572 0.0892289 0.633234 0.916646
  End: M 3.75667 28474
Bub 27914 0.00419931
  Start: N 3.70694
  3.70833 787.758 0.109776 0.147239 0.565398 0.714911
  3.72222 789.18 0.110436 0.147923 0.57259 0.836205
  3.73611 787.614 0.110287 0.146839 0.57977 0.943211
  End: M 3.74667 28359
Bub 27920 0.00522415
  Start: N 3.70833
  3.70833 640.348 0.239755 0.178411 0.739031 0.903781
  End: M 3.71333 27960
Bub 27923 0.0048308
  Start: S 3.70889 27908
  3.72222 686.562 0.171013 0.18268 0.587647 0.880423
  3.73611 694.442 0.163217 0.182519 0.595271 0.979411
  3.75 694.704 0.158137 0.181863 0.603725 0.915736
  End: M 3.75222 28489
Bub 27949 0.00390797
  Start: N 3.7125
  3.72222 846.62 0.0472222 0.11 0.750556 0.873123
  End: C 3.72306
Bub 27960 0.00539405
  Start: N 3.71361
  3.72222 618.25 0.243967 0.18716 0.749671 0.881891
  3.73611 617.052 0.246389 0.188654 0.759872 0.891809
  3.75 616.074 0.249286 0.187633 0.768641 0.892414
  3.76389 631.07 0.248137 0.187636 0.777527 0.893181
  End: M 3.77611 28658
Bub 27978 0.0055539
  Start: M 3.71472 27859
  3.72222 625.843 0.109065 0.180505 0.57029 0.906606
  3.73611 617.825 0.107008 0.175663 0.575 0.939327
  End: M 3.74667 28359
Bub 27979 0.00461618
  Start: N 3.71472
  3.72222 719.652 0.0408427 0.113165 0.612004 0.851248
  3.73611 716.367 0.0365873 0.106587 0.61664 0.89176
  3.75 723.661 0.034697 0.101667 0.618485 0.962035
  3.76389 721.094 0.0337302 0.0961111 0.621508 0.927118
  3.77778 724.362 0.0335648 0.0922222 0.623519 0.882909
  3.79167 718.751 0.0352469 0.0873457 0.625 0.89304
  3.80556 723.215 0.0366667 0.0832083 0.627167 0.92443
  3.81944 717.902 0.0380882 0.0798039 0.627255 0.903869
  End: M 3.825 29393
Bub 27983 0.00563625
  Start: M 3.715 27860
  3.72222 631.672 0.125926 0.215556 0.588333 0.943441
  End: M 3.72639 28187
Bub 28009 0.0050424
  Start: M 3.71861 27865
  3.72222 658.805 0.118649 0.374368 0.673218 1.08326
  3.73611 658.168 0.121126 0.375541 0.671126 0.928491
  3.75 658.765 0.121923 0.377718 0.670026 0.910677
  3.76389 661.569 0.121936 0.380441 0.668824 0.908422
  3.77778 661.329 0.12013 0.382109 0.667604 0.911948
  3.79167 671.143 0.119747 0.382475 0.667121 0.914966
  3.80556 676.452 0.117927 0.382073 0.666057 0.910385
  End: M 3.81417 29124
Bub 28010 0.00424068
  Start: N 3.71861
  3.72222 782.95 0.313841 0.122826 0.481087 1.32719
  3.73611 798.808 0.314129 0.123258 0.480379 0.961943
  End: C 3.74306
Bub 28018 0.0042201
  Start: S 3.71972 27908
  3.72222 788.519 0.101373 0.152598 0.593529 0.928071
  End: M 3.72333 28354
Bub 28019 0.00411402
  Start: S 3.71972 27908
  3.72222 805.798 0.118333 0.176905 0.607381 0.86181
  3.73611 806.178 0.111667 0.170238 0.614048 0.911187
  3.75 810.995 0.106373 0.165 0.618529 0.867956
  End: M 3.75528 28500
Bub 28031 0.0062604
  Start: M 3.72083 24738 26746
  3.72222 569.358 0.101306 0.0709459 0.68967 0.876009
  End: M 3.72306 28069
Bub 28032 0.00514185
  Start: M 3.72083 25223 27392
  3.72222 712.146 0.0445935 0.308008 0.731667 0.926053
  End: S 3.72389 28221 28220
Bub 28043 0.00390797
  Start: N 3.72194
  3.72222 854.647 0.227222 0.305 0.755 0.89582
  End: M 3.72278 28183
Bub 28048 0.0193252
  Start: M 3.72222 27908
  3.72222 188.973 0.14834 0.170355 0.627962 0.928164
  End: S 3.72278 28354 28061
Bub 28061 0.0043602
  Start: S 3.72361 28018 28048
  3.73611 761.697 0.135267 0.150867 0.5818 0.986042
  3.75 763.382 0.133557 0.150075 0.588483 0.948894
  3.76389 768.73 0.131571 0.152788 0.594615 0.901313
  End: M 3.76694 28638
Bub 28069 0.00610625
  Start: M 3.72417 28031
  3.73611 579.947 0.101424 0.0722654 0.692977 0.918256
  3.75 584.235 0.100941 0.0707168 0.694136 0.923832
  3.76389 572.579 0.10107 0.069556 0.694796 0.917429
  3.77778 573.245 0.101496 0.0677066 0.696823 0.901173
  3.79167 582.523 0.102953 0.0653216 0.697281 0.911557
  3.80556 582.864 0.104074 0.0645679 0.697623 0.930567
  3.81944 603.399 0.105258 0.0642121 0.697227 0.935132
  End: S 3.82167 29360 29359
Bub 28147 0.00310175
  Start: N 3.73083
  3.73611 1064.67 0.0416667 0.108333 0.748333 0.86554
  3.75 1071.86 0.035 0.105 0.746667 0.874925
  3.76389 1072.3 0.0316667 0.103333 0.745 0.903514
  3.77778 1071.7 0.0266667 0.101667 0.745 0.900268
  3.79167 1069.71 0.0216667 0.0996667 0.743 0.820484
  End: C 3.8
Bub 28183 0.0050424
  Start: N 3.73333
  3.73611 657.541 0.24954 0.226236 0.754885 0.702789
  3.75 674.896 0.254719 0.225667 0.759667 0.892169
  3.76389 657.816 0.254278 0.227944 0.761889 0.793567
  3.77778 660.475 0.257667 0.232467 0.762733 0.94288
  3.79167 662.774 0.260032 0.236955 0.765192 0.96973
  3.80556 659.981 0.263964 0.244223 0.768722 0.897696
  3.81944 669.569 0.267252 0.249099 0.768333 0.900171
  End: C 3.83083
Bub 28187 0.005705
  Start: M 3.73333 27983
  3.73611 641.932 0.121726 0.216905 0.591548 0.929274
  End: M 3.73778 28347
Bub 28219 0.0232327
  Start: M 3.73556 24162
  3.73611 155.396 0.197386 0.204355 0.301893 0.981937
  End: M 3.73694 28358
Bub 28220 0.0042201
  Start: S 3.73583 28032
  3.73611 785.608 0.0497059 0.30201 0.727157 0.91099
  End: M 3.74139 28322
Bub 28221 0.00430127
  Start: S 3.73583 28032
  3.73611 779.741 0.0354167 0.316667 0.731667 0.912363
  End: M 3.74139 28322
Bub 28222 0.00400217
  Start: S 3.73583 26321 28018 28048
  3.73611 825.779 0.159885 0.163161 0.593103 0.829043
  End: C 3.74111
Bub 28227 0.00380898
  Start: S 3.73611 26321 28018 28048
  3.73611 870.225 0.203667 0.227 0.620533 0.926353
  End: M 3.73639 28354
Bub 28229 0.0037575
  Start: N 3.73611
  3.73611 884.137 0.0783333 0.29 0.756667 0.900279
  End: C 3.73639
Bub 28246 0.00359392
  Start: N 3.73722
  3.75 924.043 0.228333 0.316667 0.743333 0.889662
  3.76389 922.832 0.226964 0.320714 0.739702 0.90393
  3.77778 924.767 0.225 0.325 0.736667 1.07174
  3.79167 933.3 0.223305 0.328333 0.734887 0.882578
  3.80556 929.843 0.222778 0.331667 0.735 0.908417
  3.81944 930.12 0.219737 0.335 0.732018 0.851704
  3.83333 929.222 0.22 0.338333 0.731667 0.90135
  End: C 3.83944
Bub 28264 0.00419931
  Start: N 3.73861
  3.75 790.203 0.0735572 0.291965 0.756592 0.877464
  3.76389 790.057 0.0683333 0.297 0.753667 0.899222
  End: M 3.76833 28658
Bub 28299 0.00518335
  Start: N 3.7425
  3.75 646.323 0.217672 0.154683 0.746323 0.752832
  3.76389 646.413 0.22107 0.157488 0.748035 0.933239
  3.77778 658.042 0.219959 0.16061 0.750935 0.868356
  3.79167 656.332 0.21693 0.167105 0.756842 0.93917
  3.80556 671.057 0.218043 0.168826 0.763464 0.902042
  3.81944 675.802 0.21975 0.168667 0.7715 0.891889
  End: M 3.82917 29382
Bub 28301 0.0041571
  Start: S 3.74306 27907
  3.75 800.095 0.131 0.200692 0.563256 0.897953
  3.76389 799.222 0.130333 0.199667 0.568333 0.978989
  3.77778 799.575 0.123 0.195 0.576333 1.2353
  3.79167 800.415 0.118333 0.193227 0.58344 0.964307
  End: M 3.80556 28923
Bub 28309 0.00544425
  Start: M 3.74417 26132
  3.75 631.74 0.150525 0.0436986 0.486256 0.916539
  End: S 3.75667 28502 28503
Bub 28322 0.00428127
  Start: S 3.74556 28220 28221
  3.75 775.322 0.0463146 0.305047 0.723545 0.913724
  End: M 3.75444 28434
Bub 28323 0.00411402
  Start: S 3.74556 28220 28221
  3.75 823.915 0.032619 0.320714 0.731667 0.908103
  End: M 3.75444 28434
Bub 28347 0.0050424
  Start: M 3.74833 28187
  3.75 657.727 0.113621 0.213621 0.592989 0.896793
  End: M 3.76056 28501
Bub 28353 0.00402503
  Start: N 3.74889
  3.75 849.984 0.103079 0.196921 0.756525 1.07604
  3.76389 824.49 0.097359 0.19859 0.757051 0.917248
  End: M 3.7725 28658
Bub 28354 0.0195764
  Start: M 3.74889 26321 28018 28048 28227
  3.75 190.578 0.148383 0.163854 0.647759 0.918656
  End: S 3.75278 28500 28482
Bub 28358 0.0230781
  Start: M 3.74944 28219
  3.75 156.501 0.195946 0.204337 0.3105 0.985914
  End: M 3.75139 28406
Bub 28359 0.00630705
  Start: M 3.75 27914 27978
  3.75 587.493 0.107188 0.164413 0.580918 0.936752
  End: M 3.75139 28471
Bub 28404 0.0164506
  Start: M 3.75611 27277 27907
  3.76389 240.009 0.196826 0.206059 0.560723 0.921824
  End: M 3.76667 28668
Bub 28406 0.0231251
  Start: S 3.75639 28358
  3.76389 156.496 0.195693 0.205449 0.319951 0.981367
  End: M 3.77028 28592
Bub 28433 0.00417831
  Start: S 3.75833 28322 28323
  3.76389 796.917 0.0425758 0.308485 0.720455 0.881052
  End: M 3.76778 28634
Bub 28434 0.00424068
  Start: S 3.75833 28322 28323
  3.76389 784.913 0.0292029 0.325435 0.733116 0.882981
  End: M 3.76778 28634
Bub 28443 0.00341392
  Start: S 3.75861 28019 28354
  3.76389 973.341 0.0983333 0.183333 0.638333 1.01393
  End: C 3.76917
Bub 28456 0.00367754
  Start: N 3.75944
  3.76389 915.89 0.228333 0.055 0.738333 0.824143
  End: C 3.76833
Bub 28462 0.00310175
  Start: S 3.76028 28019 28354
  3.76389 1064.82 0.101667 0.161667 0.621667 1.51492
  End: M 3.76861 28663
Bub 28471 0.00613575
  Start: M 3.76056 28359
  3.76389 604.358 0.106914 0.160199 0.587376 0.924361
  End: M 3.76694 28638
Bub 28474 0.0053686
  Start: S 3.76083 27909 27910
  3.76389 626.537 0.0594286 0.0916429 0.632833 0.91917
  3.77778 620.314 0.0597024 0.0921627 0.634504 0.899714
  3.79167 621.87 0.0611783 0.0928556 0.635318 0.905823
  3.80556 620.701 0.0627863 0.091743 0.636858 0.913292
  3.81944 618.657 0.0621812 0.0905257 0.636477 0.933945
  End: M 3.825 29393
Bub 28487 0.00514185
  Start: N 3.76194
  3.76389 648.947 0.244756 0.100691 0.748659 0.90944
  End: M 3.76444 28658
Bub 28489 0.00498378
  Start: S 3.76222 27788 27923
  3.76389 671.735 0.152946 0.180744 0.611696 0.948418
  End: M 3.76444 28668
Bub 28490 0.00390797
  Start: S 3.76222 27788 27923
  3.76389 847.174 0.172778 0.186667 0.616111 0.864477
  End: M 3.76444 28668
Bub 28500 0.0195668
  Start: M 3.76333 28019 28354
  3.76389 193.331 0.152642 0.162169 0.658042 0.917755
  End: M 3.76444 28663
Bub 28501 0.00522415
  Start: M 3.76361 28347
  3.76389 634.48 0.111718 0.214948 0.597532 0.93771
  End: S 3.76417 28643 28644
Bub 28502 0.00404765
  Start: S 3.76389 28309
  3.76389 839.289 0.152167 0.0373333 0.488833 1.00675
  End: M 3.76417 28662
Bub 28503 0.00341392
  Start: S 3.76389 28309
  3.76389 972.066 0.148333 0.0533333 0.485 1.00675
  End: M 3.76417 28662
Bub 28505 0.00383421
  Start: N 3.76389
  3.76389 864.934 0.0336275 0.136373 0.75049 0.897239
  End: M 3.76417 28658
Bub 28592 0.0228771
  Start: S 3.77028 28406
  3.77778 158.546 0.195587 0.206055 0.331641 0.981859
  3.79167 160.477 0.195034 0.20554 0.341444 0.98317
  End: M 3.79306 28915
Bub 28633 0.00383421
  Start: S 3.77389 28433 28434
  3.77778 865.014 0.0395098 0.313627 0.716961 0.881169
  3.79167 864.724 0.0364493 0.316739 0.71529 0.89758
  3.80556 865.911 0.0333333 0.321667 0.711667 0.970345
  3.81944 872.003 0.0313158 0.325 0.710263 0.900335
  End: M 3.82611 29342
Bub 28638 0.0055299
  Start: S 3.77444 28061 28471
  3.77778 619.77 0.103497 0.163627 0.586699 0.936769
  End: M 3.78583 28796
Bub 28639 0.00468432
  Start: S 3.77444 28061 28471
  3.77778 713.047 0.125538 0.153817 0.603495 1.03153
  End: M 3.78583 28796
Bub 28641 0.00428127
  Start: N 3.775
  3.77778 776.945 0.0934038 0.201291 0.752981 0.91899
  End: M 3.78056 28755
Bub 28643 0.00437949
  Start: S 3.77528 28501
  3.77778 756.466 0.103596 0.21 0.594649 0.913247
  3.79167 758.022 0.100421 0.211007 0.597051 0.926902
  End: M 3.80556 28923
Bub 28644 0.00373123
  Start: S 3.77528 28501
  3.77778 891.9 0.118262 0.223369 0.609965 0.90807
  End: C 3.77806
Bub 28658 0.00562465
  Start: N 3.77639
  3.77778 601.791 0.249658 0.185787 0.784834 0.896738
  End: M 3.77833 28755
Bub 28662 0.00563625
  Start: M 3.77667 28502 28503
  3.77778 633.99 0.151008 0.0471399 0.487922 0.921588
  End: S 3.77889 28703 28704
Bub 28663 0.0194155
  Start: M 3.77667 28462 28500
  3.77778 193.666 0.153257 0.160429 0.667131 0.911916
  End: S 3.77806 28799 28726
Bub 28668 0.016639
  Start: M 3.77694 28404 28489 28490
  3.77778 240.008 0.195205 0.205845 0.572007 0.922803
  End: S 3.77833 28797 28798
Bub 28669 0.00573875
  Start: M 3.77722 23478
  3.77778 609.87 0.027885 0.118099 0.683869 0.906183
  End: S 3.78222 28793 28792
Bub 28699 0.00424068
  Start: M 3.78056 27473
  3.79167 786.637 0.015 0.301667 0.712246 1.02227
  3.80556 783.199 0.0160853 0.305039 0.711512 0.90982
  3.81944 791.896 0.015 0.308457 0.710309 0.9137
  End: M 3.82611 29342
Bub 28733 0.00489314
  Start: M 3.78361 25702
  3.79167 676.142 0.124277 0.181604 0.721541 0.883109
  End: M 3.80139 28916
Bub 28755 0.00341392
  Start: N 3.78583
  3.79167 973.843 0.0383333 0.126667 0.745 0.984284
  3.80556 969.108 0.0335876 0.123249 0.739746 0.859404
  3.81944 967.252 0.0283333 0.118333 0.735 0.94337
  3.83333 968.56 0.0266667 0.113667 0.730333 0.800854
  3.84722 973.56 0.0283333 0.115 0.726667 0.891185
  End: C 3.85056
Bub 28758 0.00341392
  Start: N 3.78583
  3.79167 973.164 0.301667 0.36 0.545 0.903542
  3.80556 979.475 0.298333 0.359737 0.544649 0.932939
  End: C 3.81806
Bub 28792 0.00367754
  Start: S 3.79139 28669
  3.79167 902.629 0.0183333 0.107 0.680333 0.91169
  3.80556 902.858 0.017 0.105 0.679667 0.914183
  End: C 3.80778
Bub 28796 0.00680405
  Start: M 3.79139 28638 28639
  3.79167 543.844 0.110018 0.159585 0.597596 0.920476
  3.80556 545.769 0.108424 0.158424 0.603698 0.935867
  End: M 3.80722 28962
Bub 28797 0.0163355
  Start: S 3.79167 28668
  3.79167 245.47 0.195359 0.208764 0.582991 0.927517
  End: M 3.79194 28911
Bub 28798 0.00526435
  Start: S 3.79167 28668
  3.79167 650.251 0.197045 0.154596 0.569924 0.927517
  End: M 3.79194 28911
Bub 28799 0.0196292
  Start: M 3.79167 28663
  3.79167 193.03 0.156934 0.163405 0.678022 0.910996
  End: S 3.79194 28916 28909
Bub 28839 0.00397903
  Start: N 3.79556
  3.80556 839.584 0.132018 0.338333 0.75693 0.920688
  End: C 3.80639
Bub 28866 0.00341392
  Start: S 3.79917 28799
  3.80556 972.764 0.141667 0.225 0.666667 0.878076
  3.81944 970.583 0.141667 0.226667 0.673333 0.895134
  3.83333 980.022 0.14307 0.228333 0.677982 0.87955
  End: C 3.84278
Bub 28909 0.0127561
  Start: S 3.80444 28733 28799
  3.80556 272.077 0.175939 0.227112 0.69975 0.895555
  End: M 3.81472 29062
Bub 28911 0.0156979
  Start: S 3.80472 28797 28798
  3.80556 248.109 0.20405 0.21265 0.587196 0.916504
  End: M 3.80583 29132
Bub 28912 0.00489314
  Start: S 3.80472 28797 28798
  3.80556 681.812 0.199717 0.153899 0.579465 0.908649
  End: M 3.80583 29132
Bub 28914 0.00367754
  Start: N 3.80472
  3.80556 902.655 0.249667 0.085 0.750333 0.884039
  End: M 3.81722 29128
Bub 28915 0.0227625
  Start: M 3.80472 28592
  3.80556 162.97 0.19501 0.203463 0.351128 0.97821
  End: S 3.80611 29131 29129
Bub 28916 0.0175204
  Start: S 3.805 28733 28799
  3.80556 207.051 0.154226 0.141655 0.687831 0.909608
  End: S 3.80639 29088 29080
Bub 28917 0.00470105
  Start: S 3.805 28733 28799
  3.80556 705.563 0.12805 0.183333 0.725284 0.884532
  End: M 3.80722 29088
Bub 28923 0.00515575
  Start: M 3.80556 28301 28643
  3.80556 643.261 0.102151 0.204032 0.596344 0.931289
  End: S 3.80583 29095 29096
Bub 28924 0.00760525
  Start: M 3.80556 28797 28798
  3.80556 464.463 0.147127 0.191348 0.629104 0.91688
  End: M 3.80611 29137
Bub 28925 0.00367754
  Start: N 3.80556
  3.80556 905.387 0.077 0.251667 0.743667 0.268181
  End: C 3.80611
Bub 28962 0.006641
  Start: M 3.8075 28796
  3.81944 556.254 0.107679 0.156346 0.611818 0.945454
  End: M 3.82111 29161
Bub 29062 0.0125279
  Start: M 3.81528 28909
  3.81944 273.165 0.180353 0.230132 0.714147 0.903082
  End: M 3.83194 29383
Bub 29080 0.0052376
  Start: S 3.81611 28916 28917
  3.81944 664.073 0.152051 0.190231 0.676795 0.983512
  End: M 3.83056 29355
Bub 29088 0.0175718
  Start: M 3.81639 28916 28917
  3.81944 207.136 0.153493 0.141792 0.700335 0.908701
  End: S 3.82278 29401 29185
Bub 29095 0.00481497
  Start: S 3.8175 28923
  3.81944 693.6 0.0942079 0.209884 0.600578 0.90986
  End: M 3.82 29363
Bub 29096 0.0037575
  Start: S 3.8175 28923
  3.81944 883.717 0.106944 0.193958 0.599722 0.941474
  End: M 3.82 29363
Bub 29110 0.0050279
  Start: M 3.81833 27366
  3.81944 697.124 0.31471 0.0353768 0.624072 0.917934
  End: S 3.82 29142 29143
Bub 29124 0.005197
  Start: S 3.81917 25547 28009
  3.81944 640.798 0.114239 0.380984 0.665367 0.903304
  End: M 3.82083 29400
Bub 29125 0.00341392
  Start: S 3.81917 25547 28009
  3.81944 973.381 0.095 0.371667 0.666667 0.900545
  End: M 3.82083 29400
Bub 29128 0.00561295
  Start: N 3.81917
  3.81944 655.498 0.0879167 0.268896 0.743104 0.886267
  End: C 3.82028
Bub 29129 0.0169921
  Start: S 3.81944 28915
  3.81944 227.647 0.201606 0.205993 0.328543 0.975377
  End: C 3.81972
Bub 29130 0.00569365
  Start: S 3.81944 28915
  3.81944 592.431 0.171387 0.135998 0.323483 0.975377
  End: C 3.81972
Bub 29131 0.0189562
  Start: S 3.81944 28915
  3.81944 190.477 0.191088 0.20119 0.384574 0.975377
  End: S 3.81972 29621 29620
Bub 29132 0.0157501
  Start: S 3.81944 28911 28912
  3.81944 244.993 0.205378 0.214314 0.598195 0.917285
  End: M 3.81972 29385
Bub 29133 0.00454596
  Start: S 3.81944 28911 28912
  3.81944 734.37 0.202216 0.154176 0.587902 0.917285
  End: M 3.81972 29385
Bub 29135 0.00367754
  Start: N 3.81944
  3.81944 904.768 0.159667 0.141667 0.753 0.895291
  End: M 3.81972 29399
Bub 29136 0.00572755
  Start: M 3.81944 24150
  3.81944 595.737 0.284824 0.0417451 0.632216 0.92632
  End: M 3.82167 29223
Bub 29137 0.00792885
  Start: M 3.81944 28924
  3.81944 433.771 0.142805 0.190514 0.638681 0.911396
  End: S 3.82139 29263 29264
Bub 29161 0.0067961
  Start: M 3.82139 28962
  3.83333 524.855 0.108744 0.154777 0.622171 0.967282
  3.84722 530.396 0.106905 0.154112 0.628411 0.924766
  End: S 3.84806 29764 29763
Bub 29229 0.00463341
  Start: S 3.82528 27902 29132 29133
  3.83333 718.849 0.19 0.243667 0.628 0.845257
  End: M 3.83444 29622
Bub 29263 0.0074492
  Start: S 3.82694 29137
  3.83333 456.59 0.139376 0.188012 0.650936 0.918171
  End: M 3.8425 29790
Bub 29264 0.00365009
  Start: S 3.82694 29137
  3.83333 924.428 0.128258 0.211667 0.645076 0.87072
  End: C 3.83361
Bub 29276 0.00341392
  Start: N 3.8275
  3.83333 973.635 0.0833333 0.245 0.741667 0.898569
  3.84722 972.43 0.077 0.248333 0.736333 0.896149
  End: C 3.8575
Bub 29342 0.0052106
  Start: S 3.83056 28633 28699
  3.83333 642.618 0.0147656 0.311953 0.709115 0.852272
  End: M 3.84028 29520
Bub 29343 0.00417831
  Start: S 3.83056 28633 28699
  3.83333 793.528 0.0280303 0.329242 0.707121 0.911335
  End: M 3.84028 29520
Bub 29355 0.00592295
  Start: M 3.83083 29080
  3.83333 604.796 0.151472 0.187376 0.682713 0.914435
  End: S 3.83389 29790 29577
Bub 29360 0.0052776
  Start: S 3.83111 28069
  3.83333 664.046 0.104424 0.0536717 0.699536 0.928247
  End: M 3.84444 29584
Bub 29363 0.00452806
  Start: S 3.83139 29095 29096
  3.83333 742.374 0.0917857 0.209048 0.598929 0.924483
  End: M 3.835 29564
Bub 29364 0.00411402
  Start: S 3.83139 29095 29096
  3.83333 810.09 0.102778 0.194841 0.607063 0.905646
  End: M 3.835 29564
Bub 29375 0.0037575
  Start: S 3.83167 29131
  3.83333 883.239 0.171667 0.133333 0.323333 1.14575
  End: M 3.83389 29621
Bub 29382 0.0054067
  Start: M 3.83194 28299
  3.83333 664.042 0.22176 0.169825 0.777541 0.839423
  End: S 3.83389 29411 29410
Bub 29385 0.0156469
  Start: S 3.8325 27902 29132 29133
  3.83333 245.419 0.206961 0.213572 0.608907 0.919213
  End: M 3.83444 29622
Bub 29386 0.00492373
  Start: S 3.8325 27902 29132 29133
  3.83333 689.451 0.206111 0.157809 0.598457 0.900373
  End: M 3.83722 29622
Bub 29388 0.00390797
  Start: N 3.8325
  3.83333 851.993 0.323889 0.0883333 0.738333 0.906541
  End: C 3.83639
Bub 29392 0.00404765
  Start: S 3.83278 27979 28474
  3.83333 825.711 0.0416667 0.075 0.63 0.934576
  End: M 3.84194 29606
Bub 29393 0.0053429
  Start: S 3.83278 27979 28474
  3.83333 623.583 0.0622464 0.0881159 0.635725 0.943592
  End: M 3.84194 29606
Bub 29399 0.00452806
  Start: N 3.83306
  3.83333 746.232 0.271786 0.25631 0.767619 0.895563
  End: C 3.83556
Bub 29400 0.0059019
  Start: M 3.83306 29124 29125
  3.83333 566.992 0.108907 0.378459 0.663351 0.919909
  End: M 3.83361 29492
Bub 29401 0.0176703
  Start: M 3.83333 27660 29088
  3.83333 207.518 0.154934 0.141622 0.711159 0.908338
  End: M 3.83972 29623
Bub 29410 0.00341392
  Start: S 3.83389 29382
  3.84722 975.481 0.233333 0.148333 0.775 0.976167
  End: C 3.85111
Bub 29411 0.00441757
  Start: S 3.83389 29382
  3.84722 750.495 0.219744 0.181154 0.787692 0.906286
  End: M 3.84833 29790
Bub 29512 0.00367754
  Start: N 3.84
  3.84722 902.678 0.219667 0.341667 0.730333 0.954075
  End: C 3.85917
Bub 29564 0.00576105
  Start: M 3.84417 29363 29364
  3.84722 643.36 0.0958863 0.201166 0.605829 0.907608
  End: M 3.85 29668
Bub 29577 0.005197
  Start: S 3.84472 29263 29355
  3.84722 652.586 0.142717 0.174606 0.690696 0.890376
  End: M 3.85 29790
Bub 29584 0.00526435
  Start: M 3.84472 29360
  3.84722 683.916 0.104545 0.0545455 0.701515 0.969969
  End: S 3.84944 29718 29717
Bub 29606 0.006016
  Start: M 3.84611 29392 29393
  3.84722 555.724 0.0578088 0.083291 0.633646 0.91398
  End: S 3.8475 29948 29947
Bub 29620 0.0172646
  Start: S 3.84722 29131 29375
  3.84722 225.025 0.196449 0.20319 0.344906 0.971122
  End: M 3.8475 29647
Bub 29621 0.019141
  Start: S 3.84722 29131 29375
  3.84722 191.732 0.188389 0.198974 0.404692 0.971122
  End: M 3.8475 29647
Bub 29622 0.0159016
  Start: M 3.84722 29229 29385 29386
  3.84722 241.778 0.207771 0.212417 0.619129 0.916544
  End: M 3.8475 29798
Bub 29623 0.0176608
  Start: M 3.84722 29401
  3.84722 209.205 0.157004 0.142251 0.721627 0.897364
  End: S 3.85111 29790 29776
Bub 29767 0.00367754
  Start: N 3.8575
  3.86111 903.821 0.163 0.156333 0.698333 0.956126
  End: C 3.86167
Bub 29780 0.00341392
  Start: N 3.85889
  3.86111 973.862 0.165 0.36 0.748333 1.02046
  End: C 3.86556
Bub 29792 0.0043602
  Start: N 3.86028
  3.86111 786.388 0.143 0.168333 0.6966 0.906132
  End: C 3.86167
Bub 29798 0.0159957
  Start: M 3.86111 29622
  3.86111 241.242 0.210035 0.21182 0.629773 0.914521
  End: M 3.86222 29832
Bub 12518 0.00522415
  Start: N 2.44778
  2.45833 651.795 0.296705 0.283501 0.731977 0.834061
  2.47222 665.708 0.299741 0.285148 0.729198 0.908244
  2.48611 649.511 0.300956 0.289118 0.724926 0.918775
  2.5 637.716 0.30244 0.291131 0.72131 0.905013
  2.51389 652.387 0.305358 0.293375 0.719959 0.87795
  2.52778 635.69 0.31403 0.298159 0.721915 0.885497
  2.53306 635.69 0.315033 0.299052 0.721928 0.903325
  2.54167 635.431 0.319099 0.301716 0.72342 0.868033
  2.55556 636.252 0.32372 0.304226 0.724792 0.921815
  2.56944 636.861 0.328735 0.306759 0.726605 0.961085
  2.58333 639.789 0.332778 0.308333 0.729286 0.944906
  2.59722 646.487 0.336606 0.309121 0.730455 0.917992
  2.61111 637.586 0.339775 0.310225 0.732838 0.91243
  2.625 640.741 0.341667 0.311154 0.734316 0.932468
  2.63889 649.654 0.343333 0.311667 0.735294 0.927588
  2.65278 659.155 0.345278 0.311389 0.734444 0.920745
  2.66667 664.553 0.345886 0.311941 0.733186 0.930955
  2.68056 664.838 0.347738 0.313048 0.732048 0.919181
  2.69444 669.253 0.350145 0.312293 0.729966 0.957185
  2.69972 669.253 0.350476 0.314762 0.729127 0.942656
  2.70833 655.608 0.352292 0.313281 0.72875 0.915352
  2.72222 656.863 0.353818 0.313109 0.725804 0.90609
  2.73611 656.572 0.355549 0.313966 0.723523 0.879088
  2.75 645.876 0.35817 0.313858 0.721131 0.899003
  2.76389 646.904 0.35693 0.314444 0.719912 0.899461
  2.77778 649.325 0.359328 0.31543 0.716909 0.971624
  2.79167 651.248 0.361293 0.313592 0.715632 0.907072
  2.80556 646.631 0.362487 0.313254 0.713889 0.923364
  2.81944 638.209 0.363879 0.310398 0.71382 0.943111
  2.83333 645.926 0.365134 0.310638 0.712069 0.881498
  2.84722 648.624 0.366655 0.308723 0.71208 0.919013
  2.86111 660.783 0.367037 0.305617 0.713241 0.920264
  2.86639 660.783 0.36546 0.304109 0.713592 0.898729
  2.875 638.949 0.366129 0.303333 0.714194 0.912335
  2.88889 635.873 0.366583 0.301667 0.71475 0.92114
  2.90278 642.416 0.367162 0.299505 0.713198 0.918273
  2.91667 641.848 0.367619 0.297222 0.71127 0.921495
  2.93056 647.824 0.367083 0.2945 0.708167 0.925215
  2.94444 641.586 0.366667 0.292862 0.708774 0.943383
  2.95833 640.158 0.368274 0.290536 0.70497 0.914968
  2.97222 637.02 0.366703 0.288597 0.703609 0.889705
  2.98611 634.624 0.367419 0.288333 0.703112 0.930483
  3 639.431 0.366626 0.285515 0.700664 0.904211
  3.01389 643.799 0.367033 0.282154 0.699336 0.91357
  3.02778 644.61 0.367564 0.281154 0.698333 0.913251
  3.03306 644.61 0.366915 0.279129 0.697811 0.86978
  3.04167 648.693 0.367188 0.278232 0.695916 0.903447
  3.05556 644.716 0.367727 0.275606 0.69697 0.919724
  3.06944 660.775 0.3675 0.273854 0.697813 0.920615
  3.08333 653.703 0.368333 0.272429 0.69919 0.931881
  3.09722 654.023 0.3674 0.271187 0.69972 0.913054
  3.11111 672.907 0.367754 0.270072 0.698449 0.928107
  3.125 642.841 0.368782 0.272115 0.701303 0.923148
  3.13889 661.709 0.3685 0.27119 0.702738 1.0669
  3.15278 656.077 0.367268 0.26915 0.701644 0.930096
  3.16667 652.588 0.365815 0.267519 0.699074 0.923834
  3.18056 652.81 0.365865 0.266425 0.699249 0.922607
  3.19444 638.625 0.366879 0.267282 0.700414 0.893286
  3.19972 638.625 0.368559 0.265175 0.699937 0.913609
  3.20833 640.561 0.368456 0.264975 0.699902 0.904172
  3.22222 638.888 0.368738 0.262259 0.697336 0.92636
  3.23611 639.148 0.368568 0.261094 0.695443 0.915641
  3.25 644.385 0.368832 0.260591 0.694029 0.913456
  3.26389 648.023 0.370762 0.257584 0.690349 0.915301
  3.27778 648.19 0.371713 0.256026 0.689079 0.846376
  3.29167 652.53 0.371782 0.253966 0.685661 0.915288
  3.30556 652.086 0.373519 0.250926 0.682852 0.911316
  3.31944 653.392 0.373246 0.247807 0.680526 0.928079
  3.33333 653.049 0.373677 0.247316 0.679504 0.907145
  3.34722 646.329 0.374971 0.24477 0.677069 0.918824
  3.36111 648.949 0.376667 0.242193 0.674737 0.910622
  3.36639 648.949 0.376793 0.240378 0.674048 0.908272
  3.375 644.597 0.377719 0.238509 0.67114 0.960429
  3.38889 647.988 0.377441 0.238281 0.669908 0.940441
  3.40278 642.844 0.379254 0.235746 0.666915 0.922848
  3.41667 642.686 0.379612 0.234452 0.664406 0.915224
  3.43056 649.275 0.378932 0.232692 0.66141 0.932955
  3.44444 639.263 0.379973 0.231882 0.659597 0.903169
  3.45833 640.361 0.379279 0.231667 0.655821 0.930127
  3.47222 643.86 0.376652 0.231725 0.65387 0.935378
  3.48611 641.933 0.376639 0.231139 0.650528 0.892944
  3.5 647.304 0.376701 0.229898 0.647041 0.921333
  3.51389 654.098 0.37424 0.228421 0.646053 0.926667
  3.52778 645.309 0.374147 0.228747 0.641822 0.914985
  3.53306 645.309 0.373583 0.228937 0.640801 0.910427
  3.54167 635.883 0.372736 0.228396 0.639151 0.865037
  3.55556 633.073 0.369925 0.228754 0.637913 0.928439
  3.56944 634.02 0.368162 0.228647 0.635313 0.921905
  3.58333 632.939 0.366301 0.228496 0.635325 0.900338
  3.59722 633.435 0.364733 0.226167 0.632533 0.918749
  3.61111 634.485 0.363291 0.225924 0.632479 0.925956
  3.625 636.944 0.360248 0.225726 0.631403 0.92952
  3.63889 634.974 0.358361 0.224945 0.63062 0.932144
  3.65278 634.593 0.355883 0.224487 0.63067 0.937721
  3.66667 640.851 0.354419 0.223654 0.631636 0.927007
  3.68056 636.294 0.35444 0.222463 0.631077 0.927171
  3.69444 635.725 0.353911 0.221403 0.632987 0.999014
  3.69972 635.725 0.352756 0.220842 0.633284 0.918519
  3.70833 638.832 0.35291 0.222288 0.632316 0.921194
  3.72222 637.366 0.354504 0.222376 0.632069 0.941201
  3.73611 635.497 0.353595 0.221942 0.63208 0.868907
  3.75 637.484 0.356437 0.221391 0.632278 0.929219
  3.76389 636.916 0.356951 0.219797 0.632561 0.920476
  3.77778 637.523 0.357411 0.217976 0.632798 0.917655
  3.79167 639.398 0.359495 0.218097 0.632935 0.900745
  3.80556 646.051 0.359692 0.214795 0.632692 0.91902
  3.81944 650.439 0.361111 0.2125 0.633333 0.931886
  3.83333 650.29 0.361847 0.210225 0.633018 0.906838
  3.84722 640.933 0.35974 0.20919 0.633838 0.974482
  3.86111 644.961 0.361225 0.209485 0.63277 0.907996
  3.86639 644.961 0.36108 0.209531 0.632629 0.910288
  3.875 646.779 0.361389 0.208813 0.633182 0.912787
  3.88889 635.878 0.358727 0.210039 0.634239 0.98638
  3.90278 645.978 0.356522 0.211037 0.636785 0.945948
  3.91667 654.925 0.356401 0.21215 0.634879 0.926634
  3.93056 660.735 0.356028 0.212343 0.634875 0.927219
  End: M 3.94 30635
Bub 16302 0.00390797
  Start: N 2.67333
  2.68056 846.877 0.286667 0.149444 0.679444 0.937078
  2.69444 857.638 0.284649 0.15307 0.681667 0.930078
  2.69972 857.638 0.285 0.153333 0.681667 0.964006
  2.70833 846.131 0.290333 0.153333 0.686333 0.835598
  2.72222 850.752 0.291667 0.157206 0.690588 0.875649
  2.73611 850.68 0.293333 0.16 0.695 0.911677
  2.75 847.502 0.293333 0.161667 0.699545 0.905852
  2.76389 849.287 0.293667 0.163 0.705 0.947111
  2.77778 849.139 0.296667 0.161667 0.711667 1.05893
  2.79167 853.308 0.298333 0.161667 0.716111 0.907662
  2.80556 856.27 0.301667 0.16 0.721667 0.902463
  2.81944 856.001 0.304649 0.159737 0.728333 0.907641
  2.83333 848.196 0.307157 0.160294 0.733039 0.903073
  2.84722 846.28 0.310108 0.160108 0.736828 0.861587
  2.86111 847.419 0.313805 0.160472 0.740472 0.904579
  2.86639 847.419 0.314649 0.159737 0.741667 0.965523
  2.875 847.435 0.317138 0.160472 0.743805 0.919066
  2.88889 846.929 0.320472 0.160472 0.747138 1.05578
  2.90278 850.676 0.32375 0.161354 0.746927 0.872373
  2.91667 850.295 0.330333 0.160333 0.748333 0.934279
  2.93056 851.535 0.334048 0.15881 0.749286 0.872071
  2.94444 862.171 0.338333 0.158333 0.748333 0.921906
  2.95833 850.218 0.345 0.156667 0.748333 1.01658
  2.97222 856.519 0.348333 0.155476 0.748333 0.869818
  2.98611 858.763 0.353627 0.155196 0.748333 0.945591
  3 854.458 0.359444 0.151667 0.748333 0.906706
  3.01389 860.617 0.365 0.148333 0.748333 0.864704
  3.02778 850.108 0.369773 0.146288 0.748409 0.900207
  3.03306 850.108 0.371667 0.143333 0.746667 0.836277
  3.04167 850.615 0.375 0.143333 0.746667 0.93986
  3.05556 851.164 0.378333 0.14 0.743333 0.939876
  3.06944 849.857 0.381667 0.137 0.743 0.897101
  3.08333 856.208 0.382833 0.136 0.742 0.908445
  3.09722 850.323 0.386333 0.131667 0.736333 0.863398
  3.11111 845.98 0.387381 0.129762 0.733036 0.859377
  3.125 845.98 0.389737 0.125 0.727982 0.922596
  3.13889 848.683 0.388409 0.122879 0.722955 0.982761
  3.15278 849.385 0.388333 0.12 0.716667 0.977992
  3.16667 846.566 0.387381 0.116369 0.710179 0.97122
  3.18056 846.566 0.388441 0.113548 0.703978 0.915807
  3.19444 846.563 0.387292 0.111563 0.696823 0.847988
  3.19972 846.563 0.387857 0.110238 0.69494 0.901568
  3.20833 846.563 0.387 0.11 0.690333 0.899403
  3.22222 846.105 0.387222 0.109444 0.683889 0.944067
  3.23611 849.596 0.386667 0.106667 0.678333 0.983833
  3.25 850.674 0.386667 0.105 0.671667 0.959467
  3.26389 850.941 0.386667 0.105 0.665 0.929447
  3.27778 850.204 0.386667 0.103333 0.658333 0.931547
  3.29167 850.445 0.386667 0.105 0.651667 0.967308
  3.30556 853.291 0.385 0.103333 0.645 0.912305
  3.31944 849.667 0.384685 0.103739 0.64 0.852853
  3.33333 848.835 0.383667 0.105 0.633667 0.97721
  3.34722 849.667 0.383333 0.105 0.628333 0.896877
  3.36111 850.13 0.383333 0.105 0.625 0.923349
  3.36639 850.13 0.383333 0.106333 0.623 0.893423
  3.375 849.277 0.382101 0.106449 0.620072 0.878109
  3.38889 855.303 0.381316 0.10693 0.615 0.908264
  3.40278 846.706 0.380263 0.10693 0.610614 0.892661
  3.41667 847.866 0.380556 0.107222 0.606667 0.981423
  3.43056 847.567 0.379737 0.10693 0.602719 1.05519
  3.44444 849.452 0.378333 0.11 0.598333 0.929389
  3.45833 846.731 0.377222 0.110556 0.593889 0.948079
  3.47222 849.567 0.376806 0.112315 0.589722 0.892056
  3.48611 850.598 0.37656 0.11344 0.584929 0.919172
  3.5 847.322 0.376582 0.116412 0.580254 0.950137
  3.51389 848.822 0.375 0.117222 0.576667 0.859543
  3.52778 847.199 0.37307 0.119737 0.573947 0.934729
  3.53306 847.199 0.371667 0.120556 0.571667 0.987673
  3.54167 846.37 0.369737 0.120614 0.570263 0.933029
  3.55556 849.453 0.368333 0.123 0.567 1.02444
  3.56944 849.825 0.366667 0.123333 0.565 0.936286
  3.58333 849.719 0.364892 0.126022 0.563548 0.9061
  3.59722 849.75 0.363333 0.126667 0.561667 0.940369
  3.61111 849.754 0.361667 0.126667 0.56 0.987068
  3.625 846.107 0.360263 0.129386 0.559737 0.924968
  3.63889 845.98 0.359444 0.130556 0.557222 0.952384
  3.65278 849.035 0.358333 0.130333 0.557 0.951321
  3.66667 849.342 0.357312 0.13172 0.556505 0.940445
  3.68056 849.042 0.355 0.133667 0.553667 0.93273
  3.69444 849.311 0.355 0.133667 0.553667 0.94351
  3.69972 849.311 0.353889 0.133889 0.553333 0.941759
  3.70833 856.894 0.352778 0.134444 0.551667 0.905064
  3.72222 851.426 0.350714 0.135476 0.549762 0.920954
  3.73611 846.259 0.349737 0.13693 0.547281 0.958368
  3.75 847.491 0.350254 0.136921 0.546751 0.940111
  3.76389 846.877 0.350161 0.136828 0.546613 0.917796
  3.77778 850.022 0.349667 0.136333 0.545 1.0337
  3.79167 847.648 0.346845 0.140536 0.543512 0.941538
  3.80556 852.544 0.34613 0.14048 0.545113 0.937628
  3.81944 849.838 0.346373 0.140294 0.546176 0.937941
  3.83333 854.754 0.345 0.141667 0.545909 0.94045
  3.84722 858.473 0.344662 0.142005 0.546449 0.938991
  3.86111 889.055 0.345 0.141667 0.546667 0.937843
  3.86639 889.055 0.343 0.143 0.548333 0.837689
  End: C 3.87139
Bub 18281 0.00383421
  Start: N 2.805
  2.80556 865.052 0.219706 0.0330392 0.743824 0.916449
  2.81944 871.258 0.220325 0.0267316 0.739719 0.883856
  2.83333 874.978 0.223116 0.0225362 0.736449 0.90736
  2.84722 862.263 0.226111 0.0194444 0.733333 0.982593
  2.86111 869.648 0.227167 0.016 0.728667 0.93141
  2.86639 869.648 0.226667 0.0154902 0.726225 0.920551
  2.875 864.352 0.227 0.015 0.723 1.06165
  2.88889 865.156 0.23 0.015 0.716667 0.921346
  2.90278 863.734 0.23 0.0138506 0.709598 0.910199
  2.91667 862.558 0.233333 0.0163333 0.703667 0.911704
  2.93056 863.502 0.233161 0.0164368 0.696839 0.922481
  2.94444 862.239 0.236053 0.0169298 0.690263 0.944993
  2.95833 865.886 0.236381 0.0178095 0.683333 0.885723
  2.97222 868.753 0.236212 0.0182468 0.675693 0.971813
  2.98611 866.404 0.236733 0.0179333 0.667 0.927044
  3 868.507 0.237063 0.0181746 0.659444 0.979437
  3.01389 874.337 0.238333 0.0183333 0.651667 0.966082
  3.02778 871.617 0.239737 0.0179825 0.645 0.925573
  3.03306 871.617 0.239328 0.0184328 0.642761 0.920531
  3.04167 868.835 0.239545 0.0184848 0.639242 0.964747
  3.05556 872.182 0.238333 0.0213158 0.633596 0.993054
  3.06944 869.564 0.237381 0.0216667 0.629286 0.930032
  3.08333 871.677 0.238333 0.0213158 0.623596 0.937591
  3.09722 871.312 0.238333 0.0220833 0.619643 0.931795
  3.11111 863.232 0.239643 0.023631 0.616012 0.926184
  3.125 867.538 0.239769 0.0235641 0.611154 0.939475
  3.13889 866.201 0.239928 0.0244203 0.609493 0.934798
  3.15278 873.505 0.240556 0.025 0.605556 0.972239
  3.16667 882.812 0.240455 0.025 0.603939 0.950953
  3.18056 879.252 0.243788 0.0258225 0.599762 0.934271
  3.19444 872.765 0.245 0.0266667 0.591667 0.951705
  3.19972 872.765 0.245 0.0266667 0.59 0.973329
  3.20833 865.152 0.245 0.0263333 0.583667 0.93376
  3.22222 868.57 0.24627 0.0281746 0.579444 0.991671
  3.23611 862.561 0.246667 0.0266667 0.573333 0.953062
  3.25 867.702 0.246792 0.028 0.569 0.883858
  3.26389 868.133 0.246524 0.0295238 0.565381 0.92606
  3.27778 867.72 0.246498 0.0300725 0.561618 0.937153
  3.29167 869.377 0.24627 0.0327778 0.561508 0.962795
  3.30556 872.801 0.247402 0.032598 0.557794 1.00802
  3.31944 873.549 0.245758 0.035 0.557576 0.93838
  3.33333 866.317 0.249203 0.0368841 0.558333 0.927841
  3.34722 878.17 0.250333 0.0374 0.556733 0.92139
  3.36111 866.784 0.250441 0.04 0.555637 0.947834
  3.36639 866.784 0.252826 0.0400725 0.55558 0.935552
  3.375 869.212 0.252937 0.0405556 0.555159 0.950388
  3.38889 865.218 0.256389 0.0430556 0.555556 0.927625
  3.40278 864.727 0.259722 0.0436111 0.554444 0.921497
  3.41667 866.032 0.263 0.0452667 0.553267 0.995125
  3.43056 873.237 0.266394 0.0463939 0.551364 1.01076
  3.44444 884.849 0.266921 0.0479379 0.547825 0.940124
  3.45833 865.089 0.2698 0.0519333 0.543267 0.953812
  3.47222 862.584 0.270333 0.0533333 0.540333 0.975036
  3.48611 863.562 0.271667 0.0570833 0.538333 0.984888
  3.5 875.537 0.271667 0.0616667 0.535 0.954002
  3.51389 872.796 0.271667 0.065 0.533333 1.02559
  3.52778 864.728 0.273333 0.0694444 0.531667 0.963331
  3.53306 864.728 0.273564 0.0702308 0.532179 0.926193
  3.54167 864.886 0.273406 0.0731159 0.531377 0.991375
  3.55556 861.85 0.273596 0.0764035 0.532719 0.949188
  3.56944 865.875 0.275 0.0792029 0.533116 0.98974
  3.58333 873.575 0.275 0.08 0.535 0.949979
  3.59722 872.064 0.277982 0.0830702 0.538333 0.96551
  3.61111 868.192 0.278976 0.0824297 0.54006 0.905357
  3.625 868.215 0.279222 0.0822222 0.541889 0.866661
  3.63889 889.63 0.280254 0.0811582 0.542062 1.0172
  3.65278 868.153 0.282971 0.0784783 0.541812 0.942384
  3.66667 866.242 0.283533 0.0766 0.538067 0.940739
  3.68056 867.058 0.285909 0.0757576 0.540455 0.940192
  3.69444 873.056 0.285 0.0730702 0.538684 0.957722
  3.69972 873.056 0.286111 0.0736111 0.538611 0.827512
  3.70833 869.65 0.285 0.0705556 0.538333 0.933568
  3.72222 862.043 0.283333 0.067 0.537 0.959933
  3.73611 873.114 0.282246 0.065 0.535 0.936633
  3.75 862.641 0.28307 0.060614 0.533596 0.951748
  3.76389 865.242 0.282826 0.0571739 0.532246 1.12496
  3.77778 871.492 0.283333 0.0516667 0.531667 0.910391
  3.79167 863.718 0.283596 0.0472807 0.529737 0.971529
  3.80556 870.679 0.285303 0.045 0.528636 0.9473
  3.81944 863.733 0.287821 0.0419231 0.529872 0.834021
  3.83333 872.121 0.288684 0.0402632 0.528333 0.940794
  3.84722 866.976 0.292143 0.037381 0.527381 0.945161
  3.86111 862.047 0.293588 0.0364124 0.529915 0.93858
  3.86639 862.047 0.294667 0.0361667 0.529333 0.948012
  3.875 867.046 0.295556 0.0361111 0.53 0.926309
  3.88889 871.591 0.298333 0.035 0.53 0.991501
  3.90278 870.797 0.300263 0.035 0.532018 0.948628
  3.91667 866.997 0.301667 0.0361594 0.533841 0.942783
  3.93056 863.773 0.305 0.0359524 0.534048 0.928868
  3.94444 865.81 0.307381 0.0364286 0.535 0.939349
  3.95833 869.454 0.310405 0.0354505 0.534955 0.937405
  3.97222 863.353 0.312976 0.0360714 0.53631 0.898252
  End: M 3.97472 31294
Bub 24680 0.00562465
  Start: S 3.38556 23528
  3.38889 593.569 0.0522257 0.0662008 0.657733 0.960185
  3.40278 592.384 0.054188 0.0659615 0.658654 0.931873
  3.41667 594.397 0.0554618 0.063755 0.658253 0.940078
  3.43056 593.392 0.0551701 0.0622109 0.657347 0.926648
  3.44444 595.276 0.055537 0.0602963 0.657556 0.927216
  3.45833 596.497 0.0581925 0.0612285 0.655 0.916144
  3.47222 601.413 0.0586022 0.0603763 0.653638 0.960025
  3.48611 604.008 0.0581 0.05825 0.6525 0.925505
  3.5 608.901 0.0585437 0.0587864 0.65233 0.926118
  3.51389 609.146 0.0579381 0.0564261 0.651632 0.917946
  3.52778 602.331 0.0567191 0.0550839 0.651394 0.927716
  3.53306 602.331 0.0576632 0.0552234 0.650928 0.923122
  3.54167 606.572 0.0580259 0.0541748 0.649191 0.912727
  3.55556 608.314 0.0574044 0.0534699 0.648443 0.927729
  3.56944 611.104 0.0581323 0.053392 0.647831 0.924029
  3.58333 622.819 0.0581308 0.0530374 0.647399 0.940927
  3.59722 622.447 0.0587341 0.0522313 0.645674 0.927297
  3.61111 607.814 0.0600877 0.0532651 0.646618 0.921474
  3.625 615.53 0.0605268 0.052582 0.645242 0.928437
  3.63889 608.711 0.0598241 0.0523032 0.64572 0.927477
  3.65278 602.096 0.06318 0.052137 0.647045 0.943294
  3.66667 597.658 0.0647661 0.0508869 0.646579 0.92963
  3.68056 596.271 0.066184 0.0500091 0.646967 0.914113
  3.69444 593.594 0.0675 0.0495741 0.647222 0.92674
  3.69972 593.594 0.0679009 0.0485856 0.646658 0.91894
  3.70833 594.625 0.0689859 0.0467989 0.646129 0.922799
  3.72222 594.628 0.0705385 0.0471709 0.645684 0.911294
  3.73611 598.063 0.0710794 0.04538 0.644361 0.920138
  3.75 598.242 0.0722685 0.0446759 0.642361 0.913396
  3.76389 599.215 0.0744417 0.0433087 0.642225 0.918583
  3.77778 592.65 0.0771825 0.0423016 0.643869 0.910857
  3.79167 593.043 0.0780876 0.0406528 0.641713 0.908115
  3.80556 590.935 0.0796667 0.0403542 0.642563 0.918286
  3.81944 602.973 0.0809239 0.0391123 0.641558 0.919272
  3.83333 599.025 0.0820952 0.0387778 0.642508 0.928122
  3.84722 595.664 0.0826357 0.0393992 0.645988 0.922863
  3.86111 600.483 0.0827049 0.0384426 0.646475 0.91705
  3.86639 600.483 0.0832941 0.0384118 0.646333 0.943462
  3.875 600.52 0.0843972 0.0380142 0.646667 0.917785
  3.88889 602.183 0.0842908 0.0365603 0.646507 0.949287
  3.90278 605.374 0.084933 0.0365075 0.647194 0.919759
  3.91667 599.123 0.0871959 0.0347156 0.647654 0.921849
  3.93056 602.912 0.0880556 0.0341481 0.646889 0.928524
  3.94444 602.608 0.0906915 0.0334397 0.646454 0.95003
  3.95833 596.236 0.0907754 0.0325936 0.645784 0.932374
  3.97222 595.309 0.0910943 0.0321044 0.645623 0.914657
  3.98611 598.936 0.0922711 0.0314286 0.645055 0.932312
  4 594.943 0.0941833 0.0308 0.643917 0.924053
  4.01389 593.625 0.0958333 0.0313294 0.644563 0.982921
  End: M 4.01861 31818
Bub 25410 0.0043602
  Start: S 3.44917 25366
  3.45833 764.32 0.322733 0.352067 0.605667 0.930612
  3.47222 761.883 0.320979 0.351598 0.606134 0.905786
  3.48611 758.645 0.318623 0.353116 0.607174 0.956435
  3.5 767.149 0.315833 0.352813 0.605104 0.939337
  3.51389 761.33 0.313551 0.351884 0.607754 0.927277
  3.52778 757.827 0.313 0.353333 0.610333 0.931091
  3.53306 757.827 0.311923 0.352949 0.611026 0.894525
  3.54167 761.834 0.31216 0.352654 0.611914 0.953545
  3.55556 761.19 0.311897 0.350517 0.61477 0.934467
  3.56944 764.119 0.312083 0.3495 0.61825 0.926619
  3.58333 763.091 0.31273 0.346986 0.620638 0.89142
  3.59722 764.643 0.311382 0.347317 0.623821 0.925398
  3.61111 763.44 0.313086 0.345693 0.626518 0.904781
  3.625 761.085 0.313267 0.344733 0.633 0.899218
  3.63889 763.798 0.315 0.343966 0.639023 0.929995
  3.65278 770.461 0.316667 0.343 0.643833 0.932457
  3.66667 772.572 0.318583 0.343542 0.647167 0.928417
  3.68056 761.139 0.318798 0.345543 0.652868 0.930015
  3.69444 762.161 0.322126 0.345766 0.656494 0.91675
  3.69972 762.161 0.324031 0.345543 0.657326 0.927041
  3.70833 765.96 0.32625 0.345833 0.659167 0.933265
  3.72222 767.39 0.32753 0.345964 0.661707 0.919462
  3.73611 770.437 0.330833 0.345833 0.664167 1.00133
  3.75 765.983 0.333889 0.345741 0.665741 0.916923
  3.76389 758.444 0.337538 0.346436 0.667154 0.794189
  3.77778 762.246 0.339556 0.347111 0.668667 0.900179
  3.79167 759.03 0.341895 0.34683 0.669444 0.901284
  3.80556 760.411 0.343217 0.348372 0.671047 0.903824
  3.81944 767.025 0.34463 0.348056 0.673241 0.903286
  3.83333 774.101 0.346565 0.348367 0.673741 0.907037
  3.84722 768.111 0.346587 0.347381 0.675873 0.856285
  3.86111 770.148 0.344917 0.34775 0.678833 0.901728
  3.86639 770.148 0.34635 0.347068 0.67981 0.937455
  3.875 789.11 0.345897 0.346282 0.680769 0.966305
  3.88889 780.271 0.346905 0.343143 0.681619 0.904464
  3.90278 794.235 0.347153 0.344292 0.682227 0.90951
  3.91667 781.655 0.349639 0.343385 0.683144 0.911911
  3.93056 789.583 0.349797 0.341707 0.683659 0.895881
  End: M 3.94139 30685
Bub 25855 0.00445501
  Start: M 3.49389 23720
  3.5 750.774 0.357042 0.0937083 0.496917 1.29059
  3.51389 747.536 0.35714 0.0940175 0.495351 0.969955
  3.52778 757.714 0.357177 0.0942517 0.49585 0.944863
  3.53306 757.714 0.358258 0.0952005 0.495727 0.903931
  3.54167 754.156 0.357381 0.0954233 0.495132 0.944731
  3.55556 756.297 0.357768 0.0953869 0.495863 0.957895
  3.56944 752.733 0.359066 0.096685 0.496502 0.974889
  3.58333 759.259 0.359141 0.0979293 0.496414 0.956274
  3.59722 749.833 0.361437 0.101092 0.496724 0.946011
  3.61111 746.029 0.363452 0.101548 0.495595 1.04444
  3.625 746.615 0.365 0.103476 0.495857 0.954704
  3.63889 748.377 0.366075 0.103817 0.494892 0.960993
  3.65278 745.595 0.367193 0.105614 0.493889 0.973875
  3.66667 743.551 0.369634 0.107398 0.492236 0.939417
  3.68056 742.87 0.371889 0.107825 0.491127 0.975972
  3.69444 748.575 0.373242 0.10803 0.490667 0.973651
  3.69972 748.575 0.375808 0.108333 0.490455 0.959859
  3.70833 751.297 0.376576 0.108515 0.490242 0.92907
  3.72222 753.759 0.378534 0.108218 0.489971 0.927805
  3.73611 745.975 0.381159 0.106993 0.489928 0.918871
  3.75 745.033 0.382471 0.107759 0.489713 0.951958
  3.76389 752.009 0.383229 0.107604 0.488646 0.950418
  3.77778 756.69 0.385 0.10881 0.487143 0.976606
  3.79167 750.597 0.385 0.108611 0.488611 0.987191
  3.80556 746.424 0.384231 0.107564 0.491154 0.965364
  3.81944 754.931 0.383667 0.108278 0.493167 0.938473
  3.83333 749.094 0.383129 0.109422 0.495748 0.935344
  3.84722 751.503 0.381796 0.108625 0.496715 0.948902
  3.86111 748.104 0.38117 0.108014 0.499468 0.950527
  3.86639 748.104 0.381471 0.108333 0.500294 0.977622
  3.875 755.963 0.380859 0.109747 0.50096 0.931527
  3.88889 759.399 0.378965 0.109316 0.501982 0.952196
  3.90278 760.436 0.378435 0.108308 0.50271 0.924108
  End: M 3.90861 30325
Bub 26404 0.00443638
  Start: S 3.55472 20018 25782
  3.55556 748.695 0.320063 0.0184177 0.653397 0.947311
  3.56944 748.963 0.32284 0.0214789 0.649789 0.930174
  3.58333 748.538 0.323472 0.0223611 0.646389 0.924482
  3.59722 751.93 0.325952 0.025 0.642619 0.921617
  3.61111 757.949 0.325 0.03 0.636667 0.893287
  3.625 747.944 0.326159 0.0325362 0.630217 0.905071
  3.63889 759.905 0.325 0.0336957 0.626884 0.905836
  3.65278 750.044 0.325183 0.0388356 0.622671 0.922005
  3.66667 745.355 0.323919 0.0409009 0.618288 0.904697
  3.68056 749.401 0.3242 0.0419333 0.614733 0.931628
  3.69444 746.611 0.325 0.0437879 0.61 0.963646
  3.69972 746.611 0.325228 0.0448174 0.608105 0.930671
  3.70833 746.485 0.323627 0.0453431 0.606667 0.951895
  3.72222 749.534 0.323462 0.0481624 0.60188 0.925846
  3.73611 747.78 0.325833 0.0479167 0.597917 0.988442
  3.75 752.712 0.324589 0.0511187 0.592763 0.922292
  3.76389 756.489 0.324848 0.0513636 0.588333 0.990302
  3.77778 751.375 0.324688 0.0529167 0.583438 0.871242
  3.79167 748.344 0.32774 0.0531279 0.57984 0.836282
  3.80556 746.723 0.328944 0.0531221 0.573545 0.964842
  3.81944 749.417 0.329722 0.0547222 0.569444 0.979679
  3.83333 754.488 0.329706 0.0559804 0.566765 0.91708
  3.84722 758.962 0.33 0.0575641 0.562436 0.946477
  3.86111 761.441 0.330294 0.0584314 0.560098 0.8873
  3.86639 761.441 0.330385 0.0583333 0.558333 0.944097
  3.875 748.604 0.33009 0.0586201 0.553853 0.870883
  3.88889 760.853 0.33 0.0588095 0.548333 0.957588
  3.90278 753.161 0.328333 0.0577536 0.541667 0.992256
  3.91667 748.717 0.326667 0.0548039 0.536373 0.915539
  3.93056 748.97 0.326667 0.0548039 0.533039 0.921247
  3.94444 749.501 0.325732 0.0556098 0.530244 0.899467
  3.95833 750.406 0.323788 0.0548485 0.525909 0.937811
  3.97222 750.215 0.323967 0.0553286 0.523028 0.951521
  End: M 3.97472 31294
Bub 26829 0.00437949
  Start: S 3.59778 26822
  3.61111 757.811 0.344649 0.203333 0.73307 0.899982
  3.625 762.915 0.347905 0.20519 0.732476 0.905022
  3.63889 760.094 0.346667 0.208333 0.733333 1.16277
  3.65278 754.521 0.35 0.210333 0.733667 0.894972
  3.66667 755.884 0.351957 0.212826 0.733116 0.920711
  3.68056 756.351 0.354744 0.213718 0.732308 0.906705
  3.69444 757.575 0.356944 0.216389 0.731667 0.914974
  3.69972 757.575 0.3586 0.217533 0.732333 0.914362
  3.70833 758.533 0.360217 0.219203 0.731667 0.931257
  3.72222 757.827 0.363333 0.221667 0.733333 0.872363
  3.73611 757.365 0.365871 0.22322 0.731742 0.904641
  3.75 754.662 0.370614 0.226404 0.730263 0.997926
  3.76389 758.942 0.374091 0.227576 0.73 0.958108
  3.77778 758.62 0.377174 0.227754 0.730072 0.883596
  3.79167 756.982 0.378077 0.227821 0.729872 0.852384
  3.80556 762.034 0.378889 0.226111 0.731667 0.91315
  3.81944 761.336 0.378333 0.224048 0.730714 0.905983
  3.83333 772.253 0.380539 0.222892 0.729559 0.90398
  3.84722 772.204 0.37793 0.220641 0.729835 0.898687
  3.86111 759.112 0.374961 0.219588 0.727549 0.877056
  3.86639 759.112 0.373667 0.22 0.727 0.905728
  3.875 761.962 0.375 0.218684 0.723596 0.900414
  3.88889 757.835 0.370758 0.218636 0.726667 0.972617
  3.90278 756.397 0.369762 0.217381 0.731667 0.920673
  End: C 3.91639
Bub 26865 0.00390797
  Start: N 3.60194
  3.61111 846.922 0.247222 0.106111 0.723333 0.908076
  3.625 846.8 0.249405 0.106845 0.723036 0.85896
  3.63889 848.961 0.25259 0.107103 0.72459 0.876207
  3.65278 849.717 0.255 0.106667 0.723333 0.938311
  3.66667 849.781 0.257424 0.106667 0.724697 0.82715
  3.68056 845.639 0.260254 0.106412 0.723418 0.859432
  3.69444 849.306 0.263333 0.106667 0.725 0.91994
  3.69972 849.306 0.265 0.106667 0.725 0.916558
  3.70833 845.961 0.266488 0.110179 0.723869 0.91175
  3.72222 848.616 0.268333 0.110333 0.723667 0.915504
  3.73611 852.958 0.270806 0.11172 0.724032 0.884916
  3.75 852.09 0.273011 0.111452 0.723817 0.917805
  3.76389 846.135 0.276404 0.110263 0.723947 0.868179
  3.77778 852.425 0.279265 0.108971 0.725098 0.908062
  3.79167 857.63 0.281731 0.107756 0.725897 0.872576
  3.80556 850.6 0.283833 0.106 0.724833 0.890935
  3.81944 858.853 0.288333 0.105152 0.725 0.868929
  3.83333 850.499 0.291667 0.103 0.723667 0.906977
  3.84722 860.578 0.295 0.101667 0.725 0.900017
  3.86111 849.286 0.298333 0.0966667 0.725 0.885712
  3.86639 849.286 0.3 0.0966667 0.725 0.91336
  3.875 849.414 0.303 0.0963333 0.725 0.979467
  3.88889 850.58 0.304048 0.0929365 0.724921 0.884546
  3.90278 854.73 0.306961 0.0914706 0.725 0.930647
  3.91667 850.788 0.311548 0.0914286 0.725 1.23214
  3.93056 845.785 0.312778 0.0905556 0.723889 0.917119
  3.94444 849.638 0.315 0.09 0.725 0.959061
  3.95833 856.164 0.315 0.0913158 0.72307 0.911981
  End: C 3.965
Bub 27231 0.00518335
  Start: M 3.64417 27023
  3.65278 701.786 0.140159 0.309603 0.699841 0.961396
  3.66667 639.654 0.142322 0.304344 0.706694 0.933575
  3.68056 640.013 0.140481 0.304827 0.709494 0.918207
  3.69444 642.248 0.138155 0.304771 0.712303 0.910225
  3.69972 642.248 0.136908 0.305115 0.713046 0.924706
  3.70833 644.439 0.135642 0.304704 0.715099 0.91018
  3.72222 648.725 0.133933 0.305556 0.715756 0.909001
  3.73611 646.586 0.132018 0.305066 0.716798 0.894555
  3.75 650.249 0.128185 0.303482 0.717173 0.916738
  3.76389 648.795 0.124773 0.301591 0.716439 0.923353
  3.77778 644.292 0.122436 0.30312 0.717393 0.904737
  3.79167 642.117 0.119346 0.303321 0.718284 0.889933
  3.80556 642.229 0.116378 0.303246 0.71886 0.900025
  3.81944 641.982 0.113818 0.304243 0.720437 0.882806
  3.83333 644.867 0.112786 0.307289 0.723209 0.902488
  3.84722 652.572 0.110664 0.308486 0.724564 0.890206
  3.86111 651.118 0.109678 0.311751 0.726289 0.905706
  3.86639 651.118 0.110191 0.31377 0.728115 0.91296
  3.875 650.644 0.108497 0.31479 0.72852 0.937874
  End: M 3.88222 30092
Bub 27659 0.00417831
  Start: S 3.6825 27643
  3.69444 806.147 0.133333 0.115 0.68 0.899755
  3.69972 806.147 0.131667 0.115 0.681667 1.2942
  3.70833 799.326 0.130309 0.114012 0.683395 0.890844
  3.72222 804.425 0.131602 0.115129 0.685518 0.877318
  3.73611 805.994 0.133333 0.115 0.689545 0.902116
  3.75 816.348 0.135238 0.11381 0.690833 0.910992
  3.76389 835.166 0.135076 0.112311 0.694129 0.891041
  3.77778 796.462 0.141744 0.107984 0.698643 0.881135
  3.79167 799.833 0.141522 0.103116 0.701667 0.919333
  3.80556 802.58 0.143016 0.0984921 0.70504 0.889609
  3.81944 794.37 0.142018 0.0935965 0.706667 0.889674
  3.83333 801.3 0.140502 0.0899398 0.710422 0.906708
  3.84722 801.588 0.140292 0.085378 0.711392 0.881819
  3.86111 803.331 0.13741 0.0821888 0.713514 0.90629
  3.86639 803.331 0.137222 0.0801852 0.713519 0.891574
  3.875 806.757 0.136867 0.0786 0.715 0.961413
  3.88889 793.985 0.13569 0.0751149 0.716724 0.927211
  3.90278 796.21 0.134753 0.072284 0.719074 0.906183
  3.91667 797.394 0.13504 0.0676984 0.720357 0.916844
  3.93056 799.563 0.13375 0.0654167 0.7225 0.855537
  3.94444 794.816 0.131087 0.0605072 0.722826 0.905933
  3.95833 800.895 0.129023 0.057069 0.721897 0.897598
  3.97222 800.424 0.129872 0.0537179 0.722436 0.909816
  End: M 3.97806 31352
Bub 28441 0.00341392
  Start: N 3.75833
  3.76389 972.203 0.15 0.0616667 0.655 0.896482
  3.77778 974.242 0.151406 0.0602083 0.65276 0.917203
  3.79167 976.975 0.153116 0.0587681 0.649203 0.927341
  3.80556 977.52 0.155 0.0579167 0.6475 0.926848
  3.81944 980.464 0.155139 0.05875 0.645972 0.998629
  3.83333 969.222 0.156195 0.0595283 0.643805 0.917413
  3.84722 972.754 0.156176 0.0597059 0.643039 0.91841
  3.86111 970.221 0.156053 0.0597368 0.64307 0.893615
  3.86639 970.221 0.155 0.0616667 0.643333 0.93789
  3.875 977.786 0.153978 0.0637634 0.644785 0.922181
  End: C 3.87917
Bub 28473 0.00417831
  Start: S 3.76083 27909 27910
  3.76389 794.452 0.0540909 0.0719697 0.616667 0.870721
  3.77778 791.363 0.0569298 0.0727193 0.61307 0.886435
  3.79167 795.728 0.0596269 0.0729602 0.611219 0.920091
  3.80556 796.721 0.0605556 0.0737302 0.608492 0.893636
  3.81944 802.015 0.0619697 0.0736061 0.606394 0.966568
  3.83333 791.965 0.0630952 0.0759524 0.606429 0.852036
  3.84722 793.526 0.065 0.0766667 0.606667 0.928069
  3.86111 794.763 0.063 0.0783333 0.603667 0.919798
  3.86639 794.763 0.063 0.0783333 0.603667 0.934971
  3.875 800.032 0.0616667 0.0783333 0.603333 0.930367
  3.88889 797.059 0.0618254 0.0796032 0.603889 0.996986
  3.90278 806.525 0.0616667 0.0816667 0.605 0.929929
  3.91667 807.82 0.0616667 0.0816667 0.605 0.934656
  3.93056 805.481 0.055 0.0816667 0.605 0.938742
  3.94444 795.787 0.0515 0.0805 0.606 0.954543
  3.95833 794.73 0.0483333 0.0783333 0.606667 0.948108
  3.97222 805.882 0.045 0.075 0.608333 0.936036
  End: C 3.97306
Bub 28535 0.00699745
  Start: N 3.76583
  3.77778 484.998 0.209527 0.210505 0.677032 0.908511
  3.79167 487.45 0.213614 0.209828 0.686514 0.901508
  3.80556 487.406 0.216029 0.208486 0.6956 0.905491
  3.81944 478.636 0.219265 0.207222 0.706201 0.910387
  3.83333 476.893 0.221412 0.206932 0.714862 0.912203
  3.84722 479.682 0.223493 0.207147 0.724628 0.904618
  3.86111 482.976 0.225897 0.207361 0.732853 0.907312
  3.86639 482.976 0.226692 0.20786 0.735614 0.894685
  3.875 485.473 0.228532 0.210275 0.742509 0.896822
  3.88889 492.171 0.22951 0.210156 0.748833 0.905982
  3.90278 491.517 0.231298 0.212601 0.75628 0.902286
  3.91667 490.369 0.235908 0.214594 0.763976 0.903431
  3.93056 497.896 0.240369 0.216038 0.769372 0.911314
  End: M 3.93333 30886
Bub 28634 0.00432109
  Start: S 3.77389 28433 28434
  3.77778 767.264 0.0264612 0.332306 0.733539 0.910045
  3.79167 768.536 0.0234038 0.335469 0.73716 0.925342
  3.80556 768.346 0.0221429 0.342262 0.738214 0.87529
  3.81944 766.38 0.0202174 0.348043 0.740072 0.891508
  3.83333 768.179 0.0181963 0.353128 0.743128 0.893404
  3.84722 768.866 0.0182432 0.356937 0.746937 0.885411
  3.86111 767.836 0.0183333 0.361667 0.75 0.891331
  3.86639 767.836 0.0164493 0.363406 0.751377 0.897777
  3.875 766.624 0.0165196 0.364804 0.753431 0.895613
  3.88889 767.132 0.0163889 0.367639 0.756389 0.897739
  3.90278 766.546 0.0161594 0.368623 0.760217 0.921203
  3.91667 768.843 0.015 0.37 0.765 0.915738
  3.93056 774.33 0.015 0.371667 0.766667 0.917812
  3.94444 776.417 0.0161667 0.373667 0.766667 0.900316
  End: C 3.945
Bub 28703 0.00417831
  Start: S 3.78083 28662
  3.79167 798.306 0.147929 0.0567677 0.485253 0.945593
  3.80556 801.262 0.146939 0.0580303 0.486939 0.948819
  3.81944 791.622 0.146412 0.0600847 0.490254 0.951582
  3.83333 799.641 0.146167 0.0625 0.492833 0.965435
  3.84722 790.977 0.146667 0.0663333 0.496333 0.906867
  3.86111 792.332 0.146404 0.0664035 0.499386 0.937385
  3.86639 792.332 0.146667 0.0666667 0.500333 0.872927
  3.875 801.871 0.145351 0.0669298 0.501667 0.973009
  End: C 3.87583
Bub 28815 0.00383421
  Start: S 3.79306 28799
  3.80556 864.596 0.0902941 0.143824 0.640294 0.939388
  3.81944 869.709 0.0848148 0.141528 0.643889 0.90895
  3.83333 864.296 0.0864881 0.136131 0.650179 1.05345
  3.84722 865.444 0.0838235 0.133627 0.653627 0.901968
  3.86111 864.829 0.0816667 0.130714 0.656429 0.902162
  3.86639 864.829 0.0799697 0.129909 0.656697 0.861929
  End: M 3.87389 29928
Bub 28975 0.0041571
  Start: N 3.80833
  3.81944 799.912 0.0165897 0.101308 0.679308 0.879419
  3.83333 799.966 0.0166667 0.0983333 0.678333 0.909208
  3.84722 800.149 0.015 0.095 0.676667 0.916025
  3.86111 800.985 0.015 0.0916667 0.673333 0.919113
  3.86639 800.985 0.015 0.0916667 0.673333 0.915982
  End: C 3.86889
Bub 29142 0.00397903
  Start: S 3.82 29110
  3.83333 831.531 0.313596 0.0402632 0.609386 0.951339
  3.84722 834.717 0.310333 0.0383333 0.603667 0.932005
  3.86111 835.155 0.308333 0.0371739 0.600507 0.844448
  3.86639 835.155 0.306667 0.0383333 0.598333 0.949251
  3.875 831.18 0.306404 0.0372807 0.59693 0.942024
  3.88889 832.173 0.302778 0.0372222 0.593333 0.952289
  3.90278 835.523 0.3 0.0383333 0.591667 0.915824
  3.91667 834.714 0.296667 0.035 0.591667 0.925328
  3.93056 835.292 0.293333 0.035 0.588333 1.16895
  3.94444 835.291 0.293333 0.0316667 0.588333 0.905604
  End: C 3.95417
Bub 29185 0.00451002
  Start: S 3.82278 29088
  3.83333 739.744 0.145281 0.140904 0.671948 0.879995
  3.84722 744.969 0.139257 0.140301 0.677129 0.916293
  3.86111 739.561 0.138333 0.14307 0.687982 0.909965
  3.86639 739.561 0.137308 0.142179 0.691282 0.895854
  3.875 744.982 0.13821 0.14179 0.697469 0.910636
  End: M 3.88444 30079
Bub 29223 0.005469
  Start: M 3.82472 29136
  3.83333 610.552 0.285495 0.0473198 0.630676 0.934966
  3.84722 617.395 0.282811 0.0475622 0.631766 0.937323
  3.86111 617.439 0.2821 0.0469913 0.632641 0.920213
  3.86639 617.439 0.283238 0.0465711 0.632558 0.939396
  3.875 620.132 0.283734 0.0466245 0.633059 0.935431
  3.88889 618.179 0.284461 0.0450735 0.633358 0.92899
  3.90278 626.347 0.286236 0.0452208 0.634183 0.924457
  3.91667 647.129 0.286517 0.0441264 0.63346 0.997649
  End: M 3.92833 30525
Bub 29283 0.00468432
  Start: N 3.82778
  3.83333 710.546 0.0176882 0.177581 0.650878 0.842512
  3.84722 727.202 0.0158602 0.179301 0.64828 0.935681
  3.86111 728.197 0.0124074 0.177593 0.644259 0.927211
  3.86639 728.197 0.0116667 0.179657 0.64348 0.867637
  3.875 707.635 0.0129279 0.183333 0.644685 0.795802
  3.88889 711.839 0.0116667 0.184649 0.640263 0.89262
  3.90278 711.839 0.0124074 0.185159 0.63955 0.843507
  3.91667 708.337 0.0116667 0.186667 0.636667 0.919849
  3.93056 708.753 0.0116667 0.186667 0.638333 1.08377
  3.94444 716.399 0.0116667 0.188333 0.638333 1.01602
  3.95833 710.85 0.010679 0.186975 0.636235 0.936057
  3.97222 705.752 0.013254 0.186587 0.636746 1.0664
  3.98611 705.757 0.0139474 0.186404 0.63693 1.01351
  4 713.335 0.014697 0.185 0.635758 0.906018
  4.01389 713.584 0.0146491 0.185 0.633596 0.924374
  4.02778 712.033 0.0184568 0.184259 0.632284 0.913182
  End: C 4.03278
Bub 29359 0.00471767
  Start: S 3.83111 28069
  3.83333 740.835 0.107526 0.076193 0.695632 0.908233
  3.84722 759.97 0.106905 0.0761905 0.696071 0.914418
  3.86111 705.057 0.105856 0.078018 0.700541 0.912651
  3.86639 705.057 0.107366 0.0774731 0.699516 0.884875
  End: M 3.87028 29934
Bub 29383 0.0124547
  Start: M 3.83222 29062
  3.83333 275.832 0.184634 0.233259 0.726638 0.906389
  3.84722 269.783 0.188894 0.236314 0.740463 0.912035
  3.86111 270.94 0.191756 0.239625 0.750915 0.899822
  3.86639 270.94 0.192185 0.241034 0.75486 0.903051
  3.875 275.467 0.193808 0.243391 0.76089 0.904068
  End: M 3.88583 30092
Bub 29443 0.00397903
  Start: S 3.83611 29355
  3.84722 831.137 0.15307 0.197281 0.69307 0.87924
  3.86111 833.548 0.152222 0.196528 0.699722 1.02456
  3.86639 833.548 0.153095 0.197202 0.703155 0.880493
  3.875 834.633 0.151267 0.195667 0.706067 0.89515
  3.88889 834.084 0.148133 0.192068 0.709699 0.914482
  End: M 3.89889 30237
Bub 29469 0.0051696
  Start: N 3.83778
  3.84722 646.144 0.131507 0.0515867 0.738253 0.841924
  3.86111 647.449 0.130978 0.048587 0.737681 0.884444
  3.86639 647.449 0.130802 0.0456173 0.738333 0.911
  End: C 3.86917
Bub 29509 0.00411402
  Start: N 3.84
  3.84722 809.221 0.330397 0.0851587 0.739444 0.909971
  3.86111 812.706 0.336394 0.0836061 0.738636 0.969663
  3.86639 812.706 0.337051 0.082641 0.740385 0.938537
  3.875 811.506 0.340217 0.0822464 0.738768 0.879829
  End: M 3.8875 30092
Bub 29647 0.0193587
  Start: S 3.84889 29620 29621
  3.86111 192.603 0.186247 0.197506 0.413996 0.968178
  3.86639 192.603 0.185223 0.196975 0.417654 0.966605
  End: C 3.86889
Bub 29652 0.0170949
  Start: S 3.84917 29620 29621
  3.86111 225.606 0.196553 0.205778 0.354103 0.972605
  3.86639 225.606 0.197123 0.206193 0.356815 0.967301
  End: C 3.87083
Bub 29693 0.00411402
  Start: N 3.85111
  3.86111 810.515 0.349286 0.104048 0.717381 0.912907
  3.86639 810.515 0.35 0.103333 0.718333 0.967625
  3.875 806.928 0.350303 0.100455 0.718333 0.88022
  3.88889 815.016 0.351821 0.0998205 0.718897 0.900704
  3.90278 807.574 0.350333 0.100333 0.721667 0.9331
  3.91667 806.933 0.351667 0.1 0.723333 0.923041
  3.93056 817.386 0.351667 0.0983333 0.725 0.912858
  3.94444 812.569 0.351667 0.0969298 0.724649 0.897209
  3.95833 818.612 0.351667 0.0983333 0.728333 0.912484
  3.97222 814.81 0.352778 0.0983333 0.728889 0.89928
  3.98611 826.28 0.352833 0.0983333 0.730333 0.908303
  4 814.133 0.352778 0.0983333 0.732222 0.847897
  4.01389 810.803 0.35414 0.0993548 0.737312 0.906193
  4.02778 813.478 0.352018 0.100263 0.738333 0.940882
  End: C 4.03028
Bub 29694 0.00341392
  Start: N 3.85111
  3.86111 974.331 0.025 0.111667 0.72 0.906977
  3.86639 974.331 0.025 0.11 0.718333 0.938477
  3.875 973.902 0.025 0.111667 0.716667 0.96057
  3.88889 971.136 0.0261111 0.11 0.712778 0.964187
  3.90278 971.074 0.0261111 0.11 0.709444 0.9329
  3.91667 973.851 0.025 0.110333 0.709667 0.895938
  3.93056 974.539 0.025 0.109667 0.707 0.940839
  3.94444 975.362 0.025 0.109667 0.707 0.913188
  End: C 3.94806
Bub 29717 0.00367754
  Start: S 3.85278 29584
  3.86111 903.547 0.110333 0.0436667 0.688333 1.10868
  3.86639 903.547 0.11 0.0433333 0.688333 0.909666
  3.875 899.281 0.11 0.0433333 0.686667 0.767258
  3.88889 905.958 0.111471 0.0433333 0.683039 0.962193
  3.90278 908.39 0.111667 0.045 0.68 1.03723
  3.91667 900.04 0.11 0.0438889 0.677222 0.922504
  3.93056 907.841 0.111471 0.0436275 0.675 0.953591
  3.94444 906.093 0.111384 0.0431356 0.672797 0.919394
  3.95833 902.327 0.111957 0.0431159 0.669928 0.857498
  3.97222 898.894 0.113333 0.0433333 0.666828 0.900192
  3.98611 906.266 0.113177 0.0420833 0.663542 0.922856
  4 906.566 0.112473 0.0424194 0.66 0.915063
  4.01389 908.979 0.111667 0.0414706 0.659706 0.913988
  End: M 4.01861 31818
Bub 29718 0.00454596
  Start: S 3.85278 29584
  3.86111 729.556 0.104216 0.0586471 0.706255 0.913367
  3.86639 729.556 0.104778 0.0586667 0.709444 0.932092
  End: M 3.87028 29934
Bub 29764 0.00638935
  Start: S 3.85722 29161
  3.86111 531.718 0.105184 0.152571 0.642458 0.902479
  3.86639 531.718 0.103624 0.14903 0.64631 0.951338
  End: M 3.87389 29928
Bub 29790 0.0073822
  Start: N 3.86028
  3.86111 459.449 0.131685 0.185467 0.672967 0.900855
  3.86639 459.449 0.130513 0.184428 0.677716 0.906762
  3.875 461.916 0.128333 0.182825 0.683175 0.903375
  End: M 3.87556 30064
Bub 29795 0.00310175
  Start: S 3.86083 25354
  3.86111 1064.93 0.0816667 0.0416667 0.515 1.03043
  3.86639 1064.93 0.0816667 0.0433333 0.513333 0.88652
  End: C 3.86972
Bub 29808 0.00383421
  Start: N 3.8625
  3.86639 856.302 0.163366 0.153758 0.700882 0.858286
  End: M 3.86944 29914
Bub 29812 0.00341392
  Start: N 3.86306
  3.86639 975.227 0.07 0.255 0.731667 0.917847
  3.875 975.227 0.0666667 0.258333 0.731667 0.908091
  End: C 3.88278
Bub 29826 0.00443638
  Start: N 3.86472
  3.86639 740.073 0.1423 0.16597 0.700274 0.89322
  End: M 3.86944 29914
Bub 29832 0.0159972
  Start: M 3.86556 29798
  3.86639 205.239 0.211139 0.211692 0.633647 0.91056
  End: M 3.86778 29933
Bub 29835 0.00458134
  Start: N 3.86611
  3.86639 761.46 0.0994061 0.160556 0.720517 1.00488
  3.875 761.46 0.097381 0.160833 0.7225 0.888927
  3.88889 728.648 0.095 0.161667 0.726667 1.03908
  3.90278 729.802 0.0925641 0.160385 0.730641 1.31461
  3.91667 723.813 0.0879126 0.157913 0.730793 0.875701
  3.93056 724.515 0.0829221 0.15881 0.731407 0.924021
  3.94444 725.178 0.0819027 0.15969 0.73205 0.88348
  3.95833 723.421 0.0773509 0.158825 0.734825 0.908122
  3.97222 723.074 0.0746809 0.158652 0.735709 0.926422
  End: C 3.98139
Bub 29836 0.00310175
  Start: N 3.86611
  3.86639 1073.26 0.165 0.361667 0.745 1.34853
  3.875 1073.26 0.165 0.361667 0.743333 0.898799
  End: C 3.88028
Bub 29838 0.00998235
  Start: N 3.86639
  3.86639 328.905 0.136122 0.187059 0.737778 0.900383
  End: M 3.86667 29914
Bub 29839 0.00341392
  Start: N 3.86639
  3.86639 961.722 0.12 0.0583333 0.751667 0.900383
  End: M 3.86667 29914
Bub 29914 0.00370457
  Start: N 3.87361
  3.875 896.796 0.165 0.149783 0.706812 0.900937
  3.88889 893.85 0.163249 0.139746 0.713588 1.07404
  End: M 3.89556 30237
Bub 29928 0.006251
  Start: S 3.87472 28815 29764
  3.875 537.91 0.102587 0.146946 0.650837 0.913228
  End: M 3.8775 29977
Bub 29929 0.0041571
  Start: S 3.87472 28815 29764
  3.875 799.795 0.0810513 0.12659 0.660385 0.908191
  End: M 3.8775 29977
Bub 29931 0.00306297
  Start: N 3.875
  3.875 1078.72 0.155 0.145 0.721795 0.901274
  End: C 3.87528
Bub 29932 0.0232559
  Start: N 3.875
  3.875 162.983 0.189809 0.20046 0.398894 0.964505
  End: S 3.87667 30081 30097
Bub 29933 0.0160288
  Start: M 3.875 29832
  3.875 242.948 0.211017 0.211558 0.639911 0.913011
  End: M 3.87556 30095
Bub 29934 0.0059439
  Start: M 3.875 29359 29718
  3.875 598.024 0.106456 0.0669474 0.706263 0.982876
  End: S 3.87722 30029 30028
Bub 29939 0.0037575
  Start: N 3.87528
  3.88889 884.623 0.34 0.19 0.735 0.93558
  3.90278 880.349 0.343254 0.193254 0.739921 0.932026
  End: C 3.91389
Bub 29940 0.00492373
  Start: N 3.87528
  3.88889 680.389 0.130648 0.0389815 0.737593 0.933388
  3.90278 685.842 0.129715 0.033374 0.737195 0.885499
  3.91667 688.837 0.128259 0.030037 0.73737 0.884584
  3.93056 692.25 0.125826 0.0264749 0.736445 0.908046
  3.94444 685.268 0.124281 0.0238249 0.736007 0.907559
  3.95833 693.079 0.12076 0.0208824 0.733971 0.887105
  End: M 3.96583 31040
Bub 29947 0.00417831
  Start: S 3.87639 29606
  3.88889 793.992 0.055303 0.0628788 0.627424 0.92898
  End: M 3.89278 30157
Bub 29948 0.0053039
  Start: S 3.87639 29606
  3.88889 638.987 0.0634444 0.0814938 0.638432 0.925487
  End: M 3.89278 30157
Bub 29952 0.00443638
  Start: N 3.87639
  3.88889 749.665 0.13981 0.0679536 0.502257 0.946049
  3.90278 745.455 0.136667 0.07 0.5 0.808336
  3.91667 753.822 0.138333 0.0730702 0.498684 0.955294
  3.93056 755.042 0.13693 0.075 0.498684 0.922831
  End: C 3.93861
Bub 29977 0.00596465
  Start: S 3.87778 29928 29929
  3.88889 561.28 0.0991319 0.140851 0.657031 0.937744
  End: M 3.89611 30263
Bub 29978 0.00395562
  Start: S 3.87778 29928 29929
  3.88889 837.161 0.0768452 0.123869 0.663155 0.91063
  End: M 3.89611 30263
Bub 30003 0.00397903
  Start: N 3.87972
  3.88889 840.241 0.151667 0.0664035 0.645351 0.915914
  3.90278 839.838 0.148333 0.0663333 0.644933 0.910816
  3.91667 836.636 0.146667 0.0664762 0.644762 0.875912
  End: C 3.93
Bub 30020 0.00310175
  Start: N 3.88083
  3.88889 1065.12 0.165 0.365 0.741667 0.90459
  End: C 3.89278
Bub 30025 0.00344524
  Start: N 3.88139
  3.88889 964.818 0.171486 0.176441 0.71518 1.39016
  3.90278 964.786 0.172576 0.177121 0.714848 0.901003
  3.91667 963.201 0.17 0.177108 0.712157 0.9328
  3.93056 976.788 0.168258 0.175152 0.715076 0.915216
  End: M 3.94083 30752
Bub 30028 0.00367754
  Start: S 3.88222 29934
  3.88889 917.837 0.101667 0.0783333 0.705 0.91294
  End: M 3.89194 30266
Bub 30029 0.00495393
  Start: S 3.88222 29934
  3.88889 674.422 0.106424 0.0584545 0.713152 0.900407
  End: M 3.89194 30266
Bub 30063 0.00452806
  Start: N 3.88611
  3.88889 733.363 0.128929 0.17881 0.729762 0.958922
  End: M 3.89083 30229
Bub 30064 0.00818975
  Start: N 3.88611
  3.88889 435.152 0.137582 0.194329 0.75052 0.904116
  End: C 3.89028
Bub 30073 0.00441757
  Start: N 3.88694
  3.88889 759.179 0.140769 0.141667 0.707179 0.901625
  End: C 3.89222
Bub 30079 0.00778565
  Start: N 3.88722
  3.88889 437.965 0.128162 0.174422 0.698084 0.915875
  End: S 3.88944 30237 30227
Bub 30081 0.0195447
  Start: S 3.8875 29932
  3.88889 191.21 0.181024 0.192698 0.433692 0.958155
  End: M 3.89389 30260
Bub 30082 0.00310175
  Start: S 3.8875 29932
  3.88889 1064.97 0.198333 0.258333 0.401667 0.957625
  End: C 3.89222
Bub 30088 0.00359392
  Start: N 3.88778
  3.88889 926.732 0.25 0.205 0.413333 0.824284
  End: C 3.89278
Bub 30092 0.00481497
  Start: N 3.88806
  3.88889 692.649 0.345297 0.0795215 0.741733 0.885772
  3.90278 687.746 0.349722 0.0777778 0.743194 0.879091
  End: C 3.90556
Bub 30095 0.0158899
  Start: M 3.88833 29933
  3.88889 244.246 0.213078 0.210899 0.65017 0.918414
  End: M 3.88917 30118
Bub 30097 0.0170582
  Start: S 3.88889 29932
  3.88889 225.603 0.199578 0.207425 0.370426 0.966435
  End: M 3.89389 30260
Bub 30098 0.00454596
  Start: S 3.88889 29932
  3.88889 727.431 0.22802 0.247784 0.403157 0.966435
  End: M 3.90028 30260
Bub 30118 0.015935
  Start: S 3.89083 30095
  3.90278 243.763 0.214379 0.210661 0.660689 0.915245
  3.91667 245.993 0.213723 0.212023 0.671122 0.909623
  3.93056 247.527 0.212988 0.213243 0.681107 0.913472
  End: S 3.93111 30752 30662
Bub 30122 0.00439861
  Start: N 3.89139
  3.90278 756.091 0.130801 0.177857 0.734264 0.905228
  End: C 3.90556
Bub 30142 0.00310175
  Start: N 3.89333
  3.90278 1065 0.165 0.365 0.738333 0.903472
  End: C 3.91139
Bub 30156 0.00428127
  Start: S 3.89472 29947 29948
  3.90278 774.4 0.0584272 0.0599765 0.626737 0.932909
  End: M 3.9125 30367
Bub 30157 0.00548125
  Start: S 3.89472 29947 29948
  3.90278 621.547 0.0638814 0.0798322 0.638602 0.926124
  End: M 3.9125 30367
Bub 30195 0.00413567
  Start: N 3.89806
  3.90278 822.025 0.0971875 0.283802 0.736198 0.935359
  End: C 3.91
Bub 30227 0.0043602
  Start: S 3.9 29443 29914 30079
  3.90278 762.471 0.145667 0.187267 0.7154 0.968329
  3.91667 761.798 0.145952 0.184048 0.71881 0.892598
  3.93056 761.845 0.146667 0.183889 0.722222 0.91371
  End: M 3.94194 30752
Bub 30229 0.00452806
  Start: N 3.90028
  3.90278 731.57 0.183175 0.117579 0.718452 0.818342
  3.91667 735.13 0.184208 0.114458 0.724458 0.867629
  3.93056 737.351 0.185 0.111316 0.73307 0.936059
  3.94444 736.675 0.185972 0.108889 0.738611 0.906731
  3.95833 730.94 0.186111 0.106667 0.743889 0.972423
  End: M 3.96472 31129
Bub 30237 0.0085424
  Start: M 3.90056 29443 29914 30079
  3.90278 459.308 0.134687 0.158599 0.712086 0.919494
  End: M 3.90861 30326
Bub 30255 0.00367754
  Start: S 3.90194 30081 30097 30098
  3.90278 901.503 0.255 0.203 0.416333 0.998127
  3.91667 904.965 0.258333 0.2 0.421667 0.951223
  3.93056 902.397 0.264048 0.196429 0.425 0.993934
  3.94444 902.236 0.269667 0.195 0.427 0.965026
  3.95833 909.314 0.272246 0.191667 0.428333 0.861938
  3.97222 903.508 0.276667 0.191667 0.428333 0.959382
  End: C 3.97694
Bub 30260 0.023262
  Start: M 3.90222 30081 30097 30098
  3.90278 165.693 0.187874 0.197785 0.417427 0.958879
  End: S 3.90306 30499 30500
Bub 30262 0.00310175
  Start: N 3.90222
  3.90278 1064.64 0.161667 0.205 0.681667 1.24738
  End: C 3.91139
Bub 30263 0.00621305
  Start: S 3.90278 29977 29978
  3.90278 538.596 0.097043 0.134478 0.662604 0.907833
  End: M 3.91611 30390
Bub 30264 0.0043602
  Start: S 3.90278 29977 29978
  3.90278 760.922 0.0767333 0.122067 0.668289 0.907833
  End: M 3.91611 30390
Bub 30265 0.00397903
  Start: S 3.90278 30028 30029
  3.90278 840.786 0.102018 0.0769298 0.708333 0.911593
  3.91667 833.419 0.100333 0.0763333 0.711667 1.05941
  3.93056 831.541 0.100333 0.0733333 0.713667 0.857662
  End: M 3.93972 30627
Bub 30266 0.00495393
  Start: S 3.90278 30028 30029
  3.90278 673.059 0.106545 0.0580303 0.716394 0.911593
  3.91667 671.511 0.10478 0.0551465 0.719945 0.915175
  3.93056 671.651 0.105628 0.0534153 0.722596 0.930993
  End: M 3.93972 30627
Bub 30295 0.00411402
  Start: N 3.90611
  3.91667 803.887 0.143254 0.309921 0.740079 0.837567
  3.93056 805.032 0.147264 0.306132 0.743428 0.893227
  3.94444 814.746 0.148333 0.306667 0.748333 0.900706
  3.95833 807.599 0.143333 0.308333 0.751667 0.991414
  End: M 3.95944 31159
Bub 30300 0.00456372
  Start: N 3.90639
  3.91667 725.893 0.353101 0.0749612 0.745271 0.948299
  3.93056 726.733 0.354934 0.0740759 0.746023 0.904559
  3.94444 729.881 0.355659 0.0731685 0.746832 0.909219
  3.95833 730.524 0.357188 0.0703125 0.746875 0.918912
  3.97222 728.753 0.358556 0.0695556 0.746444 0.909357
  3.98611 725.552 0.356852 0.065 0.745741 0.901148
  End: M 3.98889 31567
Bub 30325 0.00486217
  Start: M 3.90889 25855
  3.91667 732.145 0.378173 0.110962 0.504327 0.970721
  End: M 3.92111 30507
Bub 30326 0.00842985
  Start: M 3.90889 30237
  3.91667 470.368 0.138831 0.148352 0.721593 0.896028
  End: M 3.92028 30495
Bub 30334 0.0037575
  Start: N 3.91056
  3.91667 883.94 0.1 0.285 0.736667 0.888773
  3.93056 881.536 0.1 0.287222 0.733889 0.932501
  3.94444 882.532 0.103095 0.288333 0.735952 0.972093
  3.95833 879.582 0.106333 0.29 0.737 0.896318
  End: M 3.95861 31159
Bub 30367 0.00561295
  Start: S 3.91389 30156 30157
  3.91667 601.904 0.062375 0.0777917 0.640083 0.925188
  3.93056 613.489 0.0643789 0.0776501 0.639969 0.926913
  3.94444 626.186 0.0660448 0.07801 0.641368 0.932141
  End: M 3.9575 30882
Bub 30379 0.00434074
  Start: N 3.915
  3.91667 859.22 0.173333 0.24 0.776712 1.05367
  End: C 3.92194
Bub 30381 0.00424068
  Start: N 3.91556
  3.91667 796.44 0.133116 0.177029 0.738333 0.900408
  End: M 3.92028 30495
Bub 30390 0.0065905
  Start: M 3.91611 30263 30264
  3.91667 510.435 0.0895946 0.125772 0.66935 0.930945
  End: M 3.91917 30468
Bub 30394 0.00404765
  Start: S 3.91639 30260
  3.91667 831.651 0.138333 0.178167 0.418667 0.795329
  End: C 3.91833
Bub 30395 0.00452806
  Start: N 3.91667
  3.91667 740.357 0.182976 0.133929 0.751786 0.984921
  End: M 3.91694 30523
Bub 30396 0.00413567
  Start: N 3.91667
  3.91667 908.58 0.20125 0.13974 0.752604 0.984921
  End: M 3.91694 30523
Bub 30398 0.00310175
  Start: N 3.91667
  3.91667 1065.22 0.0583333 0.278333 0.741667 1.91004
  End: C 3.92417
Bub 30468 0.006641
  Start: M 3.92361 30390
  3.93056 535.549 0.0894151 0.121642 0.673692 0.935853
  End: M 3.93472 30611
Bub 30472 0.00341392
  Start: N 3.92389
  3.93056 974.582 0.08 0.211667 0.731667 0.908218
  End: C 3.93139
Bub 30495 0.00891465
  Start: S 3.92639 30326 30381
  3.93056 444.37 0.141282 0.139956 0.729259 0.883672
  End: S 3.93194 30684 30667
Bub 30499 0.0232831
  Start: S 3.92639 30260
  3.93056 165.845 0.186046 0.195215 0.434247 0.956406
  End: M 3.93389 30675
Bub 30500 0.0051696
  Start: S 3.92639 30260
  3.93056 647.725 0.220547 0.17892 0.43372 0.950123
  3.94444 641.254 0.217782 0.177039 0.4377 0.95938
  3.95833 649.639 0.214815 0.177222 0.442593 0.9279
  3.97222 664.081 0.213579 0.176311 0.447568 0.954339
  3.98611 668.038 0.21204 0.176308 0.455249 0.993901
  End: M 3.99889 31578
Bub 30505 0.00367754
  Start: N 3.92667
  3.93056 903.486 0.355 0.193 0.743667 0.977435
  End: M 3.93194 30886
Bub 30507 0.00514185
  Start: M 3.92667 30325
  3.93056 694.377 0.377114 0.111179 0.504268 0.949226
  End: S 3.93194 30545 30546
Bub 30521 0.00445501
  Start: N 3.92833
  3.93056 755.101 0.369792 0.215708 0.734917 0.911901
  3.94444 760.547 0.370606 0.215 0.733788 0.954422
  3.95833 742.803 0.373596 0.213947 0.73307 0.916677
  End: C 3.96222
Bub 30523 0.0058269
  Start: N 3.92861
  3.93056 632.301 0.131536 0.205652 0.762374 0.907347
  End: M 3.93139 30886
Bub 30525 0.00567085
  Start: M 3.92861 29223
  3.93056 621.397 0.287404 0.0439697 0.633808 0.932336
  3.94444 604.855 0.291602 0.0444589 0.636299 0.935404
  3.95833 619.217 0.295154 0.0442325 0.637763 0.937832
  End: M 3.97028 31128
Bub 30527 0.00576105
  Start: N 3.92889
  3.93056 649.312 0.197486 0.136484 0.754345 0.892907
  End: S 3.93389 30886 30689
Bub 30536 0.0051696
  Start: N 3.93083
  3.94444 673.086 0.237747 0.122147 0.753347 0.89832
  End: M 3.94806 30830
Bub 30546 0.00341392
  Start: S 3.93194 30507
  3.94444 973.765 0.388333 0.11 0.508333 0.971682
  3.95833 974.927 0.388333 0.111667 0.506667 0.955361
  3.97222 973.39 0.388333 0.111667 0.506667 0.960035
  End: C 3.98194
Bub 30611 0.00667425
  Start: M 3.93861 30468
  3.94444 520.426 0.0895601 0.116611 0.677639 0.919801
  End: M 3.94806 30884
Bub 30617 0.00390797
  Start: N 3.93917
  3.94444 860.374 0.136111 0.075 0.497778 0.87776
  End: C 3.94917
Bub 30619 0.00424068
  Start: S 3.93944 30118
  3.94444 782.197 0.226449 0.149928 0.688043 1.01961
  3.95833 786.955 0.229622 0.147444 0.6958 0.862226
  3.97222 784.68 0.23 0.140758 0.700909 1.04001
  End: M 3.97389 31397
Bub 30627 0.00567085
  Start: M 3.93972 30265 30266
  3.94444 627.533 0.103121 0.0594242 0.723242 0.903577
  3.95833 625.034 0.104026 0.0553896 0.727792 0.894148
  3.97222 586.527 0.104868 0.0523068 0.731755 0.909858
  End: M 3.97806 31352
Bub 30635 0.0053429
  Start: M 3.94028 12518
  3.94444 647.521 0.355604 0.213261 0.633889 0.901882
  End: M 3.95667 30866
Bub 30662 0.00452806
  Start: S 3.9425 30025 30118 30227
  3.94444 731.399 0.144643 0.183214 0.724524 0.80791
  End: M 3.95 30752
Bub 30665 0.00341392
  Start: N 3.9425
  3.94444 974.002 0.211667 0.135 0.746667 1.11031
  End: M 3.95361 30886
Bub 30667 0.00613575
  Start: S 3.94278 30495
  3.94444 551.332 0.158301 0.113437 0.732735 0.947712
  End: M 3.94722 30886
Bub 30675 0.0233225
  Start: M 3.94333 30499
  3.94444 165.604 0.185951 0.195878 0.444376 0.95566
  End: S 3.94694 30883 30846
Bub 30684 0.00795805
  Start: M 3.94389 30495
  3.94444 478.173 0.133633 0.146045 0.737383 0.933739
  End: M 3.94722 30886
Bub 30685 0.00478297
  Start: M 3.94417 25410
  3.94444 724.055 0.350657 0.338131 0.684798 0.933283
  End: M 3.94639 30795
Bub 30688 0.00380898
  Start: N 3.94444
  3.94444 885.033 0.21 0.228333 0.783333 0.90586
  End: M 3.94472 30886
Bub 30689 0.0041571
  Start: N 3.94444
  3.94444 798.669 0.171359 0.237103 0.779769 0.90586
  End: C 3.94528
Bub 30690 0.00385911
  Start: N 3.94444
  3.94444 877.829 0.211731 0.248269 0.781667 0.90586
  End: M 3.94472 30886
Bub 30752 0.0162842
  Start: M 3.95 30025 30118 30227 30662
  3.95833 248.198 0.208196 0.213388 0.700678 0.908446
  End: S 3.96222 31161 31162
Bub 30817 0.00599555
  Start: S 3.95389 30667 30684
  3.95833 571.681 0.157239 0.104658 0.737154 0.932448
  End: M 3.96472 31129
Bub 30818 0.00544425
  Start: S 3.95389 30667 30684
  3.95833 609.3 0.148858 0.129795 0.739954 0.888903
  End: M 3.96583 31159
Bub 30830 0.0050279
  Start: M 3.95444 30536
  3.95833 697.308 0.240478 0.119899 0.753435 0.895519
  End: C 3.96028
Bub 30836 0.00310175
  Start: N 3.95472
  3.95833 1064.97 0.288333 0.0316667 0.585 0.895318
  3.97222 1067.35 0.286667 0.0294444 0.582778 0.970154
  3.98611 1067.18 0.28348 0.026462 0.579678 0.854596
  4 1070.31 0.280714 0.0230952 0.575 0.880173
  4.01389 1070.96 0.279286 0.0197619 0.571667 0.954625
  End: C 4.025
Bub 30846 0.00373123
  Start: S 3.95556 30675
  3.95833 891.295 0.14656 0.153227 0.455071 0.951361
  End: M 3.96306 31157
Bub 30863 0.00310175
  Start: N 3.95667
  3.95833 1064.82 0.218333 0.131667 0.748333 0.762282
  3.97222 1088.01 0.221667 0.128333 0.748333 0.910053
  3.98611 1070.24 0.226333 0.125 0.747 0.834815
  End: C 3.99111
Bub 30866 0.005469
  Start: M 3.95694 30635
  3.95833 645.799 0.353626 0.212973 0.634077 0.912941
  End: M 3.96222 31141
Bub 30867 0.00310175
  Start: N 3.95722
  3.95833 1064.55 0.115 0.155 0.728333 1.14681
  End: C 3.96194
Bub 30879 0.00367754
  Start: S 3.95778 30675
  3.95833 903.391 0.166333 0.156333 0.438333 1.0652
  End: M 3.95861 31157
Bub 30882 0.0060464
  Start: M 3.95778 30367
  3.95833 572.021 0.0675667 0.0784833 0.642017 0.880522
  End: M 3.9625 31082
Bub 30883 0.0233137
  Start: M 3.95806 30675
  3.95833 166.257 0.185154 0.196346 0.453686 0.953628
  End: M 3.95861 31157
Bub 30884 0.00671535
  Start: M 3.95806 30611
  3.95833 502.106 0.0874453 0.11163 0.681083 0.92739
  End: C 3.95861
Bub 30886 0.00673165
  Start: N 3.95833
  3.95833 491.747 0.189251 0.331703 0.727669 0.905381
  3.97222 495.234 0.190101 0.331021 0.727053 0.900189
  3.98611 496.839 0.19053 0.331372 0.726464 0.909515
  End: M 3.99083 31464
Bub 30990 0.00424068
  Start: N 3.96444
  3.97222 783.336 0.243841 0.221087 0.779928 0.908081
  End: C 3.98417
Bub 31040 0.0052908
  Start: M 3.96611 29940
  3.97222 660.589 0.117761 0.018209 0.732413 0.913843
  End: S 3.97806 31396 31395
Bub 31060 0.0060464
  Start: S 3.96722 30846 30879 30883
  3.97222 575.988 0.154683 0.25875 0.43785 0.971194
  End: C 3.97889
Bub 31115 0.00383421
  Start: N 3.97
  3.97222 865.411 0.116961 0.14951 0.736373 0.921093
  End: C 3.98611
Bub 31116 0.00341392
  Start: N 3.97
  3.97222 974.173 0.03 0.085 0.755 1.03529
  3.98611 977.025 0.0285057 0.0826437 0.753506 0.863601
  End: M 3.98889 31567
Bub 31128 0.005251
  Start: M 3.97056 30525
  3.97222 677.874 0.295992 0.0452545 0.637595 0.893048
  End: M 3.97556 31255
Bub 31129 0.0059543
  Start: M 3.97056 30229 30817
  3.97222 597.1 0.159555 0.0996597 0.745035 0.902915
  End: M 3.9725 31400
Bub 31132 0.00411402
  Start: S 3.97083 30846 30879 30883
  3.97222 810.916 0.143889 0.248492 0.458492 0.972028
  End: C 3.97306
Bub 31141 0.00563625
  Start: M 3.97111 30866
  3.97222 619.678 0.352634 0.212469 0.634733 0.906106
  End: M 3.97278 31391
Bub 31147 0.00424068
  Start: N 3.97167
  3.97222 782.856 0.186159 0.106449 0.749203 0.88419
  End: M 3.9725 31400
Bub 31150 0.0175047
  Start: S 3.97194 30846 30879 30883
  3.97222 216.732 0.192791 0.20558 0.428473 0.9479
  End: M 3.97278 31393
Bub 31153 0.00411402
  Start: N 3.97194
  3.97222 810.985 0.243571 0.119286 0.755952 0.893053
  End: M 3.97278 31400
Bub 31157 0.0191218
  Start: S 3.97222 30846 30879 30883
  3.97222 197.328 0.179892 0.183733 0.490456 0.947925
  End: M 3.9725 31393
Bub 31158 0.00428127
  Start: S 3.97222 30846 30879 30883
  3.97222 782.162 0.184624 0.257535 0.462136 0.947925
  End: M 3.9725 31393
Bub 31159 0.00449183
  Start: N 3.97222
  3.97222 740.73 0.37565 0.213455 0.732398 0.904418
  3.98611 745.595 0.378333 0.208333 0.726667 1.06328
  End: C 3.9975
Bub 31161 0.0159162
  Start: S 3.97222 30752
  3.97222 251.457 0.211534 0.215114 0.70658 0.909767
  End: M 3.9725 31397
Bub 31162 0.005975
  Start: S 3.97222 30752
  3.97222 613.771 0.148782 0.177245 0.720959 0.909767
  End: M 3.9725 31397
Bub 31163 0.00310175
  Start: S 3.97222 30752
  3.97222 1064.85 0.175 0.231667 0.741667 0.909767
  End: M 3.9725 31397
Bub 31187 0.00397903
  Start: N 3.97333
  3.98611 831.501 0.0397368 0.0697368 0.603947 0.949956
  End: C 3.99972
Bub 31216 0.00479902
  Start: S 3.975 31150 31157 31158
  3.98611 700.708 0.161833 0.137367 0.441033 0.965622
  End: M 3.98722 31578
Bub 31294 0.0053429
  Start: M 3.97944 18281 26404
  3.98611 626.293 0.318478 0.0461594 0.526232 0.951919
  End: S 3.98889 31523 31522
Bub 31359 0.00476681
  Start: S 3.98389 31150 31157 31158
  3.98611 768.11 0.14619 0.152551 0.454762 0.928938
  End: S 3.98667 31578 31476
Bub 31365 0.00656495
  Start: M 3.98417 31161 31162 31163
  3.98611 552.3 0.150313 0.176771 0.717552 0.902162
  4 571.007 0.149241 0.175565 0.718914 0.916573
  End: M 4.0125 31763
Bub 31384 0.0041571
  Start: N 3.98528
  3.98611 811.859 0.249308 0.112949 0.753513 0.889854
  End: C 3.99056
Bub 31385 0.0177525
  Start: S 3.98556 31150 31157 31158
  3.98611 215.446 0.19212 0.208454 0.437388 0.952269
  End: M 3.98667 31577
Bub 31386 0.00310175
  Start: S 3.98556 31150 31157 31158
  3.98611 1064.64 0.138333 0.248333 0.455 0.999533
  End: M 3.9875 31577
Bub 31391 0.00545665
  Start: M 3.98583 31141
  3.98611 667.926 0.351803 0.21398 0.632415 0.89004
  End: S 3.98667 31407 31408
Bub 31393 0.0189336
  Start: S 3.98611 31150 31157 31158
  3.98611 198.559 0.179763 0.182477 0.499538 0.949679
  End: M 3.98639 31578
Bub 31394 0.00495393
  Start: S 3.98611 31150 31157 31158
  3.98611 705.027 0.184697 0.251697 0.486697 0.949679
  End: M 3.98639 31578
Bub 31395 0.00310175
  Start: S 3.98611 31040
  3.98611 1064.83 0.115 0.0116667 0.718333 1.01741
  End: C 3.99333
Bub 31397 0.0157989
  Start: S 3.98611 30619 31161 31162 31163
  3.98611 255.545 0.21064 0.217606 0.714547 0.907577
  4 256.641 0.211203 0.222349 0.721901 0.899015
  End: M 4.00139 31755
Bub 31398 0.00310175
  Start: S 3.98611 30619 31161 31162 31163
  3.98611 1064.52 0.168333 0.231667 0.748333 0.907577
  4 1071.4 0.165 0.237 0.756333 0.895012
  4.01389 1086.63 0.158333 0.241667 0.761667 0.874031
  End: C 4.02278
Bub 31400 0.00454596
  Start: N 3.98611
  3.98611 733.678 0.0730392 0.160216 0.737392 0.902467
  End: M 3.98694 31567
Bub 31401 0.00430127
  Start: N 3.98611
  3.98611 779.886 0.101944 0.131944 0.761667 0.902467
  End: C 3.98667
Bub 31467 0.00341392
  Start: N 3.99167
  4 973.747 0.23 0.121667 0.748333 0.906189
  End: C 4.00139
Bub 31476 0.00561295
  Start: S 3.99222 31216 31359 31393 31394
  4 637.794 0.129542 0.198271 0.462604 0.943959
  4.01389 629.694 0.128136 0.198802 0.466259 0.9604
  End: M 4.02083 31931
Bub 31498 0.00310175
  Start: N 3.99389
  4 1064.66 0.115 0.0116667 0.715 1.00358
  End: C 4.00194
Bub 31567 0.00310175
  Start: N 3.99889
  4 1064.5 0.105 0.138333 0.748333 1.07232
  End: C 4.00028
Bub 31577 0.0178224
  Start: M 3.99972 31385 31386
  4 216.305 0.192135 0.209718 0.445543 0.95255
  End: S 4.00083 31913 31757
Bub 31578 0.0190673
  Start: M 3.99972 30500 31216 31359 31393 31394
  4 194.958 0.180638 0.185167 0.508095 0.950354
  End: S 4.00028 31761 31746
Bub 31580 0.00452806
  Start: M 4 31216 31359 31393 31394
  4 779.596 0.166667 0.136905 0.447381 1.00631
  End: M 4.00417 31761
Bub 31581 0.00310175
  Start: N 4
  4 1065.2 0.138333 0.161667 0.455 2.26605
  End: C 4.00417
Bub 31589 0.00367754
  Start: N 4.00028
  4.01389 904.938 0.0363333 0.0616667 0.606333 0.931821
  End: C 4.02
Bub 31674 0.00367754
  Start: N 4.00667
  4.01389 905.107 0.201667 0.0403333 0.749667 0.909044
  End: C 4.02
Bub 31724 0.00411402
  Start: S 4.01167 31578 31580
  4.01389 852.087 0.156429 0.131667 0.484048 1.02228
  4.02778 848.916 0.155 0.131667 0.483333 0.977226
  End: S 4.03083 31990 31991
Bub 31746 0.0050279
  Start: S 4.01333 31578 31580
  4.01389 728.073 0.208101 0.173348 0.470913 1.09753
  End: S 4.01611 31904 31903
Bub 31755 0.016
  Start: M 4.01361 31397
  4.01389 253.232 0.209648 0.225023 0.728845 0.896283
  End: M 4.01583 31929
Bub 31757 0.00310175
  Start: S 4.01389 31577
  4.01389 1065.55 0.155 0.241667 0.431667 0.948045
  End: M 4.01417 31913
Bub 31759 0.0037575
  Start: N 4.01389
  4.01389 884.973 0.0683333 0.21 0.74 0.89802
  End: C 4.01417
Bub 31760 0.00317652
  Start: N 4.01389
  4.01389 1062.11 0.365575 0.0685632 0.761667 0.89802
  End: C 4.01417
Bub 31761 0.0187099
  Start: S 4.01389 31578 31580
  4.01389 199.461 0.178547 0.185659 0.519832 0.943057
  End: M 4.01444 31932
Bub 31762 0.00310175
  Start: S 4.01389 31578 31580
  4.01389 1064.9 0.185 0.241667 0.515 0.943057
  End: M 4.01444 31932
Bub 31903 0.00365009
  Start: S 4.025 31746
  4.02778 909.909 0.209697 0.163561 0.471742 0.90197
  End: C 4.03194
Bub 31913 0.0176939
  Start: M 4.02583 31577 31757
  4.02778 215.86 0.195241 0.209933 0.462891 0.94252
  End: M 4.02944 31949
Bub 31929 0.0159088
  Start: M 4.02722 31755
  4.02778 257.234 0.210322 0.228911 0.735627 0.893699
  End: M 4.03028 31965
Bub 31931 0.0049689
  Start: M 4.0275 31476
  4.02778 718.099 0.129865 0.199775 0.463559 0.989056
  End: M 4.02917 31964
Bub 31932 0.0186211
  Start: M 4.0275 31761 31762
  4.02778 198.007 0.17823 0.186996 0.531531 0.942298
  End: S 4.02889 31987 31941
Bub 31934 0.00541925
  Start: N 4.02778
  4.02778 652.521 0.369306 0.305556 0.75794 0.896155
  End: M 4.02806 31954
Bub 6033 0.00501325
  Start: N 2.01167
  2.01389 661.434 0.0211404 0.287982 0.741637 0.634235
  2.02778 670.833 0.0204545 0.289394 0.739242 0.95462
  2.03306 670.833 0.0193678 0.289368 0.737414 0.903263
  2.04167 660.641 0.0153153 0.290405 0.733333 0.928484
  2.05556 743.8 0.0127395 0.293199 0.731092 0.826537
  2.06944 661.182 0.0102941 0.292843 0.733627 0.896161
  2.08333 661.635 0.0102941 0.292843 0.733627 0.969018
  2.09722 661.635 0.0105556 0.293056 0.731944 0.914136
  2.11111 658.214 0.00974886 0.292763 0.731484 0.931627
  2.125 658.214 0.0106118 0.294156 0.731751 0.90238
  2.13889 804.123 0.0114198 0.294877 0.729815 0.926155
  2.15278 804.123 0.0118 0.295533 0.727533 0.935571
  2.16667 660.644 0.0150641 0.295609 0.722372 0.824199
  2.18056 660.93 0.0152667 0.293 0.719933 0.921706
  2.19444 662.399 0.015404 0.294293 0.714798 0.920441
  2.19972 662.399 0.0155797 0.293406 0.713841 0.92848
  2.20833 663.408 0.016982 0.294775 0.709009 0.914755
  2.22222 663.915 0.0184082 0.29485 0.7047 0.917048
  2.23611 672.403 0.0196465 0.294158 0.701465 0.898206
  2.25 667.065 0.0212807 0.293982 0.698298 0.928136
  2.26389 668.14 0.02133 0.293889 0.695539 0.901572
  2.27778 666.228 0.0223725 0.294569 0.692569 0.930059
  2.29167 661.851 0.0224074 0.293148 0.692037 0.956733
  2.30556 661.259 0.0216667 0.293333 0.69 0.952861
  2.31944 664.908 0.0231685 0.293168 0.688736 0.922016
  2.33333 667.836 0.0232099 0.292994 0.688457 0.951864
  2.34722 665.835 0.0230533 0.294173 0.686147 0.977553
  2.36111 662.052 0.0240625 0.295104 0.682396 0.872329
  2.36639 662.052 0.0241358 0.294877 0.68216 0.926438
  2.375 663.269 0.0247748 0.295856 0.682117 0.938924
  2.38889 664.994 0.0246491 0.295 0.67693 1.16496
  2.40278 670.046 0.0270619 0.296031 0.675722 0.938297
  2.41667 665.768 0.0269048 0.296548 0.671548 0.926728
  2.43056 662.29 0.0282864 0.296878 0.668427 0.919346
  2.44444 660.451 0.0288947 0.298474 0.665035 0.971861
  2.45833 665.264 0.0291892 0.299189 0.66 0.891854
  2.47222 669.161 0.0306078 0.298686 0.65649 0.953301
  2.48611 665.731 0.0343182 0.296098 0.654394 0.884989
  2.5 664.271 0.0354955 0.295495 0.652613 0.878703
  2.51389 670.082 0.0375 0.295463 0.649969 0.863688
  2.52778 666.307 0.0364286 0.293333 0.647381 0.92865
  2.53306 666.307 0.0368519 0.291667 0.647963 1.03604
  2.54167 662.407 0.0377519 0.290116 0.648721 0.911621
  2.55556 665.257 0.0414444 0.289778 0.650778 0.928559
  2.56944 664.994 0.0414646 0.285909 0.652879 0.905399
  2.58333 672.267 0.042 0.285333 0.656333 0.930596
  2.59722 666.118 0.0401852 0.282778 0.660185 0.972813
  2.61111 664.749 0.0377341 0.282715 0.663277 0.928645
  2.625 671.925 0.0347333 0.283667 0.665 0.97794
  2.63889 674.316 0.0316319 0.284792 0.663785 0.916358
  2.65278 661.153 0.0283333 0.28523 0.663046 1.2117
  2.66667 671.4 0.025 0.2854 0.6606 0.966965
  2.68056 668.915 0.0229333 0.287333 0.6563 0.926387
  2.69444 664.602 0.0223927 0.291832 0.649158 0.89363
  2.69972 664.602 0.0221 0.294333 0.645467 0.913265
  2.70833 665.015 0.0226812 0.29471 0.640942 0.966822
  2.72222 665.675 0.0226389 0.297778 0.637361 0.955893
  2.73611 663.41 0.0242553 0.301525 0.63117 0.923388
  2.75 661.506 0.0247619 0.305 0.626905 0.925785
  2.76389 665.884 0.0259058 0.308261 0.623551 0.921457
  2.77778 667.25 0.0272101 0.311522 0.620109 0.906582
  2.79167 680.223 0.0293182 0.313864 0.618068 0.935829
  2.80556 684.415 0.0320238 0.314048 0.615952 0.930254
  2.81944 662.234 0.0380556 0.312778 0.619722 0.916294
  2.83333 660.405 0.0388144 0.313694 0.621186 0.912391
  2.84722 661.319 0.0400633 0.313397 0.625084 0.905324
  2.86111 661.669 0.04 0.315351 0.629737 0.920259
  2.86639 661.669 0.0397368 0.317982 0.63 0.910451
  2.875 662.789 0.04 0.318889 0.630556 0.928026
  2.88889 659.958 0.0402632 0.32307 0.630614 1.01331
  2.90278 661.445 0.0400667 0.327933 0.630333 0.915943
  2.91667 663.71 0.0407576 0.332424 0.63 0.97799
  2.93056 666.004 0.0404444 0.339111 0.63 0.960157
  2.94444 665.44 0.0401613 0.344032 0.629839 0.972327
  2.95833 661.897 0.0417778 0.348889 0.625778 0.922958
  2.97222 667.258 0.042457 0.352766 0.621564 0.908461
  2.98611 666.55 0.0411053 0.353596 0.620368 0.953261
  3 666.713 0.0383333 0.355167 0.618667 0.957177
  3.01389 667.443 0.0386559 0.357437 0.614211 0.824541
  3.02778 661.38 0.0410714 0.359762 0.607857 0.947031
  3.03306 661.38 0.04125 0.359886 0.607462 0.916624
  3.04167 666.214 0.0410643 0.362871 0.603193 0.913023
  3.05556 674.078 0.0428788 0.364798 0.600354 0.933307
  3.06944 674.989 0.0415591 0.366828 0.597151 0.944532
  3.08333 688.592 0.0437255 0.36951 0.594804 0.92844
  3.09722 687.252 0.0438994 0.372484 0.59173 0.933178
  3.11111 707.076 0.045 0.373333 0.59 0.941103
  3.125 676.704 0.0463043 0.375906 0.587826 0.99027
  3.13889 669.865 0.0455051 0.376582 0.583855 0.912424
  3.15278 665.222 0.0464286 0.379881 0.579881 0.950222
  3.16667 662.887 0.0460175 0.381211 0.576088 0.886051
  3.18056 661.224 0.0468721 0.382306 0.570205 0.939131
  3.19444 661.55 0.0475641 0.384487 0.566026 0.929254
  3.19972 661.55 0.0469444 0.385278 0.563889 0.921646
  3.20833 663.35 0.0478514 0.386687 0.561104 1.00705
  3.22222 661.747 0.0482394 0.38669 0.556643 0.92082
  3.23611 660.312 0.0469444 0.386806 0.552222 0.928635
  3.25 660.387 0.0469444 0.386806 0.548889 0.972804
  3.26389 660.938 0.0468018 0.386802 0.545225 1.01761
  3.27778 661.548 0.0466034 0.38673 0.541751 0.996474
  3.29167 661.752 0.0455063 0.383523 0.541076 0.949125
  3.30556 665.885 0.0443074 0.383398 0.537771 0.937364
  3.31944 668.78 0.0435374 0.384558 0.536054 0.9507
  3.33333 675.26 0.0449561 0.383991 0.533421 0.95045
  3.34722 669.027 0.0447619 0.383929 0.532262 0.955404
  3.36111 665.967 0.0442157 0.38451 0.531373 0.902627
  3.36639 665.967 0.0433333 0.385 0.528333 0.960396
  3.375 665.885 0.0433333 0.385 0.528333 0.95329
  3.38889 665.474 0.0433333 0.385 0.525 0.953396
  3.40278 664.372 0.045 0.385641 0.52188 0.949886
  3.41667 661.707 0.0444902 0.38398 0.518255 0.950172
  3.43056 663.542 0.0447333 0.3842 0.514333 0.951651
  3.44444 664.01 0.0447748 0.384279 0.510991 0.954703
  3.45833 663.385 0.0448718 0.383974 0.507564 0.935781
  3.47222 662.133 0.0451606 0.383635 0.504357 0.970748
  3.48611 662.11 0.0447619 0.38369 0.498095 0.961703
  3.5 662.977 0.0449156 0.383945 0.494536 0.95604
  3.51389 664.797 0.0464035 0.385 0.492018 1.01134
  3.52778 662.366 0.046641 0.385821 0.489 0.953868
  3.53306 662.366 0.0466667 0.385 0.488333 0.951665
  3.54167 666.622 0.0466667 0.385 0.485 0.960112
  3.55556 665.835 0.0464035 0.385 0.482018 0.960274
  3.56944 662.789 0.047619 0.38381 0.481786 0.949849
  3.58333 662.612 0.0476104 0.383876 0.478976 0.959204
  3.59722 660.914 0.0476941 0.383539 0.476872 0.962048
  3.61111 662.898 0.0477106 0.383278 0.475513 0.974559
  3.625 661.419 0.0476941 0.383128 0.473128 0.985015
  3.63889 661.501 0.0466 0.381267 0.470333 0.969437
  3.65278 663.773 0.0479545 0.38197 0.469394 0.941897
  3.66667 662.739 0.0479588 0.381479 0.466386 0.965349
  3.68056 660.278 0.0466667 0.381667 0.463889 0.946652
  3.69444 663.724 0.0476316 0.381316 0.462368 0.948344
  3.69972 663.724 0.0471212 0.381364 0.460758 0.963581
  3.70833 661.357 0.0468721 0.378973 0.460205 1.00364
  3.72222 661.439 0.0469444 0.379028 0.456806 0.967813
  3.73611 664.955 0.0483333 0.378636 0.455303 0.956787
  3.75 666.056 0.0483333 0.378333 0.452246 0.957611
  3.76389 661.702 0.0495238 0.37681 0.451762 0.971598
  3.77778 662.064 0.0498315 0.375187 0.448895 0.980726
  3.79167 662.631 0.0524359 0.375 0.448718 0.970562
  3.80556 661.791 0.0532716 0.37216 0.448704 0.967886
  3.81944 662.059 0.0549583 0.370875 0.44975 0.953314
  3.83333 662.672 0.0569192 0.368535 0.447929 0.947496
  3.84722 688.095 0.057093 0.366318 0.448605 0.936179
  3.86111 668.123 0.0600187 0.363614 0.447734 1.0309
  3.86639 668.123 0.06 0.363333 0.448333 1.03897
  3.875 666.079 0.0624026 0.361883 0.447554 0.955269
  3.88889 664.267 0.0635507 0.361232 0.447464 0.977333
  3.90278 665.809 0.0664035 0.361316 0.448333 0.986816
  3.91667 667.173 0.0670155 0.360078 0.44655 0.958528
  3.93056 662.51 0.067963 0.354506 0.446605 0.903083
  3.94444 665.814 0.067589 0.353091 0.445453 0.969571
  3.95833 675.203 0.0659524 0.351537 0.444004 0.945989
  3.97222 664.024 0.0657443 0.350049 0.441926 0.938655
  3.98611 663.421 0.0656149 0.34678 0.441796 0.818697
  4 665.276 0.0650702 0.340158 0.440439 0.973197
  4.01389 662.811 0.0648039 0.336765 0.438608 0.952464
  4.02778 663.335 0.0621765 0.333157 0.438961 0.979377
  4.03306 663.335 0.0620667 0.3326 0.439 0.970286
  End: C 4
Bub 15466 0.00445501
  Start: S 2.62528 15460
  2.63889 749.407 0.3405 0.35 0.67275 0.907686
  2.65278 750.734 0.340375 0.346542 0.670042 0.935819
  2.66667 753.508 0.341292 0.343502 0.666873 0.928112
  2.68056 753.968 0.3405 0.34 0.663 0.947577
  2.69444 748.727 0.341404 0.33661 0.659307 0.954598
  2.69972 748.727 0.341667 0.336404 0.658684 0.966596
  2.70833 746.374 0.341404 0.333951 0.6553 0.952482
  2.72222 747.21 0.342833 0.329333 0.651333 0.912914
  2.73611 750.717 0.345106 0.327766 0.649078 0.90153
  2.75 745.041 0.346944 0.322778 0.644722 0.935129
  2.76389 746.758 0.349 0.319133 0.6406 0.932674
  2.77778 750.653 0.350971 0.316172 0.636172 0.895601
  2.79167 756.938 0.351933 0.311667 0.633933 0.938194
  2.80556 751.358 0.35327 0.31019 0.629852 0.949638
  2.81944 747.112 0.353333 0.306667 0.633333 0.9276
  2.83333 744.997 0.352306 0.303539 0.630205 0.926678
  2.84722 743.171 0.355271 0.299884 0.628605 0.900568
  2.86111 744.833 0.352407 0.296852 0.626806 0.940006
  2.86639 744.833 0.353551 0.29529 0.626594 0.963692
  2.875 743.463 0.353551 0.293261 0.62529 0.933652
  2.88889 743.555 0.353611 0.290278 0.625 0.924177
  2.90278 747.329 0.353523 0.288523 0.622879 0.934998
  2.91667 745.57 0.353167 0.286167 0.6215 0.955042
  2.93056 754.502 0.353583 0.284458 0.618917 0.951545
  2.94444 767.873 0.353775 0.280784 0.619314 0.936583
  2.95833 759.565 0.353621 0.280096 0.616149 0.930431
  2.97222 786.027 0.354283 0.277954 0.61538 0.926374
  2.98611 783.109 0.354259 0.277222 0.61463 0.950027
  3 777.204 0.354558 0.274759 0.616004 0.929609
  3.01389 751.614 0.355 0.272101 0.621087 0.928665
  3.02778 750.634 0.355 0.271471 0.623627 1.01354
  3.03306 750.634 0.355123 0.272284 0.624012 0.922488
  3.04167 749.114 0.354271 0.272292 0.625 0.924599
  3.05556 750.204 0.354903 0.273252 0.62623 0.902776
  3.06944 747.162 0.354091 0.275152 0.629545 0.93451
  3.08333 751.845 0.355 0.275 0.631667 1.00189
  3.09722 745.491 0.353333 0.276667 0.635 0.945803
  3.11111 745.774 0.353506 0.278333 0.639023 0.931838
  3.125 754.427 0.353333 0.277121 0.641667 0.927887
  3.13889 756.109 0.353696 0.279783 0.645 0.980684
  3.15278 750.632 0.353333 0.279815 0.646944 0.912966
  3.16667 749.64 0.351667 0.281087 0.651667 0.93011
  3.18056 741.422 0.35 0.273333 0.65 0.844564
  3.19444 751.797 0.348529 0.274272 0.649566 1.01968
  3.19972 751.797 0.349886 0.272671 0.646872 0.86004
  3.20833 744.59 0.348067 0.2702 0.6434 0.9184
  3.22222 744.727 0.34849 0.26802 0.640176 0.93621
  3.23611 744.044 0.348333 0.265256 0.637308 0.92349
  3.25 744.73 0.347982 0.263333 0.633596 0.946147
  3.26389 750.814 0.349267 0.260867 0.6306 0.932769
  3.27778 754.192 0.351051 0.259565 0.63087 0.953428
  3.29167 748.259 0.353497 0.258431 0.631209 0.916558
  3.30556 744.598 0.355314 0.258255 0.632686 0.909616
  3.31944 755.479 0.355 0.259545 0.633333 0.932817
  3.33333 744.435 0.355 0.26 0.636667 1.07203
  3.34722 745.837 0.353889 0.26 0.638889 0.91678
  3.36111 745.055 0.353397 0.260063 0.641751 0.967994
  3.36639 745.055 0.353161 0.259655 0.643851 0.87079
  3.375 743.842 0.353 0.258333 0.643667 1.18032
  3.38889 743.87 0.351667 0.260062 0.645494 0.913158
  3.40278 745.111 0.35171 0.260325 0.645216 0.972546
  3.41667 748.129 0.351863 0.262412 0.645314 0.928966
  3.43056 753.369 0.350021 0.263642 0.645535 0.920126
  3.44444 750.575 0.349607 0.263839 0.645075 0.922222
  3.45833 764.93 0.347874 0.265 0.64431 0.937373
  3.47222 744.132 0.344383 0.265247 0.643272 0.917077
  3.48611 743.979 0.343539 0.266461 0.642306 0.92182
  3.5 744.138 0.343106 0.265758 0.641742 0.92571
  3.51389 747.289 0.340926 0.265617 0.64142 0.93439
  3.52778 758.361 0.341667 0.265864 0.642284 0.947482
  3.53306 758.361 0.341667 0.266111 0.642407 0.942124
  3.54167 760.946 0.341667 0.266111 0.642407 0.926488
  3.55556 761.58 0.342619 0.267381 0.645 0.921646
  3.56944 759.169 0.343116 0.267029 0.645 0.920517
  3.58333 752.11 0.343095 0.266667 0.645952 0.919152
  3.59722 757.139 0.344365 0.26746 0.645397 0.906589
  3.61111 753.956 0.344735 0.269583 0.644962 0.917575
  3.625 763.716 0.343354 0.270359 0.64597 0.92368
  3.63889 774.764 0.343 0.270333 0.646095 0.953675
  3.65278 759.493 0.343938 0.268805 0.644941 0.971481
  3.66667 777.464 0.342767 0.268366 0.64555 0.933558
  3.68056 785.324 0.342882 0.268059 0.644804 0.924975
  3.69444 801.033 0.344882 0.266059 0.642569 0.922257
  3.69972 801.033 0.342619 0.271667 0.644048 1.29718
  3.70833 748.278 0.341963 0.269741 0.643667 0.903085
  3.72222 752.045 0.341634 0.269771 0.643627 0.917987
  3.73611 747.111 0.341923 0.269231 0.643429 0.905331
  3.75 743.073 0.343333 0.266212 0.645 0.939746
  3.76389 744.447 0.343333 0.265303 0.645909 0.932632
  3.77778 746.666 0.344401 0.2653 0.645375 0.914228
  3.79167 744.526 0.34497 0.260982 0.647113 0.869603
  3.80556 745.775 0.346667 0.259915 0.648504 0.915349
  3.81944 746.487 0.349568 0.257469 0.649198 0.919299
  3.83333 747.987 0.35335 0.257458 0.65032 0.840608
  3.84722 751.128 0.358333 0.258333 0.65 0.934844
  3.86111 744.65 0.36307 0.258684 0.65 0.937421
  3.86639 744.65 0.365 0.261316 0.650263 0.95311
  3.875 746.99 0.36716 0.262136 0.65007 0.933263
  3.88889 741.884 0.37 0.263333 0.65 0.941346
  3.90278 745.344 0.370876 0.264931 0.649021 0.915794
  3.91667 745.494 0.373502 0.264588 0.648071 0.929291
  3.93056 749.598 0.375549 0.265476 0.646832 0.924335
  3.94444 773.914 0.375211 0.26597 0.64462 0.972574
  3.95833 744.983 0.372436 0.266667 0.648077 1.03291
  3.97222 747.593 0.371198 0.26651 0.64651 0.925856
  3.98611 754.543 0.372016 0.266047 0.644109 0.896798
  4 748.678 0.371009 0.266272 0.642281 0.965902
  4.01389 753.389 0.371667 0.265533 0.638867 0.907
  4.02778 752.758 0.371738 0.264929 0.63734 0.922907
  4.03306 752.758 0.371557 0.26456 0.636392 0.914708
  End: C 4
Bub 16082 0.00428127
  Start: S 2.66194 15938
  2.66667 775.046 0.378615 0.0398826 0.646784 0.863546
  2.68056 773.687 0.376667 0.0333333 0.643333 0.925332
  2.69444 773.676 0.376417 0.031 0.638375 0.944532
  2.69972 773.676 0.373889 0.0294444 0.636667 0.972368
  2.70833 774.96 0.373539 0.0268721 0.635639 0.91117
  2.72222 780.594 0.370867 0.0235333 0.633133 0.94374
  2.73611 784.825 0.368333 0.0216667 0.631667 0.976497
  2.75 778.397 0.366643 0.019507 0.628803 0.918665
  2.76389 776.054 0.363788 0.019697 0.62803 0.98378
  2.77778 775.478 0.361308 0.0197692 0.627051 0.914284
  2.79167 775.817 0.358815 0.0212249 0.626727 0.881053
  2.80556 775.413 0.358417 0.0248333 0.626417 0.883142
  2.81944 781.037 0.358333 0.0266667 0.625 1.03098
  2.83333 775.704 0.357982 0.0297368 0.623333 0.907096
  2.84722 778.986 0.35655 0.0315116 0.620233 0.978005
  2.86111 792.981 0.356146 0.0338021 0.616198 0.907487
  2.86639 792.981 0.355248 0.0347163 0.614929 0.789843
  2.875 771.964 0.356667 0.0363333 0.613 0.947623
  2.88889 780.544 0.358684 0.035 0.60693 0.938053
  2.90278 789.092 0.359695 0.034108 0.602746 0.907937
  2.91667 778.68 0.358443 0.0360929 0.596038 0.941182
  2.93056 781.238 0.358616 0.0357345 0.590424 0.920886
  2.94444 776.424 0.361789 0.0349187 0.586301 0.934675
  2.95833 778.515 0.361818 0.0340909 0.579545 0.917417
  2.97222 777.938 0.361818 0.0340909 0.576212 0.944145
  2.98611 774.962 0.362361 0.0336111 0.570278 0.927179
  3 775.442 0.36201 0.0336275 0.566667 0.963318
  3.01389 779.523 0.361184 0.0345652 0.562729 0.930862
  3.02778 776.083 0.361714 0.0334038 0.56007 0.943781
  3.03306 776.083 0.361371 0.0342405 0.559852 0.941076
  3.04167 774.893 0.361667 0.0335714 0.557381 0.940367
  3.05556 776.37 0.361714 0.0334038 0.556737 0.946223
  3.06944 787.418 0.36141 0.0335897 0.554103 0.946014
  3.08333 775.842 0.359667 0.0363333 0.551667 1.20539
  3.09722 777.133 0.361 0.0346 0.5502 0.942585
  3.11111 781.081 0.358333 0.0366667 0.548333 0.944165
  3.125 783.791 0.358485 0.035303 0.545 0.958833
  3.13889 780.6 0.36 0.035 0.541667 0.936959
  3.15278 776.295 0.359667 0.0363333 0.538333 0.97444
  3.16667 780.642 0.358636 0.034697 0.535 0.955736
  3.18056 776.255 0.359667 0.0363333 0.531667 0.952572
  3.19444 775.549 0.358552 0.0364208 0.52724 0.944237
  3.19972 775.549 0.359737 0.0360526 0.526404 0.963722
  3.20833 775.441 0.358578 0.0365196 0.52348 0.948345
  3.22222 774.29 0.358333 0.0366667 0.519545 0.991553
  3.23611 774.881 0.358636 0.0337879 0.515909 0.955854
  3.25 772.221 0.356587 0.0334127 0.513307 0.957678
  3.26389 772.415 0.356587 0.0334127 0.509921 0.943235
  3.27778 775.83 0.355909 0.0333333 0.507576 0.9621
  3.29167 775.697 0.353333 0.0316667 0.506795 0.958311
  3.30556 778.027 0.352879 0.0315152 0.504091 0.946562
  3.31944 786.351 0.350238 0.0297619 0.501667 0.957599
  3.33333 776.27 0.349722 0.0280556 0.500556 0.959346
  3.34722 775.742 0.348056 0.0261111 0.499722 0.927954
  3.36111 775.606 0.345267 0.0252667 0.496733 0.930907
  3.36639 775.606 0.345043 0.0250433 0.496602 0.94658
  3.375 773.312 0.34307 0.0230702 0.493947 0.953731
  3.38889 780.103 0.341316 0.0230702 0.491667 0.990881
  3.40278 777.475 0.340147 0.0220098 0.489265 0.937521
  3.41667 775.357 0.338067 0.0214 0.4866 0.955152
  3.43056 778.26 0.335343 0.0201471 0.482598 0.957409
  3.44444 775.552 0.334641 0.0203846 0.479769 0.971395
  3.45833 777.446 0.331508 0.0203968 0.476111 0.941779
  3.47222 776.111 0.330862 0.0212069 0.47454 0.894346
  3.48611 775.678 0.327857 0.0207143 0.469762 0.965593
  3.5 783.384 0.325 0.0216667 0.465 0.937013
  3.51389 779.263 0.322018 0.0216667 0.46307 0.936344
  3.52778 784.011 0.319507 0.0216197 0.458286 0.956764
  3.53306 784.011 0.3175 0.0214706 0.455735 0.93959
  3.54167 781.898 0.316111 0.0216667 0.454444 0.955929
  3.55556 777.796 0.314179 0.0225897 0.449923 0.956288
  3.56944 775.037 0.309667 0.0216667 0.446333 0.933239
  3.58333 775.154 0.306026 0.0211538 0.444231 0.946371
  3.59722 777.579 0.304111 0.0211333 0.441578 0.966758
  3.61111 775.185 0.3 0.0216667 0.44 0.945698
  3.625 775.478 0.296667 0.0225758 0.43803 0.965004
  3.63889 775.548 0.293529 0.022549 0.438235 0.959129
  3.65278 772.043 0.289667 0.0203333 0.436667 0.971344
  3.66667 775.635 0.286802 0.0201351 0.435225 0.953836
  3.68056 774.855 0.283604 0.02 0.43518 0.967314
  3.69444 771.871 0.283 0.0203333 0.433333 0.964292
  3.69972 771.871 0.281377 0.0202174 0.433841 0.958196
  3.70833 773.076 0.280333 0.02 0.433667 0.959309
  3.72222 772.882 0.277 0.02 0.433667 0.977517
  3.73611 775.407 0.276532 0.0185586 0.433468 0.940541
  3.75 776.462 0.273706 0.0187811 0.433706 0.964514
  3.76389 775.44 0.273082 0.0179224 0.433265 0.924392
  3.77778 775.982 0.270325 0.0176407 0.434307 0.974801
  3.79167 774.736 0.2686 0.0166 0.435267 0.927173
  3.80556 772.316 0.26664 0.0165873 0.436693 0.978173
  3.81944 781.659 0.266667 0.015 0.438333 0.972684
  3.83333 780.114 0.266491 0.0134649 0.442807 0.941775
  3.84722 781.536 0.265556 0.015 0.443889 0.931564
  3.86111 780.041 0.264242 0.015303 0.448333 0.924952
  3.86639 780.041 0.264649 0.015 0.449737 0.960445
  3.875 780.001 0.264649 0.015 0.45307 0.94908
  3.88889 779.787 0.264649 0.015 0.456404 0.948473
  3.90278 775.509 0.263333 0.0166667 0.458333 0.961959
  3.91667 775.585 0.263333 0.0166667 0.461667 0.996249
  3.93056 772.509 0.263333 0.0163333 0.463667 0.981815
  3.94444 771.583 0.263413 0.0165873 0.466587 0.955819
  3.95833 776.354 0.264722 0.0163889 0.469444 0.971782
  3.97222 784.181 0.265 0.015 0.471667 0.946086
  3.98611 777.468 0.265469 0.0134038 0.473826 1.04739
  4 787.075 0.263333 0.015 0.476212 0.95512
  4.01389 795.777 0.263333 0.015 0.478333 0.960765
  4.02778 781.84 0.262708 0.0141667 0.479688 0.899148
  4.03306 781.84 0.263667 0.0138333 0.481667 0.965653
  End: C 4
Bub 18273 0.005197
  Start: S 2.80444 18057 18058
  2.80556 639.87 0.0417192 0.146076 0.666969 0.926301
  2.81944 639.024 0.0406881 0.146927 0.671758 0.988795
  2.83333 640.7 0.0397742 0.147688 0.674699 0.908403
  2.84722 643.648 0.0380937 0.147745 0.679139 0.907642
  2.86111 644.858 0.0363184 0.148582 0.682512 0.938717
  2.86639 644.858 0.0355896 0.148288 0.684569 0.885346
  2.875 645.493 0.0335 0.1485 0.685833 0.900437
  2.88889 647.25 0.0306389 0.148056 0.689139 0.934019
  2.90278 646.202 0.0295082 0.147077 0.693115 0.908008
  2.91667 646.93 0.0268635 0.145367 0.696785 0.958075
  2.93056 650.033 0.0243206 0.144788 0.697208 0.9127
  2.94444 664.062 0.0228195 0.143371 0.698709 0.921916
  2.95833 644.523 0.0227444 0.143596 0.702068 0.936977
  2.97222 645.571 0.0209829 0.141731 0.702949 0.871089
  2.98611 639.438 0.021317 0.141224 0.706538 0.912351
  3 637.027 0.0197325 0.139835 0.708292 0.89358
  3.01389 637.988 0.0204887 0.13683 0.711817 0.915174
  3.02778 638.531 0.020643 0.132218 0.714449 0.960723
  3.03306 638.531 0.0199342 0.133004 0.71432 0.899287
  3.04167 640.267 0.0211458 0.129854 0.714792 0.921571
  3.05556 642.604 0.0218298 0.12451 0.715373 0.903865
  3.06944 643.909 0.0218493 0.121005 0.716187 0.916508
  3.08333 647.295 0.0225231 0.117361 0.717662 0.915424
  3.09722 650.522 0.0242537 0.113035 0.717313 0.920818
  3.11111 647.624 0.0240303 0.109 0.716455 0.912965
  3.125 651.615 0.0248441 0.105448 0.716657 0.904445
  3.13889 645.958 0.0275111 0.101733 0.716489 0.979501
  3.15278 641.203 0.0284722 0.0977083 0.714468 0.916177
  3.16667 641.748 0.0281306 0.0956532 0.715203 0.898792
  3.18056 645.278 0.0290441 0.0923775 0.713554 0.923314
  3.19444 649.026 0.0295517 0.0901264 0.713253 0.912441
  3.19972 649.026 0.0294118 0.0890196 0.713211 0.907677
  3.20833 664.795 0.0302448 0.0869814 0.71204 0.912598
  3.22222 673.339 0.0302258 0.0859462 0.711796 0.903666
  3.23611 645.215 0.030303 0.0846465 0.714141 0.934682
  3.25 637.725 0.0299369 0.0847838 0.715324 0.887859
  3.26389 640.411 0.0288344 0.084281 0.714913 0.894753
  3.27778 640.242 0.0280631 0.0834234 0.714865 0.899086
  3.29167 637.371 0.0262745 0.0823284 0.715368 0.910428
  3.30556 637.422 0.0255839 0.0807908 0.716703 0.906812
  3.31944 637.752 0.0228718 0.0792308 0.718077 0.90136
  3.33333 641.682 0.0226081 0.0773664 0.71757 0.922898
  3.34722 645.144 0.0196948 0.0755399 0.71838 0.91046
  3.36111 651.494 0.0198571 0.0734762 0.719762 0.959565
  3.36639 651.494 0.0190639 0.0721689 0.718539 0.908144
  3.375 652.02 0.0193651 0.0724603 0.720476 0.96573
  3.38889 646.525 0.0189906 0.0694366 0.72007 0.926505
  3.40278 650.179 0.0187107 0.0674738 0.720094 0.881689
  3.41667 651.704 0.0186364 0.0641841 0.719476 0.924438
  3.43056 642.735 0.0169913 0.0628139 0.71881 0.887859
  3.44444 642.158 0.0176174 0.0580872 0.717796 0.908692
  3.45833 645.795 0.0179837 0.0564219 0.71803 0.904334
  3.47222 652.931 0.017953 0.0537919 0.716409 0.908236
  3.48611 656.145 0.0158906 0.0493511 0.714186 0.901727
  3.5 643.665 0.0165801 0.0478139 0.714784 0.899259
  3.51389 652.026 0.0163911 0.0439501 0.71332 0.928493
  3.52778 649.851 0.0171946 0.0428261 0.712495 0.887999
  3.53306 649.851 0.0167989 0.0414021 0.711799 0.918094
  3.54167 649.153 0.0167886 0.0404201 0.710962 0.912586
  3.55556 651.129 0.0168116 0.0375121 0.708913 0.919424
  3.56944 649.542 0.0175952 0.0360714 0.706929 0.918013
  3.58333 649.74 0.0177111 0.0344889 0.705467 0.910714
  3.59722 651.662 0.0179343 0.0325352 0.703685 0.906477
  3.61111 647.98 0.0175 0.0305787 0.701134 0.912725
  3.625 645.755 0.0177187 0.0287825 0.699515 0.909643
  3.63889 645.122 0.0182854 0.0281175 0.697014 0.923717
  3.65278 657.473 0.0175 0.0273485 0.695758 0.939392
  3.66667 648.4 0.0177318 0.0254261 0.69302 0.91836
  3.68056 647.006 0.0184459 0.023964 0.69 0.900449
  3.69444 647.386 0.0174283 0.0235651 0.688488 0.925183
  3.69972 647.386 0.0160499 0.0243701 0.688018 0.909517
  3.70833 644.896 0.0171717 0.0220202 0.685152 0.9231
  3.72222 642.504 0.016875 0.0213657 0.682755 0.913823
  3.73611 644.932 0.0172549 0.0206127 0.680588 0.911252
  3.75 639.674 0.0179262 0.020369 0.677824 0.920676
  3.76389 639.521 0.017515 0.0203094 0.676836 0.879559
  3.77778 638.808 0.0182564 0.0184872 0.673462 0.918067
  3.79167 639.138 0.0163269 0.0188835 0.672605 0.919683
  3.80556 641.126 0.0164159 0.0192478 0.670516 0.90881
  3.81944 640.845 0.0181783 0.0189793 0.667377 0.920509
  3.83333 640.873 0.0181008 0.0187984 0.665853 0.927782
  3.84722 640.878 0.0172973 0.018536 0.663784 0.911544
  3.86111 642.146 0.0167778 0.0182346 0.664235 0.913761
  3.86639 642.146 0.0181373 0.0181155 0.661776 0.93048
  3.875 638.508 0.0180233 0.0181266 0.660633 0.920437
  3.88889 639.128 0.0175455 0.0175859 0.658697 0.919775
  3.90278 641.597 0.01809 0.0172384 0.65629 0.915045
  3.91667 642.786 0.0187381 0.018119 0.653095 0.94022
  3.93056 642.555 0.0189161 0.0173077 0.651527 0.925286
  3.94444 644.118 0.0193873 0.0176961 0.650025 0.930039
  3.95833 644.324 0.0200966 0.0170531 0.646377 0.922966
  3.97222 638.192 0.0200949 0.0171951 0.644783 0.914803
  3.98611 640.756 0.0213889 0.016047 0.641667 0.946785
  4 644.313 0.0216441 0.0162613 0.638514 0.910508
  4.01389 647.879 0.023359 0.0161026 0.635821 0.917606
  4.02778 645.769 0.0235839 0.0154793 0.634346 0.915044
  4.03306 645.769 0.0237664 0.0161549 0.632848 0.993256
  End: C 4
Bub 18994 0.00434074
  Start: S 2.8675 18975
  2.875 769.352 0.157523 0.0171622 0.65473 0.913086
  2.88889 762.196 0.156333 0.0166667 0.649667 0.981012
  2.90278 764.298 0.154506 0.0173457 0.643765 0.939467
  2.91667 770.726 0.151944 0.0180556 0.638333 0.872784
  2.93056 764.33 0.148101 0.0177519 0.63345 0.921186
  2.94444 764.929 0.146884 0.0183333 0.629203 0.927372
  2.95833 770.184 0.143418 0.0217797 0.62161 0.898227
  2.97222 775.764 0.142879 0.0233333 0.615 0.903507
  2.98611 762.444 0.140614 0.0269298 0.609737 0.954055
  3 767.805 0.138333 0.03 0.605 0.968979
  3.01389 768.396 0.137025 0.0322152 0.600401 0.925983
  3.02778 761.359 0.133667 0.0366667 0.596333 0.953923
  3.03306 761.359 0.133642 0.037716 0.594877 0.901982
  3.04167 764.122 0.133545 0.0402113 0.59439 0.940501
  3.05556 764.342 0.130352 0.0431221 0.59162 0.944167
  3.06944 768.471 0.129333 0.0471667 0.588667 0.951147
  3.08333 765.745 0.126667 0.0519737 0.588289 0.926288
  3.09722 763.525 0.125069 0.0552749 0.588196 0.900808
  3.11111 769.551 0.122778 0.0591667 0.585139 0.955302
  3.125 764.329 0.120217 0.0632609 0.58471 0.936837
  3.13889 762.473 0.116751 0.0669209 0.583079 0.914125
  3.15278 764.947 0.116212 0.070303 0.58197 0.937096
  3.16667 764.175 0.114697 0.0749567 0.580065 0.950369
  3.18056 764.062 0.111933 0.0767333 0.5786 0.93002
  3.19444 764.259 0.111042 0.0802083 0.576875 0.918177
  3.19972 764.259 0.11 0.0816667 0.576667 0.943026
  3.20833 763.157 0.10859 0.0832051 0.575513 0.938579
  3.22222 765.344 0.106783 0.0851938 0.574845 0.946171
  3.23611 764.443 0.103841 0.0861594 0.572246 0.919982
  3.25 768.805 0.102807 0.088114 0.572368 0.925755
  3.26389 763.972 0.100641 0.0885897 0.572564 0.938872
  3.27778 763.932 0.0995455 0.0886364 0.574091 0.933134
  3.29167 760.764 0.0980952 0.0882143 0.575 0.939264
  3.30556 767.494 0.0983766 0.0876407 0.577251 0.941764
  3.31944 774.487 0.0978986 0.0877536 0.578333 0.942157
  3.33333 766.657 0.0988889 0.0866667 0.580556 0.920396
  3.34722 775.524 0.0998374 0.0854472 0.582439 0.940225
  3.36111 769.593 0.103095 0.0834524 0.583095 0.89293
  3.36639 769.593 0.1046 0.083 0.583267 0.926207
  3.375 762.382 0.10693 0.0797368 0.580614 0.979056
  3.38889 765.414 0.1086 0.0799333 0.580333 0.9452
  3.40278 767.85 0.112619 0.077381 0.579762 0.950299
  3.41667 764.544 0.115 0.0767949 0.576667 0.895708
  3.43056 763.172 0.118846 0.0764103 0.575256 0.936328
  3.44444 761.483 0.123254 0.0765873 0.573254 0.950438
  3.45833 766.074 0.125909 0.0762121 0.570909 0.931738
  3.47222 769.917 0.126667 0.0783333 0.568333 0.923819
  3.48611 776.705 0.129286 0.0783333 0.566429 0.929523
  3.5 764.928 0.1318 0.0791333 0.561933 0.931328
  3.51389 764.466 0.132241 0.0794828 0.558793 0.894406
  3.52778 764.272 0.131095 0.0801429 0.556524 0.945167
  3.53306 764.272 0.129444 0.08 0.557222 1.02079
  3.54167 764.455 0.131076 0.0800633 0.555506 0.957885
  3.55556 765.859 0.128721 0.0797674 0.555736 0.937993
  3.56944 773.137 0.129091 0.0783333 0.552424 0.935148
  3.58333 773.141 0.128182 0.0783333 0.551364 0.947324
  3.59722 762.274 0.123667 0.0766667 0.550333 1.46601
  3.61111 778.398 0.122971 0.0764493 0.551667 0.950682
  3.625 770.34 0.118333 0.0766667 0.551667 0.92106
  3.63889 764.782 0.113493 0.0754566 0.550205 0.926373
  3.65278 768.459 0.112931 0.0746169 0.551475 0.908684
  3.66667 769.106 0.11243 0.0747189 0.551948 0.95115
  3.68056 774.461 0.112875 0.0737912 0.550165 0.904376
  3.69444 761.968 0.112719 0.0730702 0.54693 1.08403
  3.69972 761.968 0.112576 0.0728788 0.545758 0.910907
  3.70833 766.869 0.112849 0.0730108 0.544785 0.948603
  3.72222 763.835 0.115 0.0762346 0.544506 1.01765
  3.73611 766.471 0.115641 0.0784615 0.544744 0.947824
  3.75 767.901 0.118188 0.0806522 0.544275 0.946882
  3.76389 768.357 0.119848 0.082697 0.543788 1.12457
  3.77778 771.613 0.119444 0.0835185 0.542037 0.938476
  3.79167 771.83 0.122078 0.0868721 0.544361 0.941227
  3.80556 765.162 0.119697 0.0871212 0.544697 1.0023
  3.81944 764.335 0.119595 0.0867117 0.54545 0.836341
  3.83333 764.892 0.119286 0.0892857 0.545476 0.940292
  3.84722 774.544 0.119 0.089 0.547667 0.920688
  3.86111 776.881 0.120507 0.0905072 0.550507 0.937736
  3.86639 776.881 0.121667 0.0888889 0.553889 1.19898
  3.875 766.336 0.122467 0.0894 0.555267 0.927576
  3.88889 769.453 0.125 0.0902632 0.558684 0.972781
  3.90278 764.871 0.126802 0.0903153 0.561441 0.919462
  3.91667 770.415 0.128333 0.0902632 0.564649 0.974217
  3.93056 762.674 0.130641 0.0911538 0.568077 0.956681
  3.94444 762.932 0.133841 0.0931159 0.571957 0.898696
  3.95833 766.181 0.135556 0.0933333 0.573889 0.927036
  3.97222 770.201 0.138276 0.0932759 0.578391 0.935817
  3.98611 767.821 0.139286 0.092619 0.579762 0.949918
  4 767.962 0.142821 0.0941026 0.583077 0.951452
  4.01389 771.735 0.142193 0.0927193 0.583596 0.933765
  4.02778 790.876 0.143816 0.0939035 0.585351 0.928168
  4.03306 790.876 0.147409 0.09467 0.588399 0.876617
  End: C 4
Bub 20085 0.00417831
  Start: M 2.96333 19994
  2.97222 796.099 0.0804545 0.342879 0.693939 0.876547
  2.98611 800.84 0.0816667 0.342778 0.697778 0.912707
  3 799.525 0.0829675 0.342967 0.699187 0.930066
  3.01389 802.335 0.0847222 0.345 0.701944 0.885125
  3.02778 802.093 0.0859957 0.347121 0.703528 0.896809
  3.03306 802.093 0.085681 0.348548 0.703065 0.954873
  3.04167 799.747 0.0860833 0.35025 0.703458 0.942099
  3.05556 809.387 0.0858333 0.3525 0.705 0.905401
  3.06944 804.846 0.0836806 0.35316 0.706771 0.919146
  3.08333 829.526 0.0838095 0.354643 0.708333 0.914102
  3.09722 810.025 0.0833142 0.357605 0.709559 0.912067
  3.11111 797.498 0.0851587 0.360556 0.709603 0.914894
  3.125 801.278 0.0855556 0.361667 0.710556 0.984169
  3.13889 807.533 0.0869048 0.361667 0.710714 0.913096
  3.15278 795.591 0.0878169 0.362793 0.71007 0.917381
  3.16667 796.905 0.0887619 0.363762 0.710143 0.917502
  3.18056 803.479 0.091087 0.365 0.707899 0.906243
  3.19444 797.813 0.0892857 0.366905 0.709286 0.90904
  3.19972 797.813 0.0892029 0.367754 0.708913 0.926285
  3.20833 797.955 0.0892857 0.370238 0.705952 0.973822
  3.22222 818.279 0.0882911 0.372046 0.702342 0.887331
  3.23611 792.371 0.0880435 0.376884 0.696159 0.963725
  3.25 793.072 0.0875641 0.377051 0.69141 0.903104
  3.26389 794.983 0.0881455 0.37716 0.686362 0.900662
  3.27778 794.529 0.0883333 0.377174 0.682826 0.908887
  3.29167 799.257 0.0883333 0.378333 0.681087 0.929519
  3.30556 800.663 0.0886364 0.378333 0.678182 0.903699
  3.31944 798.449 0.0889144 0.379679 0.676957 0.88382
  3.33333 796.934 0.0885 0.380625 0.674583 0.920875
  3.34722 802.769 0.0844203 0.381667 0.674565 0.921927
  3.36111 799.155 0.0846491 0.381667 0.67307 0.898104
  3.36639 799.155 0.0848718 0.382436 0.670897 0.941182
  3.375 795.269 0.0842083 0.382708 0.67125 1.01832
  3.38889 798.916 0.0820175 0.381667 0.67307 0.981203
  3.40278 795.453 0.0811905 0.380714 0.670714 0.920988
  3.41667 793.967 0.0816667 0.380278 0.669722 0.936193
  3.43056 796.06 0.0817123 0.380068 0.666918 0.915879
  3.44444 795.214 0.0833333 0.38 0.665 0.921593
  3.45833 803.403 0.0844203 0.377899 0.661667 0.901906
  3.47222 802.556 0.0844203 0.377899 0.658333 0.923609
  3.48611 797.042 0.085 0.378333 0.656111 0.932048
  3.5 794.868 0.0861594 0.377464 0.653116 0.935022
  3.51389 791.961 0.0861111 0.376667 0.649444 0.913909
  3.52778 797.668 0.0864103 0.375897 0.647179 0.898569
  3.53306 797.668 0.085 0.377222 0.645 0.93336
  3.54167 797.833 0.085939 0.375657 0.644671 0.920212
  3.55556 800.007 0.085 0.37693 0.641316 0.944494
  3.56944 797.672 0.0840909 0.377121 0.641818 0.950082
  3.58333 796.453 0.0859091 0.373333 0.637576 0.926115
  3.59722 794.768 0.085 0.373333 0.636667 0.93257
  3.61111 800.643 0.085 0.373333 0.635 0.976723
  3.625 794.51 0.0858696 0.369783 0.631667 0.933911
  3.63889 798.826 0.0849487 0.368538 0.62859 0.938307
  3.65278 799.228 0.085 0.366404 0.625351 0.934305
  3.66667 796.988 0.0858 0.364733 0.6214 0.915027
  3.68056 795.645 0.086358 0.361543 0.617716 0.885775
  3.69444 802.741 0.0869298 0.36114 0.613947 0.935948
  3.69972 802.741 0.0871111 0.360889 0.611667 0.895045
  3.70833 803.058 0.0884921 0.358175 0.608333 0.960502
  3.72222 794.734 0.0900704 0.355047 0.603263 0.9166
  3.73611 794.732 0.0932126 0.354324 0.600072 0.911395
  3.75 801.542 0.095 0.351061 0.596061 0.930006
  3.76389 798.906 0.0969048 0.349286 0.590714 0.916366
  3.77778 793.651 0.0983333 0.345667 0.586867 0.91087
  3.79167 795.035 0.100072 0.34442 0.582826 0.939332
  3.80556 799.785 0.101667 0.341667 0.58 0.950343
  3.81944 793.751 0.1034 0.3386 0.576867 0.938344
  3.83333 793.907 0.104048 0.335476 0.574048 0.941487
  3.84722 794.206 0.106449 0.333841 0.572536 0.937288
  3.86111 792.361 0.107982 0.33136 0.570132 0.931401
  3.86639 792.361 0.109737 0.330263 0.570614 0.986169
  3.875 793.635 0.109861 0.330278 0.569028 0.935304
  3.88889 794.176 0.111933 0.326467 0.568733 0.947975
  3.90278 791.951 0.113667 0.323333 0.567 0.966334
  3.91667 793.143 0.114708 0.3215 0.566667 0.942953
  3.93056 796.064 0.11537 0.319815 0.565741 0.94194
  3.94444 798.967 0.116843 0.317118 0.564804 0.94146
  3.95833 816.531 0.118333 0.315 0.563333 0.962781
  3.97222 826.874 0.120584 0.313139 0.560498 0.978044
  3.98611 819.815 0.119922 0.312984 0.561047 0.935618
  4 795.133 0.117833 0.310042 0.561583 0.945885
  4.01389 795.014 0.12 0.31 0.561667 0.859562
  4.02778 800.223 0.125 0.308333 0.56 0.957186
  4.03306 800.223 0.125769 0.307949 0.557821 0.933932
  End: C 4
Bub 22340 0.00397903
  Start: S 3.12472 17369
  3.125 839.025 0.0502632 0.355 0.711316 1.08546
  3.13889 834.336 0.0502174 0.359203 0.708333 0.944793
  3.15278 835.13 0.0507143 0.362619 0.704524 0.936361
  3.16667 841.206 0.051626 0.36626 0.699309 0.925877
  3.18056 851.684 0.0524167 0.367667 0.69425 0.91215
  3.19444 869.614 0.0516667 0.370833 0.690833 0.923083
  3.19972 869.614 0.0534946 0.371846 0.684857 0.780569
  3.20833 831.006 0.0565873 0.373254 0.679921 1.00192
  3.22222 833.688 0.0598611 0.374444 0.673472 0.8796
  3.23611 833.52 0.0628261 0.37558 0.667174 0.926657
  3.25 835.063 0.065 0.376667 0.663333 0.904159
  3.26389 838.448 0.0683333 0.37803 0.658636 0.898185
  3.27778 837.764 0.0697664 0.378333 0.656308 0.831985
  3.29167 830.414 0.0734127 0.379921 0.653254 0.977928
  3.30556 835.616 0.0750939 0.379178 0.651667 0.929804
  3.31944 835.494 0.0771212 0.377424 0.649091 0.918634
  3.33333 836.009 0.0772222 0.376944 0.648611 0.922057
  3.34722 836.067 0.0774242 0.377121 0.645758 0.932817
  3.36111 837.633 0.0784615 0.374872 0.645641 0.901053
  3.36639 837.633 0.0795313 0.37474 0.644792 0.930513
  3.375 837.176 0.0795946 0.374955 0.642117 0.923735
  3.38889 838.976 0.0783333 0.376429 0.64119 0.926885
  3.40278 837.779 0.0789726 0.374452 0.638014 0.930096
  3.41667 843.02 0.0783333 0.37558 0.635435 0.930226
  3.43056 841.859 0.0783333 0.37558 0.632101 0.942115
  3.44444 833.414 0.0775333 0.375267 0.629 0.92802
  3.45833 839.151 0.0783333 0.376404 0.625351 0.924782
  3.47222 836.406 0.0774638 0.376449 0.621232 0.932411
  3.48611 833.93 0.0769444 0.376944 0.617639 0.932299
  3.5 835.033 0.0771739 0.376884 0.61413 0.944178
  3.51389 851.696 0.077381 0.378333 0.612619 0.93198
  3.52778 857.508 0.0783333 0.378333 0.61 0.940319
  3.53306 857.508 0.077381 0.378333 0.609286 0.93557
  3.54167 851.112 0.0771212 0.378333 0.606061 0.949042
  3.55556 860.237 0.0770833 0.378333 0.604583 0.927783
  3.56944 832.834 0.079359 0.378846 0.605128 0.92683
  3.58333 830.605 0.08 0.376667 0.603333 0.935581
  3.59722 834.01 0.0816667 0.376667 0.6 0.959265
  3.61111 832.717 0.0831944 0.376806 0.598889 0.93604
  3.625 831.452 0.0860526 0.376404 0.59693 0.927726
  3.63889 832.583 0.0892424 0.376212 0.594697 0.964254
  3.65278 831.29 0.093 0.376333 0.593333 0.969743
  3.66667 833.254 0.0959091 0.376212 0.59197 0.916324
  3.68056 834.517 0.0992424 0.376212 0.588636 0.924298
  3.69444 841.168 0.102804 0.375902 0.588451 0.912059
  3.69972 841.168 0.103951 0.375824 0.586049 0.950987
  3.70833 837.352 0.106852 0.375165 0.585412 0.92684
  3.72222 835.457 0.109719 0.375262 0.581629 0.986255
  3.73611 840.533 0.113333 0.375 0.578333 0.954961
  3.75 841.477 0.115 0.373333 0.575 0.92795
  3.76389 842.26 0.1194 0.3742 0.5706 0.942602
  3.77778 841.204 0.12 0.375 0.567 0.911631
  3.79167 833.077 0.122576 0.376212 0.56197 0.935181
  3.80556 837.323 0.123011 0.376129 0.558065 0.940196
  3.81944 839.03 0.12442 0.375 0.555 0.939354
  3.83333 833.05 0.124697 0.375909 0.552879 0.948693
  3.84722 831.167 0.12693 0.373947 0.550263 0.920222
  3.86111 834.899 0.127857 0.374048 0.549286 0.942534
  3.86639 834.899 0.127963 0.373765 0.54784 0.936099
  3.875 833.332 0.128333 0.373611 0.546944 0.968891
  3.88889 840.508 0.128 0.37481 0.54581 0.926324
  3.90278 836.049 0.129697 0.37197 0.542879 0.952138
  3.91667 835.862 0.129667 0.371267 0.540067 0.942629
  3.93056 851.114 0.131437 0.368908 0.538333 1.0915
  3.94444 836.206 0.13 0.367778 0.537222 0.948151
  3.95833 831.323 0.13 0.366333 0.533667 0.987563
  3.97222 833.59 0.129722 0.364306 0.530278 0.942281
  3.98611 838.941 0.128333 0.362018 0.52693 0.959669
  4 841.698 0.128277 0.361667 0.523249 0.941612
  4.01389 845.204 0.128333 0.361667 0.518333 0.974106
  4.02778 847.487 0.128333 0.360238 0.514048 0.94793
  4.03306 847.487 0.129321 0.360802 0.513272 0.9299
  End: C 4
Bub 22682 0.00430127
  Start: N 3.16083
  3.16667 770.727 0.292778 0.0333333 0.758333 0.895993
  3.18056 770.262 0.296159 0.0319565 0.756884 0.928051
  3.19444 769.544 0.300333 0.0303333 0.756667 0.919383
  3.19972 769.544 0.301667 0.0297368 0.755351 0.907048
  3.20833 772.928 0.303333 0.0295588 0.755637 0.883495
  3.22222 772.295 0.306524 0.0270952 0.754333 0.904335
  3.23611 778.128 0.310256 0.0269231 0.753333 0.882673
  3.25 773.71 0.313638 0.0273005 0.751385 0.88514
  3.26389 773.318 0.315563 0.0269913 0.748939 0.944088
  3.27778 780.383 0.31848 0.027402 0.748039 0.898721
  3.29167 778.181 0.320263 0.0283333 0.745351 0.918307
  3.30556 781.639 0.322377 0.0283333 0.745437 0.901014
  3.31944 784.914 0.326667 0.0283333 0.743333 0.889767
  3.33333 776.97 0.328333 0.0270833 0.74125 0.92888
  3.34722 778.797 0.330556 0.0283333 0.742222 0.90426
  3.36111 777.711 0.33359 0.0269231 0.74 0.887235
  3.36639 777.711 0.334067 0.027 0.739933 0.910547
  3.375 776.93 0.335139 0.0272222 0.740833 0.948934
  3.38889 771.835 0.336667 0.0283333 0.74 0.920571
  3.40278 773.859 0.340026 0.0275128 0.737615 0.927225
  3.41667 772.019 0.341667 0.0266667 0.736667 0.991858
  3.43056 773.4 0.343889 0.0269444 0.735278 0.917584
  3.44444 773.463 0.346033 0.0264085 0.734718 0.885625
  3.45833 784.198 0.347139 0.0273881 0.733308 0.905646
  3.47222 776.768 0.350439 0.0271053 0.731667 0.944495
  3.48611 775.488 0.350714 0.027381 0.732619 0.898184
  3.5 778.58 0.35345 0.0267829 0.730078 0.921855
  3.51389 786.766 0.355049 0.0265196 0.729657 0.897457
  3.52778 781.81 0.356857 0.0264768 0.727194 0.94072
  3.53306 781.81 0.357033 0.0266667 0.727236 0.951107
  3.54167 775.577 0.357917 0.0267708 0.727083 0.870112
  3.55556 775.759 0.36 0.0266667 0.725 0.910282
  3.56944 776.252 0.360263 0.0283333 0.722018 0.925209
  3.58333 768.234 0.36 0.0296667 0.719667 0.905241
  3.59722 770.109 0.362333 0.0281373 0.717549 0.897275
  3.61111 771.062 0.363095 0.0283333 0.715952 0.896358
  3.625 771.135 0.36307 0.0285965 0.714518 0.917512
  3.63889 774.889 0.362778 0.0296032 0.711825 0.911326
  3.65278 774.657 0.362778 0.0284921 0.710397 0.929054
  3.66667 774.361 0.360758 0.0318182 0.706212 0.911243
  3.68056 769.658 0.362826 0.0302174 0.701957 0.87145
  3.69444 775.117 0.361667 0.0305556 0.698333 0.911267
  3.69972 775.117 0.363308 0.0324872 0.697974 0.919884
  3.70833 779.171 0.362917 0.0325 0.69625 0.919959
  3.72222 781.532 0.361667 0.0316667 0.695 0.959959
  3.73611 770.225 0.361667 0.033 0.689667 0.920835
  3.75 770.118 0.361667 0.033 0.686333 0.887931
  3.76389 771.404 0.361667 0.0333333 0.683333 0.913841
  3.77778 776.52 0.361667 0.0335965 0.681316 0.911979
  3.79167 774.103 0.362576 0.0337879 0.678485 0.922111
  3.80556 769.025 0.363333 0.0336667 0.676333 0.931139
  3.81944 769.591 0.36307 0.0360526 0.673596 0.950008
  3.83333 772.231 0.363333 0.035 0.673333 0.919147
  3.84722 770.039 0.36471 0.0361594 0.670217 0.911387
  3.86111 771.647 0.365694 0.0365278 0.669722 0.92001
  3.86639 771.647 0.36558 0.0367391 0.669493 0.927211
  3.875 777.851 0.365 0.0366667 0.668333 0.898998
  3.88889 771.4 0.368333 0.0366667 0.666667 1.07581
  3.90278 771.312 0.37 0.0385135 0.666396 0.945417
  3.91667 769.684 0.369576 0.0366384 0.662966 0.923583
  3.93056 770.888 0.369699 0.0385341 0.661024 0.89881
  3.94444 769.351 0.369667 0.04 0.659667 0.929846
  3.95833 771.699 0.369789 0.0402113 0.657723 0.91468
  3.97222 771.378 0.36993 0.0417136 0.654953 0.923509
  3.98611 776.917 0.368333 0.0416667 0.653333 0.926106
  4 773.627 0.369328 0.0423134 0.649428 0.922603
  4.01389 773.053 0.3685 0.04175 0.646792 0.904501
  4.02778 780.945 0.368333 0.045 0.645 0.921974
  4.03306 780.945 0.368333 0.045 0.643333 0.939153
  End: C 4
Bub 23036 0.00424068
  Start: M 3.20528 22963 22964
  3.20833 792.767 0.0402174 0.0363043 0.526884 1.17719
  3.22222 793.858 0.041087 0.035 0.520652 0.949835
  3.23611 791.294 0.0429167 0.0341667 0.51625 0.953716
  3.25 789.074 0.0450784 0.034451 0.509824 0.951973
  3.26389 789.799 0.0483333 0.0338889 0.506 0.951999
  3.27778 799.362 0.0524587 0.035264 0.503053 0.945617
  3.29167 791.503 0.0541667 0.035 0.497381 0.967998
  3.30556 796.826 0.0571212 0.0359091 0.493939 0.937569
  3.31944 806.697 0.0592857 0.0360714 0.49131 0.960188
  3.33333 805.024 0.060679 0.0362346 0.488827 0.954787
  3.34722 787.281 0.0631481 0.0364815 0.483889 0.981796
  3.36111 782.812 0.065 0.0366667 0.478333 1.02095
  3.36639 782.812 0.0661905 0.0364286 0.477619 0.95692
  3.375 788.745 0.0669167 0.0370417 0.477042 0.965631
  3.38889 788.78 0.0695455 0.0366667 0.473939 0.942545
  3.40278 783.826 0.0715789 0.0365351 0.468465 0.970016
  3.41667 783.736 0.0733539 0.0359053 0.465576 0.94037
  3.43056 786.458 0.0747059 0.0369608 0.461863 0.95852
  3.44444 784.611 0.0765447 0.0353252 0.458699 0.976873
  3.45833 786.307 0.0789869 0.0353268 0.456307 0.941479
  3.47222 791.869 0.0805952 0.0347619 0.451786 0.939061
  3.48611 787.244 0.0826543 0.0332716 0.449691 0.965343
  3.5 788.552 0.0834735 0.0320717 0.446495 0.91573
  3.51389 787.709 0.0859524 0.0311538 0.442546 0.962483
  3.52778 786.982 0.0870952 0.0300476 0.43919 0.947837
  3.53306 786.982 0.0883333 0.0302174 0.439638 0.982088
  3.54167 787.222 0.0895977 0.0285632 0.437759 0.983137
  3.55556 796.633 0.0907692 0.0276923 0.437821 0.916194
  3.56944 787.05 0.0914983 0.0282997 0.43665 0.967103
  3.58333 786.49 0.0933951 0.0265123 0.435586 0.957763
  3.59722 790.929 0.0946416 0.0258961 0.436685 0.967002
  3.61111 790.027 0.0966987 0.025609 0.435737 0.962234
  3.625 792.524 0.0974691 0.0247531 0.434136 0.960891
  3.63889 804.208 0.0985714 0.0238095 0.434167 0.963605
  3.65278 791.723 0.0975076 0.0229205 0.432217 0.930543
  3.66667 789.828 0.0947333 0.022 0.429467 0.966711
  3.68056 791.202 0.0956426 0.0223896 0.428454 0.972238
  3.69444 791.003 0.0956426 0.0220281 0.425361 0.984949
  3.69972 791.003 0.0956426 0.0220281 0.425361 0.964601
  3.70833 779.796 0.0965054 0.016828 0.42 0.99292
  3.72222 783.863 0.0973596 0.0193446 0.417921 0.963899
  3.73611 782.708 0.097381 0.0189286 0.413571 0.923869
  3.75 789.381 0.0974 0.0202 0.410867 0.941464
  3.76389 783.632 0.0983333 0.0196667 0.407 0.973653
  3.77778 784.554 0.0995556 0.0176667 0.405222 0.945775
  3.79167 787.45 0.0995238 0.017381 0.402313 0.970152
  3.80556 791.043 0.0998148 0.0173457 0.400432 0.974527
  3.81944 793.491 0.101882 0.0173656 0.398118 0.974741
  3.83333 788.147 0.103095 0.0169048 0.396667 0.967393
  3.84722 792.684 0.104383 0.0170988 0.395247 0.973063
  3.86111 789.76 0.104091 0.0168939 0.394697 0.961899
  3.86639 789.76 0.10545 0.0173423 0.394414 0.969262
  3.875 790.379 0.106667 0.0175362 0.393551 0.971107
  3.88889 784.44 0.110217 0.0174638 0.392101 0.972662
  3.90278 788.078 0.110502 0.0172088 0.390622 0.956342
  3.91667 790.461 0.112949 0.0191026 0.389103 0.981518
  3.93056 790.96 0.113452 0.0196429 0.38619 0.969633
  3.94444 801.546 0.114134 0.0198918 0.38526 0.97137
  3.95833 792.923 0.115988 0.020679 0.383272 0.956838
  3.97222 789.787 0.116573 0.0211798 0.379757 0.970663
  3.98611 801.293 0.117051 0.0205128 0.37891 0.953548
  4 802.292 0.118086 0.0204321 0.377222 0.967869
  4.01389 793.46 0.117788 0.0220833 0.373686 0.975661
  4.02778 792.878 0.12 0.0222481 0.370853 0.976615
  4.03306 792.878 0.120244 0.0217886 0.371138 0.97623
  End: C 4
Bub 25058 0.00445501
  Start: M 3.41833 25030
  3.43056 744.985 0.221667 0.383333 0.69 0.869874
  3.44444 750.108 0.219341 0.381977 0.686899 0.92242
  3.45833 745.854 0.216868 0.381638 0.684885 0.917263
  3.47222 744.989 0.21523 0.379023 0.682126 0.945046
  3.48611 748.582 0.215 0.378333 0.68 0.943357
  3.5 745.633 0.21536 0.375991 0.676441 0.939036
  3.51389 748.036 0.216135 0.375142 0.673723 0.923453
  3.52778 765.211 0.216481 0.375 0.672037 0.982219
  3.53306 765.211 0.2175 0.374233 0.670533 0.917712
  3.54167 754.625 0.216884 0.375 0.673696 0.858863
  3.55556 746.289 0.215269 0.373871 0.676237 0.900699
  3.56944 751.971 0.218103 0.376494 0.673659 0.916556
  3.58333 745.366 0.216884 0.37587 0.674565 0.949097
  3.59722 745.443 0.215392 0.374706 0.675065 0.901081
  3.61111 744.35 0.21673 0.376603 0.671582 0.914829
  3.625 744.283 0.213397 0.37673 0.668418 0.93139
  3.63889 746.519 0.213602 0.377688 0.666613 0.919713
  3.65278 746.518 0.210306 0.377687 0.663333 0.947093
  3.66667 747.32 0.209444 0.377556 0.659333 0.933412
  3.68056 745.263 0.20875 0.3775 0.655729 0.93645
  3.69444 743.622 0.208205 0.378077 0.651699 0.916778
  3.69972 743.622 0.208294 0.377784 0.650176 0.923546
  3.70833 745.176 0.207904 0.377805 0.648267 0.929621
  3.72222 745.433 0.20681 0.377762 0.644714 0.921412
  3.73611 746.812 0.206414 0.376717 0.641465 0.924853
  3.75 746.989 0.206056 0.376419 0.638201 0.91419
  3.76389 751.136 0.20392 0.376667 0.635586 0.923234
  3.77778 747.968 0.204333 0.373889 0.633111 0.947954
  3.79167 750.888 0.203395 0.373519 0.630123 0.912483
  3.80556 751.068 0.203021 0.372292 0.627396 0.929633
  3.81944 749.591 0.202955 0.371061 0.624735 0.906679
  3.83333 750.154 0.202681 0.369957 0.62213 0.902502
  3.84722 748.398 0.203842 0.369746 0.619548 0.903762
  3.86111 754.313 0.205827 0.368947 0.618493 0.908486
  3.86639 754.313 0.205 0.369048 0.61619 0.923556
  3.875 769.127 0.205303 0.369502 0.616645 0.930149
  3.88889 749.09 0.203021 0.370417 0.617083 0.912852
  3.90278 747.424 0.200596 0.369954 0.615061 0.946753
  3.91667 746.424 0.198444 0.369 0.613 0.927669
  3.93056 746.542 0.194792 0.368125 0.610208 0.95212
  3.94444 742.09 0.191857 0.368619 0.608905 0.931189
  3.95833 742.879 0.188645 0.368551 0.605374 0.906077
  3.97222 753.93 0.185 0.367262 0.601667 0.945708
  3.98611 752.688 0.182396 0.366667 0.599479 0.914748
  4 745.505 0.176954 0.36569 0.594655 0.942751
  4.01389 750.651 0.170816 0.364864 0.590612 0.906765
  4.02778 749.044 0.167 0.365 0.590619 0.894651
  4.03306 749.044 0.166059 0.363442 0.591231 0.943799
  End: C 4
Bub 25467 0.00515575
  Start: S 3.45417 25327
  3.45833 645.317 0.184731 0.0257796 0.677151 0.93803
  3.47222 645.062 0.185 0.0254359 0.675872 0.924359
  3.48611 648.495 0.18514 0.0229487 0.673858 0.926113
  3.5 648.091 0.183288 0.0221689 0.67347 0.921567
  3.51389 645.624 0.183609 0.0206522 0.671812 0.917838
  3.52778 652.12 0.183629 0.0191135 0.670343 0.919566
  3.53306 652.12 0.183322 0.019 0.670264 0.913515
  3.54167 650.562 0.183157 0.0185197 0.670052 0.923169
  3.55556 651.328 0.184581 0.0176625 0.670052 0.905161
  3.56944 658.568 0.184667 0.0171333 0.668844 0.916791
  3.58333 663.897 0.185663 0.0168012 0.66941 0.931462
  3.59722 650.315 0.190931 0.0155411 0.671277 0.88509
  3.61111 649.669 0.19193 0.0145395 0.670373 0.93347
  3.625 662.091 0.191483 0.0147638 0.669042 0.939554
  3.63889 646.676 0.190711 0.0145833 0.668456 0.923076
  3.65278 649.481 0.191812 0.0147101 0.667391 0.922603
  3.66667 652.47 0.191441 0.0150501 0.666554 0.911949
  3.68056 648.389 0.192419 0.0173656 0.665054 0.914541
  3.69444 653.498 0.194783 0.0157692 0.663008 0.9231
  3.69972 653.498 0.194402 0.0166239 0.663889 0.940256
  3.70833 654.378 0.196617 0.0161443 0.661418 0.914397
  3.72222 646.137 0.197063 0.0166667 0.660556 0.920786
  3.73611 649.116 0.19916 0.0147494 0.657406 0.92309
  3.75 651.044 0.199632 0.0141558 0.655606 0.903981
  3.76389 652.869 0.202153 0.0140268 0.652762 0.919319
  3.77778 651.042 0.202464 0.0139614 0.65099 0.913922
  3.79167 658.327 0.203571 0.0129286 0.648905 0.987732
  3.80556 651.155 0.205055 0.0143989 0.647623 0.929689
  3.81944 651.155 0.205405 0.0129279 0.645878 0.902041
  3.83333 647.504 0.206924 0.0142 0.644657 0.85269
  3.84722 647.504 0.209647 0.0149513 0.642299 0.963559
  3.86111 647.504 0.209645 0.0139462 0.642505 0.894112
  3.86639 648.668 0.210143 0.0145143 0.641269 0.921341
  3.875 648.668 0.209637 0.0159774 0.640589 0.931627
  3.88889 646.582 0.210194 0.0159561 0.639264 0.949808
  3.90278 652.793 0.211043 0.0170054 0.637439 0.923989
  3.91667 788.941 0.212239 0.0167587 0.636554 0.914899
  3.93056 646.853 0.212178 0.0171411 0.635535 0.942866
  3.94444 653.802 0.213092 0.0166184 0.634203 0.936576
  3.95833 653.22 0.213672 0.0185677 0.633542 0.918366
  3.97222 644.375 0.212794 0.0197002 0.631115 0.886869
  3.98611 645.236 0.212157 0.0223775 0.629926 0.920947
  4 646.436 0.210923 0.0240476 0.629911 0.921281
  4.01389 647.783 0.211522 0.0256522 0.628116 0.939591
  4.02778 644.792 0.211437 0.0255977 0.628172 0.932509
  4.03306 644.792 0.212249 0.0261655 0.628986 0.921857
  End: C 4
Bub 25661 0.0044735
  Start: S 3.47472 25622
  3.48611 748.375 0.292778 0.376111 0.729444 0.915735
  3.5 745.263 0.293687 0.378232 0.727222 0.912492
  3.51389 741.643 0.292518 0.378191 0.725035 0.875742
  3.52778 744.074 0.292407 0.378951 0.725617 0.937239
  3.53306 744.074 0.292967 0.379367 0.724 0.864657
  3.54167 745.57 0.291667 0.380263 0.722018 0.924164
  3.55556 750.008 0.292378 0.382228 0.721142 0.900871
  3.56944 761.464 0.293133 0.3842 0.717933 0.888498
  3.58333 746.673 0.293447 0.385265 0.716023 0.901474
  3.59722 760.067 0.294286 0.385952 0.714048 0.915182
  3.61111 748.427 0.295238 0.386905 0.709286 0.883694
  3.625 747.773 0.29508 0.387048 0.705482 0.917867
  3.63889 750.044 0.296082 0.387251 0.702403 0.917424
  3.65278 755.065 0.295 0.386905 0.699762 0.914203
  3.66667 749.657 0.295 0.387222 0.697778 0.91621
  3.68056 759.258 0.295 0.387381 0.695952 0.910249
  3.69444 751.549 0.293488 0.38655 0.69314 0.916465
  3.69972 751.549 0.294259 0.386852 0.690926 0.918218
  3.70833 742.975 0.293841 0.386594 0.687754 1.04553
  3.72222 741.404 0.293611 0.386806 0.684444 0.913592
  3.73611 743.436 0.293571 0.385952 0.681071 0.917066
  3.75 743.659 0.293583 0.385667 0.678 0.909104
  3.76389 741.467 0.293718 0.385 0.674615 0.899466
  3.77778 745.83 0.29307 0.385 0.671316 0.939746
  3.79167 742.122 0.291667 0.383519 0.66858 0.930427
  3.80556 746.98 0.291526 0.383421 0.666719 0.915147
  3.81944 740.897 0.29 0.380758 0.664697 0.935363
  3.83333 746.582 0.2905 0.380375 0.66275 0.918404
  3.84722 744.562 0.29 0.377042 0.66 0.913404
  3.86111 748.783 0.292083 0.376023 0.660038 0.905384
  3.86639 748.783 0.291667 0.375 0.658333 0.93744
  3.875 741.99 0.291667 0.373765 0.65784 0.920297
  3.88889 742.587 0.292088 0.37136 0.655038 0.873515
  3.90278 751.145 0.290714 0.37 0.652619 0.921369
  3.91667 753.791 0.291667 0.368067 0.651133 0.901083
  3.93056 756.9 0.291667 0.366667 0.65 0.924363
  3.94444 751.039 0.292407 0.365 0.648333 0.928493
  3.95833 748.421 0.293452 0.36381 0.644286 0.924791
  3.97222 749.565 0.29408 0.362816 0.64454 0.92311
  3.98611 740.946 0.296867 0.360067 0.644733 0.942758
  4 749.556 0.298333 0.358611 0.641944 0.928932
  4.01389 741.35 0.303 0.358067 0.639933 0.969722
  4.02778 747.16 0.306357 0.356888 0.638333 0.855004
  4.03306 747.16 0.308333 0.356954 0.638563 0.923118
  End: C 4
Bub 26175 0.0037575
  Start: S 3.52333 20252
  3.52778 883.556 0.356667 0.03 0.578333 0.907389
  3.53306 883.556 0.356638 0.0295763 0.576299 0.939187
  3.54167 885.525 0.356667 0.0283333 0.571667 0.990347
  3.55556 880.307 0.353418 0.0297458 0.566412 0.912018
  3.56944 881.514 0.353155 0.0298214 0.562798 0.969369
  3.58333 885.082 0.351623 0.0299351 0.559935 0.88403
  3.59722 883.636 0.353 0.0283333 0.556333 0.931699
  3.61111 884.676 0.35197 0.0295455 0.55303 0.923423
  3.625 881.163 0.352673 0.0299686 0.549403 0.943024
  3.63889 881.295 0.350556 0.03 0.546111 0.945649
  3.65278 883.93 0.351667 0.0302381 0.542619 0.947815
  3.66667 888.376 0.350556 0.0316667 0.538333 0.932274
  3.68056 884.953 0.35 0.0333333 0.535 0.93731
  3.69444 884.632 0.351667 0.0333333 0.531667 0.950326
  3.69972 884.632 0.353 0.0336667 0.528333 0.997499
  3.70833 881.997 0.351667 0.0336667 0.527 0.948101
  3.72222 883.004 0.351667 0.0366667 0.523333 0.985533
  3.73611 884.989 0.351667 0.0366667 0.518333 0.951366
  3.75 884.617 0.353 0.0396667 0.515 0.942416
  3.76389 880.1 0.352692 0.040641 0.510385 0.947484
  3.77778 883.285 0.351667 0.0433333 0.506667 0.95326
  3.79167 883.47 0.352879 0.045 0.502955 0.934215
  3.80556 883.46 0.351667 0.047 0.499667 0.955916
  3.81944 888.94 0.351667 0.0494444 0.498333 0.950575
  3.83333 890.677 0.351667 0.0502632 0.495351 0.945747
  3.84722 897.298 0.351667 0.0516667 0.495 0.948551
  3.86111 885.277 0.351667 0.0533333 0.49 1.15043
  3.86639 885.277 0.351667 0.055 0.49 0.936851
  3.875 881.82 0.350333 0.0563333 0.488333 0.943943
  3.88889 883.457 0.351667 0.0583333 0.486667 1.10145
  3.90278 887.558 0.351667 0.06 0.485 0.954699
  3.91667 883.092 0.351667 0.0603333 0.483667 0.946516
  3.93056 892.775 0.351667 0.0618333 0.482 0.954449
  3.94444 884.245 0.351667 0.0636667 0.480333 0.950556
  3.95833 887.186 0.351667 0.065 0.476667 0.940011
  3.97222 882.728 0.350333 0.0663333 0.475 0.950689
  3.98611 885.163 0.35 0.0666667 0.471667 0.982713
  4 880.284 0.35 0.0666667 0.47 0.909733
  4.01389 884.799 0.35 0.0666667 0.468333 0.96363
  4.02778 884.523 0.350385 0.0652564 0.466949 0.935915
  4.03306 884.523 0.346921 0.0665819 0.466412 0.965366
  End: C 4
Bub 26176 0.0051279
  Start: S 3.52333 20252
  3.52778 649.307 0.377404 0.0255191 0.593852 0.945128
  3.53306 649.307 0.378248 0.0252849 0.593775 0.917389
  3.54167 648.832 0.376742 0.0268018 0.593619 0.965518
  3.55556 644.545 0.37761 0.0254403 0.591887 0.934234
  3.56944 646.335 0.376667 0.0250292 0.591988 0.936007
  3.58333 651.779 0.375806 0.025914 0.589355 0.946322
  3.59722 649.725 0.375548 0.0246905 0.588333 0.961876
  3.61111 650.381 0.371982 0.0234777 0.58878 0.929768
  3.625 649.108 0.369261 0.023029 0.587957 0.931998
  3.63889 652.456 0.368088 0.0239216 0.587941 0.943542
  3.65278 650.024 0.365769 0.0224126 0.58514 0.93644
  3.66667 651.609 0.364566 0.023379 0.583265 0.931878
  3.68056 653.887 0.364783 0.0246135 0.58215 0.972019
  3.69444 653.5 0.36204 0.0232284 0.579476 0.931712
  3.69972 653.5 0.362975 0.0235443 0.579768 0.883003
  3.70833 645.9 0.362507 0.0247681 0.57813 0.906774
  3.72222 648.329 0.36145 0.0238618 0.575352 0.93985
  3.73611 647.023 0.361513 0.0237179 0.572692 0.929632
  3.75 651.409 0.362136 0.0232222 0.57021 0.929908
  3.76389 650.646 0.362211 0.0248039 0.566373 0.931937
  3.77778 652.51 0.361687 0.0246951 0.564289 0.918277
  3.79167 653.132 0.36189 0.0250203 0.56187 0.931332
  3.80556 650.333 0.362244 0.0248291 0.559701 0.94567
  3.81944 649.613 0.363869 0.0241369 0.559107 0.919729
  3.83333 653.259 0.362927 0.0256299 0.555551 0.937916
  3.84722 650.366 0.362389 0.0249788 0.553365 0.908719
  3.86111 653.559 0.363099 0.0259375 0.552005 0.943665
  3.86639 653.559 0.362248 0.0250224 0.551331 0.94994
  3.875 650.046 0.362226 0.0261922 0.55028 0.938986
  3.88889 650.282 0.362966 0.0270098 0.548382 0.91319
  3.90278 653.117 0.362608 0.0256107 0.546323 0.920165
  3.91667 648.47 0.363196 0.026315 0.544694 0.946003
  3.93056 654.186 0.362462 0.0260769 0.543026 0.950614
  3.94444 650.163 0.363333 0.0263043 0.539783 0.941063
  3.95833 652.94 0.362458 0.0256235 0.537134 0.936835
  3.97222 649.395 0.363937 0.0265517 0.534454 0.950418
  3.98611 648.416 0.362976 0.0267143 0.531071 0.928165
  4 646.013 0.364314 0.0253922 0.528529 0.952059
  4.01389 646.902 0.364794 0.0261799 0.524971 0.949177
  4.02778 647.638 0.365389 0.0270833 0.52125 0.944265
  4.03306 647.638 0.36473 0.0257207 0.520495 0.964111
  End: C 4
Bub 26405 0.00441757
  Start: S 3.55472 20018 25782
  3.55556 930.926 0.334744 0.00974359 0.671154 0.935028
  3.56944 930.926 0.33546 0.00971264 0.667414 0.930376
  3.58333 930.926 0.337 0.0095 0.665 0.919166
  3.59722 930.926 0.337143 0.0102381 0.660714 0.927963
  3.61111 749.457 0.336318 0.00976744 0.657597 0.925753
  3.625 746.06 0.337696 0.01 0.652892 0.934493
  3.63889 910.696 0.338118 0.0114516 0.648871 0.929536
  3.65278 910.696 0.338895 0.0113509 0.645842 0.910345
  3.66667 754.513 0.339578 0.0115863 0.642108 0.928657
  3.68056 757.029 0.340062 0.0112963 0.639321 0.923345
  3.69444 758.828 0.341354 0.0115625 0.635521 0.945648
  3.69972 758.828 0.342378 0.0119288 0.633427 0.930309
  3.70833 758.828 0.341923 0.0113004 0.632179 0.929318
  3.72222 754.866 0.34351 0.0132745 0.626961 0.914862
  3.73611 752.981 0.344291 0.0134397 0.623759 0.932889
  3.75 754.459 0.346026 0.0135897 0.62 0.93171
  3.76389 752.603 0.346648 0.0144505 0.616392 0.925097
  3.77778 750.448 0.347993 0.0145918 0.613095 0.919825
  3.79167 751.125 0.349756 0.0148374 0.610935 0.924999
  3.80556 749.914 0.350185 0.0147531 0.607963 0.926004
  3.81944 755.189 0.35307 0.015 0.604649 0.969064
  3.83333 763.114 0.353116 0.015 0.602971 0.92377
  3.84722 763.354 0.353333 0.015 0.6 0.939867
  3.86111 759.263 0.355247 0.015 0.596358 0.935608
  3.86639 759.263 0.355476 0.015 0.595143 0.956154
  3.875 763.769 0.356667 0.015 0.593333 0.948923
  3.88889 756.211 0.356667 0.015 0.591667 0.946721
  3.90278 756.87 0.358837 0.0153876 0.589729 0.929297
  3.91667 757.637 0.360148 0.0155907 0.586477 0.925571
  3.93056 762.409 0.360217 0.015 0.583696 0.949341
  3.94444 757.443 0.361389 0.015 0.581389 0.948027
  3.95833 752.909 0.361667 0.0143574 0.578655 0.891486
  3.97222 756.353 0.363333 0.015 0.575 0.960387
  3.98611 756.198 0.363333 0.015 0.571667 0.956908
  4 757.079 0.364722 0.015 0.568056 0.91081
  4.01389 755.937 0.366667 0.015 0.565 0.918076
  4.02778 752.911 0.366884 0.0158696 0.562101 0.919532
  4.03306 752.911 0.366667 0.015 0.56 0.93989
  End: C 4
Bub 26543 0.0069444
  Start: M 3.565 25921
  3.56944 486.856 0.0355941 0.373218 0.712602 0.881897
  3.58333 486.772 0.0346581 0.372473 0.712265 0.909809
  3.59722 489.085 0.0342982 0.373651 0.710603 0.893617
  3.61111 487.418 0.0347048 0.374705 0.709908 0.904529
  3.625 492.907 0.0345105 0.375186 0.708112 0.912842
  3.63889 495.102 0.0352155 0.374316 0.706673 0.912152
  3.65278 498.023 0.0359215 0.376206 0.704135 0.914053
  3.66667 486.559 0.0379785 0.376331 0.704366 0.919097
  3.68056 484.669 0.0391079 0.376079 0.702151 0.916333
  3.69444 484.724 0.0399458 0.376552 0.699609 0.917382
  3.69972 484.724 0.0401399 0.375751 0.699338 0.912527
  3.70833 487.437 0.0402363 0.375585 0.698172 0.915062
  3.72222 483.408 0.0417026 0.377062 0.697218 0.913447
  3.73611 483.693 0.0421964 0.376576 0.694974 0.941567
  3.75 482.939 0.0452036 0.375254 0.695242 0.916913
  3.76389 483.263 0.0465018 0.375965 0.693913 0.912726
  3.77778 483.186 0.049542 0.375153 0.692824 0.93181
  3.79167 486.354 0.0495423 0.37493 0.691643 0.910075
  3.80556 479.64 0.0514547 0.374576 0.69222 0.898872
  3.81944 482.33 0.0529067 0.375213 0.69104 0.920008
  3.83333 483.79 0.0551107 0.374016 0.68944 0.917157
  3.84722 484.813 0.0560731 0.374304 0.689258 0.907664
  3.86111 484.296 0.057401 0.375805 0.689815 0.916351
  3.86639 484.296 0.0582573 0.375051 0.688866 0.915246
  3.875 487.99 0.0597774 0.374207 0.688279 0.907091
  3.88889 488.255 0.062096 0.374085 0.687011 0.917838
  3.90278 489.166 0.0634259 0.375324 0.687292 0.911828
  3.91667 491.929 0.0664432 0.376584 0.687695 0.926412
  3.93056 493.213 0.0685989 0.376726 0.687205 0.919971
  3.94444 478.341 0.071902 0.377745 0.68832 0.918758
  3.95833 479.405 0.0740897 0.378213 0.686847 0.927028
  3.97222 477.094 0.0766231 0.378094 0.687298 0.889544
  3.98611 478.027 0.0796764 0.377247 0.686844 0.92084
  4 476.966 0.0808824 0.375551 0.686189 0.910824
  4.01389 478.748 0.0814881 0.373244 0.686964 0.912586
  4.02778 482.515 0.081285 0.372595 0.684822 0.917827
  4.03306 482.515 0.0815551 0.373401 0.684108 0.915543
  End: C 4
Bub 26683 0.00367754
  Start: S 3.57944 26575
  3.58333 903.998 0.0483333 0.0203333 0.549667 0.944596
  3.59722 903.473 0.0483333 0.02 0.543333 0.932241
  3.61111 904.79 0.0483333 0.02 0.538333 0.953924
  3.625 902.364 0.0483333 0.0183333 0.533333 0.948839
  3.63889 903.168 0.0483333 0.017 0.529667 0.956478
  3.65278 902.235 0.0483333 0.017 0.523667 0.931749
  3.66667 903.955 0.0483333 0.0166667 0.52 0.943607
  3.68056 903.963 0.0495455 0.0162879 0.514924 0.951288
  3.69444 900.793 0.049386 0.0164035 0.509737 0.951444
  3.69972 900.793 0.0483333 0.0166667 0.508333 0.944171
  3.70833 904.957 0.0483333 0.0166667 0.505 0.996825
  3.72222 903.439 0.0496667 0.0163333 0.498333 1.03581
  3.73611 904.745 0.0498936 0.0166312 0.494929 0.913556
  3.75 903.583 0.0496667 0.0163333 0.488333 0.900213
  3.76389 904.661 0.0498936 0.0166312 0.484929 0.943471
  3.77778 904.425 0.0483333 0.0166667 0.478333 0.972117
  3.79167 901.924 0.0483333 0.017 0.473667 0.950399
  3.80556 901.739 0.0483333 0.0195455 0.469621 0.960278
  3.81944 902.778 0.0483333 0.02 0.465 0.938673
  3.83333 903.478 0.0483333 0.02 0.46 0.96752
  3.84722 903.128 0.0483333 0.02 0.456667 0.904406
  3.86111 905.049 0.0497826 0.02 0.451522 0.954592
  3.86639 905.049 0.0499206 0.0200794 0.450079 0.93554
  3.875 902.079 0.0483333 0.0216667 0.446667 0.943774
  3.88889 903.052 0.0496667 0.0216667 0.443 0.991621
  3.90278 903.367 0.05 0.0233333 0.438333 0.986517
  3.91667 901.642 0.0496667 0.0236667 0.435 0.960023
  3.93056 899.912 0.0499206 0.0233598 0.429921 0.99284
  3.94444 900.732 0.0497619 0.0229762 0.426012 0.978495
  3.95833 903.733 0.050037 0.023 0.421593 0.90289
  3.97222 903.424 0.05 0.0216667 0.416667 0.971247
  3.98611 899.284 0.05 0.023 0.413 0.977687
  4 901.235 0.0499057 0.0227358 0.409403 0.961206
  4.01389 899.645 0.0494444 0.0227778 0.406111 1.01805
  4.02778 899.674 0.0497368 0.0230702 0.402719 0.956232
  4.03306 899.674 0.0497368 0.0230702 0.399386 0.975647
  End: C 4
Bub 26684 0.00486217
  Start: S 3.57944 26575
  3.58333 682.728 0.0519872 0.0352244 0.5675 0.926269
  3.59722 680.441 0.0530556 0.0369444 0.565 0.939343
  3.61111 680.902 0.0542628 0.0379167 0.561635 0.946763
  3.625 685.603 0.0543798 0.0394186 0.559574 0.939522
  3.63889 690.77 0.0561111 0.0399495 0.556414 0.942042
  3.65278 697.051 0.0572619 0.0402976 0.552946 0.929503
  3.66667 694.279 0.0574333 0.0395667 0.550633 0.968221
  3.68056 687.541 0.0567216 0.0414469 0.546612 1.0335
  3.69444 690.136 0.0592857 0.0396259 0.54415 0.939812
  3.69972 690.136 0.0596789 0.0401988 0.542798 0.917965
  3.70833 686.447 0.0596939 0.0395238 0.540918 0.925986
  3.72222 680.689 0.0599296 0.0367371 0.538239 1.02763
  3.73611 683.073 0.06 0.0359091 0.534242 0.948606
  3.75 683.204 0.0616667 0.0352941 0.529706 0.941616
  3.76389 683.933 0.0621069 0.0352516 0.525975 0.93857
  3.77778 685.197 0.0616667 0.034596 0.522576 0.960736
  3.79167 687.579 0.0616343 0.0345469 0.519919 0.936828
  3.80556 689.597 0.0615986 0.0348639 0.517007 0.95654
  3.81944 692.641 0.060068 0.035068 0.517177 0.946128
  3.83333 693.276 0.0617117 0.035 0.513649 0.964184
  3.84722 709.046 0.0610185 0.0335185 0.512222 0.946652
  3.86111 696.543 0.0589493 0.0340942 0.513297 0.951352
  3.86639 696.543 0.0589493 0.0340942 0.513297 0.94501
  3.875 701.567 0.0592319 0.0332899 0.513058 0.945119
  3.88889 690.969 0.05924 0.0334533 0.5118 0.947313
  3.90278 689.855 0.057981 0.0328049 0.512019 0.944913
  3.91667 687.246 0.0595946 0.0332883 0.511757 0.928185
  3.93056 685.093 0.0607143 0.0321429 0.510159 0.918585
  3.94444 681.6 0.0612644 0.0308333 0.508333 0.9127
  3.95833 684.72 0.0641667 0.0302174 0.506558 0.934456
  3.97222 683.388 0.0659449 0.0303543 0.504659 0.917287
  3.98611 682.791 0.0682234 0.02837 0.500275 0.983585
  4 682.489 0.0711852 0.0282593 0.496778 0.957648
  4.01389 682.173 0.0744203 0.0281159 0.493551 0.969545
  4.02778 681.263 0.0764414 0.0286937 0.491126 0.913843
  4.03306 681.263 0.0784799 0.0288462 0.489835 0.975813
  End: C 4
Bub 27225 0.00424068
  Start: N 3.64389
  3.65278 948.444 0.00978261 0.0305072 0.448333 0.952929
  3.66667 947.361 0.00833333 0.0316667 0.451667 1.00608
  3.68056 947.361 0.00833333 0.0322222 0.450556 0.959826
  3.69444 945.617 0.00833333 0.0316667 0.451667 0.964308
  3.69972 945.617 0.00944444 0.0333333 0.450556 0.953945
  3.70833 945.617 0.00991525 0.0335876 0.450254 0.962354
  3.72222 945.617 0.00960606 0.0334242 0.449364 0.968636
  3.73611 934.244 0.00916667 0.0327083 0.449444 0.965478
  3.75 934.244 0.0107384 0.03327 0.447405 0.953582
  3.76389 934.244 0.0097619 0.0316667 0.447619 0.99603
  3.77778 934.244 0.00833333 0.0303333 0.450333 0.946742
  3.79167 944.504 0.00970588 0.0295098 0.450294 0.952454
  3.80556 822.366 0.00809524 0.0302381 0.452619 0.960116
  3.81944 822.366 0.00905128 0.0303846 0.451718 0.960398
  3.83333 945.175 0.00941315 0.0305399 0.451667 0.938154
  3.84722 945.175 0.00964481 0.0307377 0.453415 0.962512
  3.86111 876.229 0.00786667 0.0306 0.456467 0.96317
  3.86639 876.229 0.00908602 0.0299462 0.455269 0.956535
  3.875 944.105 0.00929379 0.0292373 0.455056 0.960627
  3.88889 863.888 0.00809524 0.0292857 0.459762 0.955682
  3.90278 862.588 0.00809524 0.0292857 0.459762 0.958698
  3.91667 944.781 0.00952736 0.0294776 0.461269 0.944334
  3.93056 923.035 0.0095283 0.027327 0.462862 0.956498
  3.94444 923.035 0.00974576 0.0267514 0.463079 0.956259
  3.95833 946.888 0.00992063 0.026746 0.463254 0.88011
  3.97222 945.891 0.00833333 0.0266667 0.466667 0.956961
  3.98611 945.004 0.00833333 0.0266667 0.468333 0.959048
  4 945.004 0.00995726 0.0268803 0.466496 0.944018
  4.01389 945.004 0.00953333 0.0275333 0.4662 0.942417
  4.02778 945.004 0.00892473 0.0285484 0.466344 0.960698
  4.03306 945.004 0.00925926 0.0298148 0.467037 0.863168
  End: C 4
Bub 27538 0.00367754
  Start: N 3.67028
  3.68056 908.338 0.233667 0.391667 0.697 0.919528
  3.69444 908.338 0.235926 0.392593 0.694938 0.916035
  3.69972 908.338 0.235 0.393333 0.695 0.915674
  3.70833 908.338 0.235145 0.393333 0.693551 0.923871
  3.72222 908.338 0.236667 0.393333 0.691667 0.923813
  3.73611 908.338 0.23754 0.392619 0.689127 0.921538
  3.75 908.338 0.239121 0.392515 0.685909 0.916515
  3.76389 908.338 0.238571 0.392619 0.684702 0.923251
  3.77778 908.338 0.237759 0.391954 0.682241 0.903579
  3.79167 908.338 0.237516 0.391918 0.679906 0.907106
  3.80556 908.338 0.238698 0.390156 0.678906 0.914382
  3.81944 908.338 0.239626 0.390034 0.675544 0.917684
  3.83333 908.338 0.239727 0.388758 0.672515 0.936364
  3.84722 908.338 0.240708 0.3875 0.670042 0.843002
  3.86111 908.338 0.241667 0.384444 0.669444 0.856009
  3.86639 908.338 0.241667 0.384649 0.66693 0.942375
  3.875 901.512 0.241667 0.383 0.666333 0.949546
  3.88889 904.176 0.240758 0.380909 0.663788 0.922322
  3.90278 907.334 0.241667 0.378684 0.660263 0.928508
  3.91667 905.884 0.241667 0.378333 0.657222 0.90739
  3.93056 905.704 0.241667 0.375 0.656667 0.919196
  3.94444 903.776 0.240373 0.374154 0.652861 0.930115
  3.95833 905.361 0.241667 0.371667 0.65 0.939643
  3.97222 904.128 0.240385 0.370855 0.647821 0.919685
  3.98611 902.152 0.240067 0.369667 0.6446 0.911419
  4 898.985 0.239737 0.367281 0.643596 0.939751
  4.01389 903.468 0.239978 0.366556 0.6414 0.884823
  4.02778 908.69 0.238636 0.365 0.638182 0.962411
  4.03306 908.69 0.238636 0.365 0.638182 0.914535
  End: C 4
Bub 27574 0.00487771
  Start: N 3.67417
  3.68056 685.401 0.0936984 0.049127 0.745222 0.83521
  3.69444 681.626 0.0916667 0.0409524 0.741667 0.916266
  3.69972 681.626 0.0916667 0.0383333 0.74 0.87515
  3.70833 684.927 0.0886842 0.035 0.739737 0.933203
  3.72222 685.513 0.0883333 0.0283333 0.736667 0.999893
  3.73611 681.425 0.0884021 0.023488 0.735069 0.784169
  3.75 683.029 0.0876087 0.0207609 0.734855 0.862609
  3.76389 682.281 0.0846899 0.0186047 0.731938 0.927527
  3.77778 680.171 0.0802381 0.0159524 0.728333 0.972732
  3.79167 680.745 0.0780196 0.0137451 0.725314 0.887088
  3.80556 681.076 0.0766 0.013 0.7254 0.896454
  3.81944 683.411 0.0753623 0.0128986 0.723841 0.907183
  3.83333 681.688 0.0747531 0.0124074 0.722284 0.920073
  3.84722 684.858 0.0744779 0.0141165 0.722791 0.899362
  3.86111 681.755 0.0729167 0.0141667 0.721667 0.909572
  3.86639 681.755 0.0730952 0.0145238 0.720714 0.910224
  3.875 680.633 0.0730833 0.0150417 0.719125 0.904883
  3.88889 687.197 0.0731159 0.0164493 0.717464 0.965442
  3.90278 687.846 0.0728039 0.0170392 0.71602 0.915913
  3.91667 682.791 0.0718966 0.0185632 0.714655 0.882365
  3.93056 684.191 0.0736275 0.0214706 0.711667 1.01711
  3.94444 681.719 0.0712338 0.0217532 0.710195 0.909828
  3.95833 682.398 0.0707143 0.0240476 0.707381 0.911812
  3.97222 687.543 0.0708333 0.024881 0.705873 0.883897
  3.98611 677.66 0.0700794 0.0265873 0.703413 0.916185
  4 682.459 0.0702321 0.0268143 0.70019 0.930434
  4.01389 688.637 0.0703086 0.0283333 0.69858 0.917771
  4.02778 680.19 0.0713636 0.0292424 0.697121 0.913094
  4.03306 680.19 0.071 0.0291333 0.696067 0.909516
  End: C 4
Bub 27806 0.006016
  Start: M 3.69694 25766 26676
  3.69972 583.211 0.282614 0.374915 0.738029 0.907551
  3.70833 583.211 0.283912 0.376684 0.738614 0.910924
  3.72222 552.555 0.286632 0.379018 0.740561 0.905628
  3.73611 557.346 0.286573 0.378022 0.738707 0.883775
  3.75 557.051 0.289122 0.377053 0.737102 0.891073
  3.76389 562.453 0.290212 0.375778 0.735745 0.909878
  3.77778 565.133 0.292746 0.376643 0.733638 0.851026
  3.79167 557.637 0.294846 0.376624 0.733923 0.899504
  3.80556 555.451 0.297105 0.376419 0.734123 0.894137
  3.81944 553.852 0.299013 0.377611 0.735064 0.903929
  3.83333 554.92 0.300579 0.377667 0.733526 0.903878
  3.84722 553.141 0.301896 0.376292 0.735542 0.904072
  3.86111 554.271 0.30295 0.376532 0.734503 0.91163
  3.86639 554.271 0.303602 0.376548 0.734419 0.909709
  3.875 562.616 0.303588 0.37568 0.734422 0.906133
  3.88889 565.063 0.303567 0.374667 0.73465 0.91139
  3.90278 559.555 0.30465 0.373048 0.736363 0.911916
  3.91667 568.025 0.305309 0.372284 0.735988 0.919273
  3.93056 567.632 0.306575 0.371667 0.735149 0.918985
  3.94444 563.211 0.307799 0.370939 0.735858 0.90994
  3.95833 566.301 0.308201 0.369444 0.736493 0.91723
  3.97222 564.315 0.308658 0.367342 0.737396 0.905229
  3.98611 563.231 0.307867 0.367988 0.737159 0.911598
  4 566.989 0.308165 0.365506 0.737982 0.900056
  4.01389 565.54 0.308422 0.362954 0.740608 0.914879
  4.02778 572.696 0.308288 0.362877 0.741816 0.896456
  4.03306 572.696 0.30719 0.359457 0.744516 0.901432
  End: C 4
Bub 28362 0.0199379
  Start: N 3.75028
  3.76389 176.249 0.20043 0.20775 0.141245 1
  3.77778 176.249 0.20043 0.20775 0.141245 1
  3.79167 176.249 0.20043 0.20775 0.141245 1
  3.80556 176.249 0.20043 0.20775 0.141245 1
  3.81944 176.249 0.20043 0.20775 0.141245 1
  3.83333 176.249 0.20043 0.20775 0.141245 1
  3.84722 176.249 0.20043 0.20775 0.141245 1
  3.86111 176.249 0.20043 0.20775 0.141245 1
  3.86639 176.249 0.20043 0.20775 0.141245 1
  3.875 176.249 0.20043 0.20775 0.141245 1
  3.88889 176.159 0.200429 0.20777 0.141253 1
  3.90278 170.605 0.200614 0.207096 0.146478 1.01903
  3.91667 168.994 0.200709 0.205834 0.152503 1.01603
  3.93056 168.632 0.201046 0.204506 0.159911 1.0107
  3.94444 168.275 0.201219 0.204061 0.167856 1.0037
  3.95833 168.972 0.201307 0.203185 0.176045 1.0094
  3.97222 169.411 0.201514 0.202559 0.184284 1.0079
  3.98611 169.065 0.201538 0.201821 0.192504 1.00668
  4 170.344 0.201415 0.201272 0.200983 1.0085
  4.01389 171.02 0.20144 0.200672 0.209894 1.00699
  4.02778 170.61 0.201279 0.200573 0.219012 1.0106
  4.03306 170.61 0.201208 0.200551 0.222747 1.00792
  End: C 4
Bub 28482 0.0037575
  Start: S 3.76139 28019 28354
  3.76389 884.739 0.08 0.146667 0.625 0.951129
  3.77778 884.166 0.075 0.143333 0.626667 0.90215
  3.79167 884.626 0.0683333 0.14 0.63 0.971717
  3.80556 884.426 0.0616667 0.14 0.633333 0.91091
  3.81944 879.798 0.057 0.136333 0.636667 0.888155
  3.83333 884.611 0.0516667 0.133333 0.64 0.94987
  3.84722 881.379 0.0472807 0.130263 0.64307 0.925188
  3.86111 881.204 0.0436667 0.127 0.646667 0.916566
  3.86639 881.204 0.0405556 0.127222 0.647222 0.91847
  3.875 880.16 0.0394444 0.126111 0.65 0.920793
  3.88889 881.871 0.0363725 0.122843 0.653039 0.925166
  3.90278 884.396 0.0333333 0.12 0.655 0.946999
  3.91667 881.072 0.0296429 0.119345 0.656488 0.92675
  3.93056 886.811 0.0283898 0.116469 0.65952 0.929957
  3.94444 885.877 0.0251667 0.1165 0.6595 1.03437
  3.95833 882.609 0.023 0.115 0.657 0.918177
  3.97222 881.087 0.0205556 0.113889 0.656667 0.925856
  3.98611 881.085 0.0199091 0.113242 0.656697 0.923657
  4 881.45 0.0166667 0.112778 0.652778 0.968131
  4.01389 884.149 0.0169048 0.111667 0.653095 0.872006
  4.02778 884.222 0.0138406 0.112246 0.649928 0.964774
  4.03306 884.222 0.015 0.11 0.65 1.02047
  End: C 4
Bub 28636 0.00310175
  Start: N 3.77389
  3.77778 1064.23 0.325 0.178333 0.578333 0.929307
  3.79167 1072.14 0.325833 0.178333 0.580417 0.93149
  3.80556 1068.24 0.323667 0.178333 0.583 1.03083
  3.81944 1066.54 0.323333 0.179667 0.583667 0.93046
  3.83333 1066.85 0.32307 0.179737 0.587281 0.926242
  3.84722 1069.97 0.321912 0.180147 0.590147 0.952262
  3.86111 1071.43 0.323333 0.18 0.595 0.968848
  3.86639 1071.43 0.323667 0.18 0.596333 0.92173
  3.875 1071.99 0.325 0.18 0.598333 0.926093
  3.88889 1078.76 0.325 0.181316 0.60307 0.934211
  3.90278 1091.13 0.325111 0.18 0.606667 0.854727
  3.91667 1085.58 0.325 0.181667 0.611667 0.928032
  3.93056 1077.72 0.325 0.181316 0.616404 0.930776
  3.94444 1078.01 0.32369 0.18131 0.621726 0.910452
  3.95833 1067.07 0.323931 0.182673 0.626761 0.958183
  3.97222 1067.69 0.323596 0.18307 0.630614 0.885624
  3.98611 1074.03 0.323333 0.184242 0.634091 0.89525
  4 1072.08 0.323667 0.187 0.638333 1.11545
  4.01389 1080.17 0.325 0.184804 0.640294 0.914467
  4.02778 1076.87 0.326017 0.185395 0.643927 0.917672
  4.03306 1076.87 0.326667 0.186667 0.645 0.920863
  End: C 4
Bub 28704 0.00397903
  Start: S 3.78083 28662
  3.79167 840.969 0.155 0.0379825 0.493596 0.95553
  3.80556 841.244 0.155 0.0397368 0.495351 0.951354
  3.81944 831.082 0.153495 0.0401613 0.499946 0.92355
  3.83333 834.223 0.154402 0.041453 0.50047 0.890936
  3.84722 841.837 0.153333 0.0416667 0.505 0.925556
  3.86111 834.641 0.151569 0.0430882 0.509216 0.964158
  3.86639 834.641 0.149921 0.0433598 0.510079 0.80441
  3.875 831.149 0.150238 0.0430952 0.512798 0.959784
  3.88889 833.635 0.149795 0.0423059 0.516461 1.00377
  3.90278 834.796 0.15 0.0433333 0.521667 1.05329
  3.91667 836.612 0.146212 0.0415152 0.524091 1.0128
  3.93056 833.814 0.145803 0.0413855 0.526365 0.667388
  3.94444 835.378 0.143333 0.0409091 0.524091 0.946418
  3.95833 835.758 0.143095 0.0411905 0.524048 0.988802
  3.97222 832.829 0.141111 0.0434722 0.523472 0.98959
  3.98611 839.285 0.140263 0.045 0.521316 0.938509
  4 834.974 0.14 0.0483333 0.52 0.95314
  4.01389 832.183 0.139737 0.049386 0.520263 0.955527
  4.02778 831.099 0.14 0.05 0.52 0.943763
  4.03306 831.099 0.14 0.0516667 0.52 0.955572
  End: C 4
Bub 28726 0.00492373
  Start: S 3.78306 28663
  3.79167 679.697 0.129846 0.109167 0.633981 0.854749
  3.80556 683.926 0.134969 0.105856 0.637844 0.906658
  3.81944 680.593 0.139752 0.106028 0.642695 0.903757
  3.83333 676.151 0.139444 0.108492 0.64627 0.95919
  3.84722 673.944 0.1414 0.108067 0.653267 0.925285
  3.86111 676.238 0.141513 0.107567 0.658103 0.881341
  3.86639 676.238 0.143 0.109444 0.661667 0.90598
  3.875 676.83 0.142576 0.108182 0.662879 0.901669
  3.88889 693.499 0.14395 0.105594 0.666872 0.919003
  3.90278 680.243 0.142059 0.106242 0.672908 0.821891
  3.91667 682.937 0.142407 0.105741 0.677963 0.897971
  3.93056 683.841 0.142531 0.103395 0.681296 0.925918
  3.94444 686.132 0.142407 0.102037 0.68537 0.916428
  3.95833 689.375 0.142701 0.0987931 0.687069 0.918275
  3.97222 681.111 0.142917 0.0966667 0.689583 0.966838
  3.98611 691.791 0.144417 0.0949583 0.690583 0.935158
  4 674.649 0.142778 0.0930556 0.694722 0.88743
  4.01389 673.963 0.143214 0.0921429 0.698333 0.926215
  4.02778 684.565 0.143148 0.0890741 0.700556 0.902531
  4.03306 684.565 0.143148 0.0890741 0.700556 0.925282
  End: C 4
Bub 28793 0.00441757
  Start: S 3.79139 28669
  3.79167 752.872 0.0353846 0.125385 0.685769 0.915613
  3.80556 758.146 0.0363793 0.124425 0.686609 0.915603
  3.81944 756.802 0.0372989 0.126034 0.688218 0.892315
  3.83333 751.37 0.0394444 0.122222 0.69 0.945038
  3.84722 755.083 0.0399438 0.121592 0.691929 0.897522
  3.86111 757.831 0.0410436 0.119735 0.691978 0.923222
  3.86639 757.831 0.0421296 0.119599 0.692932 0.917979
  3.875 760.018 0.0421795 0.119455 0.692724 0.911548
  3.88889 769.609 0.0444536 0.117268 0.694399 0.910727
  3.90278 761.805 0.044619 0.116175 0.695825 0.898972
  3.91667 769.756 0.0454361 0.114221 0.697773 0.914871
  3.93056 766.668 0.0451701 0.113027 0.696497 0.889231
  3.94444 772.46 0.045935 0.111463 0.698577 0.911294
  3.95833 762.931 0.045 0.110217 0.697029 0.910217
  3.97222 774.894 0.0460897 0.109808 0.697564 0.934143
  3.98611 758.329 0.0462016 0.106667 0.700543 0.925584
  4 768.929 0.0473656 0.105645 0.701344 0.921901
  4.01389 765.864 0.0493878 0.104388 0.70585 0.89966
  4.02778 754.09 0.0483333 0.105 0.708333 0.935418
  4.03306 754.09 0.05 0.105347 0.70941 0.901918
  End: C 4
Bub 28816 0.0037575
  Start: S 3.79306 28799
  3.80556 882.548 0.0933333 0.161667 0.653333 0.865026
  3.81944 881.354 0.0905357 0.160179 0.656429 0.905313
  3.83333 879.822 0.09 0.156667 0.663333 0.847794
  3.84722 887.564 0.0883333 0.151667 0.67 0.905057
  3.86111 884.293 0.0837571 0.149237 0.674887 0.895565
  3.86639 884.293 0.0827928 0.148108 0.676081 0.929757
  3.875 883.919 0.08 0.146667 0.681667 1.00831
  3.88889 883.122 0.077 0.147933 0.6866 1.09897
  3.90278 887.98 0.075 0.15 0.691667 0.906969
  3.91667 890.969 0.07125 0.150357 0.69506 0.907663
  3.93056 881.938 0.0703333 0.156333 0.695 0.92109
  3.94444 892.73 0.067807 0.15693 0.696053 0.972983
  3.95833 890.631 0.0676667 0.156667 0.696 0.920929
  3.97222 896.46 0.0699612 0.15469 0.696395 0.913796
  3.98611 883.892 0.0733333 0.15 0.695 0.905081
  4 887.803 0.0761594 0.148188 0.696014 0.920287
  4.01389 881.628 0.0766667 0.142778 0.697222 0.966979
  4.02778 897.481 0.0760448 0.13903 0.699925 0.892685
  4.03306 897.481 0.075 0.138333 0.705 1.90045
  End: C 4
Bub 28830 0.0037575
  Start: N 3.79472
  3.80556 883.979 0.183333 0.0283333 0.736667 0.963035
  3.81944 892.291 0.185 0.0283333 0.73 0.931715
  3.83333 895.129 0.184848 0.0283333 0.724697 0.914234
  3.84722 908.585 0.186667 0.0283333 0.718333 0.844611
  3.86111 892.545 0.192157 0.0283824 0.714412 0.836275
  3.86639 892.545 0.196111 0.0283333 0.715 0.859185
  3.875 896.833 0.198333 0.0283333 0.711667 0.883409
  3.88889 890.168 0.200556 0.0283333 0.707778 0.968933
  3.90278 885.035 0.202487 0.0295641 0.705103 0.822646
  3.91667 887.729 0.203333 0.0293333 0.701 0.994521
  3.93056 888.054 0.205 0.0266667 0.701667 0.916079
  3.94444 889.508 0.205 0.0261111 0.698333 0.913035
  3.95833 887.884 0.205 0.0233333 0.698333 0.923644
  3.97222 883.258 0.205 0.02 0.696667 0.870077
  3.98611 882.723 0.206 0.0149167 0.691875 0.906172
  4 886.63 0.206212 0.0125758 0.685152 0.901515
  4.01389 886.63 0.207535 0.0109155 0.677066 0.939012
  4.02778 886.63 0.209638 0.0103623 0.668913 0.892058
  4.03306 886.63 0.211667 0.0116667 0.666667 0.954473
  End: C 4
Bub 29143 0.00367754
  Start: S 3.82 29110
  3.83333 902.027 0.316333 0.0336667 0.628333 0.987489
  3.84722 905.255 0.31627 0.0348413 0.627222 0.907514
  3.86111 900.618 0.319821 0.0364881 0.626131 0.929074
  3.86639 900.618 0.321667 0.0366667 0.625 0.926201
  3.875 906.684 0.32069 0.0385057 0.623161 0.92408
  3.88889 902.543 0.323667 0.0383333 0.620333 0.959262
  3.90278 899.571 0.326132 0.0393396 0.619403 0.930762
  3.91667 903.855 0.326667 0.0383333 0.616667 0.961236
  3.93056 902.015 0.330333 0.0383333 0.613 0.937985
  3.94444 902.138 0.330333 0.0383333 0.609667 0.94264
  3.95833 901.625 0.333 0.0383333 0.607 0.941305
  3.97222 903.077 0.333333 0.0383333 0.603333 0.878623
  3.98611 902.518 0.336333 0.0396667 0.601667 0.964743
  4 903.601 0.336667 0.0397826 0.598188 0.909197
  4.01389 897.897 0.338333 0.0383333 0.595 0.9901
  4.02778 902.761 0.339697 0.0383333 0.592879 0.928802
  4.03306 902.761 0.34 0.0383333 0.59 0.922012
  End: C 4
Bub 29334 0.00424068
  Start: S 3.83028 27660 29088
  3.83333 783.302 0.133406 0.12442 0.742826 0.896159
  3.84722 788.534 0.133333 0.118333 0.745 0.829973
  3.86111 783.113 0.131389 0.113056 0.746111 0.885681
  3.86639 783.113 0.133333 0.108333 0.745 1.22791
  3.875 788.348 0.132018 0.10693 0.745 0.894603
  3.88889 783.493 0.130909 0.100455 0.744091 0.900052
  3.90278 792.01 0.128333 0.095 0.745 0.91175
  3.91667 789.002 0.128333 0.09 0.745 0.906872
  3.93056 794.567 0.128182 0.0849242 0.745 0.93308
  3.94444 788.356 0.125238 0.0801786 0.74506 0.913307
  3.95833 788.101 0.124936 0.0748718 0.744103 0.899092
  3.97222 789.103 0.124444 0.0716667 0.743889 0.91154
  3.98611 782.468 0.124953 0.0668779 0.743685 0.898207
  4 782.085 0.125 0.063 0.743667 0.997609
  4.01389 782.094 0.125 0.06 0.745 0.890079
  4.02778 787.62 0.125 0.0553509 0.74307 0.893767
  4.03306 787.62 0.126053 0.0530702 0.74307 0.952616
  End: C 4
Bub 29492 0.006016
  Start: M 3.83917 29400
  3.84722 563.632 0.108858 0.376252 0.660804 0.911239
  3.86111 550.349 0.110122 0.37622 0.659939 0.927184
  3.86639 550.349 0.110111 0.375646 0.658697 0.914961
  3.875 552.424 0.109727 0.376091 0.658111 0.907327
  3.88889 558.672 0.10997 0.37496 0.657121 0.929845
  3.90278 561.107 0.11 0.374479 0.65575 0.920275
  3.91667 569.145 0.110251 0.373477 0.653369 0.917536
  3.93056 563.645 0.109523 0.376033 0.651886 0.825094
  3.94444 554.713 0.107691 0.378554 0.648112 0.93483
  3.95833 553.994 0.108103 0.378836 0.644832 0.93338
  3.97222 550.793 0.108609 0.379586 0.640159 0.916653
  3.98611 551.227 0.108935 0.379516 0.636849 0.927934
  4 549.696 0.109929 0.378881 0.634357 0.983253
  4.01389 552.399 0.108816 0.379518 0.630504 0.925981
  4.02778 553.26 0.11074 0.377252 0.628974 0.917604
  4.03306 553.26 0.109119 0.37897 0.625977 0.936413
  End: C 4
Bub 29520 0.00454596
  Start: S 3.84083 29342 29343
  3.84722 734.44 0.0137451 0.31649 0.707588 0.91611
  3.86111 736.744 0.0158 0.3194 0.707267 0.906591
  3.86639 736.744 0.015 0.32 0.706667 0.916645
  3.875 741.258 0.0166346 0.321058 0.705609 0.919017
  3.88889 749.441 0.0163725 0.323627 0.705196 0.911923
  3.90278 748.28 0.0157407 0.326852 0.706111 0.919709
  3.91667 747.248 0.0156897 0.329138 0.706149 0.919451
  3.93056 748.083 0.0158602 0.331989 0.70328 0.906482
  3.94444 735.852 0.016195 0.332736 0.703836 0.816771
  3.95833 742.332 0.0169298 0.334561 0.701053 0.917763
  3.97222 733.992 0.0173423 0.33473 0.698063 0.898683
  3.98611 735.074 0.0183333 0.335278 0.695278 0.915636
  4 739.085 0.0183333 0.336667 0.691667 0.928592
  4.01389 740.557 0.0183333 0.33641 0.687821 0.91084
  4.02778 749.705 0.0183333 0.338 0.684333 0.922422
  4.03306 749.705 0.017381 0.336667 0.682619 0.942664
  End: C 4
Bub 29521 0.00424068
  Start: S 3.84083 29342 29343
  3.84722 782.815 0.0261594 0.332826 0.70558 0.905613
  3.86111 784.075 0.0241288 0.336439 0.705417 0.886048
  3.86639 784.075 0.023 0.338333 0.703667 0.906717
  3.875 788.847 0.0213636 0.341667 0.701818 0.921746
  3.88889 783.52 0.0202174 0.34587 0.701667 0.927279
  3.90278 782.3 0.0204545 0.350758 0.70197 0.970933
  3.91667 780.598 0.0203672 0.353757 0.700085 0.944087
  3.93056 780.272 0.0203333 0.357 0.696667 0.920105
  3.94444 779.729 0.0199206 0.360079 0.693254 0.916022
  3.95833 781.782 0.0209259 0.363519 0.690185 0.866696
  3.97222 782.64 0.0197887 0.36561 0.686455 0.930258
  3.98611 789.018 0.0216667 0.368889 0.682778 0.912192
  4 781.558 0.023 0.370333 0.678333 1.00783
  4.01389 779.504 0.0227193 0.373596 0.673596 0.934904
  4.02778 780.398 0.0232486 0.376412 0.670254 0.934908
  4.03306 780.398 0.0233333 0.377 0.669667 0.912313
  End: C 4
Bub 29619 0.00511385
  Start: M 3.84694 27740
  3.84722 681.928 0.352245 0.131501 0.665882 0.88862
  3.86111 649.596 0.351226 0.130943 0.67 0.903793
  3.86639 649.596 0.351532 0.131599 0.671902 0.948142
  3.875 648.671 0.35191 0.13059 0.672639 0.888484
  3.88889 647.851 0.3514 0.130067 0.676333 0.901346
  3.90278 651.981 0.350733 0.1278 0.678267 0.900827
  3.91667 647.915 0.353333 0.128684 0.68307 0.915402
  3.93056 652.907 0.354167 0.13 0.685833 0.922986
  3.94444 649.959 0.353263 0.127864 0.690493 1.02046
  3.95833 647.851 0.354733 0.128467 0.6958 1.00175
  3.97222 651.07 0.356458 0.128646 0.701563 0.933658
  3.98611 657.222 0.357609 0.126667 0.706014 0.906937
  4 650.268 0.357917 0.123438 0.711667 0.929422
  4.01389 648.023 0.358333 0.121176 0.715 0.832919
  4.02778 652.534 0.360376 0.116828 0.716075 0.923758
  4.03306 652.534 0.362197 0.116667 0.715568 0.898517
  End: C 4
Bub 29668 0.005317
  Start: S 3.85 29564
  3.86111 629.803 0.0944853 0.195294 0.617034 0.905984
  3.86639 629.803 0.092741 0.195496 0.61938 0.93262
  3.875 628.07 0.0911988 0.196871 0.624357 0.896133
  3.88889 631.104 0.0882768 0.196356 0.630311 0.95173
  3.90278 635.677 0.0862267 0.19716 0.635373 0.917348
  3.91667 649.824 0.082971 0.197222 0.639034 0.900731
  3.93056 623.62 0.0814686 0.200347 0.649752 0.881973
  3.94444 628.763 0.0795161 0.202312 0.65457 0.949791
  3.95833 633.327 0.0784397 0.203014 0.659468 1.03265
  3.97222 633.831 0.0749435 0.203079 0.661808 0.913332
  3.98611 633.885 0.0732768 0.201215 0.666554 0.928302
  4 627.564 0.0723491 0.201378 0.669094 0.896016
  4.01389 629.304 0.07132 0.20132 0.670413 0.92461
  4.02778 628.152 0.0685049 0.201667 0.672475 0.92014
  4.03306 628.152 0.0681078 0.201792 0.672895 0.910712
  End: C 4
Bub 29763 0.00402503
  Start: S 3.85722 29161
  3.86111 821.348 0.106412 0.146921 0.620028 0.918118
  3.86639 821.348 0.106167 0.145167 0.620667 0.94121
  3.875 820.886 0.106333 0.143667 0.623333 0.95775
  3.88889 824.495 0.106667 0.145 0.63 0.909724
  3.90278 828.032 0.107381 0.144524 0.635476 0.913464
  3.91667 824.747 0.106436 0.142179 0.643103 0.916663
  3.93056 823.466 0.105303 0.142359 0.649545 0.988555
  3.94444 827.04 0.104487 0.137949 0.653846 0.878048
  3.95833 826.52 0.102451 0.136814 0.660441 0.926842
  3.97222 834.503 0.100856 0.133514 0.665856 0.92848
  3.98611 829.227 0.100062 0.130432 0.669691 0.931617
  4 831.348 0.100309 0.127346 0.673395 0.933557
  4.01389 825.303 0.098913 0.123841 0.676739 0.900466
  4.02778 829.835 0.1 0.120641 0.680256 0.908608
  4.03306 829.835 0.1002 0.1202 0.682467 0.906389
  End: C 4
Bub 29776 0.00437949
  Start: N 3.85861
  3.86111 767.73 0.170746 0.0174561 0.753202 0.963107
  3.86639 767.73 0.170439 0.0176667 0.753175 0.866976
  3.875 757.032 0.168418 0.0172785 0.751118 0.863901
  3.88889 758.931 0.167174 0.0171739 0.748333 0.96253
  3.90278 770.064 0.167593 0.0168519 0.747222 0.868861
  3.91667 781.308 0.168333 0.0139333 0.745267 0.915484
  3.93056 763.46 0.168333 0.0135965 0.747982 1.09409
  3.94444 763.46 0.167304 0.0131863 0.745686 0.879272
  3.95833 758.759 0.167222 0.0130556 0.745278 0.925956
  3.97222 754.929 0.16693 0.0135965 0.740614 0.925709
  3.98611 756.902 0.166528 0.0156944 0.739722 0.882564
  4 757.418 0.166667 0.0183333 0.735 0.990547
  4.01389 757.911 0.16652 0.0198529 0.731912 0.903536
  4.02778 764.197 0.165833 0.0208333 0.728333 0.959769
  4.03306 764.197 0.168284 0.0205392 0.726078 0.900558
  End: C 4
Bub 29796 0.00572755
  Start: S 3.86083 25354
  3.86111 586.138 0.0860588 0.0304706 0.536667 0.964297
  3.86639 586.138 0.0871486 0.0293173 0.536988 0.948971
  3.875 581.727 0.0876709 0.0277564 0.537222 0.959665
  3.88889 578.033 0.0896222 0.0275778 0.537489 0.922057
  3.90278 578.93 0.0907942 0.0273266 0.536633 0.942213
  3.91667 579.409 0.0917932 0.0292405 0.536224 0.951944
  3.93056 579.668 0.0938079 0.0293267 0.535066 0.946967
  3.94444 581.437 0.093953 0.0289103 0.534444 0.982904
  3.95833 583.774 0.0949087 0.0302968 0.532511 0.941129
  3.97222 581.127 0.0942274 0.0299669 0.530762 0.913194
  3.98611 580.343 0.0949581 0.0299266 0.529088 0.967028
  4 582.242 0.0941564 0.0308436 0.526831 0.947072
  4.01389 585.228 0.0939441 0.0320393 0.525745 0.946994
  4.02778 580.744 0.0930952 0.0316857 0.52479 0.943357
  4.03306 580.744 0.0933885 0.032064 0.523609 0.942377
  End: C 4
Bub 29892 0.00310175
  Start: N 3.87194
  3.875 1064.56 0.338333 0.145 0.548333 0.961678
  3.88889 1070.68 0.336667 0.146667 0.548333 0.942649
  3.90278 1068.34 0.336667 0.147222 0.549444 1.02515
  3.91667 1065.83 0.333512 0.149464 0.549821 0.928422
  3.93056 1075.64 0.331604 0.151667 0.547327 0.94086
  3.94444 1067.36 0.330179 0.152798 0.546905 0.907067
  3.95833 1077.72 0.328684 0.155 0.546404 0.934058
  3.97222 1079.8 0.328684 0.155 0.546404 0.943474
  3.98611 1076.66 0.328137 0.155 0.546961 0.962322
  4 1069.8 0.327974 0.155974 0.546744 0.932416
  4.01389 1067.45 0.326667 0.153889 0.547222 0.943151
  4.02778 1069.4 0.326373 0.153627 0.547157 1.00362
  4.03306 1069.4 0.325 0.155 0.546667 0.940186
  End: C 4
Bub 30366 0.00397903
  Start: S 3.91389 30156 30157
  3.91667 839.428 0.0620175 0.0583333 0.62693 0.941857
  3.93056 834.609 0.0656373 0.0560784 0.627108 0.933179
  3.94444 838.037 0.0684722 0.0540278 0.625972 0.94715
  3.95833 833.646 0.0717068 0.0532731 0.625402 0.920662
  3.97222 836.274 0.0735641 0.0502308 0.625513 0.927164
  3.98611 833.523 0.0761594 0.0471739 0.622246 0.915057
  4 834.292 0.08 0.045 0.623333 0.921574
  4.01389 834.91 0.08 0.0433333 0.621667 0.940087
  4.02778 836.025 0.0816667 0.0405 0.623833 0.999906
  4.03306 836.025 0.0842593 0.039321 0.62216 0.901824
  End: C 4
Bub 30545 0.00404765
  Start: S 3.93194 30507
  3.94444 824.367 0.368333 0.113333 0.501667 0.895622
  3.95833 820.322 0.366491 0.115307 0.500044 0.931249
  3.97222 819.828 0.364649 0.11693 0.5 0.972782
  3.98611 817.991 0.36119 0.117976 0.499762 0.944696
  4 820.257 0.359242 0.119091 0.497121 0.95343
  4.01389 822.477 0.355 0.12 0.495 0.98381
  4.02778 824.852 0.352639 0.120694 0.494444 0.965608
  4.03306 824.852 0.351667 0.121552 0.493736 0.996341
  End: C 4
Bub 30696 0.00461618
  Start: N 3.94556
  3.95833 723.683 0.0199438 0.379382 0.76661 0.906311
  3.97222 722.174 0.0195455 0.378117 0.762359 0.902179
  3.98611 723.488 0.0183333 0.378333 0.758913 0.944677
  4 728.686 0.0183333 0.378472 0.756944 0.954667
  4.01389 720.253 0.019625 0.381208 0.754708 0.89451
  4.02778 724.562 0.0194828 0.381897 0.749828 0.892789
  4.03306 724.562 0.0183333 0.382619 0.749762 0.934886
  End: C 4
Bub 30795 0.00413567
  Start: M 3.9525 30685
  3.95833 799.021 0.35 0.333333 0.686667 0.901987
  3.97222 806.636 0.351624 0.331962 0.685042 0.921126
  3.98611 804.908 0.351667 0.330217 0.68442 0.906781
  4 803.069 0.348492 0.330556 0.68627 0.995474
  4.01389 805.926 0.350444 0.329556 0.685444 0.898705
  4.02778 807.794 0.350747 0.329483 0.686034 0.906795
  4.03306 807.794 0.351 0.329444 0.686222 0.918925
  End: C 4
Bub 31027 0.00310175
  Start: N 3.96556
  3.97222 1064.34 0.315 0.0883333 0.728333 0.889499
  3.98611 1071.95 0.316667 0.0866667 0.731667 0.909709
  4 1067.48 0.319737 0.0864035 0.733947 0.90848
  4.01389 1070.97 0.325 0.0833333 0.738333 1.07772
  4.02778 1068.84 0.328333 0.083 0.743 0.922771
  4.03306 1068.84 0.330298 0.0803571 0.743988 0.884265
  End: C 4
Bub 31082 0.0048308
  Start: M 3.96806 30882
  3.97222 692.343 0.0648039 0.0826471 0.64549 0.970556
  3.98611 694.593 0.0681707 0.0826423 0.643618 0.935235
  4 698.487 0.0691057 0.0854472 0.643089 0.920434
  4.01389 686.305 0.0677586 0.0858046 0.643621 0.939027
  4.02778 687.437 0.0684936 0.0860897 0.642372 0.918735
  4.03306 687.437 0.0696175 0.0872131 0.64265 0.904413
  End: C 4
Bub 31255 0.00489314
  Start: S 3.97722 31128
  3.98611 683.229 0.302327 0.0437421 0.640094 0.923678
  4 687.355 0.304945 0.0440984 0.640492 0.912036
  4.01389 688.331 0.307667 0.0462903 0.640871 0.906368
  4.02778 689.524 0.310305 0.0484038 0.640516 0.935488
  4.03306 689.524 0.309924 0.0516667 0.641667 0.917246
  End: C 4
Bub 31346 0.00390797
  Start: S 3.98306 31150 31157 31158
  3.98611 871.775 0.16 0.236667 0.495 1.06748
  4 850.221 0.156667 0.24 0.498333 0.91288
  4.01389 848.01 0.153086 0.243519 0.500741 0.947402
  4.02778 850.555 0.151287 0.245169 0.503186 0.947165
  4.03306 850.555 0.151351 0.246937 0.503333 0.878626
  End: C 4
Bub 31351 0.00430127
  Start: S 3.98333 27659 30627
  3.98611 784.91 0.126667 0.0483333 0.72 0.874552
  4 777.653 0.127982 0.045 0.719737 0.930196
  4.01389 777.7 0.125 0.0416667 0.718913 0.906051
  4.02778 772.373 0.124103 0.0375641 0.718333 0.922938
  4.03306 772.373 0.124357 0.0369679 0.718133 0.886274
  End: C 4
Bub 31352 0.0055895
  Start: S 3.98333 27659 30627
  3.98611 595.865 0.105274 0.0502321 0.73289 0.911485
  4 598.239 0.105604 0.0496458 0.735063 0.906898
  4.01389 600.896 0.106049 0.0472634 0.737119 0.891875
  4.02778 596.97 0.106712 0.046964 0.740225 0.923067
  4.03306 596.97 0.107029 0.0472567 0.741025 0.90254
  End: C 4
Bub 31390 0.00471767
  Start: S 3.98583 30619 31161 31162 31163
  3.98611 706.703 0.228333 0.140509 0.704684 0.890864
  4 702.779 0.227222 0.138472 0.708472 0.908273
  4.01389 704.137 0.228905 0.139667 0.711952 0.894486
  4.02778 711.521 0.233155 0.139851 0.71503 0.889464
  4.03306 711.521 0.234115 0.139897 0.717212 0.954678
  End: C 4
Bub 31396 0.00454596
  Start: S 3.98611 31040
  3.98611 731.351 0.115078 0.0209608 0.737078 1.01741
  4 738.651 0.11237 0.0194648 0.736162 0.926541
  4.01389 738.362 0.107069 0.016954 0.73431 0.998201
  4.02778 734.982 0.104412 0.015 0.733333 0.927988
  4.03306 734.982 0.102558 0.0146124 0.729806 0.946988
  End: C 4
Bub 31407 0.00452806
  Start: S 3.98667 31391
  4 737.453 0.350357 0.223095 0.627024 0.922417
  4.01389 733.937 0.347464 0.223551 0.625 0.936922
  4.02778 734.176 0.346498 0.224176 0.622004 0.905023
  4.03306 734.176 0.343788 0.224091 0.621515 0.940335
  End: C 4
Bub 31408 0.00451002
  Start: S 3.98667 31391
  4 738.813 0.348775 0.202068 0.639096 0.931828
  4.01389 737.949 0.348607 0.200205 0.638973 0.926428
  4.02778 736.286 0.346905 0.199286 0.641667 0.920283
  4.03306 736.286 0.346429 0.199286 0.642143 0.924591
  End: C 4
Bub 31464 0.0070274
  Start: M 3.99111 30886
  4 483.758 0.18914 0.333408 0.725902 0.907
  4.01389 480.459 0.188932 0.336677 0.725823 0.9055
  4.02778 476.156 0.18673 0.340404 0.724495 0.919291
  4.03306 476.156 0.186483 0.341467 0.723927 0.899894
  End: C 4
Bub 31522 0.00417831
  Start: S 3.99611 31294
  4 813.671 0.322576 0.0525758 0.516667 0.944932
  4.01389 794.541 0.323333 0.0483333 0.516667 1.0585
  4.02778 802.597 0.324444 0.0483333 0.516111 0.933494
  4.03306 802.597 0.325 0.0483333 0.513889 0.952152
  End: C 4
Bub 31523 0.00439861
  Start: S 3.99611 31294
  4 759.377 0.313788 0.0374675 0.533528 1.01036
  4.01389 756.826 0.316238 0.0345714 0.533476 0.955593
  4.02778 761.866 0.316828 0.0334946 0.533495 0.95118
  4.03306 761.866 0.316667 0.0333333 0.534216 0.921906
  End: C 4
Bub 31683 0.00393194
  Start: S 4.00778 31578 31580
  4.01389 900.698 0.164879 0.136697 0.450091 1.06545
  4.02778 846.44 0.163287 0.1331 0.454346 0.922255
  4.03306 846.44 0.161923 0.134615 0.457051 0.986558
  End: C 4
Bub 31728 0.00310175
  Start: N 4.01194
  4.01389 1064.85 0.0216667 0.075 0.748333 0.891738
  4.02778 1071.71 0.0183333 0.0716667 0.746667 0.902208
  4.03306 1071.71 0.0183333 0.0716667 0.746667 0.899553
  End: C 4
Bub 31763 0.00662425
  Start: M 4.01389 31365
  4.01389 541.912 0.144544 0.17533 0.725152 0.803531
  4.02778 532.895 0.146403 0.174095 0.727202 0.897815
  4.03306 532.895 0.145084 0.173006 0.728236 0.849643
  End: C 4
Bub 31768 0.00486217
  Start: N 4.01444
  4.02778 690.96 0.31391 0.25609 0.740641 0.846246
  4.03306 690.96 0.314099 0.257523 0.740225 0.886428
  End: C 4
Bub 31818 0.00687495
  Start: M 4.01861 24680 29717
  4.02778 521.778 0.100363 0.0338209 0.648254 0.880175
  4.03306 521.778 0.101349 0.0343529 0.648651 0.907956
  End: C 4
Bub 31886 0.00341392
  Start: N 4.02333
  4.02778 972.703 0.153333 0.248333 0.761667 0.8909
  4.03306 972.703 0.153298 0.250106 0.761667 0.899438
  End: C 4
Bub 31904 0.00466747
  Start: S 4.025 31746
  4.02778 713.136 0.203116 0.183261 0.487899 0.913587
  4.03306 713.136 0.201566 0.183451 0.492273 0.928463
  End: C 4
Bub 31906 0.00593345
  Start: N 4.02528
  4.02778 563.129 0.265794 0.0228483 0.731473 0.899326
  4.03306 563.129 0.266436 0.0222376 0.730783 0.918215
  End: C 4
Bub 31941 0.00341392
  Start: S 4.02889 31932
  4.03306 961.722 0.176667 0.225 0.525 1.25256
  End: C 4
Bub 31949 0.00341392
  Start: S 4.02944 31913
  4.03306 961.722 0.155 0.25 0.448333 0.959351
  End: C 4
Bub 31954 0.00367754
  Start: N 4.03
  4.03306 892.784 0.0816667 0.337 0.717 0.917172
  End: C 4
Bub 31964 0.0054935
  Start: M 4.03056 31931
  4.03306 597.66 0.131578 0.200467 0.462778 0.958302
  End: C 4
Bub 31965 0.0159669
  Start: M 4.03056 31929
  4.03306 205.629 0.209742 0.229124 0.737691 0.891032
  End: C 4
Bub 31987 0.0186593
  Start: M 4.0325 31932
  4.03306 175.957 0.177972 0.186508 0.5351 0.943019
  End: C 4
Bub 31988 0.00310175
  Start: N 4.0325
  4.03306 1058.51 0.208333 0.161667 0.475 1.19537
  End: C 4
Bub 31990 0.00341392
  Start: S 4.03306 31724
  4.03306 961.722 0.15 0.131667 0.478333 1.00507
  End: C 4
Bub 31991 0.00341392
  Start: S 4.03306 31724
  4.03306 961.722 0.158333 0.13 0.491667 1.00507
  End: C 4
