t_event,osc_idx,bub_id,event_type,radius,cutoff_tau,weight,peak_accel
0,0,1,N,0.0182891,0.00304818333,-1145.37543,0.00200928459
0.363333,0,5,M,0.0217754,0,0,4.46433165e-05
0.384167,0,8,M,0.0220152,0,0,3.62479004e-05
0.43,0,20,M,0.02222,0,0,2.44698019e-05
0.4675,0,61,M,0.0226158,0,0,1.76741453e-05
0.481389,0,70,M,0.0226855,0,0,1.53425086e-05
0.539444,0,74,S,0.0223491,0.00372485,-767.01927,0.0020411905
0.568889,0,105,M,0.0221901,0,0,0.00163300192
0.575833,0,115,M,0.0222676,0.00137456762,1572.39779,0.00150943855
0.760833,0,122,S,0.0223962,0,0,0.000300390822
0.416944,1,9,N,0.0199379,0.00332298333,-963.764428,0.00201281247
0.801944,1,132,M,0.0229997,0,0,5.12454603e-05
0.818889,1,159,M,0.0230746,0,0,4.43572466e-05
0.833333,1,177,M,0.0230192,0,0,3.97006024e-05
0.847222,1,204,S,0.0226281,0.00377135,-748.220891,0.0020193044
0.851944,1,220,S,0.0225356,0,0,0.0020137286
0.862222,1,224,M,0.0224219,0,0,0.00176926932
0.870278,1,227,M,0.0223991,0,0,0.00170243737
0.886389,1,239,M,0.0223358,0,0,0.00154832886
0.916389,1,294,S,0.0224694,0,0,0.00117668117
0.930556,1,311,S,0.0225117,0,0,0.00103302339
0.943056,1,338,M,0.0223417,0.00372361667,1561.98451,0.00377988065
0.966944,1,408,S,0.019747,0.00329116667,-982.489164,0.00316771383
1.00972,1,439,M,0.0201796,0,0,0.00121471706
1.03833,1,475,M,0.0202804,0,0,0.000935608778
1.04667,1,483,S,0.020276,0.00337933333,-931.889963,0.00140846634
1.07528,1,496,M,0.0206291,0,0,0.0011549705
1.09528,1,513,M,0.0226769,0,0,0.000932540572
1.10306,1,518,M,0.0227824,0,0,0.000852026593
1.15194,1,548,M,0.0229221,0,0,0.000538679671
1.16444,1,568,M,0.022861,0,0,0.000468217381
1.17889,1,621,S,0.0213491,0.00355818333,-840.559602,0.00163649416
1.19417,1,684,S,0.0208365,0.00347275,-882.427091,0.00138980935
1.19917,1,721,S,0.0207564,0,0,0.000573526838
1.20722,1,767,M,0.0206395,0,0,0.00344468409
1.22222,1,857,S,0.00458134,0.000763556667,-18257.8352,0.00340789343
1.22667,1,888,M,0.00495393,0.000825655,31776.5818,0.00442627544
1.41667,1,1817,M,0.00591245,0.000985408333,22307.5352,0.00410218937
1.43056,1,1891,M,0.0059853,0,0,0.00237236945
1.44417,1,1926,M,0.00585925,0,0,0.00142077879
1.45833,1,1953,S,0.00538135,0.000896891667,-13232.188,0.0026642372
1.46444,1,1969,M,0.00544425,0.000907375,26309.9171,0.00410419486
0.539444,2,75,S,0.00400217,0.000667028333,-23925.6044,0.00195110679
0.554722,3,97,S,0.00341392,0.000568986667,-32883.2009,0.00194764812
0.558056,3,100,S,0.00441757,0,0,0.00147497494
0.833611,4,180,N,0.0199379,0.00332298333,-963.764428,0.00201279802
1.15278,4,552,S,0.0216637,0,0,0.000103829937
1.16611,4,572,M,0.0218134,0.00326919187,1638.56285,0.00304603307
1.17194,4,594,M,0.021879,0,0,0.00297359889
1.20639,4,759,M,0.0220901,0,0,0.00224236081
1.22222,4,859,M,0.0221158,0,0,0.00198473334
1.24556,4,938,S,0.0221248,0,0,0.00164991672
1.26194,4,977,M,0.0222906,0.00209953023,1569.15448,0.00144077306
1.27722,4,996,M,0.0225646,0.00376076667,1531.27645,0.00475634217
1.305,4,1156,M,0.0225443,0,0,0.00391687257
1.31944,4,1262,M,0.0225624,0,0,0.00341507028
1.32222,4,1274,M,0.0224174,0,0,0.00333337887
1.34667,4,1424,M,0.0224036,0.00278925757,1553.3648,0.0031288103
1.35917,4,1495,M,0.0222632,0,0,0.00291416806
1.36611,4,1549,M,0.0222669,0.00236761149,1572.49666,0.00258358142
1.37333,4,1604,S,0.0219251,0.00365418333,-796.973214,0.00467361096
1.41389,4,1811,M,0.0221444,0.00369073333,1589.94305,0.00538458576
1.42972,4,1888,M,0.0221135,0,0,0.00489861189
1.485,4,1985,S,0.0222996,0,0,0.00293427964
1.495,4,2000,M,0.0225451,0.00375751667,1533.92658,0.00643809468
1.52694,4,2154,M,0.0227561,0,0,0.00481139872
1.55556,4,2267,M,0.0227048,0,0,0.00362806664
1.56889,4,2312,S,0.0224365,0.00373941667,-761.054966,0.00522827983
1.63889,4,2569,M,0.0224789,0,0,0.00275093698
1.74972,4,2993,M,0.0224299,0,0,0.000992580292
1.75667,4,3035,S,0.0224956,0,0,0.000938403911
0.851667,5,219,M,0.00498378,0,0,0
0.851944,6,221,S,0.00411402,0.00068567,-22642.1132,0.00195134669
0.902778,7,272,N,0.00310175,0.000516958333,-39836.8988,0.00194110305
0.913889,8,286,S,0.00489314,0.000815523333,-16004.8052,0.00196284878
0.931944,9,315,S,0.00493887,0.000823145,-15709.7513,0.00196231336
0.9575,10,372,S,0.00359392,0.000598986667,-29671.1807,0.00195478846
0.966944,11,407,S,0.014079,0.0023465,-1932.85418,0.00210234262
0.985833,11,420,M,0.0139855,0,0,0.00157851335
0.994444,11,432,M,0.013993,0,0,0.00130083705
1.01028,11,440,S,0.0138906,0,0,0.00098879156
1.02361,11,465,M,0.0143596,0.00175101062,3781.28972,0.00209189196
1.01028,12,441,S,0.0051279,0,0,0
1.02472,13,469,S,0.0043602,0.0007267,-20157.116,0.00195674948
1.04056,14,476,N,0.00417831,0.000696385,-21950.5856,0.00195857408
1.05361,15,484,N,0.00341392,0.000568986667,-32883.2009,0.00195357081
1.06917,16,493,S,0.00383421,0.000639035,-26068.0773,0.00196146262
1.0975,17,515,S,0.00397903,0.000663171667,-24204.742,0.00195030085
1.17083,18,589,S,0.00397903,0.000663171667,-24204.742,0.00195944754
1.17111,19,591,S,0.00703485,0.001172475,-7742.42988,0.00202237381
1.34722,19,1430,M,0.0094642,0,0,5.18236386e-06
1.36111,19,1510,M,0.00920635,0,0,3.40409719e-06
1.36583,19,1548,M,0.00933495,0,0,2.41370713e-06
1.37028,19,1584,M,0.0092668,0,0,2.4619907e-06
1.38667,19,1661,M,0.0092882,0,0,1.74832311e-06
1.39056,19,1692,M,0.0091407,0,0,1.53288573e-06
1.51333,19,2048,M,0.0091186,0,0,7.74164832e-08
1.52694,19,2155,M,0.00874935,0,0,1.4434357e-07
1.53278,19,2181,S,0.0085776,0.00083,-5207.62227,0.000389393043
1.53361,19,2185,S,0.00729325,0.00121554167,-7203.46796,0.0015359023
1.17389,20,596,S,0.00367754,0.000612923333,-28336.9362,0.00194863681
1.18028,21,626,S,0.0098664,0.0016444,-3935.90079,0.00206832762
1.19417,21,686,M,0.00916705,0.00152784167,9278.76092,0.00492578439
1.19972,21,723,S,0.0084865,0.00141441667,-5320.03639,0.00495485012
1.2075,21,769,S,0.00761795,0.00126965833,-6602.43232,0.00606426921
1.21639,21,816,S,0.00771205,0,0,0.00482554758
1.315,21,1228,S,0.0076433,0.00127388333,-6558.7052,0.0022581289
1.34583,21,1417,M,0.00851705,0.00141950833,10749.1958,0.00430740708
1.35778,21,1483,S,0.0071807,0.00119678333,-7431.07427,0.00478257572
1.37417,21,1609,M,0.00737545,0,0,0.00296402503
1.38333,21,1647,S,0.0067398,0.0011233,-8435.22784,0.00433200063
1.4025,21,1768,M,0.00738895,0,0,0.00205989148
1.41667,21,1816,M,0.0073822,0,0,0.00128373683
1.42861,21,1885,S,0.0071448,0,0,0.000888702402
1.44194,21,1919,S,0.0066577,0.00110961667,-8644.5727,0.00189262276
1.56944,21,2315,S,0.0065392,0.00108986667,-8960.75137,0.0019709872
1.5725,21,2337,S,0.0065306,0,0,0.0018216201
1.63306,21,2549,M,0.00663265,0,0,0.000247629625
1.19389,22,682,M,0.006016,0,0,0
1.19667,22,701,M,0.0064519,0,0,0
1.20694,22,766,M,0.00647835,0,0,0
1.22083,22,851,M,0.0065306,0,0,6.57234575e-08
1.23139,22,919,S,0.0057499,0.000958316667,-11590.0723,0.00195750269
1.2775,22,997,M,0.0067479,0.00112465,17125.2233,0.00443258326
1.28861,22,1049,S,0.0059019,0.00098365,-11000.6982,0.00334364867
1.3325,22,1304,S,0.0061455,0,0,0.000290625319
1.19389,23,683,N,0.00341392,0.000568986667,-32883.2009,0.00194546549
1.195,24,692,S,0.00479902,0.000799836667,-16638.8402,0.00196592772
1.29111,24,1065,M,0.00439861,0,0,2.59532667e-05
1.29722,24,1103,M,0.00468432,0,0,1.8012159e-05
1.19833,25,711,S,0.00489314,0.000815523333,-16004.8052,0.00194347677
1.20556,25,752,M,0.00538135,0,0,0.00143703936
1.20972,25,778,M,0.0053039,0,0,0.00115636725
1.55389,25,2250,M,0.00565935,0,0,7.70935876e-07
1.55611,25,2270,S,0.00505685,0.000842808333,-14985.1611,0.00193726015
1.21361,26,801,N,0.0207179,0.00345298333,-892.5593,0.00197413148
1.23333,26,926,S,0.0207273,0,0,0.00168681059
1.21639,27,815,S,0.0050855,0.000847583333,-14816.7703,0.00197276398
1.21889,28,834,S,0.00397903,0.000663171667,-24204.742,0.00195296692
1.21972,29,839,N,0.00390797,0.000651328333,-25093.156,0.00195162005
1.2475,29,940,M,0.00458134,0.000763556667,37156.2671,0.00383800615
1.42583,29,1868,S,0.0043602,0.0007267,-20157.116,0.00194961699
1.22056,30,848,S,0.00419931,0.000699885,-21731.5554,0.00195524267
1.22528,31,876,S,0.0059019,0.00098365,-11000.6982,0.00198300026
1.23139,32,920,S,0.0042201,0.00070335,-21517.929,0.00195501576
1.23472,33,927,N,0.00417831,0.000696385,-21950.5856,0.00194832277
1.25028,34,943,N,0.0199379,0.00332298333,-963.764428,0.00201267328
1.58528,34,2392,M,0.0228518,0,0,9.52694327e-05
1.64639,34,2591,M,0.0228771,0,0,5.05748292e-05
1.67167,34,2642,M,0.0228157,0,0,4.11245213e-05
1.69194,34,2694,M,0.0226072,0,0,3.54159986e-05
1.69833,34,2725,M,0.0226503,0,0,3.19124422e-05
1.70778,34,2790,M,0.0225312,0,0,3.21074252e-05
1.72222,34,2861,M,0.0222401,0,0,2.8666419e-05
1.73111,34,2886,M,0.0199583,0,0,2.69316277e-05
1.76028,34,3058,S,0.0200851,0,0,2.12360427e-05
1.28861,35,1050,S,0.00466747,0.000777911667,-17590.118,0.00196958814
1.29417,36,1084,S,0.0041571,0.00069285,-22175.1846,0.00195577137
1.29778,37,1106,N,0.00393194,0.000655323333,-24788.086,0.00195193849
1.30361,38,1147,N,0.0072304,0.00120506667,-7329.25655,0.0020215688
1.38833,38,1672,M,0.0075989,0.00126648333,13503.9784,0.00414753355
1.40056,38,1753,M,0.00750195,0,0,0.00303277021
1.41417,38,1813,M,0.00771205,0,0,0.00178085401
1.42722,38,1878,S,0.0067398,0.0011233,-8435.22784,0.00146031167
1.49861,38,2008,M,0.0067961,0,0,8.86651247e-05
1.30556,39,1163,N,0.00827135,0.00137855833,-5600.42447,0.00204518955
1.31889,39,1259,S,0.0076996,0,0,0.00159769602
1.33167,39,1303,M,0.00744255,0,0,0.00107652357
1.34694,39,1429,M,0.0065392,0,0,0.000828980863
1.35056,39,1456,S,0.00373123,0.000621871667,-27527.1486,0.00212567965
1.31306,40,1206,S,0.00338201,0.000563668333,-33506.7812,0.00194863717
1.31444,41,1223,S,0.0044735,0,0,0
1.31583,42,1235,N,0.00443638,0.000739396667,-19470.6876,0.00195547667
1.31694,43,1243,S,0.0067398,0,0,0
1.32389,43,1284,M,0.0069444,0,0,0
1.34639,43,1421,M,0.0068827,0,0,0
1.35889,43,1493,M,0.00681995,0,0,1.09911365e-08
1.36306,43,1529,S,0.00602615,0.00100435833,-10551.6868,0.00197140303
1.38889,43,1675,S,0.00615525,0,0,0.000779376758
1.39333,43,1714,M,0.0067479,0.00112465,17125.2233,0.00368578497
1.52222,43,2124,M,0.0067398,0,0,6.08889767e-05
1.59611,43,2424,M,0.0073002,0,0,5.48254667e-06
1.31889,44,1258,S,0.0063163,0,0,1.66966657e-08
1.33306,44,1308,M,0.0069748,0.00116246667,16029.0212,0.00430467625
1.33639,44,1331,S,0.00475054,0.000791756667,-16980.2287,0.00456223626
1.33083,45,1298,N,0.00341392,0.000568986667,-32883.2009,0.00194488164
1.34528,46,1412,N,0.0070645,0.00117741667,-7677.5691,0.00199676336
1.36111,46,1511,M,0.00866185,0,0,0.00111280907
1.36639,46,1551,S,0.00693675,0.001156125,-7962.98924,0.00265580934
1.375,46,1613,S,0.00820075,0,0,0.00202707021
1.38889,46,1677,M,0.00800435,0.00133405833,12170.4575,0.00554180203
1.40167,46,1756,S,0.0073002,0.0012167,-7189.75733,0.00388011759
1.40639,46,1792,S,0.00778565,0,0,0.00250661424
1.48444,46,1983,S,0.00713035,0.00118839167,-7536.40247,0.00188745591
1.48972,46,1989,S,0.0073414,0,0,0.00159692801
1.52528,46,2143,M,0.0059019,0.00098365,22387.3683,0.00405889404
1.53028,46,2170,M,0.00561295,0,0,0.00338732175
1.34944,47,1443,S,0.00424068,0.00070678,-21309.5478,0.00195471459
1.35778,48,1484,S,0.00592295,0.000987158333,-10922.6353,0.00197084282
1.35944,49,1498,N,0.00310175,0.000516958333,-39836.8988,0.00193920725
1.36167,50,1512,S,0.00569365,0.000948941667,-11820.2392,0.00194837592
1.36306,51,1528,S,0.00475054,0.000791756667,-16980.2287,0.00196260005
1.37333,52,1605,S,0.00707925,0.001179875,-7645.60594,0.0020321646
1.38778,52,1670,M,0.0071664,0,0,0.00125803578
1.4025,52,1767,M,0.00738895,0,0,0.000750116276
1.375,53,1614,S,0.00432109,0.000720181667,-20523.7107,0.00195481368
1.3825,54,1645,N,0.00367754,0.000612923333,-28336.9362,0.0019513444
1.38333,55,1646,S,0.00456372,0.00076062,-18399.1124,0.00195445676
1.38389,56,1651,N,0.0037575,0.00062625,-27143.5174,0.00195282988
1.39778,57,1737,N,0.00404765,0.000674608333,-23390.8676,0.00194980464
1.40167,58,1755,S,0.00432109,0.000720181667,-20523.7107,0.00196324607
1.40222,59,1765,S,0.00478297,0.000797161667,-16750.7127,0.00197425923
1.40444,59,1782,M,0.00561295,0.000935491667,24751.9727,0.00539621602
1.40472,60,1786,S,0.00624155,0.00104025833,-9835.88173,0.00197828367
1.40639,61,1793,S,0.00426107,0.000710178333,-21106.0615,0.00195416922
1.42583,62,1869,S,0.00430127,0.000716878333,-20713.3223,0.00195166711
1.42722,63,1879,S,0.00454596,0.00075766,-18543.178,0.00195149342
1.42861,64,1884,S,0.00456372,0.00076062,-18399.1124,0.00196219496
1.45778,64,1951,M,0.0054935,0,0,0.000403362996
1.49972,64,2009,M,0.0065046,0.0010841,18430.4432,0.00422914365
1.51028,64,2035,S,0.0050279,0.000837983333,-15158.2479,0.00442089668
1.775,64,3143,M,0.00476681,0,0,4.01643299e-08
1.79056,64,3220,M,0.0050855,0,0,3.03687521e-08
1.80056,64,3311,S,0.00452806,0.000754676667,-18690.0981,0.00192556742
1.44194,65,1920,S,0.00449183,0.000748638333,-18992.862,0.00195016562
1.44528,66,1930,N,0.00411402,0.00068567,-22642.1132,0.00194933421
1.48972,67,1990,S,0.0046505,0.000775083333,-17718.7472,0.00195511671
1.51028,68,2036,S,0.00490848,0.00081808,-15904.9104,0.00196870445
1.7075,68,2789,S,0.00441757,0.000736261667,-19636.8799,0.0019710015
1.52083,69,2112,S,0.0044735,0.000745583333,-19148.851,0.00197227407
1.53028,70,2169,S,0.0037575,0.00062625,-27143.5174,0.00195483796
1.53361,71,2184,S,0.00588065,0.000980108333,-11080.3546,0.00197449789
1.64639,71,2589,S,0.0059543,0,0,2.78860136e-05
1.79861,71,3287,M,0.0058485,0,0,9.41032701e-08
1.815,71,3426,M,0.00613575,0,0,9.46167053e-08
1.82389,71,3535,S,0.0053429,0.000890483333,-13423.349,0.00192820651
1.85417,71,3824,S,0.00441757,0.000736261667,-19636.8799,0.00254520314
1.53889,72,2215,N,0.0092754,0.0015459,-4453.48817,0.0019806873
1.53889,73,2217,N,0.00411402,0.00068567,-22642.1132,0.00195577277
1.54139,74,2225,N,0.00424068,0.00070678,-21309.5478,0.00196366713
1.5625,74,2292,M,0.00400217,0,0,0.000645635133
1.55611,75,2269,S,0.00402503,0.000670838333,-23654.559,0.00195147589
1.56306,76,2294,S,0.00591245,0.000985408333,-10961.4698,0.00202642815
1.57889,77,2364,N,0.00476681,0.000794468333,-16864.4958,0.00195525677
1.58139,78,2377,N,0.00383421,0.000639035,-26068.0773,0.0019512703
1.59472,79,2418,N,0.00428127,0.000713545,-20907.3318,0.00195879127
1.63861,80,2568,N,0.00367754,0.000612923333,-28336.9362,0.0019654395
1.64861,81,2592,N,0.00341392,0.000568986667,-32883.2009,0.00195516271
1.66694,82,2632,N,0.0199379,0.00332298333,-963.764428,0.00201292007
2.09694,82,7165,M,0.0229523,0,0,3.50057286e-05
2.11,82,7355,M,0.0231684,0,0,3.11619531e-05
2.1375,82,7712,M,0.0228905,0,0,2.53964518e-05
2.14583,82,7800,M,0.0228884,0,0,2.40956894e-05
2.16167,82,8048,M,0.0228398,0,0,2.12651297e-05
2.20778,82,8931,M,0.0226417,0,0,1.45291684e-05
2.22111,82,9261,M,0.0227548,0,0,1.2759445e-05
2.25,82,9836,S,0.0187541,0.00312568333,-1089.27926,0.00200046798
2.25667,82,9942,M,0.018691,0.00311516667,2231.77044,0.00420447803
2.285,82,10282,S,0.0189284,0,0,0.00318642287
2.33,82,10734,S,0.0190955,0,0,0.00214771202
2.34556,82,11045,M,0.0192549,0.00187046031,2102.96036,0.00261106199
2.36611,82,11283,M,0.0192031,0,0,0.00210546112
2.375,82,11374,S,0.0187834,0,0,0.00212869567
2.38861,82,11562,M,0.0193783,0,0,0.00182920376
2.40278,82,11744,M,0.0195388,0,0,0.00154156335
2.42639,82,12082,M,0.0196778,0,0,0.00121015935
2.44444,82,12452,M,0.0196368,0,0,0.00101195211
2.45222,82,12601,M,0.0196061,0,0,0.000928811871
2.46917,82,12874,M,0.0194438,0,0,0.00079652759
2.49778,82,13450,S,0.0187194,0.0031199,-1093.32153,0.00186972999
2.51389,82,13685,M,0.0188136,0.00228916851,2202.77717,0.00153717264
2.5275,82,13920,M,0.0211483,0,0,0.000718725648
2.5325,82,14017,M,0.0211664,0,0,0.000689813192
2.54111,82,14148,M,0.0208111,0,0,0.000688090473
2.55556,82,14413,S,0.0205212,0.0034202,-909.752644,0.00187908847
2.56944,82,14626,M,0.0205431,0.0014447929,1847.47952,0.00170790969
2.57861,82,14763,S,0.020267,0.00337783333,-932.717828,0.00301838701
2.59694,82,14998,S,0.0202545,0,0,0.00267334138
1.67917,83,2658,N,0.00341392,0.000568986667,-32883.2009,0.00195425653
1.685,84,2679,N,0.00452806,0.000754676667,-18690.0981,0.00195129094
1.68694,85,2686,N,0.00397903,0.000663171667,-24204.742,0.00194850808
1.68722,86,2688,N,0.00578315,0.000963858333,-11457.1657,0.00198783986
1.69722,87,2712,N,0.00310175,0.000516958333,-39836.8988,0.0019453528
1.7,88,2733,N,0.00344524,0.000574206667,-32287.9259,0.00195951525
1.70694,89,2783,N,0.00449183,0.000748638333,-18992.862,0.00195277549
1.7075,90,2788,S,0.00367754,0.000612923333,-28336.9362,0.00195310937
1.70833,91,2795,N,0.00565935,0.000943225,-11963.9711,0.00200433075
1.71028,92,2807,N,0.00390797,0.000651328333,-25093.156,0.00195158674
1.71083,93,2811,S,0.00397903,0.000663171667,-24204.742,0.00195119956
1.715,94,2831,N,0.00367754,0.000612923333,-28336.9362,0.00195274942
1.71778,95,2847,N,0.00370457,0.000617428333,-27924.8506,0.00194785216
1.72028,96,2854,N,0.00367754,0.000612923333,-28336.9362,0.00196641419
1.735,97,2912,M,0.0140492,0,0,0
1.74917,97,2987,M,0.0137926,0,0,0
1.74333,98,2946,S,0.00432109,0,0,0
1.7475,99,2975,N,0.00341392,0.000568986667,-32883.2009,0.00195091427
1.74944,100,2990,N,0.00430127,0.000716878333,-20713.3223,0.00195743772
1.75056,100,2996,M,0.00432109,0,0,0.00189506613
1.81722,100,3445,M,0.0043602,0,0,5.65385677e-05
1.82,100,3485,M,0.00471767,0,0,4.89010491e-05
1.74972,101,2992,N,0.0061843,0.00103071667,-10018.8536,0.00200018431
1.75972,102,3053,N,0.00734825,0.00122470833,-7096.0284,0.00201563203
1.76222,103,3071,N,0.00310175,0.000516958333,-39836.8988,0.00194521887
1.76306,104,3075,N,0.00576105,0.000960175,-11545.2471,0.00202378306
1.7775,104,3155,M,0.00478297,0,0,0.00131627823
1.79167,104,3224,M,0.0053558,0,0,0.000578310641
1.80028,104,3308,M,0.00459882,0,0,0.00045817178
1.76389,105,3079,N,0.013115,0.00218583333,-2227.4572,0.00206016463
1.77417,105,3138,M,0.0131171,0.00123449802,4531.61583,0.00179949885
1.79139,105,3223,M,0.0138023,0.00230038333,4092.82771,0.00366018121
1.80472,105,3348,M,0.0138312,0,0,0.00290777018
1.81806,105,3455,M,0.0138543,0,0,0.00233231939
1.83278,105,3660,M,0.0137829,0,0,0.00177511848
1.84722,105,3749,S,0.0130633,0.00217721667,-2245.12406,0.00147237506
1.85694,105,3848,S,0.0130265,0,0,0.00080160899
2.10778,105,7332,M,0.0128326,0,0,8.49537979e-06
2.12472,105,7558,S,0.0118143,0.00196905,-2744.95476,0.00201282175
2.12722,105,7599,S,0.0120269,0,0,0.00197290516
2.14806,105,7826,M,0.0130806,0.0021801,4556.94247,0.00288373133
2.19917,105,8764,S,0.0127243,0.00212071667,-2366.35345,0.00284880625
2.20833,105,8940,M,0.0152486,0,0,0.00270497879
2.22139,105,9265,S,0.0130482,0,0,0.00255800166
2.23611,105,9571,S,0.0111996,0,0,0.00208793845
2.24167,105,9691,S,0.0109595,0.00182658333,-3189.87604,0.00189960576
1.77639,106,3147,N,0.00383421,0.000639035,-26068.0773,0.00195294161
1.77889,107,3166,N,0.00411402,0.00068567,-22642.1132,0.00195676494
1.78,108,3174,S,0.0037575,0.00062625,-27143.5174,0.00194806426
1.78111,109,3182,N,0.00578315,0.000963858333,-11457.1657,0.00196824468
1.7975,110,3275,N,0.0055539,0.00092565,-12422.6554,0.00198403801
1.80278,111,3332,N,0.00404765,0.000674608333,-23390.8676,0.00196180301
1.805,112,3350,N,0.005975,0.000995833333,-10733.141,0.00198473875
1.81889,112,3466,M,0.00591245,0,0,0.00121749833
1.83028,112,3629,M,0.0055539,0,0,0.000862900173
1.81,113,3382,N,0.00367754,0.000612923333,-28336.9362,0.001955809
1.81278,114,3409,N,0.00390797,0.000651328333,-25093.156,0.00195319292
1.82389,115,3536,S,0.00417831,0.000696385,-21950.5856,0.00195067421
1.82806,116,3593,N,0.00419931,0.000699885,-21731.5554,0.00195743175
1.83222,117,3654,N,0.0052376,0.000872933333,-13968.5928,0.00199088413
1.86111,117,3855,M,0.0050855,0,0,0.000597232754
1.86556,117,3882,S,0.00451002,0.00075167,-18839.9411,0.00178071117
1.8725,117,3921,S,0.00434074,0,0,0.00136266751
1.88806,117,4050,M,0.0053429,0.000890483333,27317.6713,0.00459174953
1.90222,117,4157,M,0.0055419,0,0,0.00235998938
1.91528,117,4318,S,0.00476681,0.000794468333,-16864.4958,0.00146851845
1.83333,118,3666,N,0.0042201,0.00070335,-21517.929,0.0019557475
1.84417,119,3731,N,0.00404765,0.000674608333,-23390.8676,0.00196219663
1.85417,120,3825,S,0.00395562,0.00065927,-24492.1372,0.00195131241
1.85694,121,3847,S,0.00795805,0.00132634167,-6050.11147,0.00200664604
1.8675,122,3895,N,0.00499856,0.000833093333,-15336.7442,0.0019550994
1.8725,123,3922,S,0.0037575,0.00062625,-27143.5174,0.00194722629
1.8725,124,3926,N,0.00404765,0.000674608333,-23390.8676,0.00195631578
1.88139,125,3993,N,0.00445501,0.000742501667,-19308.1567,0.00195569808
1.88778,126,4047,N,0.00310175,0.000516958333,-39836.8988,0.0019433877
1.89833,127,4116,N,0.00997865,0.00166310833,-3847.84252,0.00200521908
1.90194,128,4149,N,0.00365009,0.000608348333,-28764.8312,0.00195265339
1.90194,129,4150,N,0.0062226,0.0010371,-9895.88728,0.00200772851
1.9075,129,4214,S,0.00664935,0,0,0.00160234746
2.04167,129,6531,M,0.0071376,0.0011896,15306.0833,0.00402004573
2.09639,129,7153,S,0.0062035,0.00103391667,-9956.92519,0.00274657159
2.10722,129,7319,S,0.0059543,0.000992383333,-10807.9068,0.00390955327
2.125,129,7565,M,0.0071376,0.0011896,15306.0833,0.00559818832
2.16139,129,8040,S,0.006016,0.00100266667,-10587.326,0.00396232691
2.21806,129,9199,M,0.00591245,0,0,0.000474687946
2.23083,129,9463,M,0.00593345,0,0,0.000283359348
2.24694,129,9776,S,0.0053429,0.000890483333,-13423.349,0.00213086536
2.27778,129,10195,M,0.0059019,0,0,0.00055699698
2.28972,129,10329,M,0.00507125,0,0,0.000399325371
2.66417,129,16128,M,0.005251,0,0,1.99836586e-11
3.2575,129,23601,M,0.0049689,0,0,3.94418189e-22
3.33167,129,24140,M,0.00484654,0,0,1.52449915e-23
3.345,129,24271,M,0.0052908,0,0,4.82159125e-07
3.35778,129,24405,S,0.00434074,0.000723456667,-20338.2841,0.00194664719
1.90194,130,4152,N,0.00424068,0.00070678,-21309.5478,0.00196972248
1.90778,131,4221,N,0.00476681,0.000794468333,-16864.4958,0.00195597926
1.91528,132,4319,S,0.00367754,0.000612923333,-28336.9362,0.0019510563
1.92167,133,4405,N,0.00341392,0.000568986667,-32883.2009,0.00195263235
1.92194,134,4407,N,0.00428127,0.000713545,-20907.3318,0.00195540478
1.92333,135,4418,N,0.00367754,0.000612923333,-28336.9362,0.00195096
1.92889,136,4478,N,0.00341392,0.000568986667,-32883.2009,0.00194511058
1.92889,137,4479,N,0.00331633,0.000552721667,-34847.4215,0.00193944021
1.92889,138,4482,N,0.00310175,0.000516958333,-39836.8988,0.00194716382
1.92917,139,4487,N,0.00458134,0.000763556667,-18257.8352,0.0019657214
2.12194,139,7515,M,0.00341392,0,0,1.85978374e-07
1.93139,140,4510,N,0.00341392,0.000568986667,-32883.2009,0.0019438184
1.93361,141,4537,S,0.0037575,0,0,0
1.935,142,4555,N,0.00365009,0.000608348333,-28764.8312,0.00194036175
1.93611,143,4568,N,0.0062035,0.00103391667,-9956.92519,0.00201267695
2.13889,143,7718,M,0.0070645,0.00117741667,15624.5144,0.00414880534
2.17139,143,8220,S,0.00639835,0.00106639167,-9359.65362,0.0031787591
2.19833,143,8751,M,0.00651325,0,0,0.00126308575
1.93944,144,4608,N,0.00452806,0.000754676667,-18690.0981,0.00196510423
1.94139,145,4630,N,0.0057499,0.000958316667,-11590.0723,0.00196513015
1.94361,146,4655,N,0.00383421,0.000639035,-26068.0773,0.00195081417
1.94361,147,4656,N,0.00310175,0.000516958333,-39836.8988,0.00193906796
1.945,148,4672,N,0.00451002,0.00075167,-18839.9411,0.00195104426
1.955,149,4800,N,0.00428127,0.000713545,-20907.3318,0.00195292004
1.95778,150,4835,N,0.0080158,0.00133596667,-5963.24145,0.00203123653
1.97194,150,5131,M,0.00841945,0.00140324167,10999.8755,0.00536699432
1.97889,150,5326,M,0.00821715,0,0,0.00459831112
2.0325,150,6351,M,0.00854745,0,0,0.000947824165
2.04167,150,6529,S,0.00784,0.00130666667,-6233.69795,0.00174878819
2.05472,150,6755,M,0.00627915,0.001046525,19777.8322,0.00285729968
2.06667,150,6909,S,0.0049689,0.00082815,-15520.4112,0.00306142082
2.15083,150,7876,M,0.00499856,0,0,7.07065469e-05
2.15833,150,7988,S,0.00454596,0.00075766,-18543.178,0.00185728764
1.95778,151,4837,N,0.00669075,0.001115125,-8559.37211,0.00196559465
1.95861,152,4847,N,0.00437949,0.000729915,-19979.9092,0.00195780421
1.95917,153,4859,N,0.00426107,0.000710178333,-21106.0615,0.00195395576
1.96,154,4871,N,0.00471767,0.000786278333,-17217.706,0.00195586233
1.96722,155,5012,N,0.00341392,0.000568986667,-32883.2009,0.00195251037
1.96833,156,5030,N,0.00338201,0.000563668333,-33506.7812,0.00195101611
1.96833,157,5032,N,0.00341392,0.000568986667,-32883.2009,0.00194701206
2.03194,157,6331,S,0.00411402,0,0,2.00784649e-05
2.30556,157,10479,M,0.0052106,0.000868433333,28722.6994,0.0041253597
2.30889,157,10501,M,0.00424068,0,0,0.00380158129
1.96833,158,5033,N,0.00310175,0.000516958333,-39836.8988,0.00194640453
1.96917,159,5057,N,0.00367754,0.000612923333,-28336.9362,0.00195442149
1.96972,160,5067,N,0.00417831,0.000696385,-21950.5856,0.00195343848
1.97,161,5072,N,0.0066825,0.00111375,-8580.52168,0.00202656975
1.97056,162,5082,N,0.0061161,0.00101935,-10243.5642,0.0019544534
1.97139,163,5108,N,0.0051696,0.0008616,-14338.5421,0.00200767577
2.14472,163,7773,S,0.00443638,0.000739396667,-19470.6876,0.00190065772
1.97139,164,5109,N,0.00367754,0.000612923333,-28336.9362,0.00194693738
1.97194,165,5132,N,0.007834,0.00112,-6243.25116,0.00138348063
1.97306,165,5152,S,0.00717355,0.00119559167,-7445.89649,0.00138675241
2.01083,165,6020,M,0.00757325,0.00126220833,13595.6158,0.00422644502
2.02,165,6161,M,0.00750195,0,0,0.00335865195
2.10306,165,7257,M,0.00805005,0.001341675,12032.6545,0.00394160829
2.17333,165,8253,M,0.0072724,0,0,0.0006076398
2.19222,165,8620,M,0.00637125,0,0,0.000397976635
2.19917,165,8769,M,0.00593345,0,0,0.000300484259
1.97222,166,5134,N,0.0079697,0.00132828333,-6032.43486,0.00210155627
1.98083,166,5392,M,0.00639835,0.00106639167,19047.7013,0.00537395186
2.00806,166,5971,S,0.0065735,0,0,0.00204440092
2.02722,166,6260,M,0.0077244,0.0012874,13068.6989,0.00340385224
2.03194,166,6337,M,0.00773055,0,0,0.00283300018
2.04139,166,6523,M,0.00752155,0,0,0.00266700105
2.05417,166,6744,S,0.0072374,0.00120623333,-7315.08432,0.00367836872
2.09556,166,7151,M,0.00728635,0,0,0.0011066717
2.10194,166,7241,S,0.0067881,0.00113135,-8315.6024,0.00108155715
2.13528,166,7692,S,0.00609635,0,0,0.000418072032
1.97222,167,5140,N,0.0086471,0.00144118333,-5124.24056,0.00198596213
1.98583,167,5513,M,0.00883045,0,0,0.00134671445
1.99694,167,5762,M,0.0088634,0,0,0.00115708561
2.00917,167,5992,S,0.00824975,0.00137495833,-5629.79217,0.00116021982
2.02806,167,6276,M,0.00836715,0.000985036928,11137.8295,0.00157718822
2.09639,167,7155,S,0.00820075,0,0,0.000310546727
2.10778,167,7328,S,0.0086766,0,0,0.000214030637
2.12417,167,7547,M,0.0085876,0,0,0.00013672946
2.13667,167,7703,S,0.0080387,0.00133978333,-5929.31162,0.00198429119
2.15083,167,7874,M,0.0080387,0.00133978333,12066.6598,0.00521953471
2.16639,167,8121,S,0.0076116,0,0,0.00335689838
2.17667,167,8311,S,0.00755395,0,0,0.00254443798
2.27694,167,10186,M,0.00753455,0,0,0.000131832863
2.28306,167,10258,S,0.00683575,0.00113929167,-8200.06317,0.00190158899
2.32389,167,10651,M,0.00652195,0,0,0.000588610875
2.33833,167,10915,S,0.0066577,0,0,0.00037388188
2.43056,167,12151,S,0.00610625,0.00101770833,-10276.6426,0.00194301455
2.44139,167,12373,S,0.0063163,0,0,0.0013528701
2.72056,167,16972,M,0.00624155,0,0,1.02085605e-07
2.85694,167,18904,M,0.0065564,0,0,8.54912499e-10
2.86444,167,18975,M,0.0063803,0,0,1.9107039e-06
2.8675,167,18995,S,0.00538135,0.000896891667,-13232.188,0.00183463394
3.40222,167,24870,M,0.00557765,0,0,5.34340036e-13
3.44083,167,25327,M,0.0055419,0,0,1.2161376e-06
3.45417,167,25467,S,0.00515575,0.000859291667,-14415.6921,0.0019576335
1.97222,168,5141,N,0.0097863,0.00163105,-4000.59922,0.00204199261
1.98583,168,5514,M,0.0089516,0,0,0.00164407246
1.99556,168,5721,S,0.0086224,0.00143706667,-5153.64318,0.00298458568
2.0275,168,6267,M,0.009767,0.00162783333,8173.77427,0.00482200085
2.03306,168,6364,M,0.0086471,0,0,0.00446457329
2.04028,168,6495,S,0.0084505,0.00140841667,-5365.46461,0.00389363562
2.05528,168,6759,S,0.0091407,0,0,0.00157461796
2.06417,168,6899,M,0.0097786,0.00162976667,8154.39185,0.00316183258
1.975,169,5212,N,0.0041571,0.00069285,-22175.1846,0.00195819464
2.02778,169,6273,M,0.00499856,0.000833093333,31211.5955,0.00398643055
2.03278,169,6359,M,0.0052376,0,0,0.00268984739
2.03861,169,6467,M,0.00576105,0,0,0.00206435553
2.05417,169,6748,M,0.0049689,0,0,0.00121940049
2.06361,169,6890,M,0.00461618,0,0,0.000899211935
1.97583,170,5237,N,0.00373123,0.000621871667,-27527.1486,0.00195586098
1.97583,171,5240,N,0.00397903,0.000663171667,-24204.742,0.00196191105
1.97611,172,5244,N,0.00463341,0.000772235,-17849.7172,0.00196065864
1.97611,173,5247,N,0.00367754,0.000612923333,-28336.9362,0.00195353341
1.97722,174,5272,N,0.00341392,0.000568986667,-32883.2009,0.00195019809
1.97917,175,5334,N,0.00395562,0.00065927,-24492.1372,0.0019520685
1.98111,176,5393,N,0.0172126,0.00286876667,-1293.12858,0.00211322265
2,176,5819,M,0.0170683,0,0,0.00168707286
2.01194,176,6038,M,0.0167317,0,0,0.00140621514
2.02639,176,6239,S,0.0166735,0.00277891667,-1378.10492,0.00175386831
2.04056,176,6498,S,0.016754,0,0,0.00145405451
2.05556,176,6765,M,0.0171552,0,0,0.00116064006
2.0675,176,6918,M,0.0171652,0,0,0.000949219157
2.07361,176,6945,S,0.0172051,0,0,0.000857816094
2.09722,176,7168,S,0.0171576,0,0,0.000582341113
2.10944,176,7348,M,0.0172696,0.00287826667,2614.28409,0.00385980946
2.125,176,7563,M,0.0173837,0,0,0.00315037272
2.16639,176,8124,S,0.0170772,0.0028462,-1313.71639,0.0032076315
2.18056,176,8381,S,0.0162354,0,0,0.00271722026
2.19389,176,8658,M,0.0169448,0,0,0.00213862562
2.19833,176,8750,M,0.016932,0,0,0.00163576172
2.20694,176,8915,M,0.0168894,0,0,0.00173912714
2.2175,176,9179,S,0.0164384,0.00273973333,-1417.80752,0.00186981092
2.26333,176,10039,M,0.016587,0,0,0.000894112457
2.28944,176,10328,M,0.0145744,0,0,0.00062831794
2.31222,176,10531,M,0.015964,0,0,0.000414483285
2.32111,176,10618,M,0.0160703,0,0,0.0003436924
2.34472,176,11035,M,0.0156379,0,0,0.00043092311
2.35361,176,11135,S,0.00522415,0.000870691667,-14040.6218,0.0018265744
1.98194,177,5408,N,0.00367754,0.000612923333,-28336.9362,0.0019537416
1.9825,178,5426,N,0.00687495,0.001145825,-8106.80885,0.00204433375
1.99194,178,5647,S,0.00608645,0.00101440833,-10343.6217,0.00198032865
1.98306,179,5440,N,0.00507125,0.000845208333,-14900.1681,0.00200321769
2.01139,179,6030,M,0.00484654,0,0,0.000531189671
1.98306,180,5443,M,0.00588065,0,0,0
2.01222,180,6041,M,0.00633475,0,0,0
1.98333,181,5449,N,0.00452806,0.000754676667,-18690.0981,0.00196029442
1.98389,182,5459,N,0.00310175,0.000516958333,-39836.8988,0.00194716382
1.98472,183,5479,S,0.00380898,0.00063483,-26414.6269,0.00195742969
1.98472,184,5480,S,0.00637125,0.001061875,-9439.45419,0.00198853316
1.98556,185,5509,N,0.00599555,0.000999258333,-10659.6817,0.00201555125
1.99083,185,5629,M,0.0064871,0,0,0.00162022174
1.98583,186,5512,N,0.0130287,0.00217145,-2257.06519,0.00199941668
1.99972,186,5815,M,0.0128438,0,0,0.00134704831
2.00722,186,5953,S,0.0118774,0.00197956667,-2715.86473,0.00349292372
2.06306,186,6875,S,0.0113759,0.00189598333,-2960.61325,0.00117374397
1.98611,187,5517,N,0.00404765,0.000674608333,-23390.8676,0.00196342442
2.03806,187,6452,S,0.00451002,0,0,9.52716479e-05
1.9875,188,5556,N,0.00353595,0.000589325,-30652.2421,0.00196574051
1.98778,189,5562,N,0.00321262,0.000535436667,-37134.1482,0.00193667145
1.98806,190,5574,N,0.00430127,0.000716878333,-20713.3223,0.00195859087
1.98889,191,5590,N,0.00390797,0.000651328333,-25093.156,0.00194596739
1.98917,192,5592,N,0.0048308,0.000805133333,-16420.6068,0.00196343266
1.99028,193,5614,N,0.00367754,0.000612923333,-28336.9362,0.00195278558
1.99111,194,5631,N,0.00362223,0.000603705,-29209.1043,0.00195146536
1.99417,195,5698,N,0.00404765,0.000674608333,-23390.8676,0.00195841802
1.99528,196,5709,S,0.0055419,0.00092365,-12476.5187,0.00197700255
1.99528,197,5710,S,0.00562465,0.000937441667,-12112.0633,0.00196891828
1.99528,198,5720,N,0.00310175,0.000516958333,-39836.8988,0.00194305014
1.99556,199,5731,N,0.0062226,0.0010371,-9895.88728,0.00207409457
2.00583,199,5926,S,0.0055178,0.000919633333,-12585.7578,0.00226567877
1.99694,200,5761,S,0.00395562,0.00065927,-24492.1372,0.00195228214
1.9975,201,5768,N,0.00507125,0.000845208333,-14900.1681,0.00199048634
1.99833,202,5787,N,0.0075797,0.00126328333,-6669.24347,0.00200479969
2.00028,202,5821,S,0.0069899,0.00116498333,-7842.33893,0.00358638434
2.02222,202,6182,M,0.006699,0,0,0.00210350434
2.05139,202,6695,S,0.006599,0.00109983333,-8799.06547,0.0011990531
1.99861,203,5789,N,0.00782195,0.00130365833,-6262.50366,0.0020303433
2.00194,203,5855,M,0.00699745,0,0,0.00197389066
2.02778,203,6268,S,0.00596465,0,0,0.00109692859
2.03139,203,6324,M,0.0071807,0,0,0.000762351463
2.04056,203,6503,M,0.0071376,0,0,0.000587396475
2.08306,203,6999,M,0.007515,0,0,0.000147645128
2.09222,203,7104,M,0.0067398,0,0,0.000117456776
2.10778,203,7333,M,0.006582,0,0,7.50429919e-05
2.13639,203,7702,M,0.00660745,0,0,2.87122654e-05
2.15139,203,7881,S,0.0060058,0,0,1.8238166e-05
1.99861,204,5790,N,0.00468432,0.00078072,-17463.7793,0.00195554825
1.99917,205,5802,N,0.0243662,0.00406103333,-645.280347,0.00201040712
2.02306,205,6195,M,0.0245424,0,0,0.00173761078
2.03306,205,6363,M,0.0245479,0,0,0.00151792184
2.04111,205,6520,M,0.0244823,0,0,0.00154012397
2.05472,205,6754,M,0.024467,0,0,0.00137556622
2.06667,205,6908,S,0.0247691,0,0,0.00124731491
1.99972,206,5814,N,0.0102206,0.00170343333,-3667.80814,0.00209613042
2.01389,206,6057,S,0.0096813,0.00161355,-4087.8545,0.00238832034
2.02778,206,6271,S,0.0105353,0,0,0.00151513366
2.0325,206,6349,M,0.0103046,0,0,0.00121281236
2.03861,206,6460,S,0.0099191,0.00165318333,-3894.18614,0.00319138245
2.04778,206,6644,S,0.0102488,0,0,0.0025533238
2.09361,206,7122,M,0.0103564,0,0,0.000794845963
2.10583,206,7300,M,0.0103495,0,0,0.000588414319
2.12444,206,7552,M,0.0101674,0,0,0.000388697648
2.13889,206,7717,M,0.0099116,0,0,0.000272552161
2,207,5818,N,0.00367754,0.00028,-28336.9362,0.000250407715
2.00028,207,5825,M,0.00443638,0.000739396667,39624.5263,0.00433587873
2,208,5820,N,0.0037575,0.00062625,-27143.5174,0.00195011186
2.00528,209,5916,N,0.00413567,0.000689278333,-22405.6325,0.00195192429
2.00583,210,5927,S,0.00424068,0.00070678,-21309.5478,0.00198250174
2.00722,211,5952,S,0.0069748,0.00116246667,-7876.33551,0.00202464794
2.00722,212,5956,N,0.005469,0.0009115,-12811.3956,0.00196245957
2.02444,212,6209,S,0.00647835,0,0,0.000960270143
2.00778,213,5966,S,0.00359392,0.000598986667,-29671.1807,0.00194903684
2.00806,214,5972,S,0.005469,0.0009115,-12811.3956,0.0019863417
2.43056,214,12153,S,0.00479902,0.000799836667,-16638.8402,0.00195415288
2.44361,214,12439,M,0.0060058,0.00100096667,21619.3773,0.00490831027
2.45306,214,12623,M,0.0055419,0,0,0.00372789158
2.47222,214,12913,M,0.00564785,0,0,0.00175132455
2.59694,214,15000,S,0.0055057,0.000917616667,-12641.1458,0.00197501449
2.59917,214,15043,M,0.005469,0,0,0.00185059074
2.63806,214,15714,S,0.00709395,0,0,0.000305550467
2.65111,214,15915,M,0.0073822,0.00123036667,14308.4959,0.00429271072
2.66583,214,16168,M,0.0072724,0,0,0.00268239461
2.67472,214,16320,S,0.0062604,0.0010434,-9776.73266,0.00208976743
2.71917,214,16946,M,0.0071376,0,0,3.50145167e-05
2.74944,214,17497,M,0.0080387,0,0,1.13406371e-05
2.76278,214,17741,M,0.0075475,0,0,7.50557252e-06
2.77472,214,17944,S,0.00719495,0.00119915833,-7401.66518,0.00201022583
2.80444,214,18274,M,0.0072021,0,0,0.000842901427
2.80944,214,18347,M,0.00664935,0,0,0.000731781433
2.87333,214,19063,S,0.0067961,0,0,9.92447964e-05
2.87917,214,19116,S,0.0069444,0,0,8.42293191e-05
2.90139,214,19328,M,0.00771205,0.00127144689,13110.5925,0.00397932172
2.91611,214,19480,S,0.00729325,0.00121554167,-7203.46796,0.00235198331
2.92972,214,19633,M,0.0069596,0,0,0.00171791695
2.93111,214,19644,M,0.0066577,0,0,0.00167268096
3.10778,214,22193,M,0.007541,0,0,5.53373006e-06
3.31806,214,24027,M,0.0070719,0,0,1.70737386e-08
3.38806,214,24692,M,0.0071158,0,0,2.11425235e-09
3.39056,214,24715,M,0.00721625,0,0,1.98387225e-09
3.46639,214,25582,M,0.00721625,0,0,2.25862491e-10
3.48194,214,25748,M,0.00718785,0,0,1.38295189e-10
3.5,214,25921,S,0.0062321,0.00103868333,-9865.73691,0.0019872688
3.565,214,26543,M,0.0069444,0,0,0.000189918837
2.00917,215,5991,S,0.00452806,0.000754676667,-18690.0981,0.00195639892
2.00917,216,5997,S,0.0057721,0.000962016667,-11501.0799,0.00197342605
2.01028,217,6010,N,0.00468432,0.00078072,-17463.7793,0.00201814283
2.01083,218,6017,N,0.00397903,0.000663171667,-24204.742,0.00197500831
2.01083,219,6021,N,0.00353595,0.000589325,-30652.2421,0.00193830316
2.01111,220,6027,N,0.00359392,0.000598986667,-29671.1807,0.00194369425
2.01167,221,6033,N,0.00501325,0.000835541667,-15246.9826,0.00195393786
2.01389,222,6059,N,0.00840385,0.00140064167,-5425.20272,0.00210216841
2.0275,222,6261,S,0.00735505,0.00122584167,-7082.91214,0.00252212506
2.03278,222,6353,S,0.0087877,0,0,0.00176303638
2.04167,222,6527,S,0.00770585,0.00128430833,-6452.65076,0.00356944479
2.05528,222,6761,M,0.00854745,0,0,0.00220592261
2.06861,222,6924,S,0.00844535,0,0,0.0016297834
2.08278,222,6994,M,0.00936445,0,0,0.000961848654
2.09694,222,7167,M,0.0090651,0,0,0.000678442461
2.11111,222,7365,M,0.00883515,0,0,0.000444124705
2.12417,222,7549,M,0.0092237,0,0,0.000305773466
2.01472,223,6066,N,0.00341392,0.000568986667,-32883.2009,0.00194951031
2.015,224,6070,N,0.00404765,0.000674608333,-23390.8676,0.0019727217
2.02083,225,6170,N,0.00395562,0.00065927,-24492.1372,0.00195056275
2.02167,226,6176,N,0.00367754,0.000612923333,-28336.9362,0.00195447337
2.02556,227,6231,N,0.00310175,0.000516958333,-39836.8988,0.0019456471
2.02806,228,6275,S,0.0052908,0.0008818,-13689.0538,0.00194549636
2.03833,228,6459,M,0.0053039,0,0,0.00133316665
2.02972,229,6295,S,0.00588065,0.000980108333,-11080.3546,0.00200194541
2.03111,230,6314,N,0.00359392,0.000598986667,-29671.1807,0.00193655901
2.03139,231,6322,S,0.00475054,0.000791756667,-16980.2287,0.00196576227
2.03194,232,6332,S,0.0037575,0,0,0
2.035,233,6397,S,0.00473416,0.000789026667,-17097.9516,0.00195363515
2.03861,234,6461,S,0.00404765,0.000674608333,-23390.8676,0.00195258696
2.03861,235,6463,N,0.00367754,0.000612923333,-28336.9362,0.00195626622
2.04028,236,6496,S,0.00397903,0.000663171667,-24204.742,0.00195723742
2.04083,237,6509,S,0.00514185,0.000856975,-14493.7484,0.00195892256
2.04167,238,6530,N,0.00667425,0.00083,-8601.74973,0.00090929542
2.0425,238,6542,S,0.00544425,0.000907375,-12928.159,0.000931697573
2.06806,238,6922,M,0.00632555,0.00105425833,19488.7099,0.00442014626
2.07806,238,6962,M,0.00637125,0,0,0.00301507921
2.09333,238,7119,M,0.0060058,0,0,0.00167744973
2.10806,238,7335,M,0.0058269,0,0,0.00100473273
2.125,238,7564,M,0.0059543,0,0,0.000496052488
2.13444,238,7676,S,0.00526435,0.000877391667,-13826.9757,0.00222653823
2.23417,238,9525,S,0.00471767,0.000786278333,-17217.706,0.00197152252
2.0425,239,6541,S,0.00459882,0.00076647,-18119.2823,0.00196013769
2.04278,240,6551,N,0.00390797,0.000651328333,-25093.156,0.001959471
2.04611,241,6612,S,0.00463341,0,0,0
2.04694,242,6623,S,0.00390797,0,0,0
2.04722,243,6632,S,0.0062604,0,0,0
2.11417,243,7403,M,0.00632555,0,0,0
2.04833,244,6659,N,0.00411402,0.00068567,-22642.1132,0.00195576355
2.05389,245,6738,N,0.00310175,0.000516958333,-39836.8988,0.00195727546
2.05417,246,6742,S,0.00409214,0.000682023333,-22884.9305,0.00197308869
2.05417,247,6743,S,0.00430127,0.000716878333,-20713.3223,0.0019596828
2.05444,248,6753,N,0.0053686,0.000894766667,-13295.1218,0.00198335594
2.05611,248,6771,S,0.00441757,0.000736261667,-19636.8799,0.00370369783
2.05528,249,6762,N,0.00310175,0.000516958333,-39836.8988,0.00194313099
2.06,250,6828,S,0.00660745,0,0,0
2.06417,251,6897,S,0.00459882,0.00076647,-18119.2823,0.00196000578
2.06528,252,6901,N,0.00424068,0.00070678,-21309.5478,0.00195299905
2.06667,253,6907,S,0.0037575,0.00062625,-27143.5174,0.00195051706
2.06667,254,6910,S,0.0042201,0.00070335,-21517.929,0.00195890352
2.06861,255,6923,S,0.00428127,0,0,0
2.08361,256,7003,N,0.0199379,0.00332298333,-963.764428,0.00201283885
2.47611,256,12972,M,0.0229941,0,0,5.68486111e-05
2.55528,256,14408,M,0.0225849,0,0,2.61853818e-05
2.59722,256,15010,M,0.0225298,0,0,1.80881107e-05
2.61028,256,15232,M,0.0227276,0,0,1.61062534e-05
2.62444,256,15441,M,0.0227625,0,0,1.40052019e-05
2.6375,256,15706,M,0.0228856,0.00222756288,1488.62013,0.00102559479
2.66639,256,16179,M,0.0227881,0,0,0.000806632362
2.67722,256,16349,M,0.0228744,0,0,0.000720783843
2.69917,256,16617,M,0.0194477,0,0,0.00059528276
2.70833,256,16755,S,0.022659,0,0,0.000584817297
2.72167,256,16987,M,0.0193024,0.00321706667,2092.62264,0.00365232792
2.73472,256,17185,M,0.019231,0,0,0.00322946772
2.76389,256,17758,M,0.0223159,0,0,0.0019194989
2.76722,256,17821,S,0.0190287,0.00317145,-1058.06652,0.00194342928
2.86083,256,18943,M,0.0200741,0,0,0.000468172501
2.87417,256,19075,S,0.0194107,0.00323511667,-1016.82958,0.00241180571
2.88889,256,19221,M,0.0199924,0.00333206667,1950.66443,0.00525501676
2.89361,256,19257,S,0.019395,0.0032325,-1018.47653,0.0048927594
2.91639,256,19488,M,0.0195225,0,0,0.00339547679
2.97167,256,20202,M,0.0201733,0,0,0.00535198129
2.99306,256,20480,S,0.006666,0.001111,-8623.05665,0.007643097
3.01139,256,20792,M,0.0069672,0,0,0.0049441967
3.02222,256,20947,S,0.00609635,0.00101605833,-10310.0506,0.0032564502
2.08889,257,7055,S,0.00417831,0.000696385,-21950.5856,0.001950106
2.08889,258,7057,S,0.00367754,0.000612923333,-28336.9362,0.00195651446
2.18,258,8365,S,0.00370457,0,0,4.15996121e-06
2.18167,258,8402,S,0.00434074,0,0,3.6431495e-06
2.09639,259,7154,S,0.00451002,0.00075167,-18839.9411,0.00197749013
2.09639,260,7158,S,0.00473416,0.000789026667,-17097.9516,0.00195786788
2.23972,260,9657,M,0.00456372,0,0,2.37840635e-06
2.09722,261,7172,N,0.00367754,0.000612923333,-28336.9362,0.00196556656
2.10083,262,7215,S,0.00341392,0.000568986667,-32883.2009,0.00194759664
2.10194,263,7242,S,0.00430127,0.000716878333,-20713.3223,0.00199936874
2.11361,263,7391,M,0.00451002,0,0,0.000997569803
2.10278,264,7256,N,0.00459882,0.00076647,-18119.2823,0.00195404877
3.04806,264,21369,M,0.0053686,0.000894766667,27056.718,0.00411720835
2.10556,265,7296,N,0.0108479,0.00180798333,-3255.85104,0.00204200486
2.13611,265,7699,M,0.0104853,0,0,0.00114376631
2.15139,265,7883,M,0.0105153,0.00175255,7051.75389,0.00441868827
2.10778,266,7329,S,0.00452806,0.000754676667,-18690.0981,0.00195460015
2.33306,266,10807,S,0.00490848,0,0,2.17037198e-08
2.10778,267,7334,N,0.00404765,0.000674608333,-23390.8676,0.0019605455
2.11917,268,7476,N,0.0050424,0.0008404,-15071.1823,0.00194716917
2.13444,268,7679,M,0.0050424,0,0,0.00120667215
2.20694,268,8916,M,0.0052376,0,0,2.84325121e-05
2.22194,268,9269,S,0.00397903,0.000663171667,-24204.742,0.00197360408
2.65278,268,15946,M,0.0052376,0.000872933333,28427.2895,0.00410056369
2.665,268,16148,M,0.0055178,0,0,0.00216910986
2.66778,268,16212,M,0.0054067,0,0,0.00194041668
2.69889,268,16612,M,0.0052376,0,0,0.00050628843
2.81694,268,18444,M,0.0052106,0,0,3.49811625e-06
2.95417,268,19935,M,0.00545665,0,0,9.10406541e-09
2.9675,268,20137,M,0.00507125,0,0,5.17532339e-09
2.985,268,20363,S,0.00471767,0.000786278333,-17217.706,0.00196650852
3.34556,268,24277,M,0.00596465,0.000994108333,21918.7457,0.00409094755
3.36028,268,24439,S,0.00492373,0.000820621667,-15806.5259,0.00381410247
3.36333,268,24475,M,0.0057499,0.000958316667,23586.7954,0.00265331661
3.58944,268,26761,S,0.00561295,0.000935491667,-12162.6168,0.00201143962
3.61944,268,27023,M,0.0055419,0,0,0.00058339237
3.64417,268,27231,M,0.00518335,0,0,0.000207616463
2.11944,269,7479,N,0.00501325,0.000835541667,-15246.9826,0.00195585223
2.12278,270,7527,N,0.00341392,0.000568986667,-32883.2009,0.00195136423
2.125,271,7566,N,0.0037575,0.00056,-27143.5174,0.00142837617
2.12556,271,7570,M,0.00486217,0.000810361667,32987.4695,0.00526017326
3.1525,271,22604,M,0.00473416,0,0,2.27015951e-23
3.16611,271,22720,M,0.0052106,0,0,3.55616846e-07
3.16722,271,22730,S,0.00388369,0.000647281667,-25407.9491,0.00174027442
2.12722,272,7598,S,0.0075797,0,0,0
2.13111,273,7641,S,0.0061843,0,0,0
2.13444,274,7677,S,0.00338201,0.000563668333,-33506.7812,0.00194762027
2.13667,275,7705,S,0.00437949,0,0,0
2.13667,276,7706,S,0.00393194,0.000655323333,-24788.086,0.00195374391
2.1375,277,7713,N,0.00310175,0.000516958333,-39836.8988,0.00194358899
2.14556,278,7795,N,0.00341392,0.000568986667,-32883.2009,0.00194789335
2.15139,279,7882,S,0.00522415,0,0,0
2.15694,280,7968,N,0.00370457,0.000617428333,-27924.8506,0.00195493566
2.15833,281,7987,S,0.0037575,0.00062625,-27143.5174,0.00195141973
2.15833,282,7991,N,0.00501325,0.000835541667,-15246.9826,0.00196063938
2.16139,283,8041,S,0.00489314,0.000815523333,-16004.8052,0.00196413169
2.16278,284,8059,S,0.005251,0,0,0
2.16361,285,8078,N,0.00451002,0.00075167,-18839.9411,0.00196187524
2.16389,286,8081,S,0.0050997,0.00084995,-14734.3597,0.00196242552
2.48528,286,13161,M,0.00608645,0.00101440833,21050.1611,0.00400383183
2.49333,286,13357,M,0.00592295,0,0,0.00335937135
2.55083,286,14319,M,0.0060464,0,0,0.000323334561
2.56722,286,14580,S,0.0052106,0.000868433333,-14113.7512,0.00193098972
2.16639,287,8123,S,0.0110235,0.00183725,-3152.94174,0.00204063708
2.17,288,8192,N,0.00466747,0.000777911667,-17590.118,0.00195820738
2.41361,288,11901,M,0.00644305,0.00107384167,18784.2941,0.00410159341
2.43056,288,12158,M,0.0072092,0.00120153333,15003.5307,0.00269186284
2.43361,288,12213,M,0.0069214,0,0,0.00253335596
2.44861,288,12529,S,0.0061939,0.00103231667,-9987.8174,0.00284717471
2.52778,288,13927,M,0.0080953,0.00134921667,11898.5017,0.00416677209
2.53306,288,14024,M,0.0076747,0,0,0.00383946616
2.53639,288,14081,M,0.00747565,0,0,0.00382526608
2.55306,288,14365,M,0.0077244,0.0012874,13068.6989,0.00643375115
2.56556,288,14551,M,0.00816775,0,0,0.00416377454
2.58111,288,14787,M,0.00825515,0,0,0.00247117462
2.5925,288,14935,S,0.00548125,0.000913541667,-12754.1879,0.00235323905
2.61,288,15228,M,0.0058051,0,0,0.000276324001
2.61806,288,15358,M,0.00538135,0,0,0.000208669833
2.63722,288,15699,M,0.0055057,0,0,9.16263102e-05
2.63944,288,15725,S,0.0050997,0.00084995,-14734.3597,0.00192269002
2.88861,288,19216,S,0.00434074,0.000723456667,-20338.2841,0.00195114126
2.17,289,8194,N,0.00341392,0.000568986667,-32883.2009,0.00195003783
2.17056,290,8205,S,0.00627915,0,0,1.17847017e-06
2.24917,290,9818,S,0.0052376,0.000872933333,-13968.5928,0.00197256661
2.17056,291,8207,S,0.00341392,0.000568986667,-32883.2009,0.00194729868
2.17139,292,8221,S,0.00383421,0.000639035,-26068.0773,0.00195693283
2.17667,293,8310,S,0.00451002,0.00075167,-18839.9411,0.00195300692
2.17917,294,8347,S,0.00443638,0,0,0
2.17917,295,8353,S,0.00367754,0.000612923333,-28336.9362,0.0019555315
2.17917,296,8354,S,0.0055419,0,0,3.02695661e-07
2.19222,296,8619,M,0.0060058,0.00100096667,21619.3773,0.00411242496
2.215,296,9108,S,0.00661585,0,0,0.00156625923
2.24722,296,9787,M,0.0064519,0,0,0.00047609092
2.25306,296,9878,M,0.0075604,0.00126006667,13641.8749,0.00451201214
2.27056,296,10127,M,0.0069596,0,0,0.002586641
2.28056,296,10232,M,0.00752805,0,0,0.00188329016
2.315,296,10556,S,0.0074492,0,0,0.000575706008
2.17944,297,8358,N,0.0109287,0.00182145,-3207.88241,0.00204624099
2.18556,297,8492,M,0.0109009,0.00181681667,6561.6593,0.0032935428
2.2075,297,8927,M,0.0107723,0,0,0.0021326321
2.22194,297,9274,M,0.0107595,0,0,0.00144458224
2.2325,297,9497,S,0.0102206,0.00170343333,-3667.80814,0.0031972361
2.25,297,9838,M,0.0108133,0.00180221667,6668.41081,0.00226938466
2.25722,297,9948,S,0.0102348,0.0017058,-3657.63689,0.00378657839
2.18194,298,8407,N,0.00417831,0.000696385,-21950.5856,0.00197320731
2.18306,299,8436,N,0.00367754,0.000612923333,-28336.9362,0.00195185205
2.18389,300,8455,N,0.00341392,0.000568986667,-32883.2009,0.00194633902
2.18694,301,8527,S,0.00411402,0.00068567,-22642.1132,0.00197749649
2.18778,302,8543,N,0.00539405,0.000899008333,-13169.9441,0.00196410437
2.18917,303,8568,S,0.00541925,0,0,0
2.19778,303,8740,M,0.00560125,0,0,0
2.26306,303,10034,M,0.0073346,0,0,0
2.27694,303,10187,M,0.0075085,0,0,0
2.28222,303,10249,M,0.00732775,0,0,2.44317536e-07
2.30028,303,10442,M,0.008701,0.00145016667,10299.4607,0.00411896799
2.33306,303,10811,M,0.0085876,0,0,0.00157426883
2.33778,303,10912,M,0.00837765,0,0,0.00146407912
2.35972,303,11201,M,0.00856255,0,0,0.000859197024
2.37333,303,11363,M,0.0085069,0,0,0.00060605879
2.37917,303,11422,S,0.00790535,0.00131755833,-6131.05228,0.0023751826
2.39361,303,11621,S,0.00791125,0,0,0.00170749439
2.41472,303,11921,M,0.0080444,0,0,0.000961147771
2.42722,303,12098,M,0.0080158,0,0,0.000628668469
2.43278,303,12191,S,0.0069214,0.00115356667,-7998.35206,0.00240074518
2.51361,303,13672,S,0.006641,0.00110683333,-8688.10876,0.00175786443
2.18972,304,8579,N,0.00424068,0.00070678,-21309.5478,0.00195551443
2.18972,305,8580,N,0.00338201,0.000563668333,-33506.7812,0.00195434053
2.1925,306,8622,N,0.00434074,0.000723456667,-20338.2841,0.00195693727
2.19306,307,8640,N,0.006812,0.00113533333,-8257.34783,0.00201281276
2.21889,307,9218,M,0.00563625,0,0,0.00105396462
2.23583,307,9562,S,0.0049689,0.00082815,-15520.4112,0.00194048119
2.19361,308,8648,N,0.00703485,0.001172475,-7742.42988,0.00201149688
2.19417,309,8663,N,0.0117587,0.00195978333,-2770.97629,0.00195322219
2.19639,309,8713,M,0.0117666,0,0,0.00179635087
2.20778,309,8932,M,0.012359,0.00205983333,5104.63847,0.0049586669
2.215,309,9112,M,0.0115993,0,0,0.00437009225
2.23611,309,9574,M,0.0110296,0,0,0.00288501255
2.23944,309,9651,M,0.0112522,0,0,0.00269030887
2.27611,309,10177,M,0.0113531,0,0,0.00112945471
2.19556,310,8691,N,0.00341392,0.000568986667,-32883.2009,0.00193889394
2.19583,311,8700,N,0.00341392,0.000568986667,-32883.2009,0.00193810587
2.19667,312,8717,N,0.00667425,0.001112375,-8601.74973,0.00199860611
2.23583,312,9568,M,0.00744255,0.00082513217,14077.3656,0.000936512261
2.2475,312,9791,M,0.0071231,0,0,0.000651394908
2.33333,312,10818,M,0.00752155,0.00056,13783.1773,0.000454824223
2.19778,313,8737,N,0.0061455,0.00102425,-10145.7771,0.00201877735
2.21917,313,9220,S,0.0055419,0.00092365,-12476.5187,0.00130405779
2.27139,313,10133,M,0.00632555,0.00105425833,19488.7099,0.00424278539
2.29028,313,10338,M,0.0063439,0,0,0.00212552595
2.19806,314,8744,S,0.00409214,0.000682023333,-22884.9305,0.00195487258
2.19944,315,8773,N,0.00310175,0.000516958333,-39836.8988,0.00193259745
2.20028,316,8792,N,0.00390797,0.000651328333,-25093.156,0.00195219457
2.20111,317,8802,N,0.00310175,0.000516958333,-39836.8988,0.00193919364
2.20361,318,8856,N,0.00365009,0.000608348333,-28764.8312,0.00195134559
2.20417,319,8864,N,0.00310175,0.000516958333,-39836.8988,0.00199591138
2.205,320,8877,S,0.00591245,0.000985408333,-10961.4698,0.00200017659
2.20528,321,8884,N,0.00434074,0.000723456667,-20338.2841,0.0019541494
2.20583,322,8894,S,0.00424068,0.00070678,-21309.5478,0.00195580183
2.20639,323,8903,N,0.00395562,0.00065927,-24492.1372,0.00195000139
2.20667,324,8907,N,0.00393194,0.000655323333,-24788.086,0.00195128183
2.21056,325,8992,S,0.00452806,0.000754676667,-18690.0981,0.00196322942
2.21583,326,9128,N,0.0053686,0.000894766667,-13295.1218,0.00200060534
2.23028,326,9452,M,0.0051696,0,0,0.00113852488
2.24167,326,9686,S,0.00568225,0,0,0.000629851378
2.21722,327,9172,M,0.0044735,0,0,0
2.21778,328,9187,N,0.00437949,0.000729915,-19979.9092,0.00195339864
2.21806,329,9195,S,0.00441757,0.000736261667,-19636.8799,0.00196321759
2.21806,330,9196,S,0.0058269,0.00097115,-11285.7434,0.00197092753
2.28639,330,10296,M,0.00630705,0.001051175,19603.2201,0.00425555311
2.31806,330,10585,M,0.0059853,0,0,0.00140168607
2.36528,330,11269,M,0.0067881,0,0,0.000176465969
2.39028,330,11581,M,0.00638935,0,0,9.42352495e-05
2.52361,330,13847,M,0.00539405,0,0,1.05714399e-06
2.52972,330,13975,M,0.00541925,0,0,8.20026696e-07
2.55194,330,14338,M,0.00484654,0,0,3.13279449e-07
2.21806,331,9197,N,0.00593345,0.000988908333,-10884.0069,0.00196324602
2.21833,332,9203,N,0.00321262,0.000535436667,-37134.1482,0.00194185977
2.21917,333,9219,S,0.00341392,0.000568986667,-32883.2009,0.00195391988
2.22083,334,9253,S,0.00709395,0.001182325,-7613.9493,0.00199644826
2.23583,334,9567,M,0.0074492,0.00124153333,14052.2403,0.00501432825
2.25,334,9839,M,0.00752805,0,0,0.00324448114
2.26333,334,10040,M,0.0074359,0,0,0.00213507037
2.27639,334,10178,M,0.00747565,0,0,0.00141958948
2.34722,334,11060,S,0.00718785,0.001197975,-7416.29626,0.00184582581
2.35528,334,11156,M,0.007541,0.00125683333,13712.1621,0.00344677102
2.36639,334,11285,S,0.00725845,0.00120974167,-7272.71318,0.0032662125
2.37,334,11330,S,0.00729325,0,0,0.00289009953
2.38833,334,11553,S,0.00700495,0.00116749167,-7808.67346,0.00219274158
2.40167,334,11725,S,0.00734825,0,0,0.00143848322
2.44444,334,12453,M,0.00721625,0,0,0.00043018005
2.45833,334,12701,S,0.00663265,0.00110544167,-8710.00023,0.00174969073
2.4625,334,12776,S,0.0070423,0,0,0.00155943156
2.49722,334,13444,M,0.00736185,0.001226975,14387.7175,0.00410957293
2.51111,334,13642,M,0.0069137,0,0,0.00303406228
2.5275,334,13921,M,0.00763065,0,0,0.00176638456
2.53056,334,13986,S,0.0062321,0.00103868333,-9865.73691,0.0026335691
2.54139,334,14158,S,0.00638935,0,0,0.0019215148
2.5525,334,14346,S,0.0059853,0.00099755,-10696.2274,0.00208436421
2.60278,334,15090,S,0.00522415,0.000870691667,-14040.6218,0.00202301802
2.22083,335,9254,S,0.0037575,0.00062625,-27143.5174,0.00195295185
2.22139,336,9264,S,0.00400217,0.000667028333,-23925.6044,0.00195755365
2.22194,337,9270,S,0.00395562,0.00065927,-24492.1372,0.00196323662
2.22194,338,9273,N,0.00887745,0.001479575,-4861.74454,0.00204177475
2.23583,338,9566,M,0.00861745,0,0,0.00155365981
2.26306,338,10035,M,0.0085069,0,0,0.000693984831
2.26722,338,10086,S,0.00822805,0,0,0.000610806518
2.31472,338,10554,M,0.00791125,0,0,0.000199615309
2.34167,338,10980,M,0.00998605,0.00166434167,7819.0888,0.00420174522
2.38667,338,11530,M,0.00998605,0,0,0.00147809902
2.42861,338,12120,S,0.00977085,0.001628475,-4013.26192,0.00238036533
2.44278,338,12420,M,0.0084916,0,0,0.00191600889
2.22222,339,9280,N,0.00647835,0.001079725,-9129.89424,0.0020195753
2.25,339,9834,S,0.0059853,0.00099755,-10696.2274,0.00127882025
2.26389,339,10043,S,0.00638935,0,0,0.000764861589
2.27639,339,10179,M,0.00669075,0,0,0.000430918798
2.22361,340,9312,S,0.0108542,0.00180903333,-3252.07236,0.00197808618
2.22778,341,9399,N,0.00492373,0.000820621667,-15806.5259,0.00195683374
2.22833,342,9415,S,0.00341392,0.000568986667,-32883.2009,0.00194733259
2.23167,343,9478,N,0.0051696,0.0008616,-14338.5421,0.00196348376
2.55361,343,14378,M,0.00470105,0,0,2.37219574e-09
2.66222,343,16091,M,0.0054067,0,0,1.20939882e-11
2.67,343,16248,S,0.00501325,0.000835541667,-15246.9826,0.00194969442
2.73528,343,17201,M,0.0052776,0,0,9.60994217e-05
2.74333,343,17357,S,0.00426107,0.000710178333,-21106.0615,0.0019755286
2.75333,343,17576,S,0.00476681,0,0,0.00124251672
2.95806,343,19994,M,0.00505685,0,0,7.44585004e-08
2.96333,343,20085,M,0.00417831,0,0,6.33292804e-08
2.2325,344,9498,S,0.00454596,0.00075766,-18543.178,0.00195972581
2.2325,345,9501,N,0.00390797,0.000651328333,-25093.156,0.00195920671
2.23361,346,9515,N,0.00359392,0.000598986667,-29671.1807,0.001948768
2.23417,347,9524,S,0.00310175,0.000516958333,-39836.8988,0.00193796071
2.23444,348,9530,N,0.00426107,0.000710178333,-21106.0615,0.00195545352
2.23583,349,9561,S,0.00367754,0.000612923333,-28336.9362,0.00195100288
2.24,350,9662,N,0.0050997,0.00084995,-14734.3597,0.00197442467
2.41722,350,11951,M,0.0063803,0.00106338333,19155.6385,0.00416803459
2.24167,351,9687,S,0.005251,0,0,1.3272601e-07
2.36639,351,11289,M,0.0057721,0.000962016667,23405.6882,0.00398962704
2.39194,351,11603,S,0.00461618,0.000769363333,-17983.2356,0.00151249599
2.46583,351,12838,M,0.00573875,0.000956458333,23678.551,0.00411676128
2.49944,351,13476,M,0.00586995,0,0,0.000931714854
2.50694,351,13580,S,0.00518335,0.000863891667,-14262.5601,0.00262888143
3.24972,351,23563,M,0.0053558,0,0,4.14061848e-07
3.25528,351,23589,S,0.00468432,0.00078072,-17463.7793,0.00192577268
3.2725,351,23720,S,0.0050279,0,0,0.000865572893
3.49389,351,25855,M,0.00445501,0,0,4.03462934e-08
3.90889,351,30325,M,0.00486217,0,0,2.95800247e-17
3.92667,351,30507,M,0.00514185,0,0,2.28236191e-06
3.93194,351,30545,S,0.00404765,0.000674608333,-23390.8676,0.00180375575
2.24194,352,9695,N,0.00341392,0.000568986667,-32883.2009,0.00195213202
2.24389,353,9729,N,0.00367754,0.000612923333,-28336.9362,0.00194880119
2.24417,354,9731,N,0.00367754,0.000612923333,-28336.9362,0.00195452324
2.24417,355,9732,N,0.00359392,0.000598986667,-29671.1807,0.00193810516
2.24694,356,9775,S,0.00402503,0.000670838333,-23654.559,0.00195048154
2.24694,357,9781,N,0.00367754,0.000612923333,-28336.9362,0.00195386179
2.24861,358,9813,N,0.00390797,0.000651328333,-25093.156,0.00195294077
2.24917,359,9819,N,0.0067235,0.00112058333,-8476.18138,0.00203501011
2.25,360,9837,M,0.00933915,0,0,0
2.26194,360,10019,M,0.00893315,0,0,0
2.25306,361,9879,N,0.00341392,0.000568986667,-32883.2009,0.0019475617
2.25417,362,9900,N,0.00417831,0.000696385,-21950.5856,0.00195778659
2.25722,363,9947,S,0.00596465,0.000994108333,-10770.4266,0.00198221103
2.27167,363,10134,M,0.0058269,0,0,0.00121840448
2.33333,363,10816,S,0.00498378,0.00028,-15427.8582,0.000187510418
2.25806,364,9965,M,0.0166895,0,0,0
2.41444,364,11915,M,0.0170986,0,0,0
2.43944,364,12323,M,0.0171576,0,0,0
2.25944,365,9980,N,0.0059853,0.00099755,-10696.2274,0.0019884773
2.48306,365,13116,S,0.0050997,0.00084995,-14734.3597,0.00198567027
2.49333,365,13353,S,0.0055057,0,0,0.00121844523
2.54472,365,14215,M,0.0052776,0,0,0.000140528243
2.74611,365,17431,M,0.00514185,0,0,2.57977081e-08
2.82694,365,18562,M,0.0055895,0,0,7.30506897e-10
3.44417,365,25366,M,0.0053558,0,0,1.69972681e-06
3.44917,365,25410,S,0.0043602,0.0007267,-20157.116,0.00189207798
3.94417,365,30685,M,0.00478297,0,0,1.30801517e-14
3.9525,365,30795,M,0.00413567,0,0,9.46114575e-15
2.25944,366,9981,N,0.00430127,0.000716878333,-20713.3223,0.0019594317
2.26,367,9993,M,0.00463341,0,0,0
2.27611,367,10176,M,0.00492373,0,0,0
2.65222,367,15935,M,0.00468432,0,0,2.04042934e-06
2.65417,367,15957,S,0.00397903,0.000663171667,-24204.742,0.00184629199
2.26,368,9994,N,0.00591245,0.000985408333,-10961.4698,0.0020252548
2.40278,368,11743,S,0.00489314,0.000815523333,-16004.8052,0.00202376945
2.41389,368,11904,M,0.00478297,0,0,0.00119298155
2.44417,368,12451,M,0.0049689,0,0,0.000236665788
2.45222,368,12602,M,0.00495393,0,0,0.00017643995
2.48111,368,13077,M,0.00541925,0.000903208333,26553.2542,0.00404804579
2.60694,368,15171,M,0.0057163,0,0,2.13829769e-05
2.6525,368,15938,M,0.006666,0.001111,17548.663,0.00431615207
2.66639,368,16175,S,0.00437949,0.000729915,-19979.9092,0.00361610029
2.66861,368,16228,M,0.0055299,0.00092165,25501.1211,0.00569729997
2.68917,368,16482,M,0.00578315,0,0,0.0018405205
2.72222,368,16999,M,0.00573875,0,0,0.000426078977
2.73083,368,17128,S,0.0053039,0.000883983333,-13621.5075,0.00186035579
2.74278,368,17341,S,0.00428127,0,0,0.00144730963
2.26028,369,9998,N,0.00310175,0.000516958333,-39836.8988,0.00193832073
2.26083,370,10004,N,0.00341392,0.000568986667,-32883.2009,0.00194817717
2.2625,371,10025,N,0.00393194,0.000655323333,-24788.086,0.00195051376
2.26389,372,10044,S,0.00397903,0.000663171667,-24204.742,0.00195300614
2.265,373,10053,N,0.00451002,0.00075167,-18839.9411,0.00196103393
2.26722,374,10085,S,0.00514185,0,0,0
2.38833,374,11557,M,0.00591245,0,0,0
2.2675,375,10090,N,0.00383421,0.000639035,-26068.0773,0.00195326899
2.27194,376,10139,N,0.00310175,0.000516958333,-39836.8988,0.00193930956
2.27306,377,10150,N,0.00390797,0.000651328333,-25093.156,0.00194781247
2.27583,378,10171,S,0.00310175,0.000516958333,-39836.8988,0.00194673131
2.27722,379,10190,S,0.00390797,0.000651328333,-25093.156,0.00195035136
2.2825,380,10253,N,0.00341392,0.000568986667,-32883.2009,0.00195160442
2.28306,381,10257,S,0.00402503,0.000670838333,-23654.559,0.00194567904
2.28306,382,10262,N,0.00432109,0.000720181667,-20523.7107,0.0019551825
2.28417,383,10273,N,0.00383421,0.000639035,-26068.0773,0.00195049778
2.285,384,10283,S,0.0044735,0.000745583333,-19148.851,0.00195450443
2.28667,385,10299,N,0.00341392,0.000568986667,-32883.2009,0.00195275443
2.28972,386,10330,N,0.00643415,0.00107235833,-9255.77649,0.00203087849
2.31833,386,10588,S,0.00741585,0,0,0.000598411054
2.33278,386,10803,M,0.0075861,0,0,0.000358223095
2.34028,386,10953,S,0.0069748,0.00116246667,-7876.33551,0.00205318966
2.36194,386,11230,M,0.00656495,0,0,0.00116760221
2.395,386,11647,S,0.006699,0,0,0.000370864334
2.29139,387,10345,N,0.00662425,0.00110404167,-8732.10637,0.00203640966
2.29833,387,10420,S,0.00608645,0.00101440833,-10343.6217,0.00357921694
2.31889,387,10597,M,0.0069214,0.00115356667,16277.3353,0.00546990916
2.33056,387,10747,M,0.0067479,0,0,0.00373933057
2.29167,388,10346,S,0.0124595,0,0,2.48940216e-07
2.30111,388,10452,M,0.0126993,0.00211655,4834.71345,0.00419792507
2.31944,388,10606,M,0.0122641,0,0,0.00307648861
2.36056,388,11214,M,0.0129589,0,0,0.00132930024
2.36583,388,11278,M,0.0126164,0,0,0.00100728919
2.40028,388,11707,S,0.0126855,0,0,0.000721929215
2.41361,388,11902,M,0.0127312,0,0,0.000583432371
2.425,388,12062,S,0.01167,0,0,0.000483520686
2.29833,389,10419,S,0.00441757,0.000736261667,-19636.8799,0.0019535895
2.29833,390,10423,N,0.00367754,0.000612923333,-28336.9362,0.00194986663
2.30111,391,10450,S,0.0052106,0.000868433333,-14113.7512,0.00198765124
2.31583,391,10564,M,0.00539405,0,0,0.00102179075
2.30278,392,10457,N,0.00341392,0.000568986667,-32883.2009,0.00195188368
2.30333,393,10462,N,0.0042201,0.00070335,-21517.929,0.00195906331
2.30333,394,10464,N,0.00310175,0.000516958333,-39836.8988,0.00194637726
2.31472,395,10555,N,0.0037575,0.00062625,-27143.5174,0.00195550102
2.315,396,10557,S,0.00627915,0.001046525,-9718.42512,0.00197208189
2.31667,397,10572,S,0.0067398,0.0011233,-8435.22784,0.00199655762
2.31833,398,10587,S,0.0042201,0.00070335,-21517.929,0.00200169652
2.32361,399,10649,N,0.00367754,0.000612923333,-28336.9362,0.00195272578
2.32694,400,10695,N,0.00310175,0.000516958333,-39836.8988,0.00193893072
2.32806,401,10720,N,0.00806145,0.001343575,-5895.88998,0.00197458397
2.33083,402,10751,S,0.00505685,0,0,0
2.33083,403,10754,N,0.00310175,0.000516958333,-39836.8988,0.00194634999
2.33222,404,10783,S,0.00458134,0.000763556667,-18257.8352,0.00195179743
2.33306,405,10805,S,0.0116997,0,0,0
2.34278,405,10998,S,0.0117559,0,0,0
2.36083,405,11218,M,0.0120927,0,0,0
2.36472,405,11262,M,0.0120397,0,0,2.37709853e-07
2.37417,405,11371,S,0.0116673,0.00194455,-2814.56391,0.00203484489
2.38806,405,11550,S,0.0114831,0.00191385,-2905.5905,0.00136232114
2.42889,405,12128,M,0.012502,0.00208366667,4988.52426,0.00355242789
2.44194,405,12395,M,0.0124595,0,0,0.00299284279
2.45778,405,12695,M,0.0127832,0,0,0.00209774844
2.46583,405,12836,S,0.0126695,0.00211158333,-2386.86949,0.0022446985
2.48611,405,13179,M,0.0121604,0,0,0.00149906032
2.33306,406,10806,S,0.0044735,0.000745583333,-19148.851,0.0019732754
2.335,407,10852,S,0.00473416,0.000789026667,-17097.9516,0.00197165515
2.335,408,10854,S,0.0064519,0,0,0
2.34028,409,10950,S,0.00791125,0.00131854167,-6121.91011,0.00201726551
2.34028,410,10956,N,0.00388369,0.000647281667,-25407.9491,0.00195209709
2.34278,411,10995,S,0.00505685,0.000842808333,-14985.1611,0.00195686291
2.34278,412,10996,S,0.00505685,0.000842808333,-14985.1611,0.00195901621
2.34278,413,11004,N,0.00341392,0.000568986667,-32883.2009,0.00195269183
2.34306,414,11007,N,0.0046505,0.000775083333,-17718.7472,0.00196449624
2.34444,415,11030,S,0.00341392,0.000568986667,-32883.2009,0.00195354948
2.35222,416,11124,N,0.00321262,0.000535436667,-37134.1482,0.00193906431
2.35583,417,11161,N,0.00390797,0.000651328333,-25093.156,0.00195720324
2.35917,418,11196,N,0.0157397,0.00262328333,-1546.48298,0.0019777716
2.36611,418,11284,M,0.0158884,0,0,0.00176592924
2.37389,418,11368,M,0.0155971,0,0,0.00184402977
2.38472,418,11491,S,0.0146141,0.00243568333,-1793.89467,0.00232918172
2.40222,418,11736,M,0.0150691,0.00251151667,3433.58631,0.00883677915
2.4125,418,11884,M,0.00548125,0,0,0.0104760064
2.36056,419,11212,N,0.0066825,0.00111375,-8580.52168,0.00197646527
2.36083,420,11216,N,0.0043602,0.0007267,-20157.116,0.00197181654
2.54167,420,14164,M,0.00441757,0,0,1.25683034e-06
2.54361,420,14191,S,0.0037575,0.00062625,-27143.5174,0.00188384932
2.36111,421,11223,N,0.00310175,0.000516958333,-39836.8988,0.00193952975
2.36417,422,11253,S,0.00359392,0,0,0
2.3675,423,11301,N,0.0044735,0.000745583333,-19148.851,0.00196807953
2.36944,424,11323,S,0.00359392,0.000598986667,-29671.1807,0.00195172534
2.37056,425,11335,S,0.0037575,0.00062625,-27143.5174,0.00195159497
2.37194,426,11351,N,0.00430127,0.000716878333,-20713.3223,0.00195589947
2.37417,427,11372,S,0.00390797,0.000651328333,-25093.156,0.00195785171
2.375,428,11377,N,0.00310175,0.000516958333,-39836.8988,0.00194411019
2.37694,429,11399,N,0.00367754,0.000612923333,-28336.9362,0.00195321792
2.37917,430,11421,S,0.0053039,0.000883983333,-13621.5075,0.00197450826
2.38139,431,11457,S,0.0041571,0.00069285,-22175.1846,0.00195102196
2.38472,432,11492,S,0.00310175,0.000516958333,-39836.8988,0.00194551798
2.385,433,11499,N,0.00564785,0.000941308333,-12012.7483,0.00199065832
2.38667,434,11527,S,0.00385911,0.000643185,-25732.7042,0.00196632974
2.38722,435,11543,M,0.0084865,0,0,0
2.4025,435,11739,M,0.0103975,0.00173291667,7212.45795,0.00425761713
2.41611,435,11934,S,0.0085776,0,0,0.00410357411
2.42861,435,12116,S,0.00833015,0.00138835833,-5521.63337,0.00451438435
2.44139,435,12377,M,0.00887275,0.00147879167,9904.55452,0.00578118853
2.44611,435,12484,S,0.00397903,0.000663171667,-24204.742,0.00921441704
2.38806,436,11549,S,0.00493887,0.000823145,-15709.7513,0.00196067978
2.39806,436,11685,M,0.00557765,0.000929608333,25066.3066,0.00488906906
2.39167,437,11597,N,0.00397903,0.000663171667,-24204.742,0.00194646316
2.39194,438,11599,N,0.00478297,0.000797161667,-16750.7127,0.00195841822
2.81944,438,18467,M,0.00627915,0.001046525,19777.8322,0.00411969939
2.825,438,18540,M,0.00638935,0,0,0.00338075241
2.84,438,18733,M,0.00643415,0,0,0.00183352634
2.85472,438,18874,M,0.0064519,0,0,0.00103634587
2.87444,438,19077,M,0.0062698,0,0,0.000547053936
2.88417,438,19169,S,0.00599555,0.000999258333,-10659.6817,0.0016606178
2.96833,438,20148,S,0.0053039,0.000883983333,-13621.5075,0.00189381826
2.97472,438,20252,S,0.00579415,0,0,0.00150463512
3.52333,438,26176,S,0.0051279,0.00085465,-14572.7247,0.00194544728
2.39194,439,11600,S,0.00473416,0.000789026667,-17097.9516,0.00195336013
2.39194,440,11602,S,0.00404765,0.000674608333,-23390.8676,0.00195914817
2.39361,441,11620,S,0.00476681,0.000794468333,-16864.4958,0.00195547434
2.625,441,15460,M,0.005469,0,0,4.42480643e-07
2.62528,441,15466,S,0.00445501,0.000742501667,-19308.1567,0.00175293235
2.39472,442,11645,N,0.00390797,0.000651328333,-25093.156,0.00195060482
2.395,443,11646,S,0.00367754,0.000612923333,-28336.9362,0.00195209314
2.39917,444,11697,S,0.00310175,0.000516958333,-39836.8988,0.00193742136
2.40028,445,11708,S,0.0041571,0.00069285,-22175.1846,0.00195572674
2.40167,446,11726,S,0.00432109,0.000720181667,-20523.7107,0.00195620341
2.40167,447,11728,N,0.0048308,0.000805133333,-16420.6068,0.00196167227
2.40444,448,11775,N,0.0052908,0.0008818,-13689.0538,0.00198383309
2.40639,449,11810,S,0.00451002,0,0,0
2.41361,450,11897,S,0.00452806,0.000754676667,-18690.0981,0.00196794872
2.80556,450,18285,S,0.0037575,0.00062625,-27143.5174,0.00193226666
2.81639,450,18438,M,0.0050997,0.00084995,29985.6911,0.00373951046
3.41611,450,25030,M,0.00489314,0,0,1.87761909e-14
3.41833,450,25058,M,0.00445501,0,0,1.72711322e-14
2.41444,451,11913,S,0.0077429,0,0,0
2.41444,452,11914,S,0.0053429,0,0,0
2.41639,453,11938,N,0.00395562,0.00065927,-24492.1372,0.00195233942
2.42028,454,11984,N,0.0041571,0.00069285,-22175.1846,0.00196411584
2.42167,455,12005,N,0.00548125,0.000913541667,-12754.1879,0.00199124968
2.42333,456,12030,S,0.0041571,0,0,3.30996975e-08
2.44306,456,12425,M,0.00495393,0.000825655,31776.5818,0.00410408438
2.42333,457,12031,S,0.0037575,0.00062625,-27143.5174,0.00195284344
2.425,458,12061,S,0.00755395,0,0,6.39230426e-07
2.43361,458,12210,S,0.0055539,0.00092565,-12422.6554,0.00181059909
2.45806,458,12698,M,0.0067235,0,0,0.00074368998
2.47,458,12889,M,0.00663265,0,0,0.000528081706
2.49833,458,13467,M,0.00632555,0,0,0.00021943823
2.42722,459,12100,N,0.00341392,0.000568986667,-32883.2009,0.00195241786
2.42861,460,12117,S,0.00417831,0.000696385,-21950.5856,0.00196901241
2.43056,461,12148,S,0.00441757,0.000736261667,-19636.8799,0.0019547081
2.43167,462,12172,N,0.00541925,0.000903208333,-13047.7299,0.00198437488
2.43361,463,12209,S,0.0050279,0.000837983333,-15158.2479,0.00196870226
2.43361,464,12212,N,0.0052106,0.000868433333,-14113.7512,0.00195382048
2.43472,465,12233,N,0.00409214,0.000682023333,-22884.9305,0.00195523797
2.43694,466,12269,S,0.00459882,0.00076647,-18119.2823,0.00195784873
2.45833,466,12705,M,0.0060363,0.00100605,21401.4283,0.00467392095
2.46333,466,12792,S,0.0046505,0.000775083333,-17718.7472,0.00440985487
2.44056,467,12353,N,0.00367754,0.000612923333,-28336.9362,0.0019617729
2.44139,468,12372,S,0.00461618,0.000769363333,-17983.2356,0.0019567199
2.44139,469,12374,S,0.00487771,0.000812951667,-16106.2385,0.0019542617
2.54778,469,14259,S,0.00434074,0.000723456667,-20338.2841,0.00190862353
2.44167,470,12387,S,0.00452806,0,0,0
2.44167,471,12388,S,0.00576105,0,0,0
2.44167,472,12389,S,0.00458134,0,0,0
2.48222,472,13102,M,0.00475054,0,0,0
2.49944,472,13477,M,0.0053558,0,0,2.0405862e-06
2.50167,472,13505,S,0.00397903,0.000663171667,-24204.742,0.00177745587
2.44361,473,12438,M,0.00586995,0,0,0
2.45028,473,12572,M,0.0052376,0,0,8.03208179e-07
2.73611,473,17207,S,0.00495393,0.000825655,-15614.3671,0.00195033948
2.75,473,17505,S,0.0053429,0,0,0.00102084058
2.75083,473,17524,S,0.00501325,0.000835541667,-15246.9826,0.000989730715
3.57722,473,26656,M,0.0059019,0,0,1.01505796e-19
3.59583,473,26822,M,0.0054935,0,0,4.73675066e-07
3.59778,473,26829,S,0.00437949,0.000729915,-19979.9092,0.00185036859
2.44417,474,12450,N,0.00367754,0.000612923333,-28336.9362,0.00195553545
2.44778,475,12518,N,0.00522415,0.000870691667,-14040.6218,0.00197698374
3.94028,475,30635,M,0.0053429,0,0,8.23142136e-31
3.95694,475,30866,M,0.005469,0,0,3.8997287e-31
3.97111,475,31141,M,0.00563625,0,0,2.01801747e-31
3.98583,475,31391,M,0.00545665,0,0,1.5762584e-06
3.98667,475,31407,S,0.00452806,0.000754676667,-18690.0981,0.00186825926
2.45028,476,12573,N,0.00397903,0.000663171667,-24204.742,0.00194880346
2.45111,477,12577,N,0.00848135,0.00141355833,-5326.49971,0.00199814976
2.54111,477,14150,M,0.00824975,0,0,0.000248434913
2.55556,477,14411,S,0.0081177,0.00135295,-5814.4571,0.0020215151
2.56139,477,14487,S,0.0083724,0,0,0.00177625254
2.57972,477,14774,M,0.0083619,0,0,0.00106946174
2.45361,478,12632,N,0.00486217,0.000810361667,-16209.3727,0.00195508548
2.45389,479,12642,N,0.0037575,0.00062625,-27143.5174,0.00195452895
2.455,480,12656,S,0.0051279,0,0,0
2.46472,480,12819,S,0.00518335,0,0,3.75232775e-08
2.48333,480,13126,M,0.0062035,0.00103391667,20263.2003,0.00411210001
2.54167,480,14165,M,0.00630705,0,0,0.000481208852
2.55028,480,14304,S,0.0052776,0.0008796,-13757.6251,0.00221885016
2.45528,481,12662,N,0.00310175,0.000516958333,-39836.8988,0.00194346089
2.4575,482,12687,S,0.00402503,0.000670838333,-23654.559,0.00195522602
2.46056,483,12746,N,0.00367754,0.000612923333,-28336.9362,0.00196133447
2.46139,484,12758,N,0.00367754,0.000612923333,-28336.9362,0.00194811882
2.4625,485,12777,S,0.00441757,0.000736261667,-19636.8799,0.00196578293
2.46306,486,12787,N,0.0065046,0.0010841,-9056.34554,0.00198446725
2.46333,487,12793,S,0.00463341,0.000772235,-17849.7172,0.00198467402
2.51028,487,13624,M,0.00459882,0,0,0.000197687964
2.51472,487,13698,M,0.00489314,0,0,0.000156133512
2.65278,487,15942,S,0.0043602,0.0007267,-20157.116,0.00194859672
2.65694,487,16004,S,0.00463341,0,0,0.00156148805
2.6675,487,16200,S,0.00341392,0.000568986667,-32883.2009,0.00225885434
2.46472,488,12818,S,0.0048308,0,0,0
2.4675,489,12852,S,0.00463341,0.000772235,-17849.7172,0.00196998045
2.46778,490,12862,N,0.0043602,0.0007267,-20157.116,0.00195507174
2.46944,491,12877,N,0.00602615,0.00100435833,-10551.6868,0.0019823203
2.48083,491,13071,M,0.00607645,0,0,0.00138505632
2.53806,491,14102,S,0.0054318,0.0009053,-12987.4989,0.00182375049
2.59694,491,14994,S,0.00426107,0.000710178333,-21106.0615,0.00197766784
2.59917,491,15040,S,0.00443638,0,0,0.0017701731
2.47028,492,12890,N,0.00471767,0.000786278333,-17217.706,0.0020186649
2.54083,492,14145,M,0.0044735,0,0,5.4767593e-05
2.55389,492,14380,S,0.00417831,0.000696385,-21950.5856,0.00194469752
2.56861,492,14610,M,0.00501325,0.000835541667,31028.9228,0.00451529222
2.47028,493,12892,N,0.0042201,0.00070335,-21517.929,0.00195074816
2.47139,494,12902,N,0.00390797,0.000651328333,-25093.156,0.00195511083
2.47194,495,12908,N,0.007749,0.0012915,-6380.98158,0.00203803275
2.51306,495,13667,S,0.0067961,0.00113268333,-8296.03451,0.00253308632
2.47306,496,12927,N,0.00492373,0.000820621667,-15806.5259,0.00196149979
2.47611,497,12974,N,0.00367754,0.000612923333,-28336.9362,0.00195332566
2.47694,498,12987,S,0.00395562,0.00065927,-24492.1372,0.00196207128
2.48028,499,13052,S,0.00501325,0.000835541667,-15246.9826,0.00196946993
2.48194,500,13093,N,0.00383421,0.000639035,-26068.0773,0.00195352742
2.48278,501,13112,S,0.00388369,0.000647281667,-25407.9491,0.00195299679
2.48306,502,13115,S,0.00424068,0.00070678,-21309.5478,0.00195635954
2.48417,503,13136,N,0.00367754,0.000612923333,-28336.9362,0.00195601931
2.48472,504,13142,N,0.00417831,0.000696385,-21950.5856,0.00195124874
2.9025,504,19335,M,0.0051696,0.0008616,29180.1681,0.00412820761
2.90778,504,19403,M,0.00437949,0,0,0.00342351547
2.48528,505,13162,N,0.00643415,0.00107235833,-9255.77649,0.00201563525
2.48972,505,13278,M,0.00661585,0,0,0.00176511321
2.50167,505,13507,M,0.00660745,0,0,0.00110008833
2.48556,506,13168,N,0.00692905,0.00115484167,-7980.69887,0.00210019109
2.49028,506,13289,S,0.00518335,0.000863891667,-14262.5601,0.00265251688
2.59722,506,15011,M,0.0061843,0,0,2.56446639e-05
2.60972,506,15224,M,0.00680405,0.00113400833,16843.7104,0.00411138702
2.625,506,15453,S,0.0060464,0.00100773333,-10481.1195,0.00416342927
2.63833,506,15719,M,0.0080101,0,0,0.00201285589
2.65139,506,15918,S,0.00646075,0.00107679167,-9179.70978,0.00227982235
2.66667,506,16182,S,0.00593345,0.000988908333,-10884.0069,0.00139665685
2.68056,506,16381,M,0.00752805,0.001254675,13759.3834,0.0045922213
2.69028,506,16495,S,0.00652195,0,0,0.00391511183
2.69972,506,16630,M,0.00778565,0.00129760833,12863.8651,0.00615788038
2.70833,506,16757,M,0.0063163,0,0,0.00601546636
2.96639,506,20120,M,0.0060464,0,0,1.09910321e-06
3.27389,506,23735,S,0.0057163,0.000952716667,-11726.7412,0.00196600106
3.39778,506,24803,S,0.0057721,0,0,1.9853128e-05
3.44278,506,25354,S,0.00593345,0,0,3.63204799e-06
3.86083,506,29796,S,0.00572755,0.000954591667,-11680.7135,0.00196906305
2.48611,507,13180,N,0.00310175,0.000516958333,-39836.8988,0.00193966174
2.48917,508,13252,S,0.00383421,0,0,0
2.49028,509,13290,S,0.00473416,0.000789026667,-17097.9516,0.00195945279
2.58306,509,14815,M,0.00578315,0,0,1.74078002e-05
2.595,509,14963,M,0.00545665,0,0,1.18130936e-05
2.60028,509,15067,S,0.00424068,0.00070678,-21309.5478,0.00185768583
2.49028,510,13294,N,0.0037575,0.00062625,-27143.5174,0.00195732933
2.49222,511,13334,N,0.00367754,0.000612923333,-28336.9362,0.0019485703
2.49306,512,13351,N,0.0037575,0.00062625,-27143.5174,0.00195215431
2.49333,513,13352,S,0.00430127,0,0,0
2.49417,514,13378,N,0.00341392,0.000568986667,-32883.2009,0.00195477168
2.49611,515,13414,N,0.00605645,0.00100940833,-10446.3598,0.00198502841
2.49667,516,13424,N,0.00544425,0.000907375,-12928.159,0.00196365684
2.49667,517,13429,S,0.00434074,0.000723456667,-20338.2841,0.00195184697
2.49806,518,13458,M,0.0175372,0,0,1.09671524e-08
2.51389,518,13682,S,0.0140753,0.00167,-1933.87055,0.000840481764
2.49833,519,13462,S,0.00470105,0.000783508333,-17339.6821,0.00195849829
2.5125,519,13657,S,0.00514185,0,0,0.000930778425
2.99611,519,20528,M,0.00439861,0,0,1.0696541e-12
2.49833,520,13464,S,0.00417831,0.000696385,-21950.5856,0.00195387276
2.5,521,13481,N,0.006952,0.00115866667,-7928.08853,0.00203976493
2.51222,521,13654,S,0.00578315,0.000963858333,-11457.1657,0.00229743177
2.525,521,13869,S,0.00613575,0,0,0.00130999474
2.53167,521,14007,S,0.00610625,0,0,0.00101810829
2.50028,522,13485,N,0.00334949,0.000558248333,-34160.7109,0.00195010835
2.50028,523,13488,N,0.0199379,0.00332298333,-963.764428,0.00201267328
2.90167,523,19329,M,0.0229529,0,0,4.46733437e-05
2.91417,523,19461,M,0.0230345,0,0,4.12997134e-05
2.92444,523,19577,M,0.0229885,0,0,3.74407427e-05
2.95278,523,19916,S,0.0227198,0.00378663333,-742.193061,0.00201672871
2.98889,523,20410,M,0.0228736,0,0,0.00156375725
3.03028,523,21074,M,0.0227284,0,0,0.000999599572
3.04056,523,21234,M,0.022623,0,0,0.00105022156
3.05444,523,21493,M,0.0225971,0,0,0.00097458097
3.06944,523,21694,S,0.019165,0.00319416667,-1043.0697,0.00297604787
3.0825,523,21886,M,0.0186825,0,0,0.00270646953
3.10722,523,22189,M,0.0187782,0,0,0.00208637166
3.125,523,22345,M,0.0191198,0.0018088113,2132.7854,0.00243908881
3.13861,523,22480,M,0.0189459,0,0,0.00212617501
3.15167,523,22598,M,0.0188022,0,0,0.00190574372
3.16083,523,22683,M,0.018691,0,0,0.00175011417
3.20806,523,23075,M,0.0189212,0,0,0.00107938945
3.21944,523,23249,M,0.019214,0,0,0.000950794567
3.23583,523,23443,M,0.019245,0,0,0.000796651087
3.2475,523,23547,S,0.0186116,0.00310193333,-1106.02393,0.00262696585
3.28278,523,23811,S,0.0185679,0.00309465,-1111.23637,0.00251042836
3.31917,523,24038,M,0.0184982,0,0,0.00160386426
3.33333,523,24159,M,0.0185078,0,0,0.00141723865
3.36389,523,24482,M,0.0186952,0,0,0.000969359377
3.37528,523,24582,M,0.0186286,0,0,0.000907378779
3.40222,523,24867,S,0.0184279,0.00307131667,-1128.18568,0.00268788747
2.50167,524,13506,S,0.0037575,0.00062625,-27143.5174,0.00195174956
2.50194,525,13516,N,0.0052376,0.000872933333,-13968.5928,0.00196528382
2.50694,526,13579,S,0.00413567,0.000689278333,-22405.6325,0.00194864308
2.50694,527,13582,N,0.00458134,0.000763556667,-18257.8352,0.00198220202
2.50889,528,13603,N,0.00341392,0.000568986667,-32883.2009,0.00194593423
2.51083,529,13636,N,0.00660745,0.00110124167,-8776.57189,0.00201568535
2.52306,529,13830,M,0.00661585,0,0,0.001334914
2.53278,529,14019,M,0.0077674,0.00129456667,12924.3906,0.00458612201
2.54111,529,14149,M,0.00791715,0,0,0.0042452228
2.54278,529,14180,M,0.00770585,0,0,0.00410937149
2.56944,529,14627,M,0.00784,0,0,0.00182046028
2.5125,530,13658,S,0.0050997,0,0,0
2.7125,530,16823,S,0.00533,0,0,0
2.72472,530,17044,M,0.0054318,0,0,0
2.74861,530,17481,S,0.0050279,0,0,0
2.51306,531,13666,S,0.00466747,0.000777911667,-17590.118,0.00197238036
2.51361,532,13671,S,0.00310175,0.000516958333,-39836.8988,0.00193933149
2.51389,533,13681,N,0.00310175,0.000516958333,-39836.8988,0.00194725788
2.51389,534,13683,S,0.00404765,0.000674608333,-23390.8676,0.00194609184
2.51389,535,13684,M,0.013522,0,0,7.99875263e-08
2.52778,535,13925,S,0.0106599,0.00177665,-3371.71318,0.00197614372
2.53111,535,13994,M,0.0106144,0.00176906667,6920.68416,0.00318059333
2.54167,535,14163,M,0.0106632,0,0,0.00317224952
2.54639,535,14243,M,0.0106339,0,0,0.00282198228
2.56861,535,14608,M,0.012502,0,0,0.00147081485
2.58194,535,14798,M,0.0131874,0.0021979,4483.4273,0.0040557261
2.59722,535,15008,S,0.0136478,0,0,0.00296103679
2.61111,535,15246,M,0.0136022,0.00190677431,4214.13786,0.00469489469
2.62139,535,15398,M,0.0129501,0,0,0.0040071831
2.63694,535,15698,M,0.0131363,0,0,0.00298398602
2.64861,535,15872,M,0.013087,0,0,0.00237943281
2.69139,535,16511,M,0.0133361,0,0,0.000958473104
2.72222,535,16998,M,0.0133733,0,0,0.000521068587
2.76389,535,17759,M,0.00943945,0,0,0.000304799007
2.77472,535,17948,M,0.00892855,0,0,0.000218010299
2.52083,536,13788,N,0.00507125,0.000845208333,-14900.1681,0.00196741997
2.5225,537,13820,N,0.00341392,0.000568986667,-32883.2009,0.00195046223
2.52333,538,13834,S,0.0065392,0.00108986667,-8960.75137,0.00195580986
2.52417,539,13858,N,0.00390797,0.000651328333,-25093.156,0.00195046673
2.52444,540,13863,N,0.00310175,0.000516958333,-39836.8988,0.00193945268
2.525,541,13868,S,0.00441757,0.000736261667,-19636.8799,0.00196347781
2.52583,542,13883,S,0.010308,0.001718,-3605.86994,0.0020442684
2.52889,542,13954,M,0.0102348,0,0,0.00183047489
2.54167,542,14162,M,0.0103666,0,0,0.00155461972
2.5525,542,14351,M,0.0101461,0,0,0.00119798114
2.52667,543,13898,N,0.0059019,0.00098365,-11000.6982,0.00198804805
2.53,544,13978,N,0.00404765,0.000674608333,-23390.8676,0.0019643057
2.53139,545,13997,N,0.005317,0.000886166667,-13554.46,0.00194601752
2.53167,546,14006,S,0.00452806,0,0,3.02889078e-06
2.91444,546,19465,M,0.00501325,0.000835541667,31028.9228,0.00413139375
2.92722,546,19608,M,0.0053429,0,0,0.00191973256
2.93194,546,19650,S,0.00459882,0.00076647,-18119.2823,0.00139830765
2.53306,547,14020,S,0.00310175,0.000516958333,-39836.8988,0.00193999901
2.53306,548,14023,N,0.00526435,0.000877391667,-13826.9757,0.00196693047
2.53417,549,14038,N,0.00607645,0.00101274167,-10377.6987,0.0020049618
2.63694,549,15693,S,0.0055895,0.000931583333,-12264.8972,0.00192511459
2.53583,550,14065,N,0.00437949,0.000729915,-19979.9092,0.00196871051
2.53639,551,14074,S,0.00795225,0.001325375,-6058.94082,0.00202071289
2.67889,551,16368,M,0.00790535,0.00131755833,12477.2194,0.00414644031
2.69972,551,16629,M,0.008033,0,0,0.00186634524
2.70778,551,16747,M,0.00819525,0,0,0.00170687447
2.71083,551,16799,M,0.00815665,0,0,0.00156437935
2.77083,551,17880,M,0.0082062,0,0,0.000315696263
2.78222,551,18009,S,0.0080101,0.00133501667,-5971.73214,0.00219293296
2.80167,551,18226,M,0.0076747,0,0,0.0013503431
2.8325,551,18642,M,0.0072374,0,0,0.000571073703
2.84167,551,18750,S,0.00709395,0,0,0.000444315333
2.53722,552,14093,N,0.00390797,0.000651328333,-25093.156,0.00195128561
2.53806,553,14103,S,0.00459882,0.00076647,-18119.2823,0.00195482217
2.61583,553,15318,M,0.0058913,0.000981883333,22468.0121,0.00412621895
2.54111,554,14147,N,0.00413567,0.000689278333,-22405.6325,0.00195091537
2.54111,555,14151,N,0.00310175,0.000516958333,-39836.8988,0.00193898845
2.54139,556,14159,S,0.0054318,0,0,0
2.54278,557,14181,N,0.00390797,0.000651328333,-25093.156,0.00195340156
2.54778,558,14260,S,0.00404765,0.000674608333,-23390.8676,0.00194944707
2.54972,559,14296,S,0.00310175,0.000516958333,-39836.8988,0.00194534493
2.55028,560,14305,S,0.00463341,0.000772235,-17849.7172,0.00198447911
2.5525,561,14345,S,0.0055658,0.000927633333,-12369.5846,0.00203237005
2.625,561,15451,S,0.0054935,0.000915583333,-12697.3626,0.00197310801
2.63806,561,15710,S,0.0057163,0,0,0.00115633764
2.65167,561,15927,M,0.0072021,0.00120035,15033.1299,0.00460541363
2.66611,561,16171,M,0.00718785,0,0,0.00275655037
2.67694,561,16346,M,0.0073414,0,0,0.00184114988
2.69389,561,16548,M,0.0073822,0,0,0.00109962966
2.69944,561,16623,M,0.00725145,0,0,0.000864722979
2.70194,561,16652,M,0.00745585,0,0,0.00080605495
2.7675,561,17824,S,0.00707925,0,0,0.000126150802
2.78778,561,18057,S,0.00717355,0,0,7.59051904e-05
2.80444,561,18272,S,0.00693675,0.001156125,-7962.98924,0.00199228543
2.82944,561,18594,M,0.00681995,0,0,0.000932013414
2.84722,561,18800,S,0.0059019,0.00098365,-11000.6982,0.00212956888
2.92944,561,19631,S,0.0058485,0.00097475,-11202.5249,0.00206518235
3.0525,561,21459,M,0.0062885,0,0,1.53285965e-05
3.08972,561,21987,M,0.00693675,0.001156125,16205.369,0.00412270236
3.12833,561,22373,S,0.00636215,0.00106035833,-9466.47969,0.0013692626
3.23583,561,23444,M,0.00682785,0,0,3.71963485e-05
3.24444,561,23528,S,0.00609635,0.00101605833,-10310.0506,0.00196144802
3.38556,561,24680,S,0.00562465,0.000937441667,-12112.0633,0.00194208148
4.01861,561,31818,M,0.00687495,0.001145825,16498.0543,0
2.5525,562,14352,N,0.00341392,0.000568986667,-32883.2009,0.0019511434
2.55333,563,14373,N,0.00341392,0.000568986667,-32883.2009,0.00194791202
2.55389,564,14379,S,0.00310175,0.000516958333,-39836.8988,0.00198255672
2.55389,565,14386,M,0.00486217,0,0,0
2.55444,566,14398,N,0.00486217,0.000810361667,-16209.3727,0.00195289247
2.55583,566,14416,S,0.00424068,0.00070678,-21309.5478,0.00354223096
2.55528,567,14410,N,0.00341392,0.000568986667,-32883.2009,0.00195371262
2.55583,568,14415,S,0.0037575,0.00062625,-27143.5174,0.0019529758
2.56139,569,14491,N,0.00402503,0.000670838333,-23654.559,0.00194998995
2.56333,570,14516,N,0.00463341,0.000772235,-17849.7172,0.00196058838
2.56694,571,14579,N,0.00310175,0.000516958333,-39836.8988,0.00193879742
2.56722,572,14581,S,0.00400217,0.000667028333,-23925.6044,0.00195340774
2.56944,573,14625,S,0.0052908,0.0008818,-13689.0538,0.00197011295
2.57167,574,14664,N,0.00456372,0.00076062,-18399.1124,0.00195595352
2.575,575,14717,N,0.005251,0.000875166667,-13897.3813,0.00201470047
2.58611,575,14855,S,0.00470105,0.000783508333,-17339.6821,0.00136414992
2.57528,576,14718,N,0.00441757,0.000736261667,-19636.8799,0.00199637063
2.57583,577,14727,S,0.00565935,0.000943225,-11963.9711,0.0020168062
2.59472,577,14958,M,0.0058269,0,0,0.000916465992
2.60778,577,15193,M,0.00616495,0,0,0.000505456331
2.62417,577,15440,M,0.00621305,0,0,0.000251409143
2.62861,577,15539,S,0.00489314,0.000815523333,-16004.8052,0.00171838468
2.70361,577,16684,M,0.00461618,0,0,6.96953534e-05
2.57667,578,14739,S,0.00370457,0.000617428333,-27924.8506,0.00195533959
2.57861,579,14762,S,0.00486217,0.000810361667,-16209.3727,0.00196492003
2.58,580,14775,N,0.00479902,0.000799836667,-16638.8402,0.00195740751
2.58139,581,14788,N,0.0042201,0.00070335,-21517.929,0.00195509865
2.58222,582,14804,N,0.00397903,0.000663171667,-24204.742,0.00194994624
2.58611,583,14856,S,0.00397903,0.000663171667,-24204.742,0.00194579717
2.58722,584,14873,N,0.00383421,0.000639035,-26068.0773,0.00195028664
2.58833,585,14886,S,0.00489314,0,0,0
2.61056,585,15236,M,0.0051279,0,0,9.49830687e-08
2.61139,585,15247,S,0.00478297,0.000797161667,-16750.7127,0.00189536441
2.59639,586,14987,N,0.00576105,0.000960175,-11545.2471,0.00202300468
2.60778,586,15187,S,0.0053039,0.000883983333,-13621.5075,0.00214259375
2.61694,586,15338,M,0.0053558,0,0,0.00151983619
2.64333,586,15781,M,0.00560125,0,0,0.000469493103
2.66667,586,16184,M,0.0055057,0,0,0.00017647438
2.6725,586,16293,M,0.0055419,0,0,0.000135836517
2.69,586,16493,M,0.0053039,0,0,6.67402839e-05
2.69972,586,16625,S,0.00439861,0.000733101667,-19806.5601,0.00198513624
2.59694,587,14999,S,0.00541925,0.000903208333,-13047.7299,0.00196544668
2.59722,588,15005,N,0.00452806,0.000754676667,-18690.0981,0.00195137052
2.61083,588,15242,S,0.00591245,0,0,0.000825534612
2.62111,588,15388,S,0.00473416,0.000789026667,-17097.9516,0.00251773577
2.59722,589,15006,S,0.005197,0.000866166667,-14187.7265,0.00201169744
2.62139,589,15400,M,0.00576105,0,0,0.000618456214
2.63278,589,15616,M,0.00468432,0,0,0.000410953733
2.59722,590,15007,S,0.005469,0.0009115,-12811.3956,0.00196018257
2.64917,590,15880,S,0.00596465,0,0,0.000241593389
2.65722,590,16010,S,0.00586995,0.000978325,-11120.7919,0.00181873529
2.76222,590,17732,M,0.0061161,0,0,3.24851512e-05
2.77333,590,17921,S,0.0050997,0.00084995,-14734.3597,0.00195419979
2.59917,591,15039,S,0.00367754,0,0,0
2.6,592,15062,S,0.00473416,0.000789026667,-17097.9516,0.00195700624
2.64583,592,15824,S,0.00486217,0,0,0.000233030676
2.60028,593,15068,S,0.00390797,0.000651328333,-25093.156,0.00196421047
2.60361,594,15115,N,0.00341392,0.000568986667,-32883.2009,0.00195478853
2.60778,595,15188,S,0.00341392,0.000568986667,-32883.2009,0.00195339013
2.60778,596,15190,N,0.00484654,0.000807756667,-16314.1066,0.00195665814
2.61194,597,15262,S,0.00411402,0.00068567,-22642.1132,0.00195885374
2.63861,597,15722,M,0.00471767,0.000786278333,35039.5146,0.00440732573
2.6525,597,15939,M,0.0053429,0,0,0.00179834491
2.66556,597,16156,M,0.00617465,0.00102910833,20453.0175,0.00370259369
2.61306,598,15278,N,0.00397903,0.000663171667,-24204.742,0.00195111323
2.61528,599,15308,S,0.00310175,0.000516958333,-39836.8988,0.00194343894
2.61778,600,15348,N,0.00463341,0.000772235,-17849.7172,0.00195672022
2.61778,601,15352,N,0.00417831,0.000696385,-21950.5856,0.00195522036
2.62111,602,15387,S,0.00390797,0.000651328333,-25093.156,0.00195154233
2.62111,603,15393,N,0.0037575,0.00062625,-27143.5174,0.00195289223
2.62222,604,15409,N,0.0037575,0.00062625,-27143.5174,0.0019553899
2.625,605,15452,S,0.0050997,0.00084995,-14734.3597,0.0019466363
2.625,606,15456,N,0.00478297,0.000797161667,-16750.7127,0.00200297773
2.62861,607,15538,S,0.00451002,0.00075167,-18839.9411,0.00196098198
2.635,608,15658,N,0.00310175,0.000516958333,-39836.8988,0.00194372396
2.63694,609,15692,S,0.00383421,0.000639035,-26068.0773,0.00195235347
2.63694,610,15694,S,0.00490848,0.00081808,-15904.9104,0.00196816392
2.66583,610,16160,S,0.0048308,0.000805133333,-16420.6068,0.00228479865
2.68056,610,16380,M,0.005816,0.000969333333,23053.6395,0.00439448293
2.80306,610,18249,S,0.00478297,0.000797161667,-16750.7127,0.00192262618
2.93889,610,19720,S,0.00541925,0,0,2.83878468e-06
2.96139,610,20048,S,0.00522415,0,0,2.16470952e-06
2.9925,610,20469,S,0.00481497,0.000802495,-16528.7712,0.00194230884
3.07583,610,21787,M,0.00538135,0,0,3.56207441e-05
3.34556,610,24276,M,0.0054935,0,0,2.40227939e-06
3.3475,610,24286,S,0.00479902,0.000799836667,-16638.8402,0.00184684559
3.52,610,26132,M,0.00507125,0,0,7.18521528e-07
3.74417,610,28309,M,0.00544425,0,0,1.32604111e-07
3.76389,610,28502,S,0.00404765,0.000674608333,-23390.8676,0.00194907755
3.77667,610,28662,M,0.00563625,0.000939375,24547.7227,0.00469067306
3.78083,610,28703,S,0.00417831,0.000696385,-21950.5856,0.00568966943
2.63694,611,15695,S,0.0042201,0.00070335,-21517.929,0.00195394372
2.63778,612,15708,N,0.00606645,0.001011075,-10411.9443,0.00201088044
2.67056,612,16264,M,0.0055895,0,0,0.000617966903
2.63806,613,15709,S,0.005469,0.0009115,-12811.3956,0.00195900625
2.63806,614,15713,S,0.0037575,0.00062625,-27143.5174,0.00195175152
2.63944,615,15724,S,0.00310175,0.000516958333,-39836.8988,0.00193929933
2.64083,616,15751,N,0.00466747,0.000777911667,-17590.118,0.00195162765
2.64417,617,15789,N,0.00341392,0.000568986667,-32883.2009,0.00195508898
2.64444,618,15792,S,0.00341392,0.000568986667,-32883.2009,0.00195223793
2.64806,619,15860,N,0.00445501,0.000742501667,-19308.1567,0.00196102224
2.64917,620,15881,S,0.00499856,0.000833093333,-15336.7442,0.00196463971
2.64944,621,15889,N,0.00310175,0.000516958333,-39836.8988,0.00193955484
2.65694,622,16003,S,0.00367754,0.000612923333,-28336.9362,0.00195452327
2.65722,623,16011,S,0.005317,0.000886166667,-13554.46,0.00196310582
2.97222,623,20212,M,0.00489314,0,0,4.23527664e-09
2.98583,623,20371,M,0.00514185,0,0,1.16448157e-06
2.98861,623,20403,S,0.00411402,0.00068567,-22642.1132,0.00183035038
2.65972,624,16044,N,0.00545665,0.000909441667,-12869.4607,0.00195777396
2.69222,624,16522,S,0.00557765,0,0,0.000547086573
2.66056,625,16053,S,0.00390797,0.000651328333,-25093.156,0.00195412083
2.66056,626,16057,N,0.00445501,0.000742501667,-19308.1567,0.00195972234
2.66194,627,16082,S,0.00428127,0.000713545,-20907.3318,0.00195383526
2.66333,628,16114,N,0.00310175,0.000516958333,-39836.8988,0.00194676757
2.66389,629,16121,S,0.00367754,0.000612923333,-28336.9362,0.00194838151
2.66583,630,16159,S,0.00432109,0.000720181667,-20523.7107,0.00195379249
2.66583,631,16164,N,0.00367754,0.000612923333,-28336.9362,0.00195044008
2.66639,632,16178,N,0.00359392,0.000598986667,-29671.1807,0.00194263193
2.6675,632,16205,M,0.00432109,0,0,0.00186062295
2.66889,633,16233,S,0.00411402,0.00068567,-22642.1132,0.00195763193
2.6725,634,16290,S,0.00417831,0.000696385,-21950.5856,0.00195875298
2.67333,635,16302,N,0.00390797,0.000651328333,-25093.156,0.00194587453
2.67472,636,16319,S,0.00452806,0.000754676667,-18690.0981,0.00196230081
2.67611,637,16337,N,0.00437949,0.000729915,-19979.9092,0.00195313632
2.67778,638,16354,N,0.00424068,0.00070678,-21309.5478,0.00196630609
2.67861,639,16362,N,0.00341392,0.000568986667,-32883.2009,0.00195557754
2.67944,640,16372,N,0.005197,0.000866166667,-14187.7265,0.00196458755
2.67972,641,16376,N,0.00565935,0.000943225,-11963.9711,0.00201513169
2.69222,642,16523,S,0.0043602,0.0007267,-20157.116,0.00196672582
2.69222,643,16526,N,0.00341392,0.000568986667,-32883.2009,0.00194991164
2.69972,644,16624,S,0.00365009,0.000608348333,-28764.8312,0.00195177391
2.69972,645,16628,N,0.00404765,0.000674608333,-23390.8676,0.00195231951
2.70278,646,16671,N,0.0043602,0.0007267,-20157.116,0.00195152668
2.7075,647,16733,S,0.005816,0,0,1.2291185e-06
2.72194,647,16989,S,0.0055178,0.000919633333,-12585.7578,0.0019654415
2.73333,647,17157,S,0.00518335,0,0,0.00138644911
2.75,647,17510,M,0.00616495,0.00102749167,20517.4376,0.00471526691
2.76167,647,17725,M,0.00675595,0,0,0.00277450416
2.8,647,18196,S,0.005469,0.0009115,-12811.3956,0.00186453452
2.81167,647,18375,S,0.00518335,0.000863891667,-14262.5601,0.00223754825
2.83139,647,18620,S,0.0055057,0,0,0.000975029689
2.84278,647,18755,M,0.00663265,0.00110544167,17725.6007,0.00466304422
2.8575,647,18916,M,0.00649585,0,0,0.00273109735
3.05194,647,21448,M,0.0062978,0,0,4.51248927e-06
3.12278,647,22326,M,0.006582,0,0,3.64230584e-07
3.13833,647,22477,M,0.006666,0,0,6.95406766e-07
3.14611,647,22562,S,0.0055178,0.000919633333,-12585.7578,0.00198221963
3.16194,647,22696,M,0.0050424,0,0,0.00114103968
3.30028,647,23913,M,0.0058051,0.000967516667,23140.3053,0.00411331017
3.31944,647,24039,M,0.00572755,0,0,0.00188204077
3.33278,647,24149,M,0.00573875,0,0,0.00106421063
3.36083,647,24445,M,0.00599555,0,0,0.000322462383
3.36639,647,24502,M,0.00576105,0,0,0.000246334833
3.375,647,24577,S,0.0050424,0.0008404,-15071.1823,0.00183103547
3.38528,647,24675,S,0.00487771,0.000812951667,-16106.2385,0.00297897253
2.71,648,16781,N,0.00411402,0.00068567,-22642.1132,0.00196190371
2.7125,649,16824,S,0.00439861,0.000733101667,-19806.5601,0.00195470443
2.7175,650,16922,N,0.0050279,0.000837983333,-15158.2479,0.00196217094
2.71806,651,16925,S,0.00514185,0,0,0
2.71806,652,16929,N,0.00417831,0.000696385,-21950.5856,0.00200855878
2.71944,653,16951,N,0.00424068,0.00070678,-21309.5478,0.0019507932
2.74611,653,17432,M,0.00445501,0.000742501667,39293.7618,0.0036708069
2.71972,654,16958,M,0.00707925,0.001179875,15559.4666,0.00414812244
2.73556,654,17205,M,0.00713035,0,0,0.00232342906
2.74694,654,17455,M,0.005975,0,0,0.00187320547
2.79167,654,18087,S,0.00501325,0,0,0.000368516155
2.80389,654,18264,M,0.00633475,0.00105579167,19432.1374,0.00392689295
2.81389,654,18408,S,0.00545665,0,0,0.0032337992
2.83556,654,18677,M,0.00514185,0,0,0.00128552017
2.86944,654,19015,M,0.00492373,0,0,0.000296400094
2.94917,654,19860,S,0.00441757,0.000736261667,-19636.8799,0.00194988217
2.99861,654,20568,M,0.0055419,0.00092365,25390.7901,0.00400457034
2.72083,655,16974,N,0.00484654,0.000807756667,-16314.1066,0.00196356357
2.72083,656,16975,N,0.00498378,0.00083063,-15427.8582,0.00195558614
2.72194,657,16988,S,0.00407001,0.000678335,-23134.5171,0.00197132615
2.72306,658,17011,N,0.00341392,0.000568986667,-32883.2009,0.00194861322
2.72444,659,17034,N,0.00417831,0.000696385,-21950.5856,0.00195654358
2.72639,660,17065,N,0.00341392,0.000568986667,-32883.2009,0.00194462066
2.72833,661,17087,N,0.00367754,0.000612923333,-28336.9362,0.00195186337
2.73083,662,17127,S,0.00367754,0.000612923333,-28336.9362,0.00195005682
2.73333,663,17156,S,0.0049689,0,0,0
2.73444,664,17179,S,0.00424068,0.00070678,-21309.5478,0.00195112548
2.73556,665,17204,M,0.0161073,0,0,0
2.74278,666,17340,S,0.00378342,0,0,0
2.74333,667,17356,S,0.00359392,0.000598986667,-29671.1807,0.00195562908
2.74389,668,17369,S,0.00479902,0,0,3.38785942e-07
3.12472,668,22340,S,0.00397903,0.000663171667,-24204.742,0.00195775269
2.74417,669,17379,N,0.00341392,0.000568986667,-32883.2009,0.0019541035
2.74444,670,17388,N,0.00341392,0.000568986667,-32883.2009,0.00195241247
2.74639,671,17434,N,0.00402503,0.000670838333,-23654.559,0.001961833
2.74694,672,17451,S,0.00341392,0.000568986667,-32883.2009,0.00195352573
2.74694,673,17452,S,0.00441757,0.000736261667,-19636.8799,0.00195403978
2.74861,674,17480,S,0.00424068,0.00070678,-21309.5478,0.00196390842
2.81611,674,18430,S,0.00390797,0.000651328333,-25093.156,0.00198306089
2.74861,675,17483,N,0.00397903,0.000663171667,-24204.742,0.00194537844
2.75194,676,17550,N,0.00367754,0.000612923333,-28336.9362,0.00195449391
2.75389,677,17587,S,0.00341392,0.000568986667,-32883.2009,0.00194620493
2.755,678,17619,S,0.0092754,0.0015459,-4453.48817,0.00199606383
2.765,678,17776,S,0.009456,0,0,0.00163474931
2.78333,678,18027,S,0.00944775,0.001574625,-4292.47316,0.00134371937
2.80278,678,18246,S,0.00880675,0,0,0.000882017769
2.81722,678,18450,S,0.008759,0,0,0.000641250278
2.83278,678,18645,M,0.0092625,0.00154375,9088.49649,0.00391907729
2.84389,678,18770,M,0.008854,0,0,0.00314503514
2.85611,678,18891,S,0.0089928,0,0,0.0024028787
2.90083,678,19317,M,0.0113331,0.00188885,6070.69997,0.00345105597
2.91028,678,19429,M,0.0112522,0,0,0.00305067004
2.985,678,20367,S,0.00489314,0.000815523333,-16004.8052,0.00349529659
2.76278,679,17738,S,0.0057163,0.000952716667,-11726.7412,0.0020015513
2.77611,679,17964,M,0.00579415,0,0,0.00120136476
2.78389,679,18034,S,0.00486217,0.000810361667,-16209.3727,0.00278154115
2.76278,680,17739,S,0.0042201,0.00070335,-21517.929,0.00195429985
2.765,681,17777,S,0.00479902,0.000799836667,-16638.8402,0.00196642671
2.7675,682,17825,S,0.00432109,0.000720181667,-20523.7107,0.00196316853
2.7675,683,17827,S,0.00481497,0.000802495,-16528.7712,0.00197372186
2.785,683,18042,S,0.00490848,0,0,0.000865385313
2.76778,684,17832,S,0.00310175,0.000516958333,-39836.8988,0.00194282184
2.77083,685,17874,N,0.00441757,0.000736261667,-19636.8799,0.00196287175
2.77333,686,17920,S,0.0044735,0.000745583333,-19148.851,0.00196360876
2.77361,687,17928,N,0.00417831,0.000696385,-21950.5856,0.0019624392
2.77444,688,17942,N,0.00341392,0.000568986667,-32883.2009,0.00195326998
2.77472,689,17943,S,0.00367754,0.000612923333,-28336.9362,0.00194734009
2.77472,690,17946,N,0.00437949,0.000729915,-19979.9092,0.00195552893
3.65194,690,27333,M,0.00473416,0,0,2.92357895e-23
3.66472,690,27486,M,0.00478297,0,0,1.48954866e-23
3.67583,690,27599,M,0.00499856,0,0,7.91446144e-24
3.69111,690,27740,M,0.00507125,0,0,3.87608754e-24
3.84694,690,29619,M,0.00511385,0,0,4.51084642e-27
2.77556,691,17956,S,0.00454596,0.00075766,-18543.178,0.00195630657
2.78611,691,18054,S,0.00452806,0.000754676667,-18690.0981,0.00215173203
2.77722,692,17974,N,0.00341392,0.000568986667,-32883.2009,0.00195149871
2.7775,693,17977,S,0.00872525,0,0,0
2.83306,693,18647,M,0.0107212,0,0,0
2.7775,694,17979,S,0.0037575,0.00062625,-27143.5174,0.00194677893
2.7775,695,17980,S,0.00341392,0.000568986667,-32883.2009,0.00195148986
2.7775,696,17981,S,0.00846085,0.00141014167,-5352.34458,0.00200953844
2.85611,696,18889,S,0.00795805,0.00132634167,-6050.11147,0.00184368346
2.86333,696,18966,M,0.00802155,0,0,0.00152617246
2.7775,697,17983,N,0.00341392,0.000568986667,-32883.2009,0.00195076763
2.78222,698,18010,S,0.00428127,0.000713545,-20907.3318,0.00195520237
2.78333,699,18029,N,0.00424068,0.00070678,-21309.5478,0.00195639477
2.78389,700,18033,S,0.00383421,0.000639035,-26068.0773,0.00195280606
2.785,701,18041,S,0.00390797,0.000651328333,-25093.156,0.00195840542
2.785,702,18046,N,0.00310175,0.000516958333,-39836.8988,0.00194401778
2.785,703,18047,N,0.00359392,0.000598986667,-29671.1807,0.0019599037
2.78778,704,18058,S,0.0037575,0.00062625,-27143.5174,0.00197727807
2.79944,705,18184,N,0.00458134,0.000763556667,-18257.8352,0.00195900235
2.79972,706,18188,N,0.00404765,0.000674608333,-23390.8676,0.00195961422
2.80222,707,18233,S,0.00367754,0.000612923333,-28336.9362,0.00195091949
2.80222,708,18234,S,0.00492373,0.000820621667,-15806.5259,0.00196742089
2.8025,709,18239,S,0.0087301,0,0,0
2.84111,709,18746,M,0.00899735,0,0,0
2.855,709,18881,M,0.008701,0,0,0
2.8025,710,18241,S,0.00452806,0.000754676667,-18690.0981,0.00196097982
2.80278,711,18245,S,0.00548125,0,0,1.84564535e-08
2.95806,711,19989,S,0.0046505,0.000775083333,-17718.7472,0.00196126628
2.96333,711,20081,S,0.00470105,0,0,0.00154562156
2.80306,712,18248,S,0.00341392,0.000568986667,-32883.2009,0.00194961825
2.80444,713,18273,S,0.005197,0.000866166667,-14187.7265,0.00195982828
2.805,714,18281,N,0.00383421,0.000639035,-26068.0773,0.00195402091
2.805,715,18282,N,0.00341392,0.000568986667,-32883.2009,0.00195222061
2.80944,716,18348,N,0.0046505,0.000775083333,-17718.7472,0.00195592711
2.81167,717,18374,S,0.00341392,0.000568986667,-32883.2009,0.00195398488
2.81167,718,18376,S,0.00732775,0.00122129167,-7135.79131,0.00200042525
2.81167,719,18380,N,0.00341392,0.000568986667,-32883.2009,0.00195255586
2.81389,720,18409,S,0.00544425,0,0,0
2.81417,721,18417,N,0.00341392,0.000568986667,-32883.2009,0.00195451102
2.81611,722,18431,S,0.00341392,0.000568986667,-32883.2009,0.00195519384
2.82056,723,18480,N,0.00367754,0.000612923333,-28336.9362,0.00195191177
2.82333,724,18521,N,0.00341392,0.000568986667,-32883.2009,0.00194857843
2.82639,725,18553,N,0.00341392,0.000568986667,-32883.2009,0.00194579099
2.82694,726,18560,N,0.00402503,0.000670838333,-23654.559,0.00195625013
2.82972,727,18598,N,0.00341392,0.000568986667,-32883.2009,0.0019505642
2.83056,728,18607,S,0.00417831,0.000696385,-21950.5856,0.00195306567
2.83139,729,18619,S,0.00367754,0,0,0
2.83194,730,18631,S,0.00310175,0.000516958333,-39836.8988,0.00193951399
2.83361,731,18649,S,0.00390797,0.000651328333,-25093.156,0.0019568208
2.83444,732,18665,N,0.00385911,0.000643185,-25732.7042,0.0019878919
2.84167,733,18749,S,0.00434074,0.000723456667,-20338.2841,0.00197642961
2.84306,734,18761,S,0.00445501,0.000742501667,-19308.1567,0.00196077387
2.845,735,18776,N,0.00341392,0.000568986667,-32883.2009,0.00195077615
2.84722,736,18801,S,0.00404765,0.000674608333,-23390.8676,0.0019583235
2.85167,737,18838,S,0.00402503,0.000670838333,-23654.559,0.00195082582
2.85444,738,18866,S,0.00853735,0.00142289167,-5256.84564,0.00199805529
2.87472,738,19078,M,0.00898365,0.00119076202,9661.50813,0.00238456174
2.88722,738,19196,S,0.00866185,0,0,0.00169421448
2.89028,738,19231,S,0.0087686,0,0,0.00156182634
2.91278,738,19449,S,0.00877335,0,0,0.000892201185
2.92833,738,19616,S,0.00880675,0,0,0.000594623683
2.93917,738,19726,S,0.0088257,0,0,0.000467984537
2.85611,739,18890,S,0.00526435,0.000877391667,-13826.9757,0.00198584296
2.96111,739,20036,S,0.00454596,0.00075766,-18543.178,0.00192708236
3.47028,739,25622,M,0.00572755,0.000954591667,23771.2581,0.00411487247
3.47472,739,25661,S,0.0044735,0.000745583333,-19148.851,0.00316042963
2.85611,740,18892,S,0.00411402,0.00068567,-22642.1132,0.00197407335
2.85694,741,18905,N,0.00310175,0.000516958333,-39836.8988,0.00193910488
2.85833,742,18923,M,0.0110447,0,0,5.82406661e-08
2.86472,742,18976,S,0.00959805,0.001599675,-4159.0805,0.00192758666
2.86028,743,18936,N,0.00367754,0.000612923333,-28336.9362,0.00195008106
2.86111,744,18944,M,0.0121104,0,0,0
2.86639,744,18989,M,0.0117185,0,0,0
2.875,744,19080,S,0.0116212,0,0,2.39276405e-08
2.88889,744,19220,M,0.0135941,0.00226568333,4219.16159,0.00424245815
2.90028,744,19310,M,0.0143149,0.00238581667,3804.94284,0.00294730363
2.90667,744,19386,M,0.0142535,0,0,0.00104327247
2.94444,744,19782,S,0.013526,0.00225433333,-2094.14018,0.00211651149
2.95833,744,19997,M,0.0157649,0,0,0.00152470649
2.98611,744,20374,M,0.0139382,0,0,0.000978084733
3,744,20593,M,0.0141309,0.00235515,3904.68221,0.00446531155
3.02778,744,21026,S,0.0135782,0,0,0.00290153389
3.03306,744,21117,S,0.0134246,0,0,0.00315175632
3.04139,744,21248,M,0.0106859,0,0,0.00323511746
3.05278,744,21460,S,0.0101353,0.00168921667,-3729.80984,0.00207962904
3.06833,744,21681,M,0.0100739,0,0,0.000923462116
3.0725,744,21732,M,0.0101461,0,0,0.000844045208
2.86278,745,18957,N,0.0053039,0.000883983333,-13621.5075,0.00194644758
2.86389,746,18971,N,0.00341392,0.000568986667,-32883.2009,0.00194124201
2.86556,747,18986,N,0.00424068,0.00070678,-21309.5478,0.00194388572
2.87139,747,19040,S,0.00411402,0,0,0.00150466352
2.8675,748,18994,S,0.00434074,0.000723456667,-20338.2841,0.00196165879
2.86944,749,19017,N,0.00413567,0.000689278333,-22405.6325,0.00194835216
2.87111,750,19036,N,0.00390797,0.000651328333,-25093.156,0.00195897802
2.87139,751,19043,N,0.00310175,0.000516958333,-39836.8988,0.00194661503
2.87222,752,19053,N,0.00434074,0.000723456667,-20338.2841,0.00203046772
2.87361,753,19065,N,0.0041571,0.00069285,-22175.1846,0.00195461135
2.87389,754,19068,N,0.00383421,0.000639035,-26068.0773,0.00194925452
2.87417,755,19074,S,0.00823345,0.00137224167,-5652.1071,0.00202324307
2.87917,756,19115,S,0.0044735,0.000745583333,-19148.851,0.00195332115
2.88111,757,19127,S,0.00741585,0.001235975,-6967.2364,0.00200628312
2.885,758,19174,S,0.00397903,0.000663171667,-24204.742,0.0019598202
2.88861,759,19215,S,0.00367754,0.000612923333,-28336.9362,0.00195352965
2.89028,760,19230,S,0.0042201,0,0,0
2.89028,761,19233,N,0.00341392,0.000568986667,-32883.2009,0.00195381281
2.89361,762,19262,N,0.00417831,0.000696385,-21950.5856,0.00195384515
2.89444,763,19266,N,0.00404765,0.000674608333,-23390.8676,0.00196512095
2.90111,764,19322,S,0.00353595,0.000589325,-30652.2421,0.00195322451
2.90278,765,19336,S,0.0072724,0.00121206667,-7244.83599,0.00198739894
2.91639,765,19487,M,0.00763695,0,0,0.00133269619
2.92917,765,19627,M,0.0079464,0,0,0.000864196986
2.935,765,19680,S,0.00726545,0.00121090833,-7258.70455,0.00245859094
2.95806,765,19993,M,0.0073822,0,0,0.0012759843
2.90417,766,19356,N,0.00454596,0.00075766,-18543.178,0.00197124496
2.905,767,19372,N,0.00341392,0.000568986667,-32883.2009,0.00195192136
2.90556,768,19376,N,0.00419931,0.000699885,-21731.5554,0.00195321718
2.90611,769,19383,N,0.00390797,0.000651328333,-25093.156,0.0019586864
2.91194,770,19443,N,0.00395562,0.00065927,-24492.1372,0.00196121958
2.91194,771,19444,N,0.00484654,0.000807756667,-16314.1066,0.00195648321
2.91278,772,19448,S,0.00397903,0.000663171667,-24204.742,0.00195665196
2.91389,773,19457,N,0.00475054,0.000791756667,-16980.2287,0.00196167122
2.91694,774,19496,N,0.0199379,0.00332298333,-963.764428,0.00201292007
3.31111,774,23972,M,0.0230733,0,0,5.43076803e-05
3.37333,774,24550,S,0.0227405,0.00379008333,-740.842441,0.00200642443
3.38,774,24625,S,0.0227576,0,0,0.00198693521
3.41417,774,25006,M,0.0229081,0,0,0.00149981865
3.43056,774,25205,M,0.0229655,0,0,0.00128710125
3.44222,774,25348,M,0.0230004,0,0,0.0011579239
3.45667,774,25503,M,0.0231154,0,0,0.0010233651
3.48556,774,25781,M,0.0230095,0,0,0.000791160284
3.5,774,25918,S,0.0229704,0,0,0.000711415853
3.51222,774,26030,M,0.0230067,0.00105147209,1472.98964,0.000739726043
3.52639,774,26198,M,0.0227519,0,0,0.000638907903
3.53194,774,26227,M,0.0228645,0,0,0.000621040034
3.54111,774,26297,S,0.019334,0.00322233333,-1024.91362,0.00186857299
3.55528,774,26418,M,0.0194302,0,0,0.00168888703
3.56944,774,26582,M,0.0194331,0,0,0.00147461658
3.57306,774,26620,M,0.0194846,0,0,0.0014334468
3.59472,774,26815,M,0.0195156,0,0,0.00115494128
3.62444,774,27054,M,0.0228891,0,0,0.000760270148
3.63833,774,27155,M,0.0197574,0,0,0.000737182648
3.66667,774,27494,S,0.0199175,0,0,0.000567057832
3.68,774,27641,S,0.0199536,0,0,0.000503777846
3.69444,774,27779,S,0.019586,0,0,0.000433049691
3.69972,774,27838,S,0.0197668,0,0,0.000379909612
3.70639,774,27908,M,0.0195272,0,0,0.000383067676
3.72222,774,28048,M,0.0193252,0,0,0.000343243245
3.74889,774,28354,M,0.0195764,0,0,0.000260948846
3.76333,774,28500,M,0.0195668,0,0,0.000227765176
3.77667,774,28663,M,0.0194155,0.00101509897,2068.31268,0.000451333442
3.79167,774,28799,M,0.0196292,0,0,0.000201811677
3.805,774,28916,S,0.0175204,0,0,0.000189028021
3.81639,774,29088,M,0.0175718,0,0,0.000169283026
3.83333,774,29401,M,0.0176703,0,0,0.000139834509
3.84722,774,29623,M,0.0176608,0,0,0.00011963807
2.92139,775,19535,N,0.00424068,0.00070678,-21309.5478,0.00195777806
2.92444,776,19572,S,0.00367754,0.000612923333,-28336.9362,0.0019548261
2.92528,777,19588,N,0.00310175,0.000516958333,-39836.8988,0.00194340966
2.92556,778,19590,N,0.00463341,0.000772235,-17849.7172,0.00195310827
2.92583,779,19594,S,0.00409214,0.000682023333,-22884.9305,0.00195217739
2.92833,780,19615,S,0.00452806,0,0,0
2.92889,781,19626,N,0.00395562,0.00065927,-24492.1372,0.00194993446
2.92944,782,19632,S,0.00490848,0.00081808,-15904.9104,0.00195597196
2.93194,783,19649,S,0.00310175,0.000516958333,-39836.8988,0.00193935046
2.93444,784,19678,N,0.00390797,0.000651328333,-25093.156,0.00195989025
2.935,785,19681,S,0.0037575,0.00062625,-27143.5174,0.00194772692
2.93889,786,19721,S,0.00489314,0,0,0
3.19417,786,22929,M,0.00495393,0,0,3.27400631e-07
3.19972,786,22964,S,0.00404765,0.000674608333,-23390.8676,0.00193686743
3.20528,786,23036,M,0.00424068,0.00070678,43366.7652,0.00540115765
2.93917,787,19727,S,0.00367754,0.000612923333,-28336.9362,0.00195462588
2.93917,788,19729,N,0.00397903,0.000663171667,-24204.742,0.00194669435
2.94,789,19736,N,0.00341392,0.000568986667,-32883.2009,0.00195199541
2.94361,790,19773,N,0.0044735,0.000745583333,-19148.851,0.00201155027
3.06889,790,21690,M,0.0058377,0.00097295,22882.5463,0.00408798501
3.07972,790,21844,M,0.00593345,0,0,0.00271217297
3.09639,790,22077,M,0.006016,0,0,0.00139605176
3.10278,790,22151,M,0.0062698,0,0,0.00103118213
3.12139,790,22315,M,0.00586995,0,0,0.000495569764
3.13194,790,22410,M,0.0053558,0,0,0.000357998309
3.16583,790,22719,M,0.0057721,0,0,8.97980045e-05
3.16722,790,22729,S,0.00505685,0.000842808333,-14985.1611,0.00198890745
3.33278,790,24150,M,0.00585925,0.000976541667,22714.5139,0.00409188369
3.81944,790,29136,M,0.00572755,0,0,6.11762751e-11
3.82472,790,29223,M,0.005469,0,0,4.95395255e-11
3.92861,790,30525,M,0.00567085,0,0,7.7321764e-13
3.97056,790,31128,M,0.005251,0,0,2.24056993e-07
3.97722,790,31255,S,0.00489314,0.000815523333,-16004.8052,0.00195947624
2.94917,791,19857,N,0.00390797,0.000651328333,-25093.156,0.00195933614
2.94917,792,19859,S,0.0041571,0.00069285,-22175.1846,0.00195307459
2.95528,793,19950,N,0.00373123,0.000621871667,-27527.1486,0.00195060985
2.95694,794,19970,S,0.00750195,0.001250325,-6808.21287,0.0020343434
2.9575,795,19979,N,0.00341392,0.000568986667,-32883.2009,0.00195146608
2.96,796,20018,N,0.00468432,0.00078072,-17463.7793,0.00196544862
3.55472,796,26404,S,0.00443638,0.000739396667,-19470.6876,0.00195434236
3.97944,796,31294,M,0.0053429,0.000890483333,27317.6713,0.00408075116
3.99611,796,31523,S,0.00439861,0.000733101667,-19806.5601,0.00210845629
2.96,797,20019,N,0.00393194,0.000655323333,-24788.086,0.00196047956
3.01944,797,20920,M,0.00458134,0,0,5.52536702e-05
3.0325,797,21108,M,0.00430127,0,0,2.36594547e-05
3.035,797,21150,M,0.00434074,0,0,2.13224169e-05
2.96111,798,20035,S,0.00409214,0.000682023333,-22884.9305,0.00194721718
2.96139,799,20049,S,0.00367754,0,0,0
2.96333,800,20082,S,0.00367754,0.000612923333,-28336.9362,0.00195792479
2.96833,801,20147,S,0.00310175,0.000516958333,-39836.8988,0.00194666783
2.97222,802,20210,S,0.0043602,0.0007267,-20157.116,0.0019546904
2.97389,803,20241,N,0.00437949,0.000729915,-19979.9092,0.00195767188
2.97472,804,20251,S,0.00341392,0,0,0
2.97611,805,20271,S,0.00367754,0.000612923333,-28336.9362,0.00195316725
2.98028,806,20307,N,0.00359392,0.000598986667,-29671.1807,0.00195078811
2.98056,807,20313,N,0.0043602,0.0007267,-20157.116,0.0019575479
2.98056,808,20314,N,0.00445501,0.000742501667,-19308.1567,0.00195747096
2.99861,808,20570,M,0.00585925,0.000976541667,22714.5139,0.00355820115
3.01361,808,20828,S,0.00538135,0.000896891667,-13232.188,0.00357959103
3.01972,808,20921,M,0.00617465,0.00102910833,20453.0175,0.00227820545
3.03694,808,21184,M,0.0060464,0,0,0.000942929321
3.05389,808,21485,M,0.00613575,0,0,0.000464430084
3.06889,808,21686,S,0.00490848,0.00081808,-15904.9104,0.00218581628
3.07806,808,21819,S,0.00507125,0,0,0.00143770737
3.20694,808,23053,S,0.00479902,0.000799836667,-16638.8402,0.00196053691
3.22083,808,23267,S,0.00466747,0,0,0.00109032225
3.48583,808,25782,S,0.00417831,0.000696385,-21950.5856,0.00198511327
2.98417,809,20355,N,0.00341392,0.000568986667,-32883.2009,0.00195131402
2.985,810,20362,S,0.00341392,0.000568986667,-32883.2009,0.00195202217
2.98833,811,20397,S,0.00341392,0.000568986667,-32883.2009,0.00194736883
2.98861,812,20404,S,0.00411402,0.00068567,-22642.1132,0.00194791307
2.98889,813,20412,N,0.00341392,0.000568986667,-32883.2009,0.00194676693
2.98917,814,20417,N,0.00390797,0.000651328333,-25093.156,0.00195868279
2.99278,815,20478,N,0.00397903,0.000663171667,-24204.742,0.0019495816
2.99333,816,20484,N,0.00341392,0.000568986667,-32883.2009,0.00194865297
2.99361,817,20488,N,0.00383421,0.000639035,-26068.0773,0.00194815844
2.99833,818,20566,N,0.00310175,0.000516958333,-39836.8988,0.00194659525
2.99861,819,20571,N,0.00476681,0.000794468333,-16864.4958,0.00195206433
2.99889,820,20572,N,0.00456372,0.00076062,-18399.1124,0.00202436506
2.99917,821,20580,N,0.00430127,0.000716878333,-20713.3223,0.00196816329
3,822,20590,S,0.0126003,0,0,0
3.01389,822,20839,M,0.0133049,0,0,0
3.02639,822,21001,S,0.0100155,0,0,3.51204548e-07
3.04167,822,21249,S,0.00959805,0.001599675,-4159.0805,0.00203381174
3.05028,822,21412,M,0.00985125,0.001641875,8034.55429,0.00529099369
3.065,822,21626,S,0.00983985,0.001639975,-3957.17078,0.0054261913
3.08139,822,21868,M,0.0096339,0,0,0.00393744195
3.16639,822,22721,M,0.0103461,0.00139947947,7284.30474,0.00305086032
3.18056,822,22818,M,0.0102452,0,0,0.00220706482
3.19444,822,22930,M,0.0100885,0,0,0.00162608137
3.19972,822,22961,S,0.0088821,0.00148035,-4856.65498,0.00110513321
3.20778,822,23072,M,0.0106144,0,0,0.000848747125
3.22139,822,23272,M,0.0092237,0,0,0.000665873353
3.23222,822,23405,S,0.00834075,0.001390125,-5507.60654,0.00225565889
3.26361,822,23643,M,0.00881625,0,0,0.000972996742
3.2775,822,23776,M,0.0086125,0,0,0.000688581325
3.28306,822,23817,S,0.0080671,0.00134451667,-5887.63346,0.00252591115
3.35972,822,24438,M,0.00815115,0,0,0.000356711251
3.395,822,24769,M,0.0080101,0,0,0.00015839708
3.00444,823,20662,N,0.00456372,0.00076062,-18399.1124,0.00196266513
3.00778,824,20711,N,0.00395562,0.00065927,-24492.1372,0.00194557473
3.07528,824,21774,S,0.00449183,0,0,3.82467911e-05
3.01333,825,20823,N,0.00402503,0.000670838333,-23654.559,0.00194713767
3.01361,826,20831,S,0.0069444,0,0,0
3.02694,826,21008,M,0.00710125,0,0,0
3.03306,826,21119,M,0.007152,0,0,0
3.01389,827,20833,N,0.00367754,0.000612923333,-28336.9362,0.00194926267
3.01556,827,20865,S,0.00359392,0.000598986667,-29671.1807,0.00180959727
3.01528,828,20864,N,0.00365009,0.000608348333,-28764.8312,0.00196642002
3.01833,829,20901,N,0.0042201,0.00070335,-21517.929,0.0019570487
3.02,830,20925,N,0.00370457,0.000617428333,-27924.8506,0.00195713675
3.02222,831,20946,S,0.00411402,0.00068567,-22642.1132,0.00195410348
3.02611,832,20998,S,0.0060464,0.00100773333,-10481.1195,0.00203132823
3.03056,832,21080,M,0.0060058,0,0,0.0015684504
3.04083,832,21236,S,0.00493887,0.000823145,-15709.7513,0.00353882943
3.04972,832,21398,S,0.00458134,0.000763556667,-18257.8352,0.00232522514
3.02611,833,20999,M,0.00705715,0,0,0
3.02861,833,21037,M,0.0075475,0,0,4.98395534e-07
3.04111,833,21243,M,0.00897455,0.00149575833,9681.11275,0.00412393842
3.05472,833,21497,S,0.00834075,0.001390125,-5507.60654,0.00490529609
3.06556,833,21634,S,0.00816775,0,0,0.0039083073
3.08306,833,21892,S,0.007314,0,0,0.00250405632
3.08833,833,21968,M,0.0081622,0.00136036667,11704.2362,0.00342544281
3.13778,833,22471,M,0.00814005,0,0,0.00093691939
3.14,833,22498,S,0.00770585,0.00128430833,-6452.65076,0.00161225683
3.2625,833,23634,M,0.0081009,0,0,4.66945565e-05
3.26472,833,23652,M,0.00765585,0,0,4.52465108e-05
3.40222,833,24871,M,0.00798125,0.00133020833,12241.0153,0.00411852595
3.45722,833,25512,M,0.0081009,0,0,0.000868327007
3.47222,833,25644,M,0.00821715,0,0,0.00054326431
3.02694,834,21007,M,0.00979395,0,0,0
3.03278,834,21115,M,0.0100192,0,0,0
3.03972,834,21222,M,0.0095336,0,0,0
3.02722,835,21013,N,0.00390797,0.000651328333,-25093.156,0.00195777709
3.02722,836,21014,N,0.00367754,0.000612923333,-28336.9362,0.00194892635
3.02778,837,21020,N,0.00518335,0.000863891667,-14262.5601,0.0020349607
3.02889,837,21044,S,0.00443638,0.000739396667,-19470.6876,0.00287213666
3.02778,838,21023,N,0.00310175,0.000516958333,-39836.8988,0.00194295448
3.03194,839,21101,N,0.00390797,0.000651328333,-25093.156,0.00195317985
3.03278,840,21111,S,0.0051696,0.0008616,-14338.5421,0.00197806316
3.03722,840,21185,S,0.00437949,0.000729915,-19979.9092,0.00369601056
3.03417,841,21134,N,0.00310175,0.000516958333,-39836.8988,0.00193759787
3.03472,842,21144,N,0.00402503,0.000670838333,-23654.559,0.00195212016
3.03583,843,21164,N,0.00395562,0.00065927,-24492.1372,0.00195229928
3.03722,844,21186,S,0.00383421,0.000639035,-26068.0773,0.00194957015
3.03833,845,21205,N,0.00479902,0.000799836667,-16638.8402,0.00195314446
3.03944,846,21219,N,0.00383421,0.000639035,-26068.0773,0.00195966159
3.04083,847,21235,S,0.00419931,0.000699885,-21731.5554,0.00195494364
3.04389,848,21284,N,0.0055299,0.00092165,-12530.7331,0.00199098113
3.06556,848,21638,M,0.00588065,0.000980108333,22549.476,0.00481271247
3.08306,848,21890,S,0.00561295,0.000935491667,-12162.6168,0.00236732595
3.09611,848,22076,M,0.00633475,0.00105579167,19432.1374,0.00423355058
3.10722,848,22188,S,0.00591245,0,0,0.00305404629
3.04611,849,21326,N,0.00437949,0.000729915,-19979.9092,0.00194972992
3.04639,850,21331,N,0.00424068,0.00070678,-21309.5478,0.00196450623
3.04889,851,21385,N,0.00365009,0.000608348333,-28764.8312,0.00193819236
3.04917,852,21389,N,0.0042201,0.00070335,-21517.929,0.00195674962
3.04972,853,21397,S,0.00437949,0.000729915,-19979.9092,0.00195911164
3.05028,854,21414,N,0.00367754,0.000612923333,-28336.9362,0.00195242854
3.05028,855,21415,N,0.00388369,0.000647281667,-25407.9491,0.00195215682
3.05278,856,21461,S,0.0043602,0.0007267,-20157.116,0.00195341951
3.09444,856,22055,M,0.00432109,0,0,0.00022397997
3.10972,856,22206,S,0.00411402,0.00068567,-22642.1132,0.00189695401
3.12,856,22294,S,0.00430127,0,0,0.00106095106
3.13861,856,22478,S,0.00426107,0.000710178333,-21106.0615,0.00172772707
3.14139,856,22514,S,0.00383421,0.000639035,-26068.0773,0.00303934146
3.17972,856,22815,M,0.0052776,0.0008796,27997.952,0.00384603959
3.05333,857,21471,N,0.00411402,0.00068567,-22642.1132,0.00195888062
3.05444,858,21495,N,0.00310175,0.000516958333,-39836.8988,0.0019390844
3.05556,859,21509,S,0.00913625,0.00138,-4590.19008,0.00162540518
3.05694,859,21533,M,0.0097009,0.00161681667,8285.55099,0.0053923014
3.09056,859,22001,M,0.00947245,0,0,0.00233424322
3.11083,859,22216,M,0.009697,0,0,0.00135699946
3.12417,859,22334,M,0.00972825,0,0,0.000961484472
3.12667,859,22358,S,0.00913625,0.00152270833,-4590.19008,0.00256580692
3.17833,859,22803,M,0.00918455,0,0,0.000781753257
3.18917,859,22883,M,0.0091495,0,0,0.000596981524
3.20667,859,23050,M,0.00939375,0,0,0.000383482345
3.22056,859,23262,M,0.00923235,0,0,0.00025949281
3.23194,859,23403,M,0.0091495,0,0,0.000206800671
3.25,859,23565,M,0.00927965,0,0,0.000145402437
3.28361,859,23823,S,0.0085575,0.00142625,-5232.11656,0.00194868644
3.30556,859,23947,M,0.0085272,0,0,0.0011692862
3.31889,859,24034,S,0.0081289,0.00135481667,-5798.44441,0.00280363021
3.34639,859,24279,M,0.0083619,0.00139365,11151.8208,0.00475909486
3.36083,859,24446,M,0.00851705,0,0,0.00332597615
3.36333,859,24473,S,0.00781595,0.00130265833,-6272.12319,0.00309543244
3.375,859,24579,S,0.00742255,0.00123709167,-6954.66284,0.00117103581
3.38583,859,24682,M,0.0079986,0.0013331,12187.9635,0.00359313055
3.39889,859,24822,M,0.0082062,0,0,0.00256922374
3.41167,859,24974,M,0.00810655,0,0,0.001869328
3.42917,859,25190,M,0.00782795,0,0,0.00126214359
3.44417,859,25367,M,0.00810655,0,0,0.000799666713
3.06194,860,21591,N,0.00441757,0.000736261667,-19636.8799,0.0019566098
3.065,861,21627,S,0.00395562,0.00065927,-24492.1372,0.00195139308
3.06556,862,21633,S,0.00486217,0,0,0
3.06611,863,21646,N,0.00458134,0.000763556667,-18257.8352,0.00195337424
3.06694,864,21659,N,0.00370457,0.000617428333,-27924.8506,0.00195705537
3.06778,865,21671,N,0.0051279,0.00085465,-14572.7247,0.00198023315
3.06889,866,21685,S,0.00459882,0.00076647,-18119.2823,0.00196201482
3.06889,867,21688,N,0.00478297,0.000797161667,-16750.7127,0.0019977014
3.07056,867,21707,M,0.00424068,0,0,0.00190124089
3.07,868,21703,N,0.00341392,0.000568986667,-32883.2009,0.00194766415
3.07361,869,21740,N,0.00395562,0.00065927,-24492.1372,0.00195065336
3.07806,870,21818,S,0.0048308,0,0,0
3.07889,871,21825,N,0.0048308,0.000805133333,-16420.6068,0.00198762151
3.22111,871,23269,S,0.0044735,0,0,3.06680077e-06
3.23472,871,23429,S,0.00473416,0,0,1.45302723e-06
3.23806,871,23461,S,0.00454596,0,0,1.23848842e-06
3.33222,871,24143,M,0.00563625,0.000939375,24547.7227,0.00405712081
3.33861,871,24225,M,0.0058913,0,0,0.00311738515
3.38833,871,24694,M,0.006016,0,0,0.000404310829
3.39222,871,24738,M,0.0052776,0,0,0.000352414291
3.72083,871,28031,M,0.0062604,0.000912669614,19896.493,0.00293875433
3.72417,871,28069,M,0.00610625,0,0,0.00266225326
3.83111,871,29360,S,0.0052776,0.0008796,-13757.6251,0.00203955712
3.84472,871,29584,M,0.00526435,0,0,0.00117831268
3.85278,871,29718,S,0.00454596,0.00075766,-18543.178,0.00160371314
3.08139,872,21863,S,0.00473416,0.000789026667,-17097.9516,0.00201821425
3.09278,872,22037,M,0.0044735,0,0,0.00109008125
3.11694,872,22275,S,0.00367754,0.000612923333,-28336.9362,0.00197807312
3.08222,873,21883,N,0.00341392,0.000568986667,-32883.2009,0.00194944838
3.08306,874,21889,S,0.00367754,0.000612923333,-28336.9362,0.00195033202
3.08306,875,21891,S,0.0065564,0,0,0
3.1075,875,22192,M,0.00656495,0,0,0
3.1125,875,22228,S,0.005317,0.000886166667,-13554.46,0.00186557916
3.15278,875,22607,M,0.00562465,0,0,0.000404389362
3.16111,875,22684,M,0.0055178,0,0,0.000285388254
3.23583,875,23445,M,0.00599555,0,0,1.37855789e-05
3.24,875,23478,S,0.00514185,0.000856975,-14493.7484,0.00189830179
3.77722,875,28669,M,0.00573875,0,0,1.11345827e-07
3.79139,875,28793,S,0.00441757,0.000736261667,-19636.8799,0.00195388081
3.08722,876,21949,N,0.00439861,0.000733101667,-19806.5601,0.0019653743
3.08889,877,21978,N,0.00417831,0.000696385,-21950.5856,0.00194805714
3.08917,878,21981,N,0.0037575,0.00062625,-27143.5174,0.00194976598
3.08917,879,21982,N,0.00367754,0.000612923333,-28336.9362,0.00195395344
3.09306,880,22040,N,0.00452806,0.000754676667,-18690.0981,0.00195538043
3.09472,881,22061,M,0.0167592,0,0,1.40218495e-07
3.11111,881,22218,M,0.0169204,0.00155814047,2723.30842,0.000899300019
3.12083,881,22306,M,0.0169036,0.00257272325,2728.72458,0.00289639914
3.095,882,22062,S,0.00367754,0.000612923333,-28336.9362,0.00195259828
3.09722,883,22084,S,0.00541925,0.000903208333,-13047.7299,0.00201410867
3.10667,883,22184,M,0.00507125,0,0,0.00146146961
3.10194,884,22135,N,0.00428127,0.000713545,-20907.3318,0.00205155242
3.62306,884,27039,S,0.00411402,0.00068567,-22642.1132,0.00195094373
3.655,884,27366,S,0.00489314,0,0,0.000324899257
3.81833,884,29110,M,0.0050279,0,0,1.78859013e-07
3.82,884,29142,S,0.00397903,0.000663171667,-24204.742,0.00177639005
3.1025,885,22145,N,0.00390797,0.000651328333,-25093.156,0.0019547815
3.1025,886,22146,N,0.00390797,0.000651328333,-25093.156,0.00194852931
3.10556,887,22175,N,0.005251,0.000875166667,-13897.3813,0.00196133585
3.38806,887,24693,M,0.0058051,0,0,1.22918303e-08
3.40111,887,24860,M,0.0055178,0,0,2.46557701e-08
3.40333,887,24877,S,0.00473416,0.000789026667,-17097.9516,0.00190380133
3.51306,887,26039,M,0.0053558,0.000892633333,27186.2173,0.00399288778
3.52194,887,26165,M,0.0055895,0,0,0.00289627336
3.57833,887,26676,M,0.00522415,0,0,0.00030583864
3.69694,887,27806,M,0.006016,0.00100266667,21546.1204,0.00408120555
3.10722,888,22187,S,0.00456372,0.00076062,-18399.1124,0.00195786481
3.10972,889,22205,S,0.00390797,0.000651328333,-25093.156,0.00195016902
3.11056,890,22212,N,0.00404765,0.000674608333,-23390.8676,0.00195314834
3.1125,891,22229,S,0.00430127,0.000716878333,-20713.3223,0.00195241677
3.11528,892,22259,N,0.00310175,0.000516958333,-39836.8988,0.00194314568
3.11694,893,22274,S,0.00341392,0.000568986667,-32883.2009,0.00195369102
3.11778,894,22281,N,0.00424068,0.00070678,-21309.5478,0.0019541879
3.12,895,22295,S,0.00359392,0.000598986667,-29671.1807,0.00195430491
3.12472,896,22339,S,0.00367754,0.000612923333,-28336.9362,0.00194704324
3.12667,897,22357,S,0.00515575,0.000859291667,-14415.6921,0.00199453994
3.16722,897,22732,M,0.0054318,0,0,0.000307029394
3.12833,898,22378,N,0.00367754,0.000612923333,-28336.9362,0.00195131167
3.13833,899,22476,M,0.0170099,0,0,0
3.15056,899,22592,M,0.00518335,0,0,1.91677911e-06
3.16694,899,22725,S,0.00441757,0.000736261667,-19636.8799,0.00179529634
3.14139,900,22515,S,0.00367754,0.000612923333,-28336.9362,0.00194845694
3.14472,901,22547,S,0.00341392,0.000568986667,-32883.2009,0.00195029622
3.14611,902,22563,S,0.00487771,0.000812951667,-16106.2385,0.00195786655
3.40139,902,24861,M,0.00522415,0,0,1.81628867e-08
3.41583,902,25025,M,0.00544425,0,0,9.09111787e-09
3.42889,902,25188,M,0.0050279,0,0,5.60522391e-09
3.43583,902,25272,M,0.00463341,0,0,3.99677163e-09
3.55528,902,26416,S,0.00475054,0,0,1.99786627e-06
3.56667,902,26558,M,0.00573875,0.000956458333,23678.551,0.00410344568
3.58,902,26694,M,0.006016,0,0,0.0022348754
3.6125,902,26963,S,0.00501325,0.000835541667,-15246.9826,0.00241585243
3.69306,902,27758,M,0.00616495,0.00102749167,20517.4376,0.00412235288
3.69861,902,27828,M,0.0059019,0,0,0.00328588686
3.70667,902,27910,S,0.0050855,0.000847583333,-14816.7703,0.00271150941
3.76083,902,28474,S,0.0053686,0,0,0.000155815061
3.83278,902,29393,S,0.0053429,0,0,8.61729121e-06
3.84611,902,29606,M,0.006016,0.00100266667,21546.1204,0.00398133883
3.87639,902,29948,S,0.0053039,0.000883983333,-13621.5075,0.00290547821
3.89472,902,30157,S,0.00548125,0,0,0.0014645658
3.91389,902,30367,S,0.00561295,0,0,0.000651787904
3.95778,902,30882,M,0.0060464,0,0,0.00010226037
3.96806,902,31082,M,0.0048308,0,0,8.49618181e-05
3.14611,903,22566,N,0.00390797,0.000651328333,-25093.156,0.00195189333
3.14944,904,22582,N,0.00383421,0.000639035,-26068.0773,0.00195339812
3.15083,905,22594,S,0.00341392,0.000568986667,-32883.2009,0.00194785813
3.15389,906,22616,N,0.00367754,0.000612923333,-28336.9362,0.00194834655
3.155,907,22632,S,0.0043602,0,0,0
3.15917,908,22665,N,0.00397903,0.000663171667,-24204.742,0.0019473246
3.16083,909,22682,N,0.00430127,0.000716878333,-20713.3223,0.00195144027
3.16222,910,22697,S,0.0171074,0,0,2.26292463e-07
3.17417,910,22782,M,0.017057,0.00119478797,2679.86235,0.000433276789
3.19222,910,22911,M,0.0172088,0,0,0.000322456541
3.19722,910,22951,M,0.0172991,0,0,0.000267925747
3.20833,910,23078,M,0.0174044,0,0,0.000263131601
3.22444,910,23306,S,0.0173727,0.00289545,-1269.40349,0.00212506383
3.30278,910,23927,S,0.0175311,0,0,0.000779525182
3.34722,910,24284,M,0.0182559,0,0,0.000413399829
3.35111,910,24325,S,0.0175813,0.00293021667,-1239.45834,0.00184104657
3.37333,910,24554,S,0.0175275,0.00292125,-1247.07927,0.00346104053
3.395,910,24765,S,0.0174783,0.00291305,-1254.1103,0.00467777833
3.45639,910,25499,M,0.0175287,0,0,0.00212165562
3.49167,910,25826,S,0.0173983,0.00289971667,-1265.67046,0.00311455108
3.52361,910,26179,S,0.0172991,0.00288318333,-1280.22842,0.00294977847
3.54083,910,26294,M,0.0174177,0.00187328124,2570.01358,0.00220481051
3.55556,910,26421,S,0.0173947,0,0,0.00149014856
3.5675,910,26565,M,0.0181492,0,0,0.00129042041
3.58111,910,26706,M,0.0180526,0,0,0.00104931633
3.59611,910,26823,M,0.0178061,0,0,0.000833044814
3.60556,910,26894,S,0.0170239,0.00283731667,-1321.95583,0.00245277403
3.63028,910,27093,M,0.0170239,0,0,0.0018847982
3.65278,910,27337,S,0.0165857,0.00028,-1392.73477,0.000926773611
3.65306,910,27340,S,0.00397903,0.000663171667,-24204.742,0.00939825952
3.16306,911,22702,N,0.00385911,0.000643185,-25732.7042,0.00198496058
3.16722,912,22728,S,0.00367754,0.000612923333,-28336.9362,0.00194829398
3.16722,913,22731,S,0.00341392,0.000568986667,-32883.2009,0.00195101041
3.16861,914,22737,S,0.00495393,0.000825655,-15614.3671,0.00198125021
3.16944,915,22744,N,0.00452806,0.000754676667,-18690.0981,0.00195656679
3.18917,916,22882,N,0.00424068,0.00070678,-21309.5478,0.00196018901
3.18944,917,22884,N,0.00341392,0.000568986667,-32883.2009,0.00195142452
3.19333,918,22921,S,0.0055057,0,0,0
3.19556,919,22933,S,0.00449183,0.000748638333,-18992.862,0.00194467804
3.19556,920,22937,N,0.00367754,0.000612923333,-28336.9362,0.00195302754
3.19667,921,22944,S,0.00310175,0.000516958333,-39836.8988,0.00193119412
3.20833,922,23077,N,0.00404765,0.000674608333,-23390.8676,0.00196025677
3.21,923,23104,N,0.00367754,0.000612923333,-28336.9362,0.00195336722
3.21222,924,23137,S,0.00310175,0.000516958333,-39836.8988,0.00194562009
3.21472,925,23185,S,0.0062978,0.00104963333,-9660.94448,0.00197347758
3.26194,925,23628,M,0.006599,0,0,0.000403661506
3.27139,925,23713,M,0.0068827,0,0,0.000274578216
3.28778,925,23852,M,0.006952,0,0,0.000151532756
3.2925,925,23870,M,0.00663265,0,0,0.000128934482
3.41306,925,24988,S,0.00572755,0.000954591667,-11680.7135,0.00195325264
3.215,926,23188,N,0.00365009,0.000608348333,-28764.8312,0.00195027089
3.21583,927,23195,S,0.00449183,0.000748638333,-18992.862,0.00195790844
3.21639,928,23206,N,0.00367754,0.000612923333,-28336.9362,0.0019479559
3.21778,929,23227,S,0.00367754,0.000612923333,-28336.9362,0.0019544696
3.22083,930,23264,S,0.00458134,0.000763556667,-18257.8352,0.00195579743
3.22083,931,23266,S,0.00428127,0.000713545,-20907.3318,0.00194907729
3.22306,932,23288,N,0.00367754,0.000612923333,-28336.9362,0.00195037789
3.22444,933,23307,S,0.00367754,0.000612923333,-28336.9362,0.00195434016
3.22528,934,23321,S,0.00395562,0.00065927,-24492.1372,0.00194551635
3.23222,935,23406,S,0.00404765,0.000674608333,-23390.8676,0.00194763257
3.23361,936,23419,N,0.00367754,0.000612923333,-28336.9362,0.00195306681
3.23639,937,23448,N,0.00486217,0.000810361667,-16209.3727,0.00195609229
3.23694,938,23451,S,0.00397903,0.000663171667,-24204.742,0.00194822021
3.23806,939,23460,S,0.0044735,0,0,0
3.24111,940,23495,N,0.00310175,0.000516958333,-39836.8988,0.00193892211
3.24222,941,23508,N,0.00428127,0.000713545,-20907.3318,0.00195389714
3.24333,942,23521,N,0.00341392,0.000568986667,-32883.2009,0.0019465014
3.24361,943,23524,N,0.00341392,0.000568986667,-32883.2009,0.00194780596
3.24444,944,23527,S,0.00417831,0.000696385,-21950.5856,0.00195493753
3.24694,945,23544,N,0.00370457,0.000617428333,-27924.8506,0.00195484146
3.2475,946,23546,S,0.00857255,0.00142875833,-5213.7601,0.00203823228
3.25528,946,23592,M,0.00855245,0,0,0.00169609441
3.24778,947,23550,N,0.00310175,0.000516958333,-39836.8988,0.0019431163
3.26194,948,23630,N,0.00341392,0.000568986667,-32883.2009,0.00195373759
3.2675,949,23670,N,0.00404765,0.000674608333,-23390.8676,0.00195029192
3.2725,950,23719,S,0.00367754,0.000612923333,-28336.9362,0.00195294263
3.27389,951,23734,S,0.00341392,0.000568986667,-32883.2009,0.00194479706
3.27528,952,23757,N,0.00458134,0.000763556667,-18257.8352,0.00196319657
3.27722,953,23770,S,0.00479902,0.000799836667,-16638.8402,0.00199302791
3.28639,953,23847,M,0.00487771,0,0,0.00129453347
3.29694,953,23890,M,0.00452806,0,0,0.0007830548
3.2775,954,23773,S,0.00390797,0.000651328333,-25093.156,0.00194831157
3.28361,955,23824,S,0.00612595,0.00102099167,-10210.6453,0.00197927933
3.44361,955,25360,M,0.00636215,0,0,7.02196155e-06
3.45722,955,25510,S,0.00468432,0.00078072,-17463.7793,0.00198011749
3.48417,955,25766,S,0.00441757,0.000736261667,-19636.8799,0.0023401111
3.28361,956,23827,N,0.00367754,0.000612923333,-28336.9362,0.00195456691
3.29028,957,23860,N,0.00397903,0.000663171667,-24204.742,0.00194806961
3.29167,958,23864,N,0.0042201,0.00070335,-21517.929,0.00195582033
3.29278,959,23871,N,0.00397903,0.000663171667,-24204.742,0.00194839795
3.29861,960,23900,N,0.00341392,0.000568986667,-32883.2009,0.00195497487
3.29917,961,23904,N,0.00388369,0.000647281667,-25407.9491,0.00195543135
3.30278,962,23928,S,0.0079464,0.0013244,-6067.86588,0.00199780637
3.30833,962,23953,M,0.0081177,0,0,0.00176200854
3.30417,963,23938,S,0.00317652,0.00052942,-37983.169,0.00196348817
3.30528,964,23946,N,0.00310175,0.000516958333,-39836.8988,0.00194327778
3.30861,965,23956,N,0.00402503,0.000670838333,-23654.559,0.0019522727
3.31056,966,23968,S,0.0052106,0.000868433333,-14113.7512,0.00197137471
3.31278,967,23976,N,0.00341392,0.000568986667,-32883.2009,0.00195329414
3.31306,968,23977,N,0.00310175,0.000516958333,-39836.8988,0.00194636839
3.31556,969,23999,N,0.00310175,0.000516958333,-39836.8988,0.00194609142
3.31861,970,24032,N,0.00486217,0.000810361667,-16209.3727,0.00195604395
3.32167,971,24054,N,0.00341392,0.000568986667,-32883.2009,0.00195302876
3.32528,972,24084,S,0.00573875,0,0,0
3.34083,972,24241,M,0.00544425,0,0,4.82066626e-07
3.45778,972,25517,M,0.0061939,0.00103231667,20326.0686,0.00408283653
3.47194,972,25639,M,0.00633475,0,0,0.00239862549
3.53806,972,26269,M,0.00643415,0,0,0.000226064491
3.55556,972,26420,S,0.00539405,0.00027,-13169.9441,0.000238620983
3.32722,973,24102,S,0.00475054,0.000791756667,-16980.2287,0.00196226708
3.33361,974,24162,N,0.0199379,0.00332298333,-963.764428,0.00201283885
3.73556,974,28219,M,0.0232327,0,0,4.45708627e-05
3.74944,974,28358,M,0.0230781,0,0,4.03638643e-05
3.75639,974,28406,S,0.0231251,0,0,3.74249073e-05
3.77028,974,28592,S,0.0228771,0.00381285,-732.021385,0.00201151704
3.80472,974,28915,M,0.0227625,0,0,0.00179692769
3.81944,974,29131,S,0.0189562,0.00315936667,-1066.17568,0.00352538111
3.84722,974,29621,S,0.019141,0,0,0.00277806183
3.84889,974,29647,S,0.0193587,0,0,0.0027058963
3.33389,975,24167,N,0.00397903,0.000663171667,-24204.742,0.00195132708
3.43056,975,25204,S,0.00411402,0,0,7.56476865e-06
3.43194,975,25223,M,0.00458134,0.000763556667,37156.2671,0.00409597456
3.72083,975,28032,M,0.00514185,0.000856975,29496.0264,0.0041091681
3.73583,975,28221,S,0.00430127,0.000716878333,-20713.3223,0.00227174673
3.74556,975,28322,S,0.00428127,0,0,0.00083737095
3.75833,975,28434,S,0.00424068,0.00070678,-21309.5478,0.00189291866
3.77389,975,28634,S,0.00432109,0,0,0.00084959756
3.33667,976,24200,N,0.00367754,0.000612923333,-28336.9362,0.00195265189
3.33694,977,24203,N,0.00359392,0.000598986667,-29671.1807,0.00194887761
3.34028,978,24235,S,0.00468432,0.00078072,-17463.7793,0.00196060027
3.3425,979,24253,S,0.00341392,0.000568986667,-32883.2009,0.00195060185
3.3475,980,24285,S,0.00310175,0.000516958333,-39836.8988,0.00194394964
3.35778,981,24406,S,0.0037575,0.00062625,-27143.5174,0.00195418782
3.35889,982,24419,S,0.00428127,0.000713545,-20907.3318,0.00200576937
3.36083,983,24443,S,0.00846085,0,0,2.23984567e-07
3.36528,983,24494,M,0.00908745,0.001514575,9442.03728,0.00395246578
3.36139,984,24447,S,0.00430127,0.000716878333,-20713.3223,0.00195065862
3.36306,985,24467,S,0.00486217,0.000810361667,-16209.3727,0.00198507175
3.36361,986,24476,N,0.00393194,0.000655323333,-24788.086,0.00194363881
3.37139,987,24529,N,0.00341392,0.000568986667,-32883.2009,0.00194546108
3.37417,988,24566,S,0.00390797,0.000651328333,-25093.156,0.00195805741
3.37417,989,24569,M,0.0090696,0,0,0
3.38444,989,24670,M,0.00908745,0,0,0
3.40028,989,24846,M,0.009011,0,0,0
3.41611,989,25029,M,0.0089193,0,0,7.40746945e-07
3.4275,989,25168,S,0.0086471,0.00144118333,-5124.24056,0.00200395983
3.44694,989,25393,M,0.0083829,0,0,0.00127566732
3.38528,990,24676,S,0.00341392,0.000568986667,-32883.2009,0.00195387096
3.38556,991,24679,S,0.00310175,0.000516958333,-39836.8988,0.00194633149
3.38833,992,24696,N,0.00310175,0.000516958333,-39836.8988,0.00194634999
3.39389,993,24752,N,0.00383421,0.000639035,-26068.0773,0.00195142962
3.39917,994,24826,M,0.00526435,0,0,0
3.39972,995,24833,S,0.00591245,0.000985408333,-10961.4698,0.00201300564
3.45694,995,25507,S,0.00565935,0.000943225,-11963.9711,0.00208694307
3.46833,995,25602,S,0.0059019,0,0,0.00133069099
3.4,996,24838,S,0.00390797,0.000651328333,-25093.156,0.00195457524
3.40222,997,24868,S,0.00430127,0.000716878333,-20713.3223,0.00196642067
3.40306,998,24876,N,0.00397903,0.000663171667,-24204.742,0.00195187525
3.40333,999,24878,S,0.00430127,0.000716878333,-20713.3223,0.00195402566
3.41028,1000,24955,N,0.00310175,0.000516958333,-39836.8988,0.00194324111
3.41167,1001,24975,N,0.00310175,0.000516958333,-39836.8988,0.00193733824
3.41306,1002,24987,S,0.0049689,0.00082815,-15520.4112,0.00197746961
3.47222,1002,25640,S,0.0037575,0.00062625,-27143.5174,0.0019574406
3.48611,1002,25784,S,0.0037575,0.00062625,-27143.5174,0.00196105507
3.52667,1002,26201,S,0.00413567,0,0,0.000168185514
3.53972,1002,26281,S,0.00411402,0,0,8.20780998e-05
3.41806,1003,25054,N,0.00367754,0.000612923333,-28336.9362,0.00195124889
3.42306,1004,25119,N,0.00370457,0.000617428333,-27924.8506,0.00195596729
3.42361,1005,25124,N,0.00310175,0.000516958333,-39836.8988,0.00193909444
3.42694,1006,25161,N,0.0037575,0.00062625,-27143.5174,0.00195025537
3.4275,1007,25167,S,0.00409214,0.000682023333,-22884.9305,0.00197926638
3.42972,1008,25197,S,0.00441757,0,0,0
3.4325,1009,25229,N,0.00417831,0.000696385,-21950.5856,0.00195638077
3.43944,1010,25312,N,0.00310175,0.000516958333,-39836.8988,0.00193945268
3.44056,1011,25318,N,0.00390797,0.000651328333,-25093.156,0.00195452312
3.44056,1012,25319,N,0.0037575,0.00062625,-27143.5174,0.00195166689
3.44167,1013,25341,N,0.00310175,0.000516958333,-39836.8988,0.00193721349
3.44278,1014,25353,S,0.00515575,0.000859291667,-14415.6921,0.00200923528
3.45806,1014,25518,M,0.0053429,0,0,0.000968264774
3.46972,1014,25614,M,0.0055539,0,0,0.000539883875
3.48028,1014,25728,M,0.0054067,0,0,0.000331620364
3.56861,1014,26575,M,0.00561295,0,0,8.07411046e-06
3.57944,1014,26684,S,0.00486217,0.000810361667,-16209.3727,0.00193810469
3.44694,1015,25392,N,0.00367754,0.000612923333,-28336.9362,0.00195498401
3.44917,1016,25409,S,0.00367754,0.000612923333,-28336.9362,0.00195282112
3.45111,1017,25423,N,0.00310175,0.000516958333,-39836.8988,0.00193906133
3.45167,1018,25435,S,0.00383421,0.000639035,-26068.0773,0.00195190075
3.45389,1019,25464,N,0.00798125,0.00133020833,-6014.98636,0.00199485949
3.45417,1020,25466,S,0.00341392,0.000568986667,-32883.2009,0.00195362638
3.455,1021,25476,S,0.00432109,0.000720181667,-20523.7107,0.00195389536
3.45694,1022,25508,S,0.00310175,0.000516958333,-39836.8988,0.00193914584
3.45722,1023,25511,S,0.0046505,0.000775083333,-17718.7472,0.00195589234
3.45833,1024,25520,N,0.00424068,0.00070678,-21309.5478,0.00195968426
3.46111,1025,25547,N,0.00397903,0.000663171667,-24204.742,0.00194545525
3.46806,1026,25598,S,0.00310175,0.000516958333,-39836.8988,0.00194572125
3.46833,1027,25603,S,0.00441757,0,0,0
3.47167,1028,25633,M,0.0094436,0,0,0
3.48306,1028,25758,M,0.00848135,0,0,0
3.51333,1028,26042,S,0.00830885,0,0,0
3.47472,1029,25662,S,0.00385911,0.000643185,-25732.7042,0.00198133427
3.47472,1030,25663,N,0.00402503,0.000670838333,-23654.559,0.00196153075
3.47778,1031,25702,S,0.00443638,0.000739396667,-19470.6876,0.00195287177
3.78361,1031,28733,M,0.00489314,0,0,3.42590554e-10
3.4825,1032,25753,N,0.00365009,0.000608348333,-28764.8312,0.0019501085
3.48333,1033,25760,N,0.00365009,0.000608348333,-28764.8312,0.00194821368
3.48417,1034,25767,S,0.00310175,0.000516958333,-39836.8988,0.00193782603
3.48528,1035,25780,S,0.00313958,0.000523263333,-38882.4463,0.00195097371
3.48583,1036,25783,S,0.00409214,0.000682023333,-22884.9305,0.0019614962
3.49417,1037,25858,N,0.00367754,0.000612923333,-28336.9362,0.0019535699
3.49556,1038,25876,N,0.00359392,0.000598986667,-29671.1807,0.00195269442
3.49778,1039,25896,N,0.00424068,0.00070678,-21309.5478,0.00195573968
3.5,1040,25920,S,0.0043602,0.0007267,-20157.116,0.00197131458
3.69444,1040,27777,S,0.00449183,0,0,6.54368216e-07
3.69778,1040,27819,M,0.00526435,0.000877391667,28139.0864,0.00397078828
3.70222,1040,27865,M,0.00563625,0,0,0.00326376976
3.71861,1040,28009,M,0.0050424,0,0,0.00171177525
3.81917,1040,29124,S,0.005197,0,0,2.11587298e-05
3.83306,1040,29400,M,0.0059019,0.00098365,22387.3683,0.00398996514
3.83917,1040,29492,M,0.006016,0,0,0.00329923844
3.5,1041,25926,N,0.00466747,0.000777911667,-17590.118,0.00200132905
3.50111,1041,25939,M,0.00390797,0,0,0.00197382101
3.50722,1042,25979,N,0.0060464,0.00100773333,-10481.1195,0.00199234842
3.51056,1043,26015,N,0.00367754,0.000612923333,-28336.9362,0.00195023402
3.51278,1044,26038,N,0.00473416,0.000789026667,-17097.9516,0.00195101553
3.51333,1045,26043,S,0.00411402,0,0,0
3.51417,1046,26056,N,0.00430127,0.000716878333,-20713.3223,0.00195499136
3.51639,1047,26082,N,0.00367754,0.000612923333,-28336.9362,0.00194786548
3.51667,1048,26083,N,0.00473416,0.000789026667,-17097.9516,0.00196152591
3.52278,1049,26172,S,0.00452806,0.000754676667,-18690.0981,0.0019575714
3.52333,1050,26175,S,0.0037575,0.00062625,-27143.5174,0.00195124439
3.52361,1051,26180,S,0.00458134,0.000763556667,-18257.8352,0.00195485123
3.52667,1052,26200,S,0.00341392,0.000568986667,-32883.2009,0.00195329706
3.52694,1053,26205,N,0.00417831,0.000696385,-21950.5856,0.00195371442
3.52778,1054,26207,N,0.00451002,0.00075167,-18839.9411,0.00196977659
3.53306,1054,26232,S,0.00430127,0,0,0.00162244805
3.52778,1055,26208,N,0.00383421,0.000639035,-26068.0773,0.00194797966
3.52806,1056,26211,N,0.0041571,0.00069285,-22175.1846,0.00195472038
3.52972,1057,26218,S,0.00432109,0.000720181667,-20523.7107,0.00195626777
3.53083,1058,26221,S,0.00388369,0.000647281667,-25407.9491,0.00194008675
3.53306,1059,26234,N,0.00445501,0.000742501667,-19308.1567,0.00194597274
3.53361,1060,26240,S,0.00445501,0.000742501667,-19308.1567,0.00195956293
3.535,1061,26252,S,0.0162717,0.00271195,-1447.00788,0.00205936766
3.55417,1061,26399,M,0.0164015,0.00174501482,2898.35853,0.00288975256
3.56028,1061,26490,S,0.0163451,0.00272418333,-1434.0405,0.00457617043
3.58306,1061,26721,M,0.0163754,0.00255529899,2907.60542,0.00678748269
3.53556,1062,26258,N,0.00404765,0.000674608333,-23390.8676,0.0019491756
3.53639,1063,26259,N,0.0037575,0.00062625,-27143.5174,0.00195387773
3.53972,1064,26282,S,0.0037575,0,0,0
3.54028,1065,26292,N,0.00424068,0.00070678,-21309.5478,0.00195232871
3.54222,1066,26299,N,0.00428127,0.000713545,-20907.3318,0.00196375617
3.54278,1067,26301,N,0.00378342,0.00063057,-26772.804,0.00196303278
3.54556,1068,26321,N,0.00341392,0.000568986667,-32883.2009,0.00194795769
3.55333,1069,26390,N,0.00310175,0.000516958333,-39836.8988,0.00194647722
3.55333,1070,26391,N,0.00492373,0.000820621667,-15806.5259,0.00197689574
3.55472,1071,26405,S,0.00441757,0.000736261667,-19636.8799,0.00206584514
3.55583,1072,26428,N,0.00341392,0.000568986667,-32883.2009,0.00194648304
3.55722,1073,26447,N,0.00341392,0.000568986667,-32883.2009,0.00195155251
3.5575,1074,26448,N,0.00404765,0.000674608333,-23390.8676,0.00195016149
3.55889,1075,26472,N,0.0041571,0.00069285,-22175.1846,0.00195270343
3.57583,1075,26641,S,0.0037575,0.00062625,-27143.5174,0.00155871956
3.59167,1075,26792,S,0.0041571,0,0,0.000595422148
3.64028,1075,27174,S,0.0037575,0.00062625,-27143.5174,0.00185277388
3.66361,1075,27473,M,0.0050279,0.000837983333,30848.34,0.00450987742
3.78056,1075,28699,M,0.00424068,0,0,1.55738949e-05
3.83056,1075,29342,S,0.0052106,0,0,1.02394269e-06
3.84083,1075,29520,S,0.00454596,0.00075766,-18543.178,0.00191480285
3.56167,1076,26508,N,0.00728635,0.00121439167,-7217.11879,0.00202001815
3.56861,1077,26576,N,0.00341392,0.000568986667,-32883.2009,0.00195441488
3.56889,1078,26578,N,0.00310175,0.000516958333,-39836.8988,0.00194716382
3.57583,1079,26640,S,0.00367754,0.000612923333,-28336.9362,0.00195095405
3.57944,1080,26683,S,0.00367754,0.000612923333,-28336.9362,0.00195530492
3.58083,1081,26701,S,0.00411402,0.00068567,-22642.1132,0.00195025439
3.58222,1082,26714,M,0.0052376,0,0,0
3.59472,1082,26814,M,0.00526435,0,0,0
3.5825,1083,26715,N,0.00356517,0.000594195,-30151.7517,0.00195126855
3.5825,1084,26716,N,0.006812,0.00113533333,-8257.34783,0.0020029896
3.58694,1085,26746,N,0.00341392,0.000568986667,-32883.2009,0.0019525541
3.59139,1086,26788,N,0.00385911,0.000643185,-25732.7042,0.00196535789
3.59167,1087,26791,S,0.0037575,0,0,0
3.59639,1088,26824,M,0.0065046,0,0,0
3.61,1088,26938,M,0.0062604,0,0,1.47150332e-06
3.61694,1088,26997,S,0.0050424,0.0008404,-15071.1823,0.00194419067
3.63694,1088,27142,M,0.0057499,0.000958316667,23586.7954,0.00484687292
3.64889,1088,27294,M,0.00561295,0,0,0.00291064362
3.66083,1088,27443,M,0.00591245,0,0,0.00168259999
3.68028,1088,27643,M,0.0054935,0,0,0.000771989532
3.6825,1088,27660,S,0.00424068,0.00070678,-21309.5478,0.00220480361
3.59694,1089,26826,N,0.0065046,0.0010841,-9056.34554,0.00200808141
3.59778,1090,26830,S,0.00397903,0.000663171667,-24204.742,0.00195533281
3.60194,1091,26865,N,0.00390797,0.000651328333,-25093.156,0.00195067988
3.60667,1092,26905,S,0.0037575,0.00062625,-27143.5174,0.00195150206
3.60778,1093,26917,S,0.00417831,0.000696385,-21950.5856,0.00195370839
3.60861,1094,26920,N,0.0062698,0.00104496667,-9747.43575,0.00201764388
3.61111,1095,26945,S,0.0053429,0,0,0
3.6125,1096,26962,S,0.00424068,0.00070678,-21309.5478,0.00195567887
3.61694,1097,26998,S,0.00481497,0.000802495,-16528.7712,0.00196227847
3.61694,1098,27002,N,0.00383421,0.000639035,-26068.0773,0.00196247985
3.61722,1099,27003,S,0.00402503,0.000670838333,-23654.559,0.0019511075
3.62222,1100,27036,S,0.00495393,0,0,0
3.62417,1101,27051,N,0.00411402,0.00068567,-22642.1132,0.00194843387
3.62472,1102,27055,M,0.00909635,0,0,0
3.63611,1102,27136,M,0.0091627,0,0,0
3.63028,1103,27092,N,0.00359392,0.000598986667,-29671.1807,0.00194719392
3.63333,1104,27112,N,0.00478297,0.000797161667,-16750.7127,0.00198577882
3.63861,1105,27160,N,0.00310175,0.000516958333,-39836.8988,0.00193915398
3.63889,1106,27161,M,0.0164466,0,0,0
3.6425,1106,27200,M,0.0164411,0,0,0
3.64389,1107,27225,N,0.00424068,0.00070678,-21309.5478,0.00205444619
3.6475,1108,27266,S,0.00378342,0.00063057,-26772.804,0.00195032601
3.64778,1109,27276,S,0.0037575,0.00062625,-27143.5174,0.00195340758
3.64778,1110,27277,M,0.005705,0,0,0
3.64944,1111,27299,N,0.00341392,0.000568986667,-32883.2009,0.00195334652
3.65194,1112,27334,M,0.009123,0,0,4.45844738e-07
3.66361,1112,27472,M,0.0094888,0.00158146667,8660.12773,0.00413640728
3.67806,1112,27620,S,0.00859755,0.001432925,-5183.48047,0.00398196309
3.65194,1113,27335,N,0.00475054,0.000791756667,-16980.2287,0.00196764466
3.655,1113,27370,M,0.00468432,0,0,0.00173303522
3.65667,1114,27392,N,0.00397903,0.000663171667,-24204.742,0.00194766943
3.66389,1115,27475,S,0.00367754,0.000612923333,-28336.9362,0.0019564292
3.66778,1116,27515,N,0.00409214,0.000682023333,-22884.9305,0.00195241486
3.67028,1117,27538,N,0.00367754,0.000612923333,-28336.9362,0.00195772238
3.6725,1118,27560,S,0.00404765,0.000674608333,-23390.8676,0.00195563964
3.67417,1119,27574,N,0.00487771,0.000812951667,-16106.2385,0.00195869013
3.67639,1120,27603,N,0.00341392,0.000568986667,-32883.2009,0.0019452533
3.67806,1121,27619,S,0.0051696,0.0008616,-14338.5421,0.00196017066
3.70278,1121,27866,S,0.00397903,0.000663171667,-24204.742,0.00264911589
3.67972,1122,27638,S,0.00390797,0,0,0
3.6825,1123,27659,S,0.00417831,0.000696385,-21950.5856,0.0019662296
3.68694,1124,27693,S,0.00367754,0.000612923333,-28336.9362,0.00195284383
3.69056,1125,27730,N,0.00367754,0.000612923333,-28336.9362,0.00195083255
3.69556,1126,27788,S,0.0042201,0.00070335,-21517.929,0.00195479665
3.69889,1127,27829,S,0.0161793,0,0,0
3.70611,1127,27907,M,0.0161821,0,0,0
3.75611,1127,28404,M,0.0164506,0,0,0
3.77694,1127,28668,M,0.016639,0,0,1.21274454e-07
3.79167,1127,28797,S,0.0163355,0.00272258333,-1435.72657,0.00208892889
3.80472,1127,28911,S,0.0156979,0.00261631667,-1554.7302,0.00302500899
3.81944,1127,29132,S,0.0157501,0,0,0.00249489474
3.8325,1127,29385,S,0.0156469,0,0,0.00209428138
3.84722,1127,29622,M,0.0159016,0,0,0.00166621891
3.86111,1127,29798,M,0.0159957,0,0,0.00129581681
3.86556,1127,29832,M,0.0159972,0,0,0.00114544763
3.875,1127,29933,M,0.0160288,0,0,0.00115820473
3.88833,1127,30095,M,0.0158899,0,0,0.000947797596
3.89083,1127,30118,S,0.015935,0,0,0.000919599424
3.95,1127,30752,M,0.0162842,0,0,0.000394311041
3.97222,1127,31161,S,0.0159162,0.0026527,-1512.3727,0.00234535684
3.98611,1127,31397,S,0.0157989,0,0,0.00204558301
4.01361,1127,31755,M,0.016,0,0,0.00131075236
4.02722,1127,31929,M,0.0159088,0,0,0.00108029383
4.03056,1127,31965,M,0.0159669,0,0,0.000800393029
3.70139,1128,27859,S,0.005251,0.000875166667,-13897.3813,0.00199594697
3.71472,1128,27978,M,0.0055539,0,0,0.00109262308
3.75,1128,28359,M,0.00630705,0.001051175,19603.2201,0.00430375194
3.76056,1128,28471,M,0.00613575,0,0,0.00303285039
3.77444,1128,28638,S,0.0055299,0,0,0.00178156643
3.79139,1128,28796,M,0.00680405,0.00113400833,16843.7104,0.00408055273
3.8075,1128,28962,M,0.006641,0,0,0.00234689545
3.82139,1128,29161,M,0.0067961,0,0,0.00143709368
3.85722,1128,29764,S,0.00638935,0.00106489167,-9386.04305,0.00235581608
3.87472,1128,29928,S,0.006251,0,0,0.00136333155
3.87778,1128,29977,S,0.00596465,0.000994108333,-10770.4266,0.00313974994
3.90278,1128,30263,S,0.00621305,0,0,0.00131776667
3.91611,1128,30390,M,0.0065905,0.00109841667,17953.0811,0.00393978842
3.92361,1128,30468,M,0.006641,0,0,0.00336237683
3.93861,1128,30611,M,0.00667425,0,0,0.00202748406
3.95806,1128,30884,M,0.00671535,0,0,0.00100575819
3.70139,1129,27860,S,0.00569365,0,0,0
3.715,1129,27983,M,0.00563625,0,0,0
3.73333,1129,28187,M,0.005705,0,0,0
3.74833,1129,28347,M,0.0050424,0,0,0
3.76361,1129,28501,M,0.00522415,0,0,4.73671148e-07
3.77528,1129,28643,S,0.00437949,0.000729915,-19979.9092,0.00194104053
3.80556,1129,28923,M,0.00515575,0.000859291667,29337.1751,0.0037528967
3.8175,1129,29095,S,0.00481497,0.000802495,-16528.7712,0.00225222854
3.83139,1129,29363,S,0.00452806,0.000754676667,-18690.0981,0.00230086954
3.84417,1129,29564,M,0.00576105,0.000960175,23495.5722,0.00365017779
3.85,1129,29668,S,0.005317,0.000886166667,-13554.46,0.00368941799
3.70444,1130,27893,N,0.00367754,0.000612923333,-28336.9362,0.00195378496
3.70556,1131,27902,S,0.00479902,0.000799836667,-16638.8402,0.00195308688
3.70583,1132,27906,N,0.00383421,0.000639035,-26068.0773,0.00195442114
3.70667,1133,27909,S,0.00388369,0.000647281667,-25407.9491,0.00194661578
3.70694,1134,27914,N,0.00419931,0.000699885,-21731.5554,0.00195232971
3.70833,1135,27920,N,0.00522415,0.000870691667,-14040.6218,0.00196507582
3.70889,1136,27923,S,0.0048308,0.000805133333,-16420.6068,0.00195479772
3.76222,1136,28489,S,0.00498378,0,0,0.000170606914
3.7125,1137,27949,N,0.00390797,0.000651328333,-25093.156,0.00194863512
3.71361,1138,27960,N,0.00539405,0.000899008333,-13169.9441,0.00196126494
3.71472,1139,27979,N,0.00461618,0.000769363333,-17983.2356,0.00195688816
3.71861,1140,28010,N,0.00424068,0.00070678,-21309.5478,0.00195175166
3.71972,1141,28019,S,0.00411402,0.00068567,-22642.1132,0.00195358762
3.72361,1142,28061,S,0.0043602,0,0,0
3.73083,1143,28147,N,0.00310175,0.000516958333,-39836.8988,0.0019463318
3.73333,1144,28183,N,0.0050424,0.0008404,-15071.1823,0.00195275636
3.73583,1145,28220,S,0.0042201,0.00070335,-21517.929,0.00195469728
3.73583,1146,28222,S,0.00400217,0,0,0
3.73722,1147,28246,N,0.00359392,0.000598986667,-29671.1807,0.00195109775
3.73861,1148,28264,N,0.00419931,0.000699885,-21731.5554,0.00195358277
3.7425,1149,28299,N,0.00518335,0.000863891667,-14262.5601,0.00196499593
3.83194,1149,29382,M,0.0054067,0,0,4.24254958e-05
3.83389,1149,29411,S,0.00441757,0.000736261667,-19636.8799,0.00184381982
3.74306,1150,28301,S,0.0041571,0.00069285,-22175.1846,0.00195139912
3.74556,1151,28323,S,0.00411402,0.00068567,-22642.1132,0.00197362068
3.74889,1152,28353,N,0.00402503,0.000670838333,-23654.559,0.00198011236
3.75028,1153,28362,N,0.0199379,0.00332298333,-963.764428,0.00201267328
3.75833,1154,28433,S,0.00417831,0.000696385,-21950.5856,0.00195473759
3.75833,1155,28441,N,0.00341392,0.000568986667,-32883.2009,0.00194629024
3.75861,1156,28443,S,0.00341392,0.000568986667,-32883.2009,0.00195402235
3.75944,1157,28456,N,0.00367754,0.000612923333,-28336.9362,0.00196619674
3.76028,1158,28462,S,0.00310175,0.000516958333,-39836.8988,0.00194309425
3.76083,1159,28473,S,0.00417831,0,0,0
3.76139,1160,28482,S,0.0037575,0.00062625,-27143.5174,0.00195471504
3.76583,1161,28535,N,0.00699745,0.00116624167,-7825.42312,0.00198020995
3.77389,1162,28633,S,0.00383421,0.000639035,-26068.0773,0.00195222794
3.77389,1163,28636,N,0.00310175,0.000516958333,-39836.8988,0.00194634825
3.77444,1164,28639,S,0.00468432,0,0,0
3.775,1165,28641,N,0.00428127,0.000713545,-20907.3318,0.00195402836
3.78083,1166,28704,S,0.00397903,0.000663171667,-24204.742,0.00196235285
3.78306,1167,28726,S,0.00492373,0.000820621667,-15806.5259,0.00196097822
3.78583,1168,28755,N,0.00341392,0.000568986667,-32883.2009,0.00194748754
3.78583,1169,28758,N,0.00341392,0.000568986667,-32883.2009,0.00194699457
3.79139,1170,28792,S,0.00367754,0.000612923333,-28336.9362,0.00194769048
3.79306,1171,28815,S,0.00383421,0.000639035,-26068.0773,0.00195330419
3.79306,1172,28816,S,0.0037575,0.00062625,-27143.5174,0.00194908774
3.79472,1173,28830,N,0.0037575,0.00062625,-27143.5174,0.00195497116
3.79556,1174,28839,N,0.00397903,0.000663171667,-24204.742,0.00196077838
3.79917,1175,28866,S,0.00341392,0.000568986667,-32883.2009,0.00195271141
3.80444,1176,28909,S,0.0127561,0,0,0
3.81528,1176,29062,M,0.0125279,0,0,0
3.83222,1176,29383,M,0.0124547,0,0,0
3.80472,1177,28914,N,0.00367754,0.000612923333,-28336.9362,0.00194842229
3.80556,1178,28924,M,0.00760525,0.00126754167,13481.4354,0.00406731939
3.81944,1178,29137,M,0.00792885,0,0,0.00259300987
3.82694,1178,29263,S,0.0074492,0.00124153333,-6904.98556,0.00414217876
3.80833,1179,28975,N,0.0041571,0.00069285,-22175.1846,0.00195042501
3.81611,1180,29080,S,0.0052376,0.000872933333,-13968.5928,0.00199549221
3.83083,1180,29355,M,0.00592295,0,0,0.000982324022
3.82,1181,29143,S,0.00367754,0.000612923333,-28336.9362,0.00195212963
3.82278,1182,29185,S,0.00451002,0.00075167,-18839.9411,0.00196058612
3.82528,1183,29229,S,0.00463341,0.000772235,-17849.7172,0.00195934592
3.82694,1184,29264,S,0.00365009,0.000608348333,-28764.8312,0.00196336677
3.8275,1185,29276,N,0.00341392,0.000568986667,-32883.2009,0.00195109459
3.82778,1186,29283,N,0.00468432,0.00078072,-17463.7793,0.00195795937
3.83028,1187,29334,S,0.00424068,0.00070678,-21309.5478,0.00195449899
3.83056,1188,29343,S,0.00417831,0,0,0
3.83111,1189,29359,S,0.00471767,0.000786278333,-17217.706,0.00199825953
3.875,1189,29934,M,0.0059439,0.00099065,22072.0669,0.00426251714
3.88222,1189,30029,S,0.00495393,0.000825655,-15614.3671,0.00532601671
3.90278,1189,30266,S,0.00495393,0,0,0.00234745315
3.93972,1189,30627,M,0.00567085,0.000945141667,24249.0491,0.00449065601
3.98333,1189,31352,S,0.0055895,0,0,0.000716162224
3.8325,1190,29386,S,0.00492373,0,0,0
3.8325,1191,29388,N,0.00390797,0.000651328333,-25093.156,0.00195359772
3.83278,1192,29392,S,0.00404765,0.000674608333,-23390.8676,0.00196061863
3.83389,1193,29410,S,0.00341392,0.000568986667,-32883.2009,0.00194752999
3.83611,1194,29443,S,0.00397903,0.000663171667,-24204.742,0.00194588626
3.83778,1195,29469,N,0.0051696,0.0008616,-14338.5421,0.00196366783
3.84,1196,29509,N,0.00411402,0.00068567,-22642.1132,0.00195578086
3.84,1197,29512,N,0.00367754,0.000612923333,-28336.9362,0.00195273656
3.84083,1198,29521,S,0.00424068,0.00070678,-21309.5478,0.00195542798
3.84472,1199,29577,S,0.005197,0.000866166667,-14187.7265,0.00197474616
3.84917,1200,29652,S,0.0170949,0.00284915,-1310.99725,0.00205379812
3.85111,1201,29693,N,0.00411402,0.00068567,-22642.1132,0.00195422231
3.85111,1202,29694,N,0.00341392,0.000568986667,-32883.2009,0.00195493451
3.85278,1203,29717,S,0.00367754,0.000612923333,-28336.9362,0.00195250734
3.85722,1204,29763,S,0.00402503,0.000670838333,-23654.559,0.00195064841
3.8575,1205,29767,N,0.00367754,0.000612923333,-28336.9362,0.00195379259
3.85861,1206,29776,N,0.00437949,0.000729915,-19979.9092,0.00196359138
3.85889,1207,29780,N,0.00341392,0.000568986667,-32883.2009,0.00194575461
3.86028,1208,29790,N,0.0073822,0.00123036667,-7030.90433,0.00197800954
3.86083,1209,29795,S,0.00310175,0.000516958333,-39836.8988,0.00194656802
3.8625,1210,29808,N,0.00383421,0.000639035,-26068.0773,0.00194386767
3.86306,1211,29812,N,0.00341392,0.000568986667,-32883.2009,0.00194951538
3.86472,1212,29826,N,0.00443638,0.000739396667,-19470.6876,0.00194102181
3.86611,1213,29835,N,0.00458134,0.000763556667,-18257.8352,0.00199667171
3.86611,1214,29836,N,0.00310175,0.000516958333,-39836.8988,0.00194440641
3.87194,1215,29892,N,0.00310175,0.000516958333,-39836.8988,0.00193891022
3.87361,1216,29914,N,0.00370457,0.000617428333,-27924.8506,0.00195125145
3.875,1217,29932,N,0.0232559,0.00387598333,-708.368049,0.00231530227
3.8875,1217,30081,S,0.0195447,0.00325745,-1002.93394,0.00338753565
3.90222,1217,30260,M,0.023262,0,0,0.00258560347
3.92639,1217,30499,S,0.0232831,0,0,0.00206973506
3.94333,1217,30675,M,0.0233225,0,0,0.00179596035
3.95806,1217,30883,M,0.0233137,0,0,0.00176435956
3.97222,1217,31157,S,0.0191218,0,0,0.0017653801
3.98611,1217,31393,S,0.0189336,0,0,0.00150092994
3.99972,1217,31578,M,0.0190673,0,0,0.00127335279
4.01389,1217,31761,S,0.0187099,0.00311831667,-1094.43213,0.00111281765
4.0275,1217,31932,M,0.0186211,0.00163089463,2248.5578,0.00095423999
4.0325,1217,31987,M,0.0186593,0,0,0.000662070806
3.87528,1218,29939,N,0.0037575,0.00062625,-27143.5174,0.00195505568
3.87528,1219,29940,N,0.00492373,0.000820621667,-15806.5259,0.00196561054
3.96611,1219,31040,M,0.0052908,0,0,3.14344954e-05
3.98611,1219,31396,S,0.00454596,0.00075766,-18543.178,0.00197092304
3.87639,1220,29947,S,0.00417831,0.000696385,-21950.5856,0.00194977845
3.87639,1221,29952,N,0.00443638,0.000739396667,-19470.6876,0.00195379892
3.87778,1222,29978,S,0.00395562,0.00065927,-24492.1372,0.00194615488
3.87972,1223,30003,N,0.00397903,0.000663171667,-24204.742,0.00195923004
3.88083,1224,30020,N,0.00310175,0.000516958333,-39836.8988,0.00194674037
3.88139,1225,30025,N,0.00344524,0.000574206667,-32287.9259,0.00195054752
3.88222,1226,30028,S,0.00367754,0.000612923333,-28336.9362,0.00196512414
3.88611,1227,30063,N,0.00452806,0.000754676667,-18690.0981,0.00195647797
3.88694,1228,30073,N,0.00441757,0.000736261667,-19636.8799,0.0019640279
3.88722,1229,30079,N,0.00778565,0.00129760833,-6321.04208,0.00198477921
3.90056,1229,30237,M,0.0085424,0,0,0.00149662231
3.90889,1229,30326,M,0.00842985,0,0,0.00117814399
3.92639,1229,30495,S,0.00891465,0,0,0.000659407952
3.94389,1229,30684,M,0.00795805,0,0,0.000421470983
3.8875,1230,30082,S,0.00310175,0.000516958333,-39836.8988,0.00194362802
3.88778,1231,30088,N,0.00359392,0.000598986667,-29671.1807,0.00195085559
3.88806,1232,30092,N,0.00481497,0.000802495,-16528.7712,0.00195973722
3.88889,1233,30098,S,0.00454596,0.00075766,-18543.178,0.00194769427
3.89139,1234,30122,N,0.00439861,0.000733101667,-19806.5601,0.00195612198
3.89333,1235,30142,N,0.00310175,0.000516958333,-39836.8988,0.00194663155
3.89472,1236,30156,S,0.00428127,0,0,0
3.89806,1237,30195,N,0.00413567,0.000689278333,-22405.6325,0.00197471169
3.9,1238,30227,S,0.0043602,0,0,0
3.90028,1239,30229,N,0.00452806,0.000754676667,-18690.0981,0.0019547472
3.90194,1240,30255,S,0.00367754,0.000612923333,-28336.9362,0.00195285377
3.90222,1241,30262,N,0.00310175,0.000516958333,-39836.8988,0.00194508474
3.90278,1242,30264,S,0.0043602,0.0007267,-20157.116,0.00195330858
3.90278,1243,30265,S,0.00397903,0,0,0
3.90611,1244,30295,N,0.00411402,0.00068567,-22642.1132,0.00194797304
3.90639,1245,30300,N,0.00456372,0.00076062,-18399.1124,0.00195141801
3.91056,1246,30334,N,0.0037575,0.00062625,-27143.5174,0.00195072108
3.91389,1247,30366,S,0.00397903,0.000663171667,-24204.742,0.00196036257
3.915,1248,30379,N,0.00434074,0.000723456667,-20338.2841,0.00202291933
3.91556,1249,30381,N,0.00424068,0.00070678,-21309.5478,0.00197094525
3.91667,1250,30398,N,0.00310175,0.000516958333,-39836.8988,0.0019378053
3.92389,1251,30472,N,0.00341392,0.000568986667,-32883.2009,0.00194654653
3.92639,1252,30500,S,0.0051696,0.0008616,-14338.5421,0.00196338319
3.92667,1253,30505,N,0.00367754,0.000612923333,-28336.9362,0.00195498091
3.92833,1254,30521,N,0.00445501,0.000742501667,-19308.1567,0.00196672483
3.92889,1255,30527,N,0.00576105,0.000960175,-11545.2471,0.00203219124
3.93083,1256,30536,N,0.0051696,0.0008616,-14338.5421,0.00199539557
3.95444,1256,30830,M,0.0050279,0,0,0.000736213975
3.93194,1257,30546,S,0.00341392,0.000568986667,-32883.2009,0.00195309367
3.93917,1258,30617,N,0.00390797,0.000651328333,-25093.156,0.00196390331
3.93944,1259,30619,S,0.00424068,0.00070678,-21309.5478,0.00194986125
3.9425,1260,30662,S,0.00452806,0,0,0
3.9425,1261,30665,N,0.00341392,0.000568986667,-32883.2009,0.00195122071
3.94556,1262,30696,N,0.00461618,0.000769363333,-17983.2356,0.00196227127
3.95389,1263,30817,S,0.00599555,0.000999258333,-10659.6817,0.00198576672
3.97056,1263,31129,M,0.0059543,0.000992383333,21995.0212,0.00462501357
3.95389,1264,30818,S,0.00544425,0.000907375,-12928.159,0.0019552834
3.95472,1265,30836,N,0.00310175,0.000516958333,-39836.8988,0.00194534493
3.95556,1266,30846,S,0.00373123,0.000621871667,-27527.1486,0.00195549228
3.95667,1267,30863,N,0.00310175,0.000516958333,-39836.8988,0.0019373902
3.95722,1268,30867,N,0.00310175,0.000516958333,-39836.8988,0.00194501365
3.95833,1269,30886,N,0.00673165,0.00112194167,-8455.66742,0.00195888472
3.99111,1269,31464,M,0.0070274,0,0,0.000733369537
3.96444,1270,30990,N,0.00424068,0.00070678,-21309.5478,0.0019513967
3.96556,1271,31027,N,0.00310175,0.000516958333,-39836.8988,0.00194551723
3.96722,1272,31060,S,0.0060464,0,0,0
3.97,1273,31115,N,0.00383421,0.000639035,-26068.0773,0.00195426422
3.97,1274,31116,N,0.00341392,0.000568986667,-32883.2009,0.00195152406
3.97222,1275,31159,N,0.00449183,0.000748638333,-18992.862,0.00195861165
3.97333,1276,31187,N,0.00397903,0.000663171667,-24204.742,0.00195193785
3.975,1277,31216,S,0.00479902,0.000799836667,-16638.8402,0.00196608868
3.98306,1278,31346,S,0.00390797,0.000651328333,-25093.156,0.0019712709
3.98333,1279,31351,S,0.00430127,0,0,0
3.98417,1280,31365,M,0.00656495,0,0,0
4.01389,1280,31763,M,0.00662425,0,0,0
3.98528,1281,31384,N,0.0041571,0.00069285,-22175.1846,0.00197028198
3.98556,1282,31385,S,0.0177525,0,0,3.43684769e-08
3.99972,1282,31577,M,0.0178224,0.00106943309,2454.61761,0.000147897604
4.02583,1282,31913,M,0.0176939,0,0,2.96014009e-05
4.02944,1282,31949,S,0.00341392,0.000568986667,-32883.2009,0.000108602701
3.98583,1283,31390,S,0.00471767,0,0,0
3.98611,1284,31395,S,0.00310175,0.000516958333,-39836.8988,0.00193907458
3.98611,1285,31398,S,0.00310175,0.000516958333,-39836.8988,0.00193927216
3.98667,1286,31408,S,0.00451002,0.00075167,-18839.9411,0.00195601378
3.99167,1287,31467,N,0.00341392,0.000568986667,-32883.2009,0.0019535707
3.99222,1288,31476,S,0.00561295,0,0,0
4.0275,1288,31931,M,0.0049689,0,0,0
4.03056,1288,31964,M,0.0054935,0,0,0
3.99389,1289,31498,N,0.00310175,0.000516958333,-39836.8988,0.00194671813
3.99611,1290,31522,S,0.00417831,0.000696385,-21950.5856,0.00197630811
4,1291,31580,M,0.00452806,0,0,0
4,1292,31581,N,0.00310175,0.000516958333,-39836.8988,0.00194370453
4.00028,1293,31589,N,0.00367754,0.000612923333,-28336.9362,0.0019540423
4.00667,1294,31674,N,0.00367754,0.000612923333,-28336.9362,0.00195657824
4.025,1295,31903,S,0.00365009,0.000608348333,-28764.8312,0.00194941882
